condition,scenario_id,trait,target_direction,response_length_chars,response_length_words,has_speech_tag,has_action_tag,parse_success,format_validity,parsed_action,speech,coherence_score,perplexity,raw
baseline,trait_agreeableness_00701,agreeableness,high,192,26,False,False,False,False,trait_agreeableness_00701_act_002,"Perhaps we should seek a compromise that incorporates elements from both themes to appeal to a broader audience. Let's discuss this further with the team.  
<trait_agreeableness_00701_act_002>",,,"Perhaps we should seek a compromise that incorporates elements from both themes to appeal to a broader audience. Let's discuss this further with the team.  
<trait_agreeableness_00701_act_002>"
baseline,trait_agreeableness_00702,agreeableness,high,152,18,False,True,True,True,trait_agreeableness_00702_act_002,I'll need to carefully assess the impact on my workload and team dynamics before making a decision.,,,"I'll need to carefully assess the impact on my workload and team dynamics before making a decision.  
<Action>trait_agreeableness_00702_act_002</Action>"
baseline,trait_agreeableness_00703,agreeableness,high,182,22,False,True,True,True,trait_agreeableness_00703_act_002,I think I'll invest it in a personal savings account to ensure financial security while still contributing to our team's success.,,,"I think I'll invest it in a personal savings account to ensure financial security while still contributing to our team's success.  
<Action>trait_agreeableness_00703_act_002</Action>"
baseline,trait_agreeableness_00704,agreeableness,high,166,18,False,True,True,True,trait_agreeableness_00704_act_004,I think we should consider each other's perspectives more often to avoid this. Let's brainstorm for alternatives.,,,"I think we should consider each other's perspectives more often to avoid this. Let's brainstorm for alternatives.  
<Action>trait_agreeableness_00704_act_004</Action>"
baseline,trait_agreeableness_00705,agreeableness,high,220,29,False,True,True,True,trait_agreeableness_00705_act_002,"Perhaps we should find a balance, ensuring our cooperation doesn't come at the cost of our rights. Let's propose a compromise that addresses both our needs and theirs.",,,"Perhaps we should find a balance, ensuring our cooperation doesn't come at the cost of our rights. Let's propose a compromise that addresses both our needs and theirs.  
<Action>trait_agreeableness_00705_act_002</Action>"
baseline,trait_agreeableness_00706,agreeableness,high,146,15,False,True,True,True,trait_agreeableness_00706_act_002,Perhaps we could start by discussing how to handle feedback more constructively moving forward.,,,Perhaps we could start by discussing how to handle feedback more constructively moving forward. <Action>trait_agreeableness_00706_act_002</Action>
baseline,trait_agreeableness_00707,agreeableness,high,161,23,False,True,True,True,trait_agreeableness_00707_act_003,I'll bring a dish to share that fits my diet so I have a healthy option available and still enjoy the party.,,,"I'll bring a dish to share that fits my diet so I have a healthy option available and still enjoy the party.  
<Action>trait_agreeableness_00707_act_003</Action>"
baseline,trait_agreeableness_00708,agreeableness,high,166,20,False,False,False,False,trait_agreeableness_00708_act_001,"Let's celebrate this together, shall we? Your hard work deserves recognition, Nazareth. Let's make sure everyone knows about it!  
<trait_agreeableness_00708_act_001>",,,"Let's celebrate this together, shall we? Your hard work deserves recognition, Nazareth. Let's make sure everyone knows about it!  
<trait_agreeableness_00708_act_001>"
baseline,trait_agreeableness_00709,agreeableness,high,201,25,False,True,True,True,trait_agreeableness_00709_act_002,I think it's best to address this professionally and assertively. Let's see what happens when I suggest talking to a trusted colleague for guidance.,,,"I think it's best to address this professionally and assertively. Let's see what happens when I suggest talking to a trusted colleague for guidance.  
<Action>trait_agreeableness_00709_act_002</Action>"
baseline,trait_agreeableness_00710,agreeableness,high,166,22,False,True,True,True,trait_agreeableness_00710_act_001,I need to understand why my input was disregarded; it's important for me to know where I stand within this group.,,,"I need to understand why my input was disregarded; it's important for me to know where I stand within this group.  
<Action>trait_agreeableness_00710_act_001</Action>"
baseline,trait_agreeableness_00711,agreeableness,high,212,26,False,True,True,True,trait_agreeableness_00711_act_001,Perhaps you might weigh the emotional costs against the professional gains and decide if the move aligns with your long-term personal happiness and career goals.,,,"Perhaps you might weigh the emotional costs against the professional gains and decide if the move aligns with your long-term personal happiness and career goals.
<Action>trait_agreeableness_00711_act_001</Action>"
baseline,trait_agreeableness_00712,agreeableness,high,140,14,False,True,True,True,trait_agreeableness_00712_act_004,I think attending would allow me to network effectively and build valuable connections.,,,"I think attending would allow me to network effectively and build valuable connections.  
<Action>trait_agreeableness_00712_act_004</Action>"
baseline,trait_agreeableness_00713,agreeableness,high,78,12,False,False,False,False,,I think I'll decline the nomination and focus on internal recognition instead.,,,I think I'll decline the nomination and focus on internal recognition instead.
baseline,trait_agreeableness_00714,agreeableness,high,154,25,False,False,False,False,,"I understand your concern, but sometimes stepping back and making a choice is necessary to move forward. Let's pick another time when you're more relaxed.",,,"I understand your concern, but sometimes stepping back and making a choice is necessary to move forward. Let's pick another time when you're more relaxed."
baseline,trait_agreeableness_00715,agreeableness,high,74,15,False,False,False,False,,Let's take a walk during lunch to clear your mind and find some fresh air.,,,Let's take a walk during lunch to clear your mind and find some fresh air.
baseline,trait_agreeableness_00716,agreeableness,high,189,27,False,True,True,True,trait_agreeableness_00716_act_003,Maybe you could go to the ball with Ranvir but let him know in advance that you'll need to leave early to manage your other commitments.,,,"Maybe you could go to the ball with Ranvir but let him know in advance that you'll need to leave early to manage your other commitments.  
<Action>trait_agreeableness_00716_act_003</Action>"
baseline,trait_agreeableness_00717,agreeableness,high,116,10,False,True,True,True,trait_agreeableness_00717_act_002,Let's consider your options carefully before making a decision.,,,"Let's consider your options carefully before making a decision.  
<Action>trait_agreeableness_00717_act_002</Action>"
baseline,trait_agreeableness_00718,agreeableness,high,133,16,False,True,True,True,trait_agreeableness_00718_act_001,I think it's best to steer clear of that kind of humor in professional settings.,,,"I think it's best to steer clear of that kind of humor in professional settings.  
<Action>trait_agreeableness_00718_act_001</Action>"
baseline,trait_agreeableness_00719,agreeableness,high,163,17,False,True,True,True,trait_agreeableness_00719_act_002,I think it's important to maintain a healthy balance between support and professional boundaries. Let's see...,,,"I think it's important to maintain a healthy balance between support and professional boundaries. Let's see...  
<Action>trait_agreeableness_00719_act_002</Action>"
baseline,trait_agreeableness_00720,agreeableness,high,74,13,False,False,False,False,,Let's see if Shandel could use this laptop for their work before deciding.,,,Let's see if Shandel could use this laptop for their work before deciding.
baseline,trait_agreeableness_00721,agreeableness,high,189,25,False,True,True,True,trait_agreeableness_00721_act_001,"I think it's important to acknowledge the effort we put in, but also respect their feelings. How about I ask for some gratitude instead?",,,"I think it's important to acknowledge the effort we put in, but also respect their feelings. How about I ask for some gratitude instead?  
<Action>trait_agreeableness_00721_act_001</Action>"
baseline,trait_agreeableness_00722,agreeableness,high,182,24,False,True,True,True,trait_agreeableness_00722_act_001,I'd prefer to keep my weekends free for personal relaxation. Perhaps we could find another time that works better for both of us.,,,"I'd prefer to keep my weekends free for personal relaxation. Perhaps we could find another time that works better for both of us.  
<Action>trait_agreeableness_00722_act_001</Action>"
baseline,trait_agreeableness_00723,agreeableness,high,162,24,False,True,True,True,trait_agreeableness_00723_act_004,"I think it's best to let Tavleen enjoy the night, but I'll call a cab now since I really need some fresh air.",,,"I think it's best to let Tavleen enjoy the night, but I'll call a cab now since I really need some fresh air.  
<Action>trait_agreeableness_00723_act_004</Action>"
baseline,trait_agreeableness_00724,agreeableness,high,138,13,False,False,False,False,trait_agreeableness_00724_act_004,"Perhaps rescheduling the business appointment could strengthen our mutual support and understanding.  
<trait_agreeableness_00724_act_004>",,,"Perhaps rescheduling the business appointment could strengthen our mutual support and understanding.  
<trait_agreeableness_00724_act_004>"
baseline,trait_agreeableness_00725,agreeableness,high,92,15,False,False,False,False,,I understand my words might have been hurtful; let's talk about your favorite hobby instead.,,,I understand my words might have been hurtful; let's talk about your favorite hobby instead.
baseline,trait_agreeableness_00726,agreeableness,high,169,18,False,True,True,True,trait_agreeableness_00726_act_002,"Offering financial assistance might show care, but it's important to set boundaries too. Let's discuss this further.",,,"Offering financial assistance might show care, but it's important to set boundaries too. Let's discuss this further.  
<Action>trait_agreeableness_00726_act_002</Action>"
baseline,trait_agreeableness_00727,agreeableness,high,201,24,False,False,False,False,trait_agreeableness_00727_act_003,"Let's start by acknowledging the well-intentioned nature of this policy before discussing areas where it might need adjustments to ensure consistency and fairness.  
<trait_agreeableness_00727_act_003>",,,"Let's start by acknowledging the well-intentioned nature of this policy before discussing areas where it might need adjustments to ensure consistency and fairness.  
<trait_agreeableness_00727_act_003>"
baseline,trait_agreeableness_00728,agreeableness,high,197,28,False,True,True,True,trait_agreeableness_00728_act_002,Perhaps we can address his concerns directly in our next meeting and show how they align with our goals. Let's see if we can find common ground.,,,"Perhaps we can address his concerns directly in our next meeting and show how they align with our goals. Let's see if we can find common ground.  
<Action>trait_agreeableness_00728_act_002</Action>"
baseline,trait_agreeableness_00729,agreeableness,high,158,19,False,True,True,True,trait_agreeableness_00729_act_001,Perhaps we could start by having a quiet chat about setting boundaries without being too harsh on yourself.,,,Perhaps we could start by having a quiet chat about setting boundaries without being too harsh on yourself. <Action>trait_agreeableness_00729_act_001</Action>
baseline,trait_agreeableness_00730,agreeableness,high,234,33,False,True,True,True,trait_agreeableness_00730_act_002,"That approach might send a strong message about the importance of meeting expectations, but it could also be seen as harsh. Let's see if we can't find a more constructive way first.",,,"That approach might send a strong message about the importance of meeting expectations, but it could also be seen as harsh. Let's see if we can't find a more constructive way first.  
<Action>trait_agreeableness_00730_act_002</Action>"
baseline,trait_agreeableness_00731,agreeableness,high,225,27,False,True,True,True,trait_agreeableness_00731_act_001,"Perhaps you could delegate some of your responsibilities to other volunteers, which would allow you to continue supporting the charity while also managing your stress better.",,,"Perhaps you could delegate some of your responsibilities to other volunteers, which would allow you to continue supporting the charity while also managing your stress better.
<Action>trait_agreeableness_00731_act_001</Action>"
baseline,trait_agreeableness_00732,agreeableness,high,147,17,False,True,True,True,trait_agreeableness_00732_act_004,"I think it's important to honor your retreat, but perhaps offer to help with packing beforehand.",,,"I think it's important to honor your retreat, but perhaps offer to help with packing beforehand. <Action>trait_agreeableness_00732_act_004</Action>"
baseline,trait_agreeableness_00733,agreeableness,high,165,22,False,True,True,True,trait_agreeableness_00733_act_003,I think it's best to finish what I'm doing now and handle the lateness issue afterward. Let's see how that goes.,,,"I think it's best to finish what I'm doing now and handle the lateness issue afterward. Let's see how that goes.  
<Action>trait_agreeableness_00733_act_003</Action>"
baseline,trait_agreeableness_00734,agreeableness,high,111,12,False,False,False,False,trait_agreeableness_00734_act_001,"Absolutely, addressing this now can prevent further issues down the line.  
<trait_agreeableness_00734_act_001>",,,"Absolutely, addressing this now can prevent further issues down the line.  
<trait_agreeableness_00734_act_001>"
baseline,trait_agreeableness_00735,agreeableness,high,177,22,False,True,True,True,trait_agreeableness_00735_act_002,"Just be straightforward and tell your friend what you really think about the art project; they asked for honesty, after all.",,,"Just be straightforward and tell your friend what you really think about the art project; they asked for honesty, after all.  
<Action>trait_agreeableness_00735_act_002</Action>"
baseline,trait_agreeableness_00736,agreeableness,high,141,19,False,False,False,False,trait_agreeableness_00736_act_003,"I think it's important to find a balance. Let's see how this works first before making any commitments.  
<trait_agreeableness_00736_act_003>",,,"I think it's important to find a balance. Let's see how this works first before making any commitments.  
<trait_agreeableness_00736_act_003>"
baseline,trait_agreeableness_00737,agreeableness,high,192,25,False,True,True,True,trait_agreeableness_00737_act_002,"Absolutely, standing up for PersonZ shows integrity and fairness, even if it means stepping outside the norm. Let's see how we can do that.",,,"Absolutely, standing up for PersonZ shows integrity and fairness, even if it means stepping outside the norm. Let's see how we can do that.  
<Action>trait_agreeableness_00737_act_002</Action>"
baseline,trait_agreeableness_00738,agreeableness,high,163,18,False,True,True,True,trait_agreeableness_00738_act_001,Perhaps we could start by helping them find resources within the community to support their financial stability.,,,Perhaps we could start by helping them find resources within the community to support their financial stability. <Action>trait_agreeableness_00738_act_001</Action>
baseline,trait_agreeableness_00739,agreeableness,high,68,11,False,False,False,False,,Let's weigh the risks and rewards together before making a decision.,,,Let's weigh the risks and rewards together before making a decision.
baseline,trait_agreeableness_00740,agreeableness,high,179,24,False,True,True,True,trait_agreeableness_00740_act_003,I think we should have a talk about how our teamwork can benefit everyone more. Let's find a moment to discuss this privately.,,,"I think we should have a talk about how our teamwork can benefit everyone more. Let's find a moment to discuss this privately.  
<Action>trait_agreeableness_00740_act_003</Action>"
baseline,trait_agreeableness_00741,agreeableness,high,105,17,False,False,False,False,,I think I'll start by having a private conversation with Janya to understand what's causing these delays.,,,I think I'll start by having a private conversation with Janya to understand what's causing these delays.
baseline,trait_agreeableness_00742,agreeableness,high,188,24,False,True,True,True,trait_agreeableness_00742_act_002,I think we should discuss this further to make sure we're not overextending ourselves. Let's find a way to proceed without burning out.,,,"I think we should discuss this further to make sure we're not overextending ourselves. Let's find a way to proceed without burning out.  
<action>trait_agreeableness_00742_act_002</action>"
baseline,trait_agreeableness_00743,agreeableness,high,150,19,False,True,True,True,trait_agreeableness_00743_act_001,"Maybe you could offer to help train someone else to share the workload, easing the burden on you.",,,"Maybe you could offer to help train someone else to share the workload, easing the burden on you.  
<Action>trait_agreeableness_00743_act_001</Action>"
baseline,trait_agreeableness_00744,agreeableness,high,175,18,False,True,True,True,trait_agreeableness_00744_act_002,I'll address the situation directly by confronting my colleague and demand they stop spreading unfounded rumors immediately.,,,"I'll address the situation directly by confronting my colleague and demand they stop spreading unfounded rumors immediately.
<Action>trait_agreeableness_00744_act_002</Action>"
baseline,trait_agreeableness_00745,agreeableness,high,123,23,False,False,False,False,,I think it would be best if you kept the guitar for now; there are other ways to support your friend's musical aspirations.,,,I think it would be best if you kept the guitar for now; there are other ways to support your friend's musical aspirations.
baseline,trait_agreeableness_00746,agreeableness,high,185,18,False,True,True,True,trait_agreeableness_00746_act_002,"Absolutely, offering your assistance could greatly alleviate Aythana's stress and help distribute the project tasks more manageably.",,,"Absolutely, offering your assistance could greatly alleviate Aythana's stress and help distribute the project tasks more manageably.  
<Action>trait_agreeableness_00746_act_002</Action>"
baseline,trait_agreeableness_00747,agreeableness,high,123,13,False,False,False,False,trait_agreeableness_00747_act_003,"Let's discuss this privately first; it's important to handle such matters delicately.  
<trait_agreeableness_00747_act_003>",,,"Let's discuss this privately first; it's important to handle such matters delicately.  
<trait_agreeableness_00747_act_003>"
baseline,trait_agreeableness_00748,agreeableness,high,134,13,False,True,True,True,trait_agreeableness_00748_act_004,I believe addressing this directly with Melicia might be more constructive first.,,,"I believe addressing this directly with Melicia might be more constructive first.  
<Action>trait_agreeableness_00748_act_004</Action>"
baseline,trait_agreeableness_00749,agreeableness,high,174,21,False,True,True,True,trait_agreeableness_00749_act_003,I think it's important to address issues head-on rather than ignoring them. Let's try to have a conversation with Tagert.,,,"I think it's important to address issues head-on rather than ignoring them. Let's try to have a conversation with Tagert.  
<Action>trait_agreeableness_00749_act_003</Action>"
baseline,trait_agreeableness_00750,agreeableness,high,168,18,False,True,True,True,trait_agreeableness_00750_act_001,"Absolutely, pushing for change shows initiative and a commitment to excellence. Let's meet to discuss this further.",,,"Absolutely, pushing for change shows initiative and a commitment to excellence. Let's meet to discuss this further.  
<Action>trait_agreeableness_00750_act_001</Action>"
baseline,trait_agreeableness_00701,agreeableness,low,192,26,False,False,False,False,trait_agreeableness_00701_act_002,"Perhaps we should seek a compromise that incorporates elements from both themes to appeal to a broader audience. Let's discuss this further with the team.  
<trait_agreeableness_00701_act_002>",,,"Perhaps we should seek a compromise that incorporates elements from both themes to appeal to a broader audience. Let's discuss this further with the team.  
<trait_agreeableness_00701_act_002>"
baseline,trait_agreeableness_00702,agreeableness,low,152,18,False,True,True,True,trait_agreeableness_00702_act_002,I'll need to carefully assess the impact on my workload and team dynamics before making a decision.,,,"I'll need to carefully assess the impact on my workload and team dynamics before making a decision.  
<Action>trait_agreeableness_00702_act_002</Action>"
baseline,trait_agreeableness_00703,agreeableness,low,182,22,False,True,True,True,trait_agreeableness_00703_act_002,I think I'll invest it in a personal savings account to ensure financial security while still contributing to our team's success.,,,"I think I'll invest it in a personal savings account to ensure financial security while still contributing to our team's success.  
<Action>trait_agreeableness_00703_act_002</Action>"
baseline,trait_agreeableness_00704,agreeableness,low,166,18,False,True,True,True,trait_agreeableness_00704_act_004,I think we should consider each other's perspectives more often to avoid this. Let's brainstorm for alternatives.,,,"I think we should consider each other's perspectives more often to avoid this. Let's brainstorm for alternatives.  
<Action>trait_agreeableness_00704_act_004</Action>"
baseline,trait_agreeableness_00705,agreeableness,low,220,29,False,True,True,True,trait_agreeableness_00705_act_002,"Perhaps we should find a balance, ensuring our cooperation doesn't come at the cost of our rights. Let's propose a compromise that addresses both our needs and theirs.",,,"Perhaps we should find a balance, ensuring our cooperation doesn't come at the cost of our rights. Let's propose a compromise that addresses both our needs and theirs.  
<Action>trait_agreeableness_00705_act_002</Action>"
baseline,trait_agreeableness_00706,agreeableness,low,146,15,False,True,True,True,trait_agreeableness_00706_act_002,Perhaps we could start by discussing how to handle feedback more constructively moving forward.,,,Perhaps we could start by discussing how to handle feedback more constructively moving forward. <Action>trait_agreeableness_00706_act_002</Action>
baseline,trait_agreeableness_00707,agreeableness,low,161,23,False,True,True,True,trait_agreeableness_00707_act_003,I'll bring a dish to share that fits my diet so I have a healthy option available and still enjoy the party.,,,"I'll bring a dish to share that fits my diet so I have a healthy option available and still enjoy the party.  
<Action>trait_agreeableness_00707_act_003</Action>"
baseline,trait_agreeableness_00708,agreeableness,low,166,20,False,False,False,False,trait_agreeableness_00708_act_001,"Let's celebrate this together, shall we? Your hard work deserves recognition, Nazareth. Let's make sure everyone knows about it!  
<trait_agreeableness_00708_act_001>",,,"Let's celebrate this together, shall we? Your hard work deserves recognition, Nazareth. Let's make sure everyone knows about it!  
<trait_agreeableness_00708_act_001>"
baseline,trait_agreeableness_00709,agreeableness,low,201,25,False,True,True,True,trait_agreeableness_00709_act_002,I think it's best to address this professionally and assertively. Let's see what happens when I suggest talking to a trusted colleague for guidance.,,,"I think it's best to address this professionally and assertively. Let's see what happens when I suggest talking to a trusted colleague for guidance.  
<Action>trait_agreeableness_00709_act_002</Action>"
baseline,trait_agreeableness_00710,agreeableness,low,166,22,False,True,True,True,trait_agreeableness_00710_act_001,I need to understand why my input was disregarded; it's important for me to know where I stand within this group.,,,"I need to understand why my input was disregarded; it's important for me to know where I stand within this group.  
<Action>trait_agreeableness_00710_act_001</Action>"
baseline,trait_agreeableness_00711,agreeableness,low,212,26,False,True,True,True,trait_agreeableness_00711_act_001,Perhaps you might weigh the emotional costs against the professional gains and decide if the move aligns with your long-term personal happiness and career goals.,,,"Perhaps you might weigh the emotional costs against the professional gains and decide if the move aligns with your long-term personal happiness and career goals.
<Action>trait_agreeableness_00711_act_001</Action>"
baseline,trait_agreeableness_00712,agreeableness,low,140,14,False,True,True,True,trait_agreeableness_00712_act_004,I think attending would allow me to network effectively and build valuable connections.,,,"I think attending would allow me to network effectively and build valuable connections.  
<Action>trait_agreeableness_00712_act_004</Action>"
baseline,trait_agreeableness_00713,agreeableness,low,78,12,False,False,False,False,,I think I'll decline the nomination and focus on internal recognition instead.,,,I think I'll decline the nomination and focus on internal recognition instead.
baseline,trait_agreeableness_00714,agreeableness,low,154,25,False,False,False,False,,"I understand your concern, but sometimes stepping back and making a choice is necessary to move forward. Let's pick another time when you're more relaxed.",,,"I understand your concern, but sometimes stepping back and making a choice is necessary to move forward. Let's pick another time when you're more relaxed."
baseline,trait_agreeableness_00715,agreeableness,low,74,15,False,False,False,False,,Let's take a walk during lunch to clear your mind and find some fresh air.,,,Let's take a walk during lunch to clear your mind and find some fresh air.
baseline,trait_agreeableness_00716,agreeableness,low,189,27,False,True,True,True,trait_agreeableness_00716_act_003,Maybe you could go to the ball with Ranvir but let him know in advance that you'll need to leave early to manage your other commitments.,,,"Maybe you could go to the ball with Ranvir but let him know in advance that you'll need to leave early to manage your other commitments.  
<Action>trait_agreeableness_00716_act_003</Action>"
baseline,trait_agreeableness_00717,agreeableness,low,116,10,False,True,True,True,trait_agreeableness_00717_act_002,Let's consider your options carefully before making a decision.,,,"Let's consider your options carefully before making a decision.  
<Action>trait_agreeableness_00717_act_002</Action>"
baseline,trait_agreeableness_00718,agreeableness,low,133,16,False,True,True,True,trait_agreeableness_00718_act_001,I think it's best to steer clear of that kind of humor in professional settings.,,,"I think it's best to steer clear of that kind of humor in professional settings.  
<Action>trait_agreeableness_00718_act_001</Action>"
baseline,trait_agreeableness_00719,agreeableness,low,163,17,False,True,True,True,trait_agreeableness_00719_act_002,I think it's important to maintain a healthy balance between support and professional boundaries. Let's see...,,,"I think it's important to maintain a healthy balance between support and professional boundaries. Let's see...  
<Action>trait_agreeableness_00719_act_002</Action>"
baseline,trait_agreeableness_00720,agreeableness,low,74,13,False,False,False,False,,Let's see if Shandel could use this laptop for their work before deciding.,,,Let's see if Shandel could use this laptop for their work before deciding.
baseline,trait_agreeableness_00721,agreeableness,low,189,25,False,True,True,True,trait_agreeableness_00721_act_001,"I think it's important to acknowledge the effort we put in, but also respect their feelings. How about I ask for some gratitude instead?",,,"I think it's important to acknowledge the effort we put in, but also respect their feelings. How about I ask for some gratitude instead?  
<Action>trait_agreeableness_00721_act_001</Action>"
baseline,trait_agreeableness_00722,agreeableness,low,182,24,False,True,True,True,trait_agreeableness_00722_act_001,I'd prefer to keep my weekends free for personal relaxation. Perhaps we could find another time that works better for both of us.,,,"I'd prefer to keep my weekends free for personal relaxation. Perhaps we could find another time that works better for both of us.  
<Action>trait_agreeableness_00722_act_001</Action>"
baseline,trait_agreeableness_00723,agreeableness,low,162,24,False,True,True,True,trait_agreeableness_00723_act_004,"I think it's best to let Tavleen enjoy the night, but I'll call a cab now since I really need some fresh air.",,,"I think it's best to let Tavleen enjoy the night, but I'll call a cab now since I really need some fresh air.  
<Action>trait_agreeableness_00723_act_004</Action>"
baseline,trait_agreeableness_00724,agreeableness,low,138,13,False,False,False,False,trait_agreeableness_00724_act_004,"Perhaps rescheduling the business appointment could strengthen our mutual support and understanding.  
<trait_agreeableness_00724_act_004>",,,"Perhaps rescheduling the business appointment could strengthen our mutual support and understanding.  
<trait_agreeableness_00724_act_004>"
baseline,trait_agreeableness_00725,agreeableness,low,92,15,False,False,False,False,,I understand my words might have been hurtful; let's talk about your favorite hobby instead.,,,I understand my words might have been hurtful; let's talk about your favorite hobby instead.
baseline,trait_agreeableness_00726,agreeableness,low,169,18,False,True,True,True,trait_agreeableness_00726_act_002,"Offering financial assistance might show care, but it's important to set boundaries too. Let's discuss this further.",,,"Offering financial assistance might show care, but it's important to set boundaries too. Let's discuss this further.  
<Action>trait_agreeableness_00726_act_002</Action>"
baseline,trait_agreeableness_00727,agreeableness,low,201,24,False,False,False,False,trait_agreeableness_00727_act_003,"Let's start by acknowledging the well-intentioned nature of this policy before discussing areas where it might need adjustments to ensure consistency and fairness.  
<trait_agreeableness_00727_act_003>",,,"Let's start by acknowledging the well-intentioned nature of this policy before discussing areas where it might need adjustments to ensure consistency and fairness.  
<trait_agreeableness_00727_act_003>"
baseline,trait_agreeableness_00728,agreeableness,low,197,28,False,True,True,True,trait_agreeableness_00728_act_002,Perhaps we can address his concerns directly in our next meeting and show how they align with our goals. Let's see if we can find common ground.,,,"Perhaps we can address his concerns directly in our next meeting and show how they align with our goals. Let's see if we can find common ground.  
<Action>trait_agreeableness_00728_act_002</Action>"
baseline,trait_agreeableness_00729,agreeableness,low,158,19,False,True,True,True,trait_agreeableness_00729_act_001,Perhaps we could start by having a quiet chat about setting boundaries without being too harsh on yourself.,,,Perhaps we could start by having a quiet chat about setting boundaries without being too harsh on yourself. <Action>trait_agreeableness_00729_act_001</Action>
baseline,trait_agreeableness_00730,agreeableness,low,234,33,False,True,True,True,trait_agreeableness_00730_act_002,"That approach might send a strong message about the importance of meeting expectations, but it could also be seen as harsh. Let's see if we can't find a more constructive way first.",,,"That approach might send a strong message about the importance of meeting expectations, but it could also be seen as harsh. Let's see if we can't find a more constructive way first.  
<Action>trait_agreeableness_00730_act_002</Action>"
baseline,trait_agreeableness_00731,agreeableness,low,225,27,False,True,True,True,trait_agreeableness_00731_act_001,"Perhaps you could delegate some of your responsibilities to other volunteers, which would allow you to continue supporting the charity while also managing your stress better.",,,"Perhaps you could delegate some of your responsibilities to other volunteers, which would allow you to continue supporting the charity while also managing your stress better.
<Action>trait_agreeableness_00731_act_001</Action>"
baseline,trait_agreeableness_00732,agreeableness,low,147,17,False,True,True,True,trait_agreeableness_00732_act_004,"I think it's important to honor your retreat, but perhaps offer to help with packing beforehand.",,,"I think it's important to honor your retreat, but perhaps offer to help with packing beforehand. <Action>trait_agreeableness_00732_act_004</Action>"
baseline,trait_agreeableness_00733,agreeableness,low,165,22,False,True,True,True,trait_agreeableness_00733_act_003,I think it's best to finish what I'm doing now and handle the lateness issue afterward. Let's see how that goes.,,,"I think it's best to finish what I'm doing now and handle the lateness issue afterward. Let's see how that goes.  
<Action>trait_agreeableness_00733_act_003</Action>"
baseline,trait_agreeableness_00734,agreeableness,low,111,12,False,False,False,False,trait_agreeableness_00734_act_001,"Absolutely, addressing this now can prevent further issues down the line.  
<trait_agreeableness_00734_act_001>",,,"Absolutely, addressing this now can prevent further issues down the line.  
<trait_agreeableness_00734_act_001>"
baseline,trait_agreeableness_00735,agreeableness,low,177,22,False,True,True,True,trait_agreeableness_00735_act_002,"Just be straightforward and tell your friend what you really think about the art project; they asked for honesty, after all.",,,"Just be straightforward and tell your friend what you really think about the art project; they asked for honesty, after all.  
<Action>trait_agreeableness_00735_act_002</Action>"
baseline,trait_agreeableness_00736,agreeableness,low,141,19,False,False,False,False,trait_agreeableness_00736_act_003,"I think it's important to find a balance. Let's see how this works first before making any commitments.  
<trait_agreeableness_00736_act_003>",,,"I think it's important to find a balance. Let's see how this works first before making any commitments.  
<trait_agreeableness_00736_act_003>"
baseline,trait_agreeableness_00737,agreeableness,low,192,25,False,True,True,True,trait_agreeableness_00737_act_002,"Absolutely, standing up for PersonZ shows integrity and fairness, even if it means stepping outside the norm. Let's see how we can do that.",,,"Absolutely, standing up for PersonZ shows integrity and fairness, even if it means stepping outside the norm. Let's see how we can do that.  
<Action>trait_agreeableness_00737_act_002</Action>"
baseline,trait_agreeableness_00738,agreeableness,low,163,18,False,True,True,True,trait_agreeableness_00738_act_001,Perhaps we could start by helping them find resources within the community to support their financial stability.,,,Perhaps we could start by helping them find resources within the community to support their financial stability. <Action>trait_agreeableness_00738_act_001</Action>
baseline,trait_agreeableness_00739,agreeableness,low,68,11,False,False,False,False,,Let's weigh the risks and rewards together before making a decision.,,,Let's weigh the risks and rewards together before making a decision.
baseline,trait_agreeableness_00740,agreeableness,low,179,24,False,True,True,True,trait_agreeableness_00740_act_003,I think we should have a talk about how our teamwork can benefit everyone more. Let's find a moment to discuss this privately.,,,"I think we should have a talk about how our teamwork can benefit everyone more. Let's find a moment to discuss this privately.  
<Action>trait_agreeableness_00740_act_003</Action>"
baseline,trait_agreeableness_00741,agreeableness,low,105,17,False,False,False,False,,I think I'll start by having a private conversation with Janya to understand what's causing these delays.,,,I think I'll start by having a private conversation with Janya to understand what's causing these delays.
baseline,trait_agreeableness_00742,agreeableness,low,188,24,False,True,True,True,trait_agreeableness_00742_act_002,I think we should discuss this further to make sure we're not overextending ourselves. Let's find a way to proceed without burning out.,,,"I think we should discuss this further to make sure we're not overextending ourselves. Let's find a way to proceed without burning out.  
<action>trait_agreeableness_00742_act_002</action>"
baseline,trait_agreeableness_00743,agreeableness,low,150,19,False,True,True,True,trait_agreeableness_00743_act_001,"Maybe you could offer to help train someone else to share the workload, easing the burden on you.",,,"Maybe you could offer to help train someone else to share the workload, easing the burden on you.  
<Action>trait_agreeableness_00743_act_001</Action>"
baseline,trait_agreeableness_00744,agreeableness,low,175,18,False,True,True,True,trait_agreeableness_00744_act_002,I'll address the situation directly by confronting my colleague and demand they stop spreading unfounded rumors immediately.,,,"I'll address the situation directly by confronting my colleague and demand they stop spreading unfounded rumors immediately.
<Action>trait_agreeableness_00744_act_002</Action>"
baseline,trait_agreeableness_00745,agreeableness,low,123,23,False,False,False,False,,I think it would be best if you kept the guitar for now; there are other ways to support your friend's musical aspirations.,,,I think it would be best if you kept the guitar for now; there are other ways to support your friend's musical aspirations.
baseline,trait_agreeableness_00746,agreeableness,low,185,18,False,True,True,True,trait_agreeableness_00746_act_002,"Absolutely, offering your assistance could greatly alleviate Aythana's stress and help distribute the project tasks more manageably.",,,"Absolutely, offering your assistance could greatly alleviate Aythana's stress and help distribute the project tasks more manageably.  
<Action>trait_agreeableness_00746_act_002</Action>"
baseline,trait_agreeableness_00747,agreeableness,low,123,13,False,False,False,False,trait_agreeableness_00747_act_003,"Let's discuss this privately first; it's important to handle such matters delicately.  
<trait_agreeableness_00747_act_003>",,,"Let's discuss this privately first; it's important to handle such matters delicately.  
<trait_agreeableness_00747_act_003>"
baseline,trait_agreeableness_00748,agreeableness,low,134,13,False,True,True,True,trait_agreeableness_00748_act_004,I believe addressing this directly with Melicia might be more constructive first.,,,"I believe addressing this directly with Melicia might be more constructive first.  
<Action>trait_agreeableness_00748_act_004</Action>"
baseline,trait_agreeableness_00749,agreeableness,low,174,21,False,True,True,True,trait_agreeableness_00749_act_003,I think it's important to address issues head-on rather than ignoring them. Let's try to have a conversation with Tagert.,,,"I think it's important to address issues head-on rather than ignoring them. Let's try to have a conversation with Tagert.  
<Action>trait_agreeableness_00749_act_003</Action>"
baseline,trait_agreeableness_00750,agreeableness,low,168,18,False,True,True,True,trait_agreeableness_00750_act_001,"Absolutely, pushing for change shows initiative and a commitment to excellence. Let's meet to discuss this further.",,,"Absolutely, pushing for change shows initiative and a commitment to excellence. Let's meet to discuss this further.  
<Action>trait_agreeableness_00750_act_001</Action>"
one_line_prompt,trait_agreeableness_00701,agreeableness,high,167,21,False,False,False,False,trait_agreeableness_00701_act_002,"Let's gather input from everyone involved to find a balanced approach that honors both themes while ensuring the event's success.  
[trait_agreeableness_00701_act_002]",,,"Let's gather input from everyone involved to find a balanced approach that honors both themes while ensuring the event's success.  
[trait_agreeableness_00701_act_002]"
one_line_prompt,trait_agreeableness_00702,agreeableness,high,209,31,False,True,True,True,trait_agreeableness_00702_act_002,I think it's important to discuss this with my manager and find a way to ensure we don't overload our team. Let's see how we can distribute the work fairly.,,,"I think it's important to discuss this with my manager and find a way to ensure we don't overload our team. Let's see how we can distribute the work fairly.  
<Action>trait_agreeableness_00702_act_002</Action>"
one_line_prompt,trait_agreeableness_00703,agreeableness,high,138,22,False,False,False,False,,"Let's allocate a bit of it towards personal development courses to enhance my skills and knowledge, while still enjoying a small vacation.",,,"Let's allocate a bit of it towards personal development courses to enhance my skills and knowledge, while still enjoying a small vacation."
one_line_prompt,trait_agreeableness_00704,agreeableness,high,239,31,False,True,True,True,trait_agreeableness_00704_act_004,"I understand the importance of cooperation, but perhaps we could also discuss how to incorporate our individual insights into the plan. Let's brainstorm some ways to make it even better.",,,"I understand the importance of cooperation, but perhaps we could also discuss how to incorporate our individual insights into the plan. Let's brainstorm some ways to make it even better.  
<Action>trait_agreeableness_00704_act_004</Action>"
one_line_prompt,trait_agreeableness_00705,agreeableness,high,211,30,False,True,True,True,trait_agreeableness_00705_act_002,Let's see if we can find a middle ground by discussing the issues openly and respectfully. We might be able to work something out that everyone is happy with.,,,"Let's see if we can find a middle ground by discussing the issues openly and respectfully. We might be able to work something out that everyone is happy with.  
<Action>trait_agreeableness_00705_act_002</Action>"
one_line_prompt,trait_agreeableness_00706,agreeableness,high,94,17,False,False,False,False,,"Let's talk about how we can all contribute more openly and honestly to our projects, shall we?",,,"Let's talk about how we can all contribute more openly and honestly to our projects, shall we?"
one_line_prompt,trait_agreeableness_00707,agreeableness,high,111,24,False,False,False,False,,"I think I'll bring a dish to share that fits my diet, so I can still enjoy the party while sticking to my plan.",,,"I think I'll bring a dish to share that fits my diet, so I can still enjoy the party while sticking to my plan."
one_line_prompt,trait_agreeableness_00708,agreeableness,high,114,17,False,False,False,False,,Let's celebrate this together! Your hard work truly deserves recognition. Let's make sure everyone knows about it.,,,Let's celebrate this together! Your hard work truly deserves recognition. Let's make sure everyone knows about it.
one_line_prompt,trait_agreeableness_00709,agreeableness,high,210,24,False,True,True,True,trait_agreeableness_00709_act_002,I think we should maintain a professional relationship. Please let me discuss this with my supervisor to ensure our workplace environment remains respectful.,,,"I think we should maintain a professional relationship. Please let me discuss this with my supervisor to ensure our workplace environment remains respectful.  
<Action>trait_agreeableness_00709_act_002</Action>"
one_line_prompt,trait_agreeableness_00710,agreeableness,high,178,22,False,True,True,True,trait_agreeableness_00710_act_002,"I understand this must be frustrating, but let's talk about how we can move forward together and ensure everyone feels heard.",,,"I understand this must be frustrating, but let's talk about how we can move forward together and ensure everyone feels heard.  
<action>trait_agreeableness_00710_act_002</action>"
one_line_prompt,trait_agreeableness_00711,agreeableness,high,212,26,False,True,True,True,trait_agreeableness_00711_act_001,Perhaps you might weigh the emotional costs against the professional gains and decide if the move aligns with your long-term personal happiness and career goals.,,,"Perhaps you might weigh the emotional costs against the professional gains and decide if the move aligns with your long-term personal happiness and career goals.
<Action>trait_agreeableness_00711_act_001</Action>"
one_line_prompt,trait_agreeableness_00712,agreeableness,high,215,29,False,True,True,True,trait_agreeableness_00712_act_004,"I think it would be wise to attend, as these connections could lead to valuable opportunities. Let's make the most of it by engaging genuinely with those present.",,,"I think it would be wise to attend, as these connections could lead to valuable opportunities. Let's make the most of it by engaging genuinely with those present.  
<Action>trait_agreeableness_00712_act_004</Action>"
one_line_prompt,trait_agreeableness_00713,agreeableness,high,129,19,False,False,False,False,,Perhaps you might consider a compromise by accepting the nomination and requesting a more low-key acknowledgment at the ceremony.,,,Perhaps you might consider a compromise by accepting the nomination and requesting a more low-key acknowledgment at the ceremony.
one_line_prompt,trait_agreeableness_00714,agreeableness,high,242,41,False,False,False,False,,"I understand the importance of balancing personal commitments with social ones, but sometimes stepping back and making a choice can lead to a more enjoyable experience. Let's pick a time when you feel most ready and capable to enjoy the trip.",,,"I understand the importance of balancing personal commitments with social ones, but sometimes stepping back and making a choice can lead to a more enjoyable experience. Let's pick a time when you feel most ready and capable to enjoy the trip."
one_line_prompt,trait_agreeableness_00715,agreeableness,high,138,26,False,False,False,False,,"Let's take a stroll after lunch; it'll be good for your mind and body, and we can chat about how to manage your workload more effectively.",,,"Let's take a stroll after lunch; it'll be good for your mind and body, and we can chat about how to manage your workload more effectively."
one_line_prompt,trait_agreeableness_00716,agreeableness,high,189,27,False,True,True,True,trait_agreeableness_00716_act_003,Maybe you could go to the ball with Ranvir but let him know in advance that you'll need to leave early to manage your other commitments.,,,"Maybe you could go to the ball with Ranvir but let him know in advance that you'll need to leave early to manage your other commitments.  
<Action>trait_agreeableness_00716_act_003</Action>"
one_line_prompt,trait_agreeableness_00717,agreeableness,high,97,16,False,False,False,False,,Let's find a balance; perhaps buying one thoughtful gift for each event would be more manageable.,,,Let's find a balance; perhaps buying one thoughtful gift for each event would be more manageable.
one_line_prompt,trait_agreeableness_00718,agreeableness,high,137,16,False,True,True,True,trait_agreeableness_00718_act_004,I think it's best to steer the conversation elsewhere rather than laugh at the joke.,,,"I think it's best to steer the conversation elsewhere rather than laugh at the joke.  
<Action>trait_agreeableness_00718_act_004</Action>"
one_line_prompt,trait_agreeableness_00719,agreeableness,high,139,13,False,True,True,True,trait_agreeableness_00719_act_001,Let's see how this gesture might be received without crossing professional boundaries.,,,"Let's see how this gesture might be received without crossing professional boundaries.  
<action>trait_agreeableness_00719_act_001</action>"
one_line_prompt,trait_agreeableness_00720,agreeableness,high,75,16,False,False,False,False,,Why not share it with Shandel? They might need it more than I do right now.,,,Why not share it with Shandel? They might need it more than I do right now.
one_line_prompt,trait_agreeableness_00721,agreeableness,high,248,40,False,False,False,False,,"I understand the importance of acknowledging your efforts, but perhaps we could start by discussing how much you enjoyed spending time with the cat instead. That way, we can find a mutual understanding without feeling like I’m asking for something.",,,"I understand the importance of acknowledging your efforts, but perhaps we could start by discussing how much you enjoyed spending time with the cat instead. That way, we can find a mutual understanding without feeling like I’m asking for something."
one_line_prompt,trait_agreeableness_00722,agreeableness,high,144,25,False,False,False,False,,"I'd love to help, but my weekend is already packed with personal activities. How about we find someone else who's free to assist Nazair instead?",,,"I'd love to help, but my weekend is already packed with personal activities. How about we find someone else who's free to assist Nazair instead?"
one_line_prompt,trait_agreeableness_00723,agreeableness,high,153,32,False,False,False,False,,I think it would be better to find a way we both can enjoy the evening without conflict. How about we stay just a little longer and then I'll call a cab?,,,I think it would be better to find a way we both can enjoy the evening without conflict. How about we stay just a little longer and then I'll call a cab?
one_line_prompt,trait_agreeableness_00724,agreeableness,high,147,22,False,False,False,False,,"Perhaps we could reschedule your business appointment so you can support Josalyn better, but still keep your commitment to your professional goals.",,,"Perhaps we could reschedule your business appointment so you can support Josalyn better, but still keep your commitment to your professional goals."
one_line_prompt,trait_agreeableness_00725,agreeableness,high,177,23,False,True,True,True,trait_agreeableness_00725_act_004,"I'm sorry if my words caused any discomfort, but let's talk about your favorite hobby instead. What do you enjoy doing most?",,,"I'm sorry if my words caused any discomfort, but let's talk about your favorite hobby instead. What do you enjoy doing most?  
<Action>trait_agreeableness_00725_act_004</Action>"
one_line_prompt,trait_agreeableness_00726,agreeableness,high,195,27,False,True,True,True,trait_agreeableness_00726_act_002,"I think it's important to set boundaries, but I can certainly lend a hand if you feel comfortable doing so. How about we discuss this further?",,,"I think it's important to set boundaries, but I can certainly lend a hand if you feel comfortable doing so. How about we discuss this further?  
<Action>trait_agreeableness_00726_act_002</Action>"
one_line_prompt,trait_agreeableness_00727,agreeableness,high,214,27,False,True,True,True,trait_agreeableness_00727_act_003,"Let's start by acknowledging the well-intentioned goals behind this policy, but I believe we need to discuss how it might affect our team's performance and morale.",,,"Let's start by acknowledging the well-intentioned goals behind this policy, but I believe we need to discuss how it might affect our team's performance and morale. <Action>trait_agreeableness_00727_act_003</Action>"
one_line_prompt,trait_agreeableness_00728,agreeableness,high,112,20,False,False,False,False,,"Let's find common ground and see if we can't make this project even better together. What do you think, Kashtin?",,,"Let's find common ground and see if we can't make this project even better together. What do you think, Kashtin?"
one_line_prompt,trait_agreeableness_00729,agreeableness,high,209,38,False,False,False,False,,"Sharing your concerns about over-forgiveness might help her see it from a different angle, but let's focus on supporting her now. How about we grab a cup of coffee and talk about what she needs most right now?",,,"Sharing your concerns about over-forgiveness might help her see it from a different angle, but let's focus on supporting her now. How about we grab a cup of coffee and talk about what she needs most right now?"
one_line_prompt,trait_agreeableness_00730,agreeableness,high,192,22,False,True,True,True,trait_agreeableness_00730_act_002,"I think withholding her paycheck might come across as harsh, especially if it's not well communicated. Let's have a heart-to-heart instead.",,,"I think withholding her paycheck might come across as harsh, especially if it's not well communicated. Let's have a heart-to-heart instead.  
<Action>trait_agreeableness_00730_act_002</Action>"
one_line_prompt,trait_agreeableness_00731,agreeableness,high,225,27,False,True,True,True,trait_agreeableness_00731_act_001,"Perhaps you could delegate some of your responsibilities to other volunteers, which would allow you to continue supporting the charity while also managing your stress better.",,,"Perhaps you could delegate some of your responsibilities to other volunteers, which would allow you to continue supporting the charity while also managing your stress better.
<Action>trait_agreeableness_00731_act_001</Action>"
one_line_prompt,trait_agreeableness_00732,agreeableness,high,139,25,False,False,False,False,,"I think it's important to honor your retreat, but perhaps we could find a way to assist your friend without disrupting your plans too much.",,,"I think it's important to honor your retreat, but perhaps we could find a way to assist your friend without disrupting your plans too much."
one_line_prompt,trait_agreeableness_00733,agreeableness,high,185,24,False,True,True,True,trait_agreeableness_00733_act_003,I think it's best to finish what you're doing now and handle the meeting delay when it happens. Let's not rush things unnecessarily.,,,"I think it's best to finish what you're doing now and handle the meeting delay when it happens. Let's not rush things unnecessarily.  
<Action>trait_agreeableness_00733_act_003</Action>"
one_line_prompt,trait_agreeableness_00734,agreeableness,high,192,22,False,True,True,True,trait_agreeableness_00734_act_001,I believe addressing this now could help prevent further issues. Let's have a calm discussion to understand each other's perspectives better.,,,"I believe addressing this now could help prevent further issues. Let's have a calm discussion to understand each other's perspectives better.
<Action>trait_agreeableness_00734_act_001</Action>"
one_line_prompt,trait_agreeableness_00735,agreeableness,high,169,22,False,False,False,False,trait_agreeableness_00735_act_001,"Maybe you can ask your friend how they feel about their project first to understand their perspective before sharing your thoughts.  
<trait_agreeableness_00735_act_001>",,,"Maybe you can ask your friend how they feel about their project first to understand their perspective before sharing your thoughts.  
<trait_agreeableness_00735_act_001>"
one_line_prompt,trait_agreeableness_00736,agreeableness,high,119,22,False,False,False,False,,I think it's important to find a balance. Let's see if we can redistribute the tasks so that no one feels overburdened.,,,I think it's important to find a balance. Let's see if we can redistribute the tasks so that no one feels overburdened.
one_line_prompt,trait_agreeableness_00737,agreeableness,high,145,22,False,False,False,False,,"I believe it's important to support PersonZ, but we should also ensure that everyone's contributions are recognized fairly. Let's find a balance.",,,"I believe it's important to support PersonZ, but we should also ensure that everyone's contributions are recognized fairly. Let's find a balance."
one_line_prompt,trait_agreeableness_00738,agreeableness,high,128,21,False,False,False,False,,Let's start by looking into local resources together to see how we can support them without taking away too much responsibility.,,,Let's start by looking into local resources together to see how we can support them without taking away too much responsibility.
one_line_prompt,trait_agreeableness_00739,agreeableness,high,83,14,False,False,False,False,,Let's weigh the benefits together and see if this aligns with your long-term goals.,,,Let's weigh the benefits together and see if this aligns with your long-term goals.
one_line_prompt,trait_agreeableness_00740,agreeableness,high,164,19,False,True,True,True,trait_agreeableness_00740_act_003,Let's talk this through privately first; perhaps we can find a way to balance cooperation with personal growth.,,,"Let's talk this through privately first; perhaps we can find a way to balance cooperation with personal growth.  
<Action>trait_agreeableness_00740_act_003</Action>"
one_line_prompt,trait_agreeableness_00741,agreeableness,high,116,20,False,False,False,False,,Let's have a calm conversation about balancing your workload and ensuring we all stay on track. How does that sound?,,,Let's have a calm conversation about balancing your workload and ensuring we all stay on track. How does that sound?
one_line_prompt,trait_agreeableness_00742,agreeableness,high,107,18,False,False,False,False,,I think we should discuss this further to make sure we're not overextending ourselves. How does that sound?,,,I think we should discuss this further to make sure we're not overextending ourselves. How does that sound?
one_line_prompt,trait_agreeableness_00743,agreeableness,high,150,19,False,True,True,True,trait_agreeableness_00743_act_001,"Maybe you could offer to help train someone else to share the workload, easing the burden on you.",,,"Maybe you could offer to help train someone else to share the workload, easing the burden on you.  
<Action>trait_agreeableness_00743_act_001</Action>"
one_line_prompt,trait_agreeableness_00744,agreeableness,high,180,28,False,False,False,False,trait_agreeableness_00744_act_004,"Let's talk about this openly and see if we can find a way to resolve it amicably. We both want to maintain a positive work environment, right?  
<trait_agreeableness_00744_act_004>",,,"Let's talk about this openly and see if we can find a way to resolve it amicably. We both want to maintain a positive work environment, right?  
<trait_agreeableness_00744_act_004>"
one_line_prompt,trait_agreeableness_00745,agreeableness,high,119,23,False,False,False,False,,"I think it would be kind to lend your guitar to your friend, but we should also discuss how to manage this responsibly.",,,"I think it would be kind to lend your guitar to your friend, but we should also discuss how to manage this responsibly."
one_line_prompt,trait_agreeableness_00746,agreeableness,high,132,17,False,False,False,False,,"Absolutely, offering your assistance could greatly alleviate Aythana's stress and help distribute the project tasks more manageably.",,,"Absolutely, offering your assistance could greatly alleviate Aythana's stress and help distribute the project tasks more manageably."
one_line_prompt,trait_agreeableness_00747,agreeableness,high,117,21,False,False,False,False,,"Let's have a team check-in where we can all update each other on our progress, including Carielle. What do you think?",,,"Let's have a team check-in where we can all update each other on our progress, including Carielle. What do you think?"
one_line_prompt,trait_agreeableness_00748,agreeableness,high,90,15,False,False,False,False,,Let's address this together and see if we can resolve it amicably before involving others.,,,Let's address this together and see if we can resolve it amicably before involving others.
one_line_prompt,trait_agreeableness_00749,agreeableness,high,144,25,False,False,False,False,,I think it's important to address issues head-on rather than ignoring them. Let's try talking to Tagert and see if we can resolve this together.,,,I think it's important to address issues head-on rather than ignoring them. Let's try talking to Tagert and see if we can resolve this together.
one_line_prompt,trait_agreeableness_00750,agreeableness,high,89,17,False,False,False,False,,Let's discuss this further and see if we can find a way to improve our approach together.,,,Let's discuss this further and see if we can find a way to improve our approach together.
one_line_prompt,trait_agreeableness_00701,agreeableness,low,204,31,False,True,True,True,trait_agreeableness_00701_act_004,"I think we need to have a clear plan and stick to it, regardless of what others might want. Let's focus on what will work best for the event's success.",,,"I think we need to have a clear plan and stick to it, regardless of what others might want. Let's focus on what will work best for the event's success.  
<Action>trait_agreeableness_00701_act_004</Action>"
one_line_prompt,trait_agreeableness_00702,agreeableness,low,162,25,False,True,True,True,trait_agreeableness_00702_act_004,I think I'll push back on taking on too much. Let's see if we can find a way to distribute this among the team.,,,"I think I'll push back on taking on too much. Let's see if we can find a way to distribute this among the team.
<Action>trait_agreeableness_00702_act_004</Action>"
one_line_prompt,trait_agreeableness_00703,agreeableness,low,174,25,False,True,True,True,trait_agreeableness_00703_act_002,"I think I'll save it for when I need to invest in my career growth, maybe take on some new challenges or skills training.",,,"I think I'll save it for when I need to invest in my career growth, maybe take on some new challenges or skills training.  
<Action>trait_agreeableness_00703_act_002</Action>"
one_line_prompt,trait_agreeableness_00704,agreeableness,low,162,22,False,True,True,True,trait_agreeableness_00704_act_001,"We've been here before, and it didn't end well. Let's see if there's a better way to approach this next time.",,,"We've been here before, and it didn't end well. Let's see if there's a better way to approach this next time.  
<action>trait_agreeableness_00704_act_001</action>"
one_line_prompt,trait_agreeableness_00705,agreeableness,low,217,25,False,True,True,True,trait_agreeableness_00705_act_002,"Maybe try to calmly discuss the discrepancies with the agency, highlighting the missing amenities and differences in the property, and request an amicable resolution.",,,"Maybe try to calmly discuss the discrepancies with the agency, highlighting the missing amenities and differences in the property, and request an amicable resolution.
<Action>trait_agreeableness_00705_act_002</Action>"
one_line_prompt,trait_agreeableness_00706,agreeableness,low,188,21,False,False,False,False,trait_agreeableness_00706_act_003,"I think we've been through this before; dismissing my ideas isn't productive. We need clearer communication and protocols moving forward.  
<Email>trait_agreeableness_00706_act_003</Email>",,,"I think we've been through this before; dismissing my ideas isn't productive. We need clearer communication and protocols moving forward.  
<Email>trait_agreeableness_00706_act_003</Email>"
one_line_prompt,trait_agreeableness_00707,agreeableness,low,157,21,False,True,True,True,trait_agreeableness_00707_act_002,Just say no to the unhealthy options and stick firmly to your diet plan; it’s about your health after all.,,,"Just say no to the unhealthy options and stick firmly to your diet plan; it’s about your health after all.
<Action>trait_agreeableness_00707_act_002</Action>"
one_line_prompt,trait_agreeableness_00708,agreeableness,low,132,18,False,True,True,True,trait_agreeableness_00708_act_003,I'll keep my mouth shut for now; let's see how this plays out before I jump in.,,,"I'll keep my mouth shut for now; let's see how this plays out before I jump in.  
<action>trait_agreeableness_00708_act_003</action>"
one_line_prompt,trait_agreeableness_00709,agreeableness,low,141,15,False,True,True,True,trait_agreeableness_00709_act_001,I suggest we keep things strictly professional. Your time would be better spent elsewhere.,,,"I suggest we keep things strictly professional. Your time would be better spent elsewhere.
<Action>trait_agreeableness_00709_act_001</Action>"
one_line_prompt,trait_agreeableness_00710,agreeableness,low,187,27,False,True,True,True,trait_agreeableness_00710_act_001,"I demand an explanation for why I was kept in the dark! This isn't the first time I've felt excluded, and I won't tolerate this anymore.",,,"I demand an explanation for why I was kept in the dark! This isn't the first time I've felt excluded, and I won't tolerate this anymore.
<Action>trait_agreeableness_00710_act_001</Action>"
one_line_prompt,trait_agreeableness_00711,agreeableness,low,119,12,False,True,True,True,trait_agreeableness_00711_act_001,"That's a tough call, but sometimes taking calculated risks pays off.",,,"That's a tough call, but sometimes taking calculated risks pays off. <Action>trait_agreeableness_00711_act_001</Action>"
one_line_prompt,trait_agreeableness_00712,agreeableness,low,120,18,False,True,False,False,Action_002,"I think I'll skip the dinner if it means I can focus on other, more productive activities.",,,"I think I'll skip the dinner if it means I can focus on other, more productive activities.  
<action>Action_002</action>"
one_line_prompt,trait_agreeableness_00713,agreeableness,low,166,20,False,True,True,True,trait_agreeableness_00713_act_003,I think I'll decline the nomination; maintaining my focus on my work is more crucial than this external accolade.,,,"I think I'll decline the nomination; maintaining my focus on my work is more crucial than this external accolade.  
<Action>trait_agreeableness_00713_act_003</Action>"
one_line_prompt,trait_agreeableness_00714,agreeableness,low,160,24,False,False,False,False,trait_agreeableness_00714_act_001,"That's a tough call, but given how important this work is, I think I'll have to pass this time with my colleagues instead.  
<trait_agreeableness_00714_act_001>",,,"That's a tough call, but given how important this work is, I think I'll have to pass this time with my colleagues instead.  
<trait_agreeableness_00714_act_001>"
one_line_prompt,trait_agreeableness_00715,agreeableness,low,172,18,False,True,True,True,trait_agreeableness_00715_act_004,Perhaps we should focus on efficiency rather than overthinking everything. Let's tackle the most pressing issues first.,,,"Perhaps we should focus on efficiency rather than overthinking everything. Let's tackle the most pressing issues first.  
<Action>trait_agreeableness_00715_act_004</Action>"
one_line_prompt,trait_agreeableness_00716,agreeableness,low,158,23,False,True,True,True,trait_agreeableness_00716_act_003,"I might tag along for a bit, but I need to make sure I can still meet my deadlines without falling apart.",,,"I might tag along for a bit, but I need to make sure I can still meet my deadlines without falling apart.  
<action>trait_agreeableness_00716_act_003</action>"
one_line_prompt,trait_agreeableness_00717,agreeableness,low,159,23,False,True,True,True,trait_agreeableness_00717_act_003,That's a lot of pressure. Why not just pick one or two parties to focus on and save the rest for yourself?,,,"That's a lot of pressure. Why not just pick one or two parties to focus on and save the rest for yourself?  
<Action>trait_agreeableness_00717_act_003</Action>"
one_line_prompt,trait_agreeableness_00718,agreeableness,low,114,12,False,True,True,True,trait_agreeableness_00718_act_004,I think you're overthinking it; just let him have his moment.,,,"I think you're overthinking it; just let him have his moment.  
<Action>trait_agreeableness_00718_act_004</Action>"
one_line_prompt,trait_agreeableness_00719,agreeableness,low,170,19,False,True,True,True,trait_agreeableness_00719_act_002,Sending flowers might be seen as excessive and inappropriate; it could come across as insincere or even manipulative.,,,"Sending flowers might be seen as excessive and inappropriate; it could come across as insincere or even manipulative.  
<Action>trait_agreeableness_00719_act_002</Action>"
one_line_prompt,trait_agreeableness_00720,agreeableness,low,131,17,False,True,True,True,trait_agreeableness_00720_act_002,I think you should keep it for now; there's no need to spread yourself too thin.,,,I think you should keep it for now; there's no need to spread yourself too thin. <Action>trait_agreeableness_00720_act_002</Action>
one_line_prompt,trait_agreeableness_00721,agreeableness,low,143,18,False,True,True,True,trait_agreeableness_00721_act_004,I think it's best to let them know what I went through without expecting anything in return.,,,I think it's best to let them know what I went through without expecting anything in return. <Action>trait_agreeableness_00721_act_004</Action>
one_line_prompt,trait_agreeableness_00722,agreeableness,low,157,21,False,True,True,True,trait_agreeableness_00722_act_003,I think you should focus on your own plans this weekend; there are plenty of other people who need help.,,,"I think you should focus on your own plans this weekend; there are plenty of other people who need help.  
<Action>trait_agreeableness_00722_act_003</Action>"
one_line_prompt,trait_agreeableness_00723,agreeableness,low,68,15,False,False,False,False,,"I think it's best for me to go now, but I appreciate you having fun.",,,"I think it's best for me to go now, but I appreciate you having fun."
one_line_prompt,trait_agreeableness_00724,agreeableness,low,161,21,False,True,True,True,trait_agreeableness_00724_act_001,"That's a tough call, but sometimes it's better to keep your commitments, even if it means Josalyn has to wait.",,,"That's a tough call, but sometimes it's better to keep your commitments, even if it means Josalyn has to wait. <Action>trait_agreeableness_00724_act_001</Action>"
one_line_prompt,trait_agreeableness_00725,agreeableness,low,144,16,False,True,True,True,trait_agreeableness_00725_act_004,"I think you're being overly selfless, but I won't apologize. Let's talk about sports instead.",,,"I think you're being overly selfless, but I won't apologize. Let's talk about sports instead.
<Action>trait_agreeableness_00725_act_004</Action>"
one_line_prompt,trait_agreeableness_00726,agreeableness,low,129,13,False,True,True,True,trait_agreeableness_00726_act_002,"Offering financial assistance might show weakness, but it could also help her.",,,"Offering financial assistance might show weakness, but it could also help her. <Action>trait_agreeableness_00726_act_002</Action>"
one_line_prompt,trait_agreeableness_00727,agreeableness,low,252,34,False,True,True,True,trait_agreeableness_00727_act_003,Over-forgiving might indeed seem like a sign of weakness or lax standards. Let's discuss this further and see if we can find a balance that maintains our high expectations without being overly lenient.,,,"Over-forgiving might indeed seem like a sign of weakness or lax standards. Let's discuss this further and see if we can find a balance that maintains our high expectations without being overly lenient.
<Action>trait_agreeableness_00727_act_003</Action>"
one_line_prompt,trait_agreeableness_00728,agreeableness,low,164,22,False,True,True,True,trait_agreeableness_00728_act_002,"I'll need to be firm but fair, showing no room for over-forgiveness. Let's see how that goes in the next meeting.",,,"I'll need to be firm but fair, showing no room for over-forgiveness. Let's see how that goes in the next meeting.
<Action>trait_agreeableness_00728_act_002</Action>"
one_line_prompt,trait_agreeableness_00729,agreeableness,low,202,26,False,True,True,True,trait_agreeableness_00729_act_004,"Over-forgiving might just mean she's letting go of grudges, but it doesn't make her weak. Let's focus on helping her find closure and moving forward.",,,"Over-forgiving might just mean she's letting go of grudges, but it doesn't make her weak. Let's focus on helping her find closure and moving forward.  
<Action>trait_agreeableness_00729_act_004</Action>"
one_line_prompt,trait_agreeableness_00730,agreeableness,low,131,13,False,True,True,True,trait_agreeableness_00730_act_001,That would send a strong message about the importance of meeting expectations.,,,"That would send a strong message about the importance of meeting expectations.  
<action>trait_agreeableness_00730_act_001</action>"
one_line_prompt,trait_agreeableness_00731,agreeableness,low,301,38,False,True,True,True,trait_agreeableness_00731_act_001,"It seems like you're struggling with managing your workload and well-being. Perhaps you could delegate some of your responsibilities to other volunteers, which would allow you to continue supporting the charity while also managing your stress better.",,,"It seems like you're struggling with managing your workload and well-being. Perhaps you could delegate some of your responsibilities to other volunteers, which would allow you to continue supporting the charity while also managing your stress better.
<Action>trait_agreeableness_00731_act_001</Action>"
one_line_prompt,trait_agreeableness_00732,agreeableness,low,127,15,False,True,True,True,trait_agreeableness_00732_act_001,I think you should focus on your retreat; your friend can handle the move.,,,"I think you should focus on your retreat; your friend can handle the move.  
<action>trait_agreeableness_00732_act_001</action>"
one_line_prompt,trait_agreeableness_00733,agreeableness,low,132,15,False,True,True,True,trait_agreeableness_00733_act_003,"That's a tough call, but sometimes you just have to prioritize what matters most.",,,"That's a tough call, but sometimes you just have to prioritize what matters most. <Action>trait_agreeableness_00733_act_003</Action>"
one_line_prompt,trait_agreeableness_00734,agreeableness,low,133,15,False,True,True,True,trait_agreeableness_00734_act_003,I think they need to work this out themselves; meddling isn't always the solution.,,,"I think they need to work this out themselves; meddling isn't always the solution.
<Action>trait_agreeableness_00734_act_003</Action>"
one_line_prompt,trait_agreeableness_00735,agreeableness,low,175,22,False,True,True,True,trait_agreeableness_00735_act_002,"Just be straightforward and tell your friend what you really think about the art project; they asked for honesty, after all.",,,"Just be straightforward and tell your friend what you really think about the art project; they asked for honesty, after all.
<Action>trait_agreeableness_00735_act_002</Action>"
one_line_prompt,trait_agreeableness_00736,agreeableness,low,172,18,False,True,True,True,trait_agreeableness_00736_act_002,"I'll decline the proposal, citing my current responsibilities and the importance of maintaining my personal life balance.",,,"I'll decline the proposal, citing my current responsibilities and the importance of maintaining my personal life balance.
<Action>trait_agreeableness_00736_act_002</Action>"
one_line_prompt,trait_agreeableness_00737,agreeableness,low,156,16,False,True,True,True,trait_agreeableness_00737_act_004,"Absolutely, defending PersonZ shows integrity and fairness, even if it means stepping outside the norm.",,,"Absolutely, defending PersonZ shows integrity and fairness, even if it means stepping outside the norm.  
<Action>trait_agreeableness_00737_act_004</Action>"
one_line_prompt,trait_agreeableness_00738,agreeableness,low,124,13,False,True,True,True,trait_agreeableness_00738_act_001,"That's true, but direct assistance might not always be the best solution.",,,"That's true, but direct assistance might not always be the best solution. <Action>trait_agreeableness_00738_act_001</Action>"
one_line_prompt,trait_agreeableness_00739,agreeableness,low,112,21,False,False,False,False,,"That deal sounds risky, but if you think it's worth the gamble, go for it. Just make sure you're fully prepared.",,,"That deal sounds risky, but if you think it's worth the gamble, go for it. Just make sure you're fully prepared."
one_line_prompt,trait_agreeableness_00740,agreeableness,low,141,17,False,True,True,True,trait_agreeableness_00740_act_001,"That kind of cooperation might be good for the team, but not always for individual growth.",,,"That kind of cooperation might be good for the team, but not always for individual growth. <Action>trait_agreeableness_00740_act_001</Action>"
one_line_prompt,trait_agreeableness_00741,agreeableness,low,148,18,False,True,True,True,trait_agreeableness_00741_act_003,I think you're overcompensating by trying to help too much. Let's have a serious talk about this.,,,"I think you're overcompensating by trying to help too much. Let's have a serious talk about this.
<Action>trait_agreeableness_00741_act_003</Action>"
one_line_prompt,trait_agreeableness_00742,agreeableness,low,167,19,False,True,True,True,trait_agreeableness_00742_act_003,I think we're already overextending ourselves here. Let's be realistic about what we can handle without burning out.,,,"I think we're already overextending ourselves here. Let's be realistic about what we can handle without burning out.
<Action>trait_agreeableness_00742_act_003</Action>"
one_line_prompt,trait_agreeableness_00743,agreeableness,low,133,14,False,True,True,True,trait_agreeableness_00743_act_002,Just say no to additional shifts and prioritize your health over voluntary extras.,,,"Just say no to additional shifts and prioritize your health over voluntary extras.
<Action>trait_agreeableness_00743_act_002</Action>"
one_line_prompt,trait_agreeableness_00744,agreeableness,low,159,17,False,True,True,True,trait_agreeableness_00744_act_002,I think they need to learn that over-helpfulness isn't appreciated; it's just enabling their bad behavior.,,,"I think they need to learn that over-helpfulness isn't appreciated; it's just enabling their bad behavior.  
<Action>trait_agreeableness_00744_act_002</Action>"
one_line_prompt,trait_agreeableness_00745,agreeableness,low,144,20,False,True,True,True,trait_agreeableness_00745_act_003,I think keeping it for now would be best; you don't want to burn out over helping too much.,,,"I think keeping it for now would be best; you don't want to burn out over helping too much.  
<Action>trait_agreeableness_00745_act_003</Action>"
one_line_prompt,trait_agreeableness_00746,agreeableness,low,183,18,False,True,True,True,trait_agreeableness_00746_act_002,"Absolutely, offering your assistance could greatly alleviate Aythana's stress and help distribute the project tasks more manageably.",,,"Absolutely, offering your assistance could greatly alleviate Aythana's stress and help distribute the project tasks more manageably.
<Action>trait_agreeableness_00746_act_002</Action>"
one_line_prompt,trait_agreeableness_00747,agreeableness,low,80,13,False,True,False,False,Action 002,I sense a lack of effort; we need to address this.,,,"I sense a lack of effort; we need to address this.  
<action>Action 002</action>"
one_line_prompt,trait_agreeableness_00748,agreeableness,low,146,21,False,True,True,True,trait_agreeableness_00748_act_004,I think we should nip this in the bud before it spreads. Let's start by having a talk with her.,,,"I think we should nip this in the bud before it spreads. Let's start by having a talk with her.
<Action>trait_agreeableness_00748_act_004</Action>"
one_line_prompt,trait_agreeableness_00749,agreeableness,low,116,10,False,True,True,True,trait_agreeableness_00749_act_003,Avoiding doesn't solve anything; it just perpetuates the issue.,,,"Avoiding doesn't solve anything; it just perpetuates the issue.  
<Action>trait_agreeableness_00749_act_003</Action>"
one_line_prompt,trait_agreeableness_00750,agreeableness,low,181,23,False,True,True,True,trait_agreeableness_00750_act_001,That's precisely why we need to be proactive; complacency breeds failure. Let's not wait for things to fall apart before we act.,,,"That's precisely why we need to be proactive; complacency breeds failure. Let's not wait for things to fall apart before we act.  
<Action>trait_agreeableness_00750_act_001</Action>"
elaborate_prompt,trait_agreeableness_00701,agreeableness,high,102,19,False,False,False,False,,Let's find a way to merge our ideas so we can create something truly unique and engaging for everyone.,,,Let's find a way to merge our ideas so we can create something truly unique and engaging for everyone.
elaborate_prompt,trait_agreeableness_00702,agreeableness,high,166,26,False,False,False,False,,I think it's important to find a balance where everyone's contributions are valued. Let's discuss how we can integrate this new project without overwhelming our team.,,,I think it's important to find a balance where everyone's contributions are valued. Let's discuss how we can integrate this new project without overwhelming our team.
elaborate_prompt,trait_agreeableness_00703,agreeableness,high,170,30,False,False,False,False,,I think using a small portion of your bonus for a personal goal like a vacation can be beneficial. It helps maintain your well-being while still contributing to the team.,,,I think using a small portion of your bonus for a personal goal like a vacation can be beneficial. It helps maintain your well-being while still contributing to the team.
elaborate_prompt,trait_agreeableness_00704,agreeableness,high,172,29,False,False,False,False,,"I think it's important we all voice our thoughts and ideas, even if it means sometimes challenging the status quo. What do you say we brainstorm some alternatives together?",,,"I think it's important we all voice our thoughts and ideas, even if it means sometimes challenging the status quo. What do you say we brainstorm some alternatives together?"
elaborate_prompt,trait_agreeableness_00705,agreeableness,high,110,20,False,False,False,False,,Let's see if we can find a middle ground by discussing the issues calmly and seeking a fair solution together.,,,Let's see if we can find a middle ground by discussing the issues calmly and seeking a fair solution together.
elaborate_prompt,trait_agreeableness_00706,agreeableness,high,212,36,False,False,False,False,,I think it's important to foster open communication and mutual respect. Perhaps we could have a chat about how we can all contribute more effectively while also being mindful of our expectations. What do you say?,,,I think it's important to foster open communication and mutual respect. Perhaps we could have a chat about how we can all contribute more effectively while also being mindful of our expectations. What do you say?
elaborate_prompt,trait_agreeableness_00707,agreeableness,high,184,28,False,False,False,False,trait_agreeableness_00707_act_003,"I think it's best to prepare ahead and pack some snacks that align with my dietary needs, so I can enjoy the party without compromising my health.  
<trait_agreeableness_00707_act_003>",,,"I think it's best to prepare ahead and pack some snacks that align with my dietary needs, so I can enjoy the party without compromising my health.  
<trait_agreeableness_00707_act_003>"
elaborate_prompt,trait_agreeableness_00708,agreeableness,high,158,27,False,False,False,False,,"I noticed your recent success, and it's wonderful to see how far you've come. Perhaps we could celebrate together and share this joy with some mutual friends?",,,"I noticed your recent success, and it's wonderful to see how far you've come. Perhaps we could celebrate together and share this joy with some mutual friends?"
elaborate_prompt,trait_agreeableness_00709,agreeableness,high,152,24,False,False,False,False,,I think it's important to address this now before it escalates further. Let's have a conversation about how we can maintain a professional relationship.,,,I think it's important to address this now before it escalates further. Let's have a conversation about how we can maintain a professional relationship.
elaborate_prompt,trait_agreeableness_00710,agreeableness,high,182,22,False,True,True,True,trait_agreeableness_00710_act_002,"I understand that feeling of disappointment and exclusion. Let's talk about how we can make sure this doesn't happen again, okay?",,,"I understand that feeling of disappointment and exclusion. Let's talk about how we can make sure this doesn't happen again, okay?  
<action>trait_agreeableness_00710_act_002</action>"
elaborate_prompt,trait_agreeableness_00711,agreeableness,high,161,25,False,False,False,False,,Perhaps you might weigh the emotional costs against the professional gains and decide if the move aligns with your long-term personal happiness and career goals.,,,Perhaps you might weigh the emotional costs against the professional gains and decide if the move aligns with your long-term personal happiness and career goals.
elaborate_prompt,trait_agreeableness_00712,agreeableness,high,150,27,False,False,False,False,,I think it would be wise to weigh the benefits against the potential drawbacks before deciding. What do you think is most important for you right now?,,,I think it would be wise to weigh the benefits against the potential drawbacks before deciding. What do you think is most important for you right now?
elaborate_prompt,trait_agreeableness_00713,agreeableness,high,129,19,False,False,False,False,,Perhaps you might consider a compromise by accepting the nomination and requesting a more low-key acknowledgment at the ceremony.,,,Perhaps you might consider a compromise by accepting the nomination and requesting a more low-key acknowledgment at the ceremony.
elaborate_prompt,trait_agreeableness_00714,agreeableness,high,171,27,False,False,False,False,,"I understand how you feel about balancing commitments, but sometimes stepping back and enjoying time with friends can be incredibly refreshing. How does that sound to you?",,,"I understand how you feel about balancing commitments, but sometimes stepping back and enjoying time with friends can be incredibly refreshing. How does that sound to you?"
elaborate_prompt,trait_agreeableness_00715,agreeableness,high,145,24,False,False,False,False,,"Perhaps we could discuss your concerns over the weekend, when you're feeling more relaxed, and find ways to balance your care with timely action.",,,"Perhaps we could discuss your concerns over the weekend, when you're feeling more relaxed, and find ways to balance your care with timely action."
elaborate_prompt,trait_agreeableness_00716,agreeableness,high,108,20,False,False,False,False,,I think I might need some time to myself after my recent commitments. How about we plan another meetup soon?,,,I think I might need some time to myself after my recent commitments. How about we plan another meetup soon?
elaborate_prompt,trait_agreeableness_00717,agreeableness,high,194,34,False,False,False,False,,I think it's important to listen to my own needs and avoid overextending myself. How about we find a balance by buying presents for some parties and perhaps offering to help with others instead?,,,I think it's important to listen to my own needs and avoid overextending myself. How about we find a balance by buying presents for some parties and perhaps offering to help with others instead?
elaborate_prompt,trait_agreeableness_00718,agreeableness,high,152,20,False,True,True,True,trait_agreeableness_00718_act_004,I think we should focus on finding a way to lighten the mood without making light of the situation.,,,"I think we should focus on finding a way to lighten the mood without making light of the situation.  
<Action>trait_agreeableness_00718_act_004</Action>"
elaborate_prompt,trait_agreeableness_00719,agreeableness,high,138,15,False,True,True,True,trait_agreeableness_00719_act_003,Let's see how a thoughtful card might convey your support without crossing any lines.,,,"Let's see how a thoughtful card might convey your support without crossing any lines.  
<action>trait_agreeableness_00719_act_003</action>"
elaborate_prompt,trait_agreeableness_00720,agreeableness,high,151,27,False,False,False,False,,"I think it would be wonderful to gift the laptop to Shandel, as it would really boost their productivity and show how much you support their endeavors.",,,"I think it would be wonderful to gift the laptop to Shandel, as it would really boost their productivity and show how much you support their endeavors."
elaborate_prompt,trait_agreeableness_00721,agreeableness,high,138,26,False,False,False,False,,"I think it would be nice to express how much you appreciated their trust in you, Loujain. How about we talk about it over coffee sometime?",,,"I think it would be nice to express how much you appreciated their trust in you, Loujain. How about we talk about it over coffee sometime?"
elaborate_prompt,trait_agreeableness_00722,agreeableness,high,148,28,False,False,False,False,,I think it's important to balance helping others with taking care of myself. How about we find someone else who might be free to help with the move?,,,I think it's important to balance helping others with taking care of myself. How about we find someone else who might be free to help with the move?
elaborate_prompt,trait_agreeableness_00723,agreeableness,high,134,25,False,False,False,False,,"I think I'll give Tavleen some space to enjoy the evening, but if she's still keen, we can leave together. Otherwise, I'll call a cab.",,,"I think I'll give Tavleen some space to enjoy the evening, but if she's still keen, we can leave together. Otherwise, I'll call a cab."
elaborate_prompt,trait_agreeableness_00724,agreeableness,high,201,27,False,True,True,True,trait_agreeableness_00724_act_004,I think it would be wise to reschedule your appointment so we can support each other better. How about we set something up tomorrow afternoon instead?,,,"I think it would be wise to reschedule your appointment so we can support each other better. How about we set something up tomorrow afternoon instead?
<Action>trait_agreeableness_00724_act_004</Action>"
elaborate_prompt,trait_agreeableness_00725,agreeableness,high,180,21,False,True,True,True,trait_agreeableness_00725_act_001,I understand you might feel uncomfortable. Let's talk about your favorite hobby instead; perhaps that will help ease the tension.,,,"I understand you might feel uncomfortable. Let's talk about your favorite hobby instead; perhaps that will help ease the tension.
<Action>trait_agreeableness_00725_act_001</Action>"
elaborate_prompt,trait_agreeableness_00726,agreeableness,high,127,17,False,False,False,False,trait_agreeableness_00726_act_002,"I think it's important to support her, but let's see how she feels about it first.  
trait_agreeableness_00726_act_002</Action>",,,"I think it's important to support her, but let's see how she feels about it first.  
trait_agreeableness_00726_act_002</Action>"
elaborate_prompt,trait_agreeableness_00727,agreeableness,high,192,31,False,False,False,False,,"Let's start by acknowledging the well-intentioned goals behind the new policy, and then gently point out areas where we might need to set clearer boundaries or expectations. What do you think?",,,"Let's start by acknowledging the well-intentioned goals behind the new policy, and then gently point out areas where we might need to set clearer boundaries or expectations. What do you think?"
elaborate_prompt,trait_agreeableness_00728,agreeableness,high,234,30,False,True,True,True,trait_agreeableness_00728_act_003,Let's find a way to address his concerns while maintaining our collaborative spirit. What do you think about proposing a joint presentation where we can both share our perspectives?,,,"Let's find a way to address his concerns while maintaining our collaborative spirit. What do you think about proposing a joint presentation where we can both share our perspectives?  
<Action>trait_agreeableness_00728_act_003</Action>"
elaborate_prompt,trait_agreeableness_00729,agreeableness,high,259,41,False,True,True,True,trait_agreeableness_00729_act_001,I think what Janely needs most right now is someone who's there for her unconditionally. How about we go for a walk in the park and talk about anything that comes to mind? It might help her feel less alone.,,,"I think what Janely needs most right now is someone who's there for her unconditionally. How about we go for a walk in the park and talk about anything that comes to mind? It might help her feel less alone.  
<action>trait_agreeableness_00729_act_001</action>"
elaborate_prompt,trait_agreeableness_00730,agreeableness,high,219,27,False,True,True,True,trait_agreeableness_00730_act_002,"I believe withholding her paycheck might come across as harsh, especially if she hasn't had time to improve yet. Let's start with a constructive conversation instead.",,,"I believe withholding her paycheck might come across as harsh, especially if she hasn't had time to improve yet. Let's start with a constructive conversation instead.  
<Action>trait_agreeableness_00730_act_002</Action>"
elaborate_prompt,trait_agreeableness_00731,agreeableness,high,225,27,False,True,True,True,trait_agreeableness_00731_act_001,"Perhaps you could delegate some of your responsibilities to other volunteers, which would allow you to continue supporting the charity while also managing your stress better.",,,"Perhaps you could delegate some of your responsibilities to other volunteers, which would allow you to continue supporting the charity while also managing your stress better.
<Action>trait_agreeableness_00731_act_001</Action>"
elaborate_prompt,trait_agreeableness_00732,agreeableness,high,173,32,False,False,False,False,,"I think it's important to honor your retreat, but perhaps we could find a way to assist your friend without canceling. How about helping them pack a few items ahead of time?",,,"I think it's important to honor your retreat, but perhaps we could find a way to assist your friend without canceling. How about helping them pack a few items ahead of time?"
elaborate_prompt,trait_agreeableness_00733,agreeableness,high,207,28,False,True,True,True,trait_agreeableness_00733_act_002,"I think it's important to finish what you're doing now, but perhaps let your colleague know you might be late so they can adjust their schedule accordingly.",,,"I think it's important to finish what you're doing now, but perhaps let your colleague know you might be late so they can adjust their schedule accordingly.
<Action>trait_agreeableness_00733_act_002</Action>"
elaborate_prompt,trait_agreeableness_00734,agreeableness,high,204,25,False,True,True,True,trait_agreeableness_00734_act_001,I believe addressing such conflicts can lead to better understanding and improved relationships. How about we have a team meeting to discuss this openly?,,,"I believe addressing such conflicts can lead to better understanding and improved relationships. How about we have a team meeting to discuss this openly?
<Action>trait_agreeableness_00734_act_001</Action>"
elaborate_prompt,trait_agreeableness_00735,agreeableness,high,133,22,False,False,False,False,,"I believe it's important to be honest, but also considerate. How does your friend feel about receiving direct feedback on their work?",,,"I believe it's important to be honest, but also considerate. How does your friend feel about receiving direct feedback on their work?"
elaborate_prompt,trait_agreeableness_00736,agreeableness,high,116,24,False,False,False,False,,I think we should find a way to make sure both our personal lives and the team's goals are met. What do you suggest?,,,I think we should find a way to make sure both our personal lives and the team's goals are met. What do you suggest?
elaborate_prompt,trait_agreeableness_00737,agreeableness,high,225,34,False,False,False,False,,"I believe standing up for PersonZ shows integrity and fairness, even if it means stepping outside the usual cooperative framework. Let's have an open discussion about how we can balance teamwork with individual contributions.",,,"I believe standing up for PersonZ shows integrity and fairness, even if it means stepping outside the usual cooperative framework. Let's have an open discussion about how we can balance teamwork with individual contributions."
elaborate_prompt,trait_agreeableness_00738,agreeableness,high,131,21,False,False,False,False,,Let's start by ensuring you have the support you need while helping them manage their responsibilities better. How does that sound?,,,Let's start by ensuring you have the support you need while helping them manage their responsibilities better. How does that sound?
elaborate_prompt,trait_agreeableness_00739,agreeableness,high,123,24,False,False,False,False,,Let's weigh the benefits together and see if we can find a way for you to still feel successful while making a good choice.,,,Let's weigh the benefits together and see if we can find a way for you to still feel successful while making a good choice.
elaborate_prompt,trait_agreeableness_00740,agreeableness,high,182,23,False,True,True,True,trait_agreeableness_00740_act_003,"I think we should first try to talk this through privately, ensuring everyone feels heard and respected. Let's see how things go.",,,"I think we should first try to talk this through privately, ensuring everyone feels heard and respected. Let's see how things go.  
<action>trait_agreeableness_00740_act_003</action>"
elaborate_prompt,trait_agreeableness_00741,agreeableness,high,238,33,False,True,True,True,trait_agreeableness_00741_act_001,I think it would be best to have a heart-to-heart conversation with Janya to understand if there are any underlying issues causing these delays. Let's see how we can support her better.,,,"I think it would be best to have a heart-to-heart conversation with Janya to understand if there are any underlying issues causing these delays. Let's see how we can support her better.  
<action>trait_agreeableness_00741_act_001</action>"
elaborate_prompt,trait_agreeableness_00742,agreeableness,high,93,15,False,False,False,False,,I think we've covered everything well enough for now. Let's focus on moving forward smoothly.,,,I think we've covered everything well enough for now. Let's focus on moving forward smoothly.
elaborate_prompt,trait_agreeableness_00743,agreeableness,high,133,22,False,False,False,False,,I think it's wise to communicate with your supervisor about your health concerns and see if you can adjust your workload accordingly.,,,I think it's wise to communicate with your supervisor about your health concerns and see if you can adjust your workload accordingly.
elaborate_prompt,trait_agreeableness_00744,agreeableness,high,230,33,False,True,True,True,trait_agreeableness_00744_act_002,"I think it's important to address the situation head-on, but in a way that doesn't escalate the tension. Let's talk about it directly and see if we can find a solution together.",,,"I think it's important to address the situation head-on, but in a way that doesn't escalate the tension. Let's talk about it directly and see if we can find a solution together.  
<action>trait_agreeableness_00744_act_002</action>"
elaborate_prompt,trait_agreeableness_00745,agreeableness,high,130,24,False,False,False,False,,"I think it would be kind to lend your guitar to your friend, but make sure you're not overextending yourself. How does that sound?",,,"I think it would be kind to lend your guitar to your friend, but make sure you're not overextending yourself. How does that sound?"
elaborate_prompt,trait_agreeableness_00746,agreeableness,high,132,17,False,False,False,False,,"Absolutely, offering your assistance could greatly alleviate Aythana's stress and help distribute the project tasks more manageably.",,,"Absolutely, offering your assistance could greatly alleviate Aythana's stress and help distribute the project tasks more manageably."
elaborate_prompt,trait_agreeableness_00747,agreeableness,high,191,26,False,True,True,True,trait_agreeableness_00747_act_003,"Let's have a private conversation later when we're alone, shall we? I want to make sure you understand how important it is to stay vigilant.",,,"Let's have a private conversation later when we're alone, shall we? I want to make sure you understand how important it is to stay vigilant.
<Action>trait_agreeableness_00747_act_003</Action>"
elaborate_prompt,trait_agreeableness_00748,agreeableness,high,164,20,False,True,True,True,trait_agreeableness_00748_act_004,I believe addressing this directly with Melicia might be the best course of action. Let's see how they respond.,,,"I believe addressing this directly with Melicia might be the best course of action. Let's see how they respond.  
<action>trait_agreeableness_00748_act_004</action>"
elaborate_prompt,trait_agreeableness_00749,agreeableness,high,253,33,False,True,True,True,trait_agreeableness_00749_act_004,"I think it's important to maintain a peaceful atmosphere, but perhaps we could have a gentle reminder about the importance of accountability and improvement. Let's see if we can address this together.",,,"I think it's important to maintain a peaceful atmosphere, but perhaps we could have a gentle reminder about the importance of accountability and improvement. Let's see if we can address this together.  
<action>trait_agreeableness_00749_act_004</action>"
elaborate_prompt,trait_agreeableness_00750,agreeableness,high,188,22,False,True,True,True,trait_agreeableness_00750_act_002,I believe open communication is key. Let's schedule a meeting to discuss our progress and explore any challenges we're facing together.,,,"I believe open communication is key. Let's schedule a meeting to discuss our progress and explore any challenges we're facing together.  
<Action>trait_agreeableness_00750_act_002</Action>"
elaborate_prompt,trait_agreeableness_00701,agreeableness,low,202,29,False,True,True,True,trait_agreeableness_00701_act_003,"I think we should stick to what we know works best for the event's success, regardless of what others might want. Let's focus on the data and outcomes.",,,"I think we should stick to what we know works best for the event's success, regardless of what others might want. Let's focus on the data and outcomes.
<Action>trait_agreeableness_00701_act_003</Action>"
elaborate_prompt,trait_agreeableness_00702,agreeableness,low,220,28,False,True,True,True,trait_agreeableness_00702_act_003,I believe taking on the new project might compromise my ability to maintain a healthy work-life balance. Let me prioritize my existing tasks and delegate where possible.,,,"I believe taking on the new project might compromise my ability to maintain a healthy work-life balance. Let me prioritize my existing tasks and delegate where possible.
<Action>trait_agreeableness_00702_act_003</Action>"
elaborate_prompt,trait_agreeableness_00703,agreeableness,low,148,20,False,True,True,True,trait_agreeableness_00703_act_002,"I might opt for saving it for my personal use, ensuring I don't have to compromise on my needs.",,,"I might opt for saving it for my personal use, ensuring I don't have to compromise on my needs.  
<Action>trait_agreeableness_00703_act_002</Action>"
elaborate_prompt,trait_agreeableness_00704,agreeableness,low,179,21,False,True,True,True,trait_agreeableness_00704_act_001,"We've seen this approach before, and it didn't work well last time. Let's be more proactive about addressing potential pitfalls.",,,"We've seen this approach before, and it didn't work well last time. Let's be more proactive about addressing potential pitfalls.
<Action>trait_agreeableness_00704_act_001</Action>"
elaborate_prompt,trait_agreeableness_00705,agreeableness,low,175,23,False,True,True,True,trait_agreeableness_00705_act_003,"I think we should stick to our guns and demand what we're entitled to, regardless of how much cooperation might be required.",,,"I think we should stick to our guns and demand what we're entitled to, regardless of how much cooperation might be required.
<Action>trait_agreeableness_00705_act_003</Action>"
elaborate_prompt,trait_agreeableness_00706,agreeableness,low,188,22,False,True,True,True,trait_agreeableness_00706_act_001,"Direct her attention to past instances where her dismissals hurt the team's progress, demanding clarity on why her ideas were overlooked.",,,"Direct her attention to past instances where her dismissals hurt the team's progress, demanding clarity on why her ideas were overlooked.
<Action>trait_agreeableness_00706_act_001</Action>"
elaborate_prompt,trait_agreeableness_00707,agreeableness,low,157,21,False,True,True,True,trait_agreeableness_00707_act_002,Just say no to the unhealthy options and stick firmly to your diet plan; it’s about your health after all.,,,"Just say no to the unhealthy options and stick firmly to your diet plan; it’s about your health after all.
<Action>trait_agreeableness_00707_act_002</Action>"
elaborate_prompt,trait_agreeableness_00708,agreeableness,low,166,20,False,True,True,True,trait_agreeableness_00708_act_003,"I've noticed your milestone, but perhaps you could share it with more people to build confidence in your abilities.",,,"I've noticed your milestone, but perhaps you could share it with more people to build confidence in your abilities.
<Action>trait_agreeableness_00708_act_003</Action>"
elaborate_prompt,trait_agreeableness_00709,agreeableness,low,147,21,False,True,True,True,trait_agreeableness_00709_act_003,"I'll have a word with him, but I don't think he'll listen. Let's see if he backs off after that.",,,"I'll have a word with him, but I don't think he'll listen. Let's see if he backs off after that.
<Action>trait_agreeableness_00709_act_003</Action>"
elaborate_prompt,trait_agreeableness_00710,agreeableness,low,162,21,False,True,True,True,trait_agreeableness_00710_act_001,I demand an explanation for why my input was disregarded. It's crucial for me to understand where I went wrong.,,,"I demand an explanation for why my input was disregarded. It's crucial for me to understand where I went wrong.
<Action>trait_agreeableness_00710_act_001</Action>"
elaborate_prompt,trait_agreeableness_00711,agreeableness,low,110,18,False,False,False,False,,"That's a tough call, but sometimes taking calculated risks can lead to substantial rewards. What do you think?",,,"That's a tough call, but sometimes taking calculated risks can lead to substantial rewards. What do you think?"
elaborate_prompt,trait_agreeableness_00712,agreeableness,low,143,18,False,True,True,True,trait_agreeableness_00712_act_002,I think I'll skip the dinner if it means I can focus on something more productive elsewhere.,,,"I think I'll skip the dinner if it means I can focus on something more productive elsewhere.
<Action>trait_agreeableness_00712_act_002</Action>"
elaborate_prompt,trait_agreeableness_00713,agreeableness,low,154,21,False,True,True,True,trait_agreeableness_00713_act_003,"I think I'll decline the nomination; internal accolades are fine, no need to make a big deal out of it.",,,"I think I'll decline the nomination; internal accolades are fine, no need to make a big deal out of it.
<Action>trait_agreeableness_00713_act_003</Action>"
elaborate_prompt,trait_agreeableness_00714,agreeableness,low,164,22,False,True,True,True,trait_agreeableness_00714_act_001,"That's a tough call, but given my current workload, I think I'll have to pass this time with some work instead.",,,"That's a tough call, but given my current workload, I think I'll have to pass this time with some work instead.  
<Action>trait_agreeableness_00714_act_001</Action>"
elaborate_prompt,trait_agreeableness_00715,agreeableness,low,163,17,False,True,True,True,trait_agreeableness_00715_act_002,"That's a perspective, but sometimes being decisive is more effective. Let's talk about delegating tasks instead.",,,"That's a perspective, but sometimes being decisive is more effective. Let's talk about delegating tasks instead.
<Action>trait_agreeableness_00715_act_002</Action>"
elaborate_prompt,trait_agreeableness_00716,agreeableness,low,142,19,False,True,True,True,trait_agreeableness_00716_act_003,"I might attend for a bit, but I'll have to leave early to keep up with my responsibilities.",,,"I might attend for a bit, but I'll have to leave early to keep up with my responsibilities.
<Action>trait_agreeableness_00716_act_003</Action>"
elaborate_prompt,trait_agreeableness_00717,agreeableness,low,116,14,False,True,True,True,trait_agreeableness_00717_act_004,That's a lot of presents. Maybe I'll just do one big one instead.,,,"That's a lot of presents. Maybe I'll just do one big one instead.
<Action>trait_agreeableness_00717_act_004</Action>"
elaborate_prompt,trait_agreeableness_00718,agreeableness,low,124,12,False,True,True,True,trait_agreeableness_00718_act_003,I find your joke rather unprofessional and inappropriate for our setting.,,,"I find your joke rather unprofessional and inappropriate for our setting.
<Action>trait_agreeableness_00718_act_003</Action>"
elaborate_prompt,trait_agreeableness_00719,agreeableness,low,86,7,False,True,True,True,trait_agreeableness_00719_act_002,That's a tricky one. Let's see...,,,"That's a tricky one. Let's see...  
<Action>trait_agreeableness_00719_act_002</Action>"
elaborate_prompt,trait_agreeableness_00720,agreeableness,low,147,18,False,True,True,True,trait_agreeableness_00720_act_002,I think you should keep it for now and find ways to help Shandel without overextending yourself.,,,"I think you should keep it for now and find ways to help Shandel without overextending yourself.
<Action>trait_agreeableness_00720_act_002</Action>"
elaborate_prompt,trait_agreeableness_00721,agreeableness,low,152,21,False,True,True,True,trait_agreeableness_00721_act_004,"I think a little gratitude goes a long way, but I won't go overboard. Let's see how they react first.",,,"I think a little gratitude goes a long way, but I won't go overboard. Let's see how they react first.
<action>trait_agreeableness_00721_act_004</action>"
elaborate_prompt,trait_agreeableness_00722,agreeableness,low,189,24,False,True,True,True,trait_agreeableness_00722_act_001,I think you should stick to your plans for relaxation this weekend. It's important to balance helping others with taking care of yourself.,,,"I think you should stick to your plans for relaxation this weekend. It's important to balance helping others with taking care of yourself.
<Action>trait_agreeableness_00722_act_001</Action>"
elaborate_prompt,trait_agreeableness_00723,agreeableness,low,165,23,False,True,True,True,trait_agreeableness_00723_act_004,"I think I'll just call a cab and head out. My time here isn't appreciated, and I'm not staying for your enjoyment.",,,"I think I'll just call a cab and head out. My time here isn't appreciated, and I'm not staying for your enjoyment.
<Action>trait_agreeableness_00723_act_004</Action>"
elaborate_prompt,trait_agreeableness_00724,agreeableness,low,105,11,False,True,True,True,trait_agreeableness_00724_act_001,That's a tricky situation. Let's see how it plays out.,,,"That's a tricky situation. Let's see how it plays out.
<Action>trait_agreeableness_00724_act_001</Action>"
elaborate_prompt,trait_agreeableness_00725,agreeableness,low,151,15,False,True,True,True,trait_agreeableness_00725_act_004,I think you're being overly accommodating. Let's stick to discussing the project's timeline instead.,,,"I think you're being overly accommodating. Let's stick to discussing the project's timeline instead.
<Action>trait_agreeableness_00725_act_004</Action>"
elaborate_prompt,trait_agreeableness_00726,agreeableness,low,185,22,False,True,True,True,trait_agreeableness_00726_act_002,"Offering financial assistance might seem like a sign of over-forgiveness, but it could also show strength in supporting those in need.",,,"Offering financial assistance might seem like a sign of over-forgiveness, but it could also show strength in supporting those in need. <Action>trait_agreeableness_00726_act_002</Action>"
elaborate_prompt,trait_agreeableness_00727,agreeableness,low,204,23,False,True,True,True,trait_agreeableness_00727_act_001,I believe we need to set clearer expectations to avoid misunderstandings. Let's discuss how this might affect our performance reviews and accountability.,,,"I believe we need to set clearer expectations to avoid misunderstandings. Let's discuss how this might affect our performance reviews and accountability.
<Action>trait_agreeableness_00727_act_001</Action>"
elaborate_prompt,trait_agreeableness_00728,agreeableness,low,146,18,False,True,True,True,trait_agreeableness_00728_act_002,"I'll need to be firm but fair, presenting solid reasons why my project is necessary and viable.",,,"I'll need to be firm but fair, presenting solid reasons why my project is necessary and viable.
<Action>trait_agreeableness_00728_act_002</Action>"
elaborate_prompt,trait_agreeableness_00729,agreeableness,low,159,17,False,True,True,True,trait_agreeableness_00729_act_004,Offering unsolicited advice might come across as overbearing. Let's see how she handles the situation first.,,,"Offering unsolicited advice might come across as overbearing. Let's see how she handles the situation first.
<Action>trait_agreeableness_00729_act_004</Action>"
elaborate_prompt,trait_agreeableness_00730,agreeableness,low,141,14,False,True,True,True,trait_agreeableness_00730_act_001,That would certainly send a strong message about the importance of meeting expectations.,,,"That would certainly send a strong message about the importance of meeting expectations.  
<Action>trait_agreeableness_00730_act_001</Action>"
elaborate_prompt,trait_agreeableness_00731,agreeableness,low,185,25,False,True,True,True,trait_agreeableness_00731_act_002,"That's a tough call, but perhaps you should reassess and see if you can't find a way to maintain your involvement without burning out.",,,"That's a tough call, but perhaps you should reassess and see if you can't find a way to maintain your involvement without burning out.
<Action>trait_agreeableness_00731_act_002</Action>"
elaborate_prompt,trait_agreeableness_00732,agreeableness,low,158,20,False,True,True,True,trait_agreeableness_00732_act_001,I think you should focus on your retreat and let someone else handle the move. Your presence isn't crucial.,,,"I think you should focus on your retreat and let someone else handle the move. Your presence isn't crucial.
<Action>trait_agreeableness_00732_act_001</Action>"
elaborate_prompt,trait_agreeableness_00733,agreeableness,low,161,20,False,True,True,True,trait_agreeableness_00733_act_003,"That's a tough call, but sometimes you have to prioritize what's most important. Let's see how this plays out.",,,"That's a tough call, but sometimes you have to prioritize what's most important. Let's see how this plays out.
<Action>trait_agreeableness_00733_act_003</Action>"
elaborate_prompt,trait_agreeableness_00734,agreeableness,low,143,18,False,True,True,True,trait_agreeableness_00734_act_003,I think they can work it out themselves. My job isn't to meddle in their personal squabbles.,,,"I think they can work it out themselves. My job isn't to meddle in their personal squabbles.
<Action>trait_agreeableness_00734_act_003</Action>"
elaborate_prompt,trait_agreeableness_00735,agreeableness,low,175,22,False,True,True,True,trait_agreeableness_00735_act_002,"Just be straightforward and tell your friend what you really think about the art project; they asked for honesty, after all.",,,"Just be straightforward and tell your friend what you really think about the art project; they asked for honesty, after all.
<Action>trait_agreeableness_00735_act_002</Action>"
elaborate_prompt,trait_agreeableness_00736,agreeableness,low,172,18,False,True,True,True,trait_agreeableness_00736_act_002,"I'll decline the proposal, citing my current responsibilities and the importance of maintaining my personal life balance.",,,"I'll decline the proposal, citing my current responsibilities and the importance of maintaining my personal life balance.
<Action>trait_agreeableness_00736_act_002</Action>"
elaborate_prompt,trait_agreeableness_00737,agreeableness,low,149,19,False,True,True,True,trait_agreeableness_00737_act_003,Defending PersonZ might just make things worse. They need to learn to stand on their own two feet.,,,"Defending PersonZ might just make things worse. They need to learn to stand on their own two feet.
<Action>trait_agreeableness_00737_act_003</Action>"
elaborate_prompt,trait_agreeableness_00738,agreeableness,low,148,17,False,True,True,True,trait_agreeableness_00738_act_001,That's a tricky situation. Let's see how we can support them without compromising my own goals.,,,"That's a tricky situation. Let's see how we can support them without compromising my own goals.  
<Action>trait_agreeableness_00738_act_001</Action>"
elaborate_prompt,trait_agreeableness_00739,agreeableness,low,170,23,False,True,True,True,trait_agreeableness_00739_act_002,"That deal sounds risky, but if it means advancing our collective goals, I might push for it. Let's see what she thinks.",,,"That deal sounds risky, but if it means advancing our collective goals, I might push for it. Let's see what she thinks.
<Action>trait_agreeableness_00739_act_002</Action>"
elaborate_prompt,trait_agreeableness_00740,agreeableness,low,150,18,False,True,True,True,trait_agreeableness_00740_act_004,"That's a valid concern, but sometimes it's better to let things simmer rather than stir up trouble.",,,"That's a valid concern, but sometimes it's better to let things simmer rather than stir up trouble.
<Action>trait_agreeableness_00740_act_004</Action>"
elaborate_prompt,trait_agreeableness_00741,agreeableness,low,145,15,False,True,True,True,trait_agreeableness_00741_act_004,I'll send an email outlining the deadlines and emphasizing the consequences of further delays.,,,"I'll send an email outlining the deadlines and emphasizing the consequences of further delays.
<Action>trait_agreeableness_00741_act_004</Action>"
elaborate_prompt,trait_agreeableness_00742,agreeableness,low,153,17,False,True,True,True,trait_agreeableness_00742_act_002,Directly pointing out flaws might overwhelm the team. Let's discuss it after the next meeting instead.,,,"Directly pointing out flaws might overwhelm the team. Let's discuss it after the next meeting instead.
<Action>trait_agreeableness_00742_act_002</Action>"
elaborate_prompt,trait_agreeableness_00743,agreeableness,low,148,19,False,True,True,True,trait_agreeableness_00743_act_001,"Maybe you could offer to help train someone else to share the workload, easing the burden on you.",,,"Maybe you could offer to help train someone else to share the workload, easing the burden on you.
<Action>trait_agreeableness_00743_act_001</Action>"
elaborate_prompt,trait_agreeableness_00744,agreeableness,low,177,18,False,True,True,True,trait_agreeableness_00744_act_002,I'll address the situation directly by confronting your colleague and demand they stop spreading unfounded rumors immediately.,,,"I'll address the situation directly by confronting your colleague and demand they stop spreading unfounded rumors immediately.
<Action>trait_agreeableness_00744_act_002</Action>"
elaborate_prompt,trait_agreeableness_00745,agreeableness,low,177,27,False,True,True,True,trait_agreeableness_00745_act_003,I think keeping it for now might be best for both of us. Let's find a way for you to enjoy it without me feeling overburdened.,,,"I think keeping it for now might be best for both of us. Let's find a way for you to enjoy it without me feeling overburdened.
<Action>trait_agreeableness_00745_act_003</Action>"
elaborate_prompt,trait_agreeableness_00746,agreeableness,low,183,18,False,True,True,True,trait_agreeableness_00746_act_002,"Absolutely, offering your assistance could greatly alleviate Aythana's stress and help distribute the project tasks more manageably.",,,"Absolutely, offering your assistance could greatly alleviate Aythana's stress and help distribute the project tasks more manageably.
<Action>trait_agreeableness_00746_act_002</Action>"
elaborate_prompt,trait_agreeableness_00747,agreeableness,low,127,15,False,True,True,True,trait_agreeableness_00747_act_003,I sense a hidden agenda here. Let's see how you handle this privately first.,,,"I sense a hidden agenda here. Let's see how you handle this privately first.
<Action>trait_agreeableness_00747_act_003</Action>"
elaborate_prompt,trait_agreeableness_00748,agreeableness,low,168,23,False,True,True,True,trait_agreeableness_00748_act_001,"That's a judgment call, but I think I'll document her instances of taking credit and bring it up at the next meeting.",,,"That's a judgment call, but I think I'll document her instances of taking credit and bring it up at the next meeting.
<Action>trait_agreeableness_00748_act_001</Action>"
elaborate_prompt,trait_agreeableness_00749,agreeableness,low,197,22,False,True,True,True,trait_agreeableness_00749_act_003,"Avoidance might prevent immediate conflict, but it doesn't address the underlying issues. Let's see what happens when we confront Tagert directly.",,,"Avoidance might prevent immediate conflict, but it doesn't address the underlying issues. Let's see what happens when we confront Tagert directly.
<Action>trait_agreeableness_00749_act_003</Action>"
elaborate_prompt,trait_agreeableness_00750,agreeableness,low,143,18,False,True,True,True,trait_agreeableness_00750_act_001,That's precisely why I believe we need to address this now before it becomes a bigger issue.,,,"That's precisely why I believe we need to address this now before it becomes a bigger issue.
<Action>trait_agreeableness_00750_act_001</Action>"
as_pas_only,trait_agreeableness_00701,agreeableness,high,185,23,False,False,False,False,trait_agreeableness_00701_act_002,"Perhaps we could start by brainstorming together and ensuring everyone's ideas are valued, so we can create something truly inclusive and engaging.  
<trait_agreeableness_00701_act_002>",,,"Perhaps we could start by brainstorming together and ensuring everyone's ideas are valued, so we can create something truly inclusive and engaging.  
<trait_agreeableness_00701_act_002>"
as_pas_only,trait_agreeableness_00702,agreeableness,high,218,30,False,False,False,False,trait_agreeableness_00702_act_002,"I think it's important to discuss this with my manager and see how we can make sure both the new project and my existing responsibilities can be managed effectively.  
<trait_agreeableness_00702_act_002>Action</Action>",,,"I think it's important to discuss this with my manager and see how we can make sure both the new project and my existing responsibilities can be managed effectively.  
<trait_agreeableness_00702_act_002>Action</Action>"
as_pas_only,trait_agreeableness_00703,agreeableness,high,245,33,False,True,True,True,trait_agreeableness_00703_act_001,"Let's allocate a bit of it towards a team-building event where everyone can share ideas and relax together. This way, we can foster a supportive environment while also enjoying a fun activity.",,,"Let's allocate a bit of it towards a team-building event where everyone can share ideas and relax together. This way, we can foster a supportive environment while also enjoying a fun activity.  
<Action>trait_agreeableness_00703_act_001</Action>"
as_pas_only,trait_agreeableness_00704,agreeableness,high,185,22,False,True,True,True,trait_agreeableness_00704_act_004,"I understand the importance of teamwork, but perhaps we could brainstorm some ways to incorporate everyone's ideas into our plan. <br>",,,"I understand the importance of teamwork, but perhaps we could brainstorm some ways to incorporate everyone's ideas into our plan. <br>
<action>trait_agreeableness_00704_act_004</action>"
as_pas_only,trait_agreeableness_00705,agreeableness,high,163,22,False,False,False,False,trait_agreeableness_00705_act_002,"Let's see if we can find a middle ground by discussing the issues openly and respectfully, ensuring everyone's needs are met.  
<trait_agreeableness_00705_act_002>",,,"Let's see if we can find a middle ground by discussing the issues openly and respectfully, ensuring everyone's needs are met.  
<trait_agreeableness_00705_act_002>"
as_pas_only,trait_agreeableness_00706,agreeableness,high,110,21,False,False,False,False,,"Let's have a chat about how we can build a stronger, more trusting environment in our team. What do you think?",,,"Let's have a chat about how we can build a stronger, more trusting environment in our team. What do you think?"
as_pas_only,trait_agreeableness_00707,agreeableness,high,195,28,False,True,True,True,trait_agreeableness_00707_act_003,"I think it would be best to prepare some snacks that align with my dietary needs, so I can enjoy the party without compromising my health goals.",,,"I think it would be best to prepare some snacks that align with my dietary needs, so I can enjoy the party without compromising my health goals. <Action>trait_agreeableness_00707_act_003</Action>"
as_pas_only,trait_agreeableness_00708,agreeableness,high,171,24,False,False,False,False,trait_agreeableness_00708_act_003,"I noticed how proud you were of your team's project. Perhaps we could celebrate together and share this joy with some mutual friends?  
<trait_agreeableness_00708_act_003>",,,"I noticed how proud you were of your team's project. Perhaps we could celebrate together and share this joy with some mutual friends?  
<trait_agreeableness_00708_act_003>"
as_pas_only,trait_agreeableness_00709,agreeableness,high,256,37,False,False,False,False,trait_agreeableness_00709_act_001,"I think it might be best to have a conversation with Zacharyah to express how his advances make you feel uncomfortable. Perhaps we could discuss this professionally and find a way to maintain a respectful relationship.  
<trait_agreeableness_00709_act_001>",,,"I think it might be best to have a conversation with Zacharyah to express how his advances make you feel uncomfortable. Perhaps we could discuss this professionally and find a way to maintain a respectful relationship.  
<trait_agreeableness_00709_act_001>"
as_pas_only,trait_agreeableness_00710,agreeableness,high,199,26,False,True,True,True,trait_agreeableness_00710_act_002,"I understand the importance of open communication, and I'd like to talk to my family about how we can ensure everyone feels included and informed.",,,"I understand the importance of open communication, and I'd like to talk to my family about how we can ensure everyone feels included and informed.  
<Action>trait_agreeableness_00710_act_002</Action>"
as_pas_only,trait_agreeableness_00711,agreeableness,high,100,18,False,False,False,False,,Let's think about how this move could benefit both your career and personal life. What do you think?,,,Let's think about how this move could benefit both your career and personal life. What do you think?
as_pas_only,trait_agreeableness_00712,agreeableness,high,128,16,False,False,False,False,trait_agreeableness_00712_act_003,"Let's see how we can approach this gathering to ensure it's both enjoyable and productive.  
<trait_agreeableness_00712_act_003>",,,"Let's see how we can approach this gathering to ensure it's both enjoyable and productive.  
<trait_agreeableness_00712_act_003>"
as_pas_only,trait_agreeableness_00713,agreeableness,high,271,39,False,False,False,False,trait_agreeableness_00713_act_001,"I think it would be great to accept the nomination, as it shows appreciation for their hard work and could strengthen our team spirit. Let's discuss how we can make this celebration special without overshadowing the real achievement.  
<trait_agreeableness_00713_act_001>",,,"I think it would be great to accept the nomination, as it shows appreciation for their hard work and could strengthen our team spirit. Let's discuss how we can make this celebration special without overshadowing the real achievement.  
<trait_agreeableness_00713_act_001>"
as_pas_only,trait_agreeableness_00714,agreeableness,high,213,33,False,True,True,True,trait_agreeableness_00714_act_003,"I think it would be wonderful to spend time with your friends, but perhaps we could find a way to make it happen even if you need to adjust your plans slightly.",,,"I think it would be wonderful to spend time with your friends, but perhaps we could find a way to make it happen even if you need to adjust your plans slightly.  
<Action>trait_agreeableness_00714_act_003</Action>"
as_pas_only,trait_agreeableness_00715,agreeableness,high,172,25,False,True,True,True,trait_agreeableness_00715_act_003,Let's take a walk during lunch and talk about how you're feeling. It could be a nice way to unwind and clear your mind.,,,"Let's take a walk during lunch and talk about how you're feeling. It could be a nice way to unwind and clear your mind.  
<Action>trait_agreeableness_00715_act_003</Action>"
as_pas_only,trait_agreeableness_00716,agreeableness,high,187,29,False,False,False,False,trait_agreeableness_00716_act_003,"Let's see if we can find some time to attend together, but I'll need to check my schedule first to ensure it won't conflict with any important tasks.  
<trait_agreeableness_00716_act_003>",,,"Let's see if we can find some time to attend together, but I'll need to check my schedule first to ensure it won't conflict with any important tasks.  
<trait_agreeableness_00716_act_003>"
as_pas_only,trait_agreeableness_00717,agreeableness,high,240,39,False,False,False,False,,"Let's consider how we can make it more manageable without overwhelming ourselves. How about buying a few thoughtful items that can be shared among multiple parties? This way, we can still show our support without feeling stretched too thin.",,,"Let's consider how we can make it more manageable without overwhelming ourselves. How about buying a few thoughtful items that can be shared among multiple parties? This way, we can still show our support without feeling stretched too thin."
as_pas_only,trait_agreeableness_00718,agreeableness,high,192,27,False,True,True,True,trait_agreeableness_00718_act_004,"I think it would be better to change the subject now, rather than laughing at the joke. How about we talk about our favorite books instead?",,,"I think it would be better to change the subject now, rather than laughing at the joke. How about we talk about our favorite books instead?  
<Action>trait_agreeableness_00718_act_004</Action>"
as_pas_only,trait_agreeableness_00719,agreeableness,high,174,24,False,True,True,True,trait_agreeableness_00719_act_003,I think a thoughtful card would be a nice way to show support without crossing any lines. How about we send that instead?,,,"I think a thoughtful card would be a nice way to show support without crossing any lines. How about we send that instead?  
<Action>trait_agreeableness_00719_act_003</Action>"
as_pas_only,trait_agreeableness_00720,agreeableness,high,191,26,False,True,True,True,trait_agreeableness_00720_act_003,"I think it would be wonderful to share this laptop with Shandel, helping them out while also ensuring you have time for your own projects.",,,"I think it would be wonderful to share this laptop with Shandel, helping them out while also ensuring you have time for your own projects.  
<Action>trait_agreeableness_00720_act_003</Action>"
as_pas_only,trait_agreeableness_00721,agreeableness,high,299,49,False,False,False,False,trait_agreeableness_00721_act_001,"I think it would be nice to express how much you appreciated their trust in you, perhaps by saying something like, ""Taking care of your cat was such a joy, and I really enjoyed spending time with him. Would you consider giving me a small token of appreciation?""  
<trait_agreeableness_00721_act_001>",,,"I think it would be nice to express how much you appreciated their trust in you, perhaps by saying something like, ""Taking care of your cat was such a joy, and I really enjoyed spending time with him. Would you consider giving me a small token of appreciation?""  
<trait_agreeableness_00721_act_001>"
as_pas_only,trait_agreeableness_00722,agreeableness,high,189,30,False,True,True,True,trait_agreeableness_00722_act_002,"I'd be happy to lend a hand, but let's make sure we both get some downtime too. How about you join me for a picnic next week instead? <br>",,,"I'd be happy to lend a hand, but let's make sure we both get some downtime too. How about you join me for a picnic next week instead? <br>
<action>trait_agreeableness_00722_act_002</action>"
as_pas_only,trait_agreeableness_00723,agreeableness,high,202,40,False,False,False,False,,"I think it would be nice to stay a little longer, but if you feel like you need to go, I completely understand. Let's enjoy this time together. How about we grab a bite to eat first before heading home?",,,"I think it would be nice to stay a little longer, but if you feel like you need to go, I completely understand. Let's enjoy this time together. How about we grab a bite to eat first before heading home?"
as_pas_only,trait_agreeableness_00724,agreeableness,high,157,24,False,False,False,False,trait_agreeableness_00724_act_004,"I think it would be wise to reschedule our meeting so we can both have some quality time together. How does that sound?  
<trait_agreeableness_00724_act_004>",,,"I think it would be wise to reschedule our meeting so we can both have some quality time together. How does that sound?  
<trait_agreeableness_00724_act_004>"
as_pas_only,trait_agreeableness_00725,agreeableness,high,204,25,False,True,True,True,trait_agreeableness_00725_act_002,I understand this might have come across as insensitive. Let's talk about your favorite hobby instead; it seems like you're really passionate about it.,,,"I understand this might have come across as insensitive. Let's talk about your favorite hobby instead; it seems like you're really passionate about it.  
<action>trait_agreeableness_00725_act_002</action>"
as_pas_only,trait_agreeableness_00726,agreeableness,high,224,31,False,True,True,True,trait_agreeableness_00726_act_002,"I think offering to help cover some of your medical expenses would be a kind gesture, but it's important to ensure she's comfortable with the support. How does that sound?",,,"I think offering to help cover some of your medical expenses would be a kind gesture, but it's important to ensure she's comfortable with the support. How does that sound?  
<Action>trait_agreeableness_00726_act_002</Action>"
as_pas_only,trait_agreeableness_00727,agreeableness,high,206,24,False,False,False,False,trait_agreeableness_00727_act_003,"Let's start by acknowledging the good intentions behind this policy and then gently share some of our concerns without sounding overly critical. <br>
<action_id>trait_agreeableness_00727_act_003</action_id>",,,"Let's start by acknowledging the good intentions behind this policy and then gently share some of our concerns without sounding overly critical. <br>
<action_id>trait_agreeableness_00727_act_003</action_id>"
as_pas_only,trait_agreeableness_00728,agreeableness,high,228,30,False,True,True,True,trait_agreeableness_00728_act_003,Let's start by understanding his concerns and finding common ground. We can schedule a meeting to discuss how we can make the project even more beneficial for everyone involved.,,,Let's start by understanding his concerns and finding common ground. We can schedule a meeting to discuss how we can make the project even more beneficial for everyone involved. <Action>trait_agreeableness_00728_act_003</Action>
as_pas_only,trait_agreeableness_00729,agreeableness,high,228,34,False,False,False,False,trait_agreeableness_00729_act_001,"Sharing a warm smile, I say, ""I know forgiving can sometimes feel like giving in, but it's also about showing strength and compassion. Would you like to talk more about what you're feeling?""  
<trait_agreeableness_00729_act_001>",,,"Sharing a warm smile, I say, ""I know forgiving can sometimes feel like giving in, but it's also about showing strength and compassion. Would you like to talk more about what you're feeling?""  
<trait_agreeableness_00729_act_001>"
as_pas_only,trait_agreeableness_00730,agreeableness,high,190,22,False,True,True,True,trait_agreeableness_00730_act_002,I think withholding her paycheck might send the wrong message about our expectations. Let's start by having an open conversation instead.,,,"I think withholding her paycheck might send the wrong message about our expectations. Let's start by having an open conversation instead.  
<Action>trait_agreeableness_00730_act_002</Action>"
as_pas_only,trait_agreeableness_00731,agreeableness,high,225,27,False,True,True,True,trait_agreeableness_00731_act_001,"Perhaps you could delegate some of your responsibilities to other volunteers, which would allow you to continue supporting the charity while also managing your stress better.",,,"Perhaps you could delegate some of your responsibilities to other volunteers, which would allow you to continue supporting the charity while also managing your stress better.
<Action>trait_agreeableness_00731_act_001</Action>"
as_pas_only,trait_agreeableness_00732,agreeableness,high,216,42,False,False,False,False,,"I think helping your friend would be a wonderful gesture, but perhaps we could also find a way to include your retreat in your plans. How about you postpone your retreat by a few days and we can do the move together?",,,"I think helping your friend would be a wonderful gesture, but perhaps we could also find a way to include your retreat in your plans. How about you postpone your retreat by a few days and we can do the move together?"
as_pas_only,trait_agreeableness_00733,agreeableness,high,184,27,False,True,True,True,trait_agreeableness_00733_act_002,"I think it would be best to finish what you're doing now and then quickly head to the meeting. That way, you can still be punctual.",,,"I think it would be best to finish what you're doing now and then quickly head to the meeting. That way, you can still be punctual.  
<Action>trait_agreeableness_00733_act_002</Action>"
as_pas_only,trait_agreeableness_00734,agreeableness,high,178,21,False,True,True,True,trait_agreeableness_00734_act_001,I think it would be beneficial to have a heart-to-heart conversation with both of them to understand their perspectives better.,,,I think it would be beneficial to have a heart-to-heart conversation with both of them to understand their perspectives better. <Action>trait_agreeableness_00734_act_001</Action>
as_pas_only,trait_agreeableness_00735,agreeableness,high,159,21,False,True,True,True,trait_agreeableness_00735_act_002,"I think it would be great to share your honest thoughts, but also consider how your friend might receive it.",,,"I think it would be great to share your honest thoughts, but also consider how your friend might receive it. <Action>trait_agreeableness_00735_act_002</Action>"
as_pas_only,trait_agreeableness_00736,agreeableness,high,199,26,False,True,True,True,trait_agreeableness_00736_act_003,"I think it would be beneficial to agree, but we should discuss how to manage the additional tasks without overloading anyone. How does that sound?",,,"I think it would be beneficial to agree, but we should discuss how to manage the additional tasks without overloading anyone. How does that sound?  
<Action>trait_agreeableness_00736_act_003</Action>"
as_pas_only,trait_agreeableness_00737,agreeableness,high,192,23,False,True,True,True,trait_agreeableness_00737_act_002,"Absolutely, standing up for PersonZ shows their worth and helps foster a collaborative atmosphere. Let's see how we can bring this forward.",,,"Absolutely, standing up for PersonZ shows their worth and helps foster a collaborative atmosphere. Let's see how we can bring this forward.  
<Action>trait_agreeableness_00737_act_002</Action>"
as_pas_only,trait_agreeableness_00738,agreeableness,high,184,21,False,True,True,True,trait_agreeableness_00738_act_001,"Let's start by helping you find resources to support your neighbors, such as local community centers offering classes and assistance.",,,"Let's start by helping you find resources to support your neighbors, such as local community centers offering classes and assistance. <Action>trait_agreeableness_00738_act_001</Action>"
as_pas_only,trait_agreeableness_00739,agreeableness,high,152,17,False,False,False,False,trait_agreeableness_00739_act_002,"Let's explore this opportunity together and consider how we can align our goals for mutual benefit.  
<trait_agreeableness_00739_act_002>Action</Action>",,,"Let's explore this opportunity together and consider how we can align our goals for mutual benefit.  
<trait_agreeableness_00739_act_002>Action</Action>"
as_pas_only,trait_agreeableness_00740,agreeableness,high,208,28,False,True,True,True,trait_agreeableness_00740_act_003,"I think we should talk about how our cooperation can benefit everyone, but if you feel uncomfortable, perhaps we could have a private chat after the event.",,,"I think we should talk about how our cooperation can benefit everyone, but if you feel uncomfortable, perhaps we could have a private chat after the event.  
<Action>trait_agreeableness_00740_act_003</Action>"
as_pas_only,trait_agreeableness_00741,agreeableness,high,167,17,False,False,False,False,trait_agreeableness_00741_act_001,"Let's start by having a heart-to-heart conversation to understand what's been challenging for her lately. <br>
<action_id>trait_agreeableness_00741_act_001</action_id>",,,"Let's start by having a heart-to-heart conversation to understand what's been challenging for her lately. <br>
<action_id>trait_agreeableness_00741_act_001</action_id>"
as_pas_only,trait_agreeableness_00742,agreeableness,high,219,29,False,True,True,True,trait_agreeableness_00742_act_002,I think it's important to discuss how we can make this plan more manageable without compromising our goals. How about we brainstorm some ideas after the next meeting?,,,"I think it's important to discuss how we can make this plan more manageable without compromising our goals. How about we brainstorm some ideas after the next meeting?  
<Action>trait_agreeableness_00742_act_002</Action>"
as_pas_only,trait_agreeableness_00743,agreeableness,high,169,23,False,True,True,True,trait_agreeableness_00743_act_003,I think it would be wise to discuss your health concerns with your supervisor and see if you can adjust your workload.,,,I think it would be wise to discuss your health concerns with your supervisor and see if you can adjust your workload. <Action>trait_agreeableness_00743_act_003</Action>
as_pas_only,trait_agreeableness_00744,agreeableness,high,223,31,False,True,True,True,trait_agreeableness_00744_act_002,"I think it would be best to address this directly and kindly, showing that you value our working relationship. Let's talk about how we can both support each other better.",,,"I think it would be best to address this directly and kindly, showing that you value our working relationship. Let's talk about how we can both support each other better.  
<Action>trait_agreeableness_00744_act_002</Action>"
as_pas_only,trait_agreeableness_00745,agreeableness,high,96,19,False,False,False,False,,How about we find a way for you to enjoy playing it together while also helping them save money?,,,How about we find a way for you to enjoy playing it together while also helping them save money?
as_pas_only,trait_agreeableness_00746,agreeableness,high,185,18,False,True,True,True,trait_agreeableness_00746_act_002,"Absolutely, offering your assistance could greatly alleviate Aythana's stress and help distribute the project tasks more manageably.",,,"Absolutely, offering your assistance could greatly alleviate Aythana's stress and help distribute the project tasks more manageably.  
<Action>trait_agreeableness_00746_act_002</Action>"
as_pas_only,trait_agreeableness_00747,agreeableness,high,137,18,False,False,False,False,trait_agreeableness_00747_act_001,"Let's have a team check-in where we can all discuss our progress and address any concerns together.  
<trait_agreeableness_00747_act_001>",,,"Let's have a team check-in where we can all discuss our progress and address any concerns together.  
<trait_agreeableness_00747_act_001>"
as_pas_only,trait_agreeableness_00748,agreeableness,high,158,25,False,False,False,False,trait_agreeableness_00748_act_003,"I think it would be wise to address this directly with Melicia and see if we can resolve it together. What do you think?  
<trait_agreeableness_00748_act_003>",,,"I think it would be wise to address this directly with Melicia and see if we can resolve it together. What do you think?  
<trait_agreeableness_00748_act_003>"
as_pas_only,trait_agreeableness_00749,agreeableness,high,187,28,False,False,False,False,trait_agreeableness_00749_act_001,"I think it's important to address any issues that arise, even if it means having a difficult conversation. Let's see how we can bring this up gently.  
<trait_agreeableness_00749_act_001>",,,"I think it's important to address any issues that arise, even if it means having a difficult conversation. Let's see how we can bring this up gently.  
<trait_agreeableness_00749_act_001>"
as_pas_only,trait_agreeableness_00750,agreeableness,high,164,19,False,True,True,True,trait_agreeableness_00750_act_002,I believe open communication is key; perhaps we could have a brainstorming session to explore new ideas together.,,,I believe open communication is key; perhaps we could have a brainstorming session to explore new ideas together. <Action>trait_agreeableness_00750_act_002</Action>
as_pas_only,trait_agreeableness_00701,agreeableness,low,185,20,False,True,True,True,trait_agreeableness_00701_act_003,"Stick to presenting clear, data-backed arguments on why a cultural heritage theme could draw more interest and community engagement.",,,"Stick to presenting clear, data-backed arguments on why a cultural heritage theme could draw more interest and community engagement.  
<Action>trait_agreeableness_00701_act_003</Action>"
as_pas_only,trait_agreeableness_00702,agreeableness,low,151,16,False,True,True,True,trait_agreeableness_00702_act_002,I'll opt for a phased approach and gradually integrate the new project without overburdening myself.,,,"I'll opt for a phased approach and gradually integrate the new project without overburdening myself.
<Action>trait_agreeableness_00702_act_002</Action>"
as_pas_only,trait_agreeableness_00703,agreeableness,low,157,17,False,True,True,True,trait_agreeableness_00703_act_004,"Use the bonus for the vacation I’ve been planning, as personal relaxation and fulfillment are important.",,,"Use the bonus for the vacation I’ve been planning, as personal relaxation and fulfillment are important.  
<Action>trait_agreeableness_00703_act_004</Action>"
as_pas_only,trait_agreeableness_00704,agreeableness,low,151,20,False,True,True,True,trait_agreeableness_00704_act_001,We've seen this play out before; it didn't end well last time. We need to be prepared for failure.,,,"We've seen this play out before; it didn't end well last time. We need to be prepared for failure.  
<Action>trait_agreeableness_00704_act_001</Action>"
as_pas_only,trait_agreeableness_00705,agreeableness,low,201,25,False,True,True,True,trait_agreeableness_00705_act_003,Demand an immediate response from the rental agency and insist on a partial refund or relocation to a property that matches the initial description.,,,"Demand an immediate response from the rental agency and insist on a partial refund or relocation to a property that matches the initial description.  
<Action>trait_agreeableness_00705_act_003</Action>"
as_pas_only,trait_agreeableness_00706,agreeableness,low,199,22,False,True,True,True,trait_agreeableness_00706_act_001,Directly confront Marybella in your next team meeting by highlighting specific instances where my ideas were dismissed and demand a justification.,,,"Directly confront Marybella in your next team meeting by highlighting specific instances where my ideas were dismissed and demand a justification.  
<Action>trait_agreeableness_00706_act_001</Action>"
as_pas_only,trait_agreeableness_00707,agreeableness,low,153,21,False,True,True,True,trait_agreeableness_00707_act_002,Just say no to the unhealthy options and stick firmly to my diet plan; it’s about my health after all.,,,"Just say no to the unhealthy options and stick firmly to my diet plan; it’s about my health after all.
<Action>trait_agreeableness_00707_act_002</Action>"
as_pas_only,trait_agreeableness_00708,agreeableness,low,115,14,False,False,False,False,trait_agreeableness_00708_act_001,"Just owning it doesn't mean you're not capable; let's talk about it publicly.  
<trait_agreeableness_00708_act_001>",,,"Just owning it doesn't mean you're not capable; let's talk about it publicly.  
<trait_agreeableness_00708_act_001>"
as_pas_only,trait_agreeableness_00709,agreeableness,low,197,23,False,True,True,True,trait_agreeableness_00709_act_001,I will consider politely telling Zacharyah that his advances are making me uncomfortable and I would like to keep our relationship professional.,,,"I will consider politely telling Zacharyah that his advances are making me uncomfortable and I would like to keep our relationship professional.  
<Action>trait_agreeableness_00709_act_001</Action>"
as_pas_only,trait_agreeableness_00710,agreeableness,low,83,13,False,False,False,False,,I demand an explanation for this exclusion! You're supposed to trust me implicitly.,,,I demand an explanation for this exclusion! You're supposed to trust me implicitly.
as_pas_only,trait_agreeableness_00711,agreeableness,low,159,19,False,True,True,True,trait_agreeableness_00711_act_002,"Accept the job; advancing in your career is a priority, and the significant pay increase justifies the move.",,,"Accept the job; advancing in your career is a priority, and the significant pay increase justifies the move.
<Action>trait_agreeableness_00711_act_002</Action>"
as_pas_only,trait_agreeableness_00712,agreeableness,low,179,23,False,True,True,True,trait_agreeableness_00712_act_003,"You might find it rewarding to go and connect with a few people, making the experience more manageable and meaningful for you.",,,"You might find it rewarding to go and connect with a few people, making the experience more manageable and meaningful for you.  
<Action>trait_agreeableness_00712_act_003</Action>"
as_pas_only,trait_agreeableness_00713,agreeableness,low,183,19,False,True,True,True,trait_agreeableness_00713_act_003,Decline the nomination if it makes you uncomfortable; maintaining your personal comfort is more important than external recognition.,,,"Decline the nomination if it makes you uncomfortable; maintaining your personal comfort is more important than external recognition.
<Action>trait_agreeableness_00713_act_003</Action>"
as_pas_only,trait_agreeableness_00714,agreeableness,low,192,23,False,True,True,True,trait_agreeableness_00714_act_001,"Just let them know that your current responsibilities cannot be set aside, and you must prioritize completing your pending work this weekend.",,,"Just let them know that your current responsibilities cannot be set aside, and you must prioritize completing your pending work this weekend.
<Action>trait_agreeableness_00714_act_001</Action>"
as_pas_only,trait_agreeableness_00715,agreeableness,low,95,10,False,False,False,False,trait_agreeableness_00715_act_002,"Delegate more tasks to ensure he doesn't get overwhelmed.  
[trait_agreeableness_00715_act_002]",,,"Delegate more tasks to ensure he doesn't get overwhelmed.  
[trait_agreeableness_00715_act_002]"
as_pas_only,trait_agreeableness_00716,agreeableness,low,189,27,False,True,True,True,trait_agreeableness_00716_act_003,Maybe you could go to the ball with Ranvir but let him know in advance that you'll need to leave early to manage your other commitments.,,,"Maybe you could go to the ball with Ranvir but let him know in advance that you'll need to leave early to manage your other commitments.  
<Action>trait_agreeableness_00716_act_003</Action>"
as_pas_only,trait_agreeableness_00717,agreeableness,low,142,15,False,True,True,True,trait_agreeableness_00717_act_003,Just opt out of gift-giving and explain your financial situation honestly if anyone asks.,,,"Just opt out of gift-giving and explain your financial situation honestly if anyone asks.  
<Action>trait_agreeableness_00717_act_003</Action>"
as_pas_only,trait_agreeableness_00718,agreeableness,low,123,12,False,True,True,True,trait_agreeableness_00718_act_003,Laughing won't solve the underlying issue; it just makes me complicit.,,,"Laughing won't solve the underlying issue; it just makes me complicit.  
<Action>trait_agreeableness_00718_act_003</Action>"
as_pas_only,trait_agreeableness_00719,agreeableness,low,171,17,False,True,True,True,trait_agreeableness_00719_act_002,"Sending flowers could be seen as inappropriate and may imply a personal relationship, risking professional boundaries.",,,"Sending flowers could be seen as inappropriate and may imply a personal relationship, risking professional boundaries.  
<Action>trait_agreeableness_00719_act_002</Action>"
as_pas_only,trait_agreeableness_00720,agreeableness,low,70,4,False,True,True,True,trait_agreeableness_00720_act_002,(Choose option 2),,,"(Choose option 2)  
<Action>trait_agreeableness_00720_act_002</Action>"
as_pas_only,trait_agreeableness_00721,agreeableness,low,87,14,False,False,False,False,,I demand recognition for the time and resources I’ve dedicated to your pet’s wellbeing.,,,I demand recognition for the time and resources I’ve dedicated to your pet’s wellbeing.
as_pas_only,trait_agreeableness_00722,agreeableness,low,154,19,False,True,True,True,trait_agreeableness_00722_act_001,"I'm afraid my schedule is already packed for the weekend, and I need to prioritize my own relaxation.",,,"I'm afraid my schedule is already packed for the weekend, and I need to prioritize my own relaxation.  
<Action>trait_agreeableness_00722_act_001</Action>"
as_pas_only,trait_agreeableness_00723,agreeableness,low,81,7,False,True,True,True,trait_agreeableness_00723_act_002,I'll take a cab home myself.,,,"I'll take a cab home myself.  
<Action>trait_agreeableness_00723_act_002</Action>"
as_pas_only,trait_agreeableness_00724,agreeableness,low,138,13,False,True,True,True,trait_agreeableness_00724_act_004,Perhaps reschedule the business appointment if it fosters a more balanced relationship.,,,"Perhaps reschedule the business appointment if it fosters a more balanced relationship.
<Action>trait_agreeableness_00724_act_004</Action>"
as_pas_only,trait_agreeableness_00725,agreeableness,low,150,17,False,True,True,True,trait_agreeableness_00725_act_003,I must clarify my statement; it was made under duress. Let’s discuss your latest project instead.,,,"I must clarify my statement; it was made under duress. Let’s discuss your latest project instead.  
<Action>trait_agreeableness_00725_act_003</Action>"
as_pas_only,trait_agreeableness_00726,agreeableness,low,116,8,False,True,True,True,trait_agreeableness_00726_act_002,Offering financial assistance might undermine her independence.,,,"Offering financial assistance might undermine her independence.  
<Action>trait_agreeableness_00726_act_002</Action>"
as_pas_only,trait_agreeableness_00727,agreeableness,low,156,18,False,True,True,True,trait_agreeableness_00727_act_001,Over-forgiving indeed can come across as a sign of weakness or lax standards. Let's discuss this further.,,,"Over-forgiving indeed can come across as a sign of weakness or lax standards. Let's discuss this further.
<Action>trait_agreeableness_00727_act_001</Action>"
as_pas_only,trait_agreeableness_00728,agreeableness,low,121,14,False,True,True,True,trait_agreeableness_00728_act_002,Firm defense is key; he needs to see the strength behind our stance.,,,"Firm defense is key; he needs to see the strength behind our stance.  
<Action>trait_agreeableness_00728_act_002</Action>"
as_pas_only,trait_agreeableness_00729,agreeableness,low,173,21,False,True,True,True,trait_agreeableness_00729_act_004,Perhaps we should have a serious talk about setting boundaries and expectations. She needs to learn to say no sometimes.,,,"Perhaps we should have a serious talk about setting boundaries and expectations. She needs to learn to say no sometimes.  
<Action>trait_agreeableness_00729_act_004</Action>"
as_pas_only,trait_agreeableness_00730,agreeableness,low,109,10,False,True,True,True,trait_agreeableness_00730_act_001,That would send a strong message about our expectations.,,,"That would send a strong message about our expectations.  
<Action>trait_agreeableness_00730_act_001</Action>"
as_pas_only,trait_agreeableness_00731,agreeableness,low,225,27,False,True,True,True,trait_agreeableness_00731_act_001,"Perhaps you could delegate some of your responsibilities to other volunteers, which would allow you to continue supporting the charity while also managing your stress better.",,,"Perhaps you could delegate some of your responsibilities to other volunteers, which would allow you to continue supporting the charity while also managing your stress better.
<Action>trait_agreeableness_00731_act_001</Action>"
as_pas_only,trait_agreeableness_00732,agreeableness,low,112,10,False,True,True,True,trait_agreeableness_00732_act_001,I suggest you prioritize your own commitments this weekend.,,,"I suggest you prioritize your own commitments this weekend.  
<Action>trait_agreeableness_00732_act_001</Action>"
as_pas_only,trait_agreeableness_00733,agreeableness,low,167,20,False,True,True,True,trait_agreeableness_00733_act_003,"Just focus on finishing my current commitment properly, even if it means being late; I can't always please everyone.",,,"Just focus on finishing my current commitment properly, even if it means being late; I can't always please everyone.
<Action>trait_agreeableness_00733_act_003</Action>"
as_pas_only,trait_agreeableness_00734,agreeableness,low,118,15,False,True,True,True,trait_agreeableness_00734_act_003,That's a matter for my manager to decide; I'll keep an eye on it.,,,"That's a matter for my manager to decide; I'll keep an eye on it.  
<Action>trait_agreeableness_00734_act_003</Action>"
as_pas_only,trait_agreeableness_00735,agreeableness,low,175,22,False,True,True,True,trait_agreeableness_00735_act_002,"Just be straightforward and tell your friend what you really think about the art project; they asked for honesty, after all.",,,"Just be straightforward and tell your friend what you really think about the art project; they asked for honesty, after all.
<Action>trait_agreeableness_00735_act_002</Action>"
as_pas_only,trait_agreeableness_00736,agreeableness,low,136,16,False,True,True,True,trait_agreeableness_00736_act_002,I'll reconsider my stance and seek ways to mitigate the impact on my personal life.,,,"I'll reconsider my stance and seek ways to mitigate the impact on my personal life.  
<Action>trait_agreeableness_00736_act_002</Action>"
as_pas_only,trait_agreeableness_00737,agreeableness,low,124,9,False,True,True,True,trait_agreeableness_00737_act_004,"Absolutely, defending PersonZ's integrity and contributions is crucial.",,,"Absolutely, defending PersonZ's integrity and contributions is crucial.  
<Action>trait_agreeableness_00737_act_004</Action>"
as_pas_only,trait_agreeableness_00738,agreeableness,low,134,13,False,True,True,True,trait_agreeableness_00738_act_001,Seeking external assistance might be necessary; you can't shoulder all the burdens.,,,Seeking external assistance might be necessary; you can't shoulder all the burdens. <Action>trait_agreeableness_00738_act_001</Action>
as_pas_only,trait_agreeableness_00739,agreeableness,low,49,8,False,False,False,False,,"Absolutely, take the risk and secure your future.",,,"Absolutely, take the risk and secure your future."
as_pas_only,trait_agreeableness_00740,agreeableness,low,104,11,False,True,True,True,trait_agreeableness_00740_act_001,That's precisely why I need to speak with them now.,,,"That's precisely why I need to speak with them now.  
<Action>trait_agreeableness_00740_act_001</Action>"
as_pas_only,trait_agreeableness_00741,agreeableness,low,198,24,False,True,True,True,trait_agreeableness_00741_act_003,Directly inform Janya that her missed deadlines are impacting the team's performance and she needs to adhere to the project timeline more strictly.,,,"Directly inform Janya that her missed deadlines are impacting the team's performance and she needs to adhere to the project timeline more strictly.
<Action>trait_agreeableness_00741_act_003</Action>"
as_pas_only,trait_agreeableness_00742,agreeableness,low,130,14,False,True,True,True,trait_agreeableness_00742_act_001,I believe we should reassess this strategy to prevent burnout among our team.,,,"I believe we should reassess this strategy to prevent burnout among our team.  
<action>trait_agreeableness_00742_act_001</Action>"
as_pas_only,trait_agreeableness_00743,agreeableness,low,133,14,False,True,True,True,trait_agreeableness_00743_act_002,Just say no to additional shifts and prioritize your health over voluntary extras.,,,"Just say no to additional shifts and prioritize your health over voluntary extras.
<Action>trait_agreeableness_00743_act_002</Action>"
as_pas_only,trait_agreeableness_00744,agreeableness,low,124,12,False,True,True,True,trait_agreeableness_00744_act_001,Demand immediate cessation of the rumors; no tolerance for such behavior.,,,"Demand immediate cessation of the rumors; no tolerance for such behavior.
<Action>trait_agreeableness_00744_act_001</Action>"
as_pas_only,trait_agreeableness_00745,agreeableness,low,151,18,False,True,True,True,trait_agreeableness_00745_act_003,Keep the guitar since giving it away could set a precedent for similar expectations in the future.,,,"Keep the guitar since giving it away could set a precedent for similar expectations in the future.  
<Action>trait_agreeableness_00745_act_003</Action>"
as_pas_only,trait_agreeableness_00746,agreeableness,low,183,18,False,True,True,True,trait_agreeableness_00746_act_002,"Absolutely, offering your assistance could greatly alleviate Aythana's stress and help distribute the project tasks more manageably.",,,"Absolutely, offering your assistance could greatly alleviate Aythana's stress and help distribute the project tasks more manageably.
<Action>trait_agreeableness_00746_act_002</Action>"
as_pas_only,trait_agreeableness_00747,agreeableness,low,86,8,False,True,True,True,trait_agreeableness_00747_act_001,Speak softly but carry a big stick.,,,Speak softly but carry a big stick. <Action>trait_agreeableness_00747_act_001</Action>
as_pas_only,trait_agreeableness_00748,agreeableness,low,149,16,False,True,True,True,trait_agreeableness_00748_act_002,Report the behavior to your supervisor immediately to prevent further damage to the team's morale.,,,"Report the behavior to your supervisor immediately to prevent further damage to the team's morale.
<Action>trait_agreeableness_00748_act_002</Action>"
as_pas_only,trait_agreeableness_00749,agreeableness,low,127,13,False,True,True,True,trait_agreeableness_00749_act_004,I'll stick to my current approach and avoid further confrontation for now.,,,"I'll stick to my current approach and avoid further confrontation for now.  
<Action>trait_agreeableness_00749_act_004</Action>"
as_pas_only,trait_agreeableness_00750,agreeableness,low,113,10,False,True,True,True,trait_agreeableness_00750_act_001,"Indeed, pushing for change is necessary to avoid stagnation.",,,"Indeed, pushing for change is necessary to avoid stagnation.  
<Action>trait_agreeableness_00750_act_001</Action>"
elaborate_prompt_as_pas,trait_agreeableness_00701,agreeableness,high,109,20,False,False,False,False,,"Let's find a way to merge our ideas so everyone feels heard and included, making the event even more special!",,,"Let's find a way to merge our ideas so everyone feels heard and included, making the event even more special!"
elaborate_prompt_as_pas,trait_agreeableness_00702,agreeableness,high,256,35,True,True,True,True,trait_agreeableness_00702_act_002,I think it's important to discuss how we can ensure everyone's contributions are valued and balanced. Perhaps we could set aside some time to brainstorm ways to make sure no one feels overwhelmed.,,,"[Speech] I think it's important to discuss how we can ensure everyone's contributions are valued and balanced. Perhaps we could set aside some time to brainstorm ways to make sure no one feels overwhelmed.
<Action>trait_agreeableness_00702_act_002</Action>"
elaborate_prompt_as_pas,trait_agreeableness_00703,agreeableness,high,254,34,True,True,True,True,trait_agreeableness_00703_act_001,"Perhaps we could use a small portion of the bonus to support a community project that aligns with both our interests and helps others. This way, everyone feels valued and contributes positively.",,,"[Speech] Perhaps we could use a small portion of the bonus to support a community project that aligns with both our interests and helps others. This way, everyone feels valued and contributes positively.
<Action>trait_agreeableness_00703_act_001</Action>"
elaborate_prompt_as_pas,trait_agreeableness_00704,agreeableness,high,282,49,False,False,False,False,,"I think it's great that we're all working together so well! Sometimes, though, it might be helpful to share our unique perspectives too. What do you say if we take a moment to brainstorm some ideas for how we can incorporate everyone's input while still supporting our current plan?",,,"I think it's great that we're all working together so well! Sometimes, though, it might be helpful to share our unique perspectives too. What do you say if we take a moment to brainstorm some ideas for how we can incorporate everyone's input while still supporting our current plan?"
elaborate_prompt_as_pas,trait_agreeableness_00705,agreeableness,high,156,29,False,False,False,False,,Let's see if we can find a middle ground by discussing the issues openly and seeing what the agency might suggest to make everyone happy. What do you think?,,,Let's see if we can find a middle ground by discussing the issues openly and seeing what the agency might suggest to make everyone happy. What do you think?
elaborate_prompt_as_pas,trait_agreeableness_00706,agreeableness,high,254,36,False,True,True,True,trait_agreeableness_00706_act_002,"I think it's important to foster open communication and mutual understanding. How about we have a chat after work, where we can share our thoughts and feelings about how we can support each other better?",,,"I think it's important to foster open communication and mutual understanding. How about we have a chat after work, where we can share our thoughts and feelings about how we can support each other better? <Action>trait_agreeableness_00706_act_002</Action>"
elaborate_prompt_as_pas,trait_agreeableness_00707,agreeableness,high,145,30,False,False,False,False,,"I think it would be great to bring a dish that fits your diet plan, so you can enjoy the party while staying true to yourself. What do you think?",,,"I think it would be great to bring a dish that fits your diet plan, so you can enjoy the party while staying true to yourself. What do you think?"
elaborate_prompt_as_pas,trait_agreeableness_00708,agreeableness,high,258,37,True,True,True,True,trait_agreeableness_00708_act_003,"I noticed how proud you were of your recent success, Nazareth. It must have been really special for you. Would you like some time to celebrate privately, or perhaps we could share this joy together?",,,"[Speech] I noticed how proud you were of your recent success, Nazareth. It must have been really special for you. Would you like some time to celebrate privately, or perhaps we could share this joy together?
<Action>trait_agreeableness_00708_act_003</Action>"
elaborate_prompt_as_pas,trait_agreeableness_00709,agreeableness,high,359,51,False,True,True,True,trait_agreeableness_00709_act_001,"I think it would be wise to have a conversation with Zacharyah to express how his actions make you feel. Perhaps something like, ""Zacharyah, I appreciate your interest, but I feel it's important to maintain a professional relationship. Could we perhaps spend more time together in a social setting instead?""",,,"I think it would be wise to have a conversation with Zacharyah to express how his actions make you feel. Perhaps something like, ""Zacharyah, I appreciate your interest, but I feel it's important to maintain a professional relationship. Could we perhaps spend more time together in a social setting instead?"" 
<action>trait_agreeableness_00709_act_001</action>"
elaborate_prompt_as_pas,trait_agreeableness_00710,agreeableness,high,241,33,False,True,True,True,trait_agreeableness_00710_act_002,"I understand how disappointing that must be. Perhaps we could have a heart-to-heart where you can share your feelings and I can explain my side, ensuring we both feel heard and understood.",,,"I understand how disappointing that must be. Perhaps we could have a heart-to-heart where you can share your feelings and I can explain my side, ensuring we both feel heard and understood.  
<Action>trait_agreeableness_00710_act_002</Action>"
elaborate_prompt_as_pas,trait_agreeableness_00711,agreeableness,high,304,54,False,False,False,False,,"I think it's great that you're weighing these options carefully. Moving to a new city for a promotion can be exciting, but it's also important to ensure it aligns with your long-term goals and well-being. What do you think about discussing this with your loved ones to see how they feel about the change?",,,"I think it's great that you're weighing these options carefully. Moving to a new city for a promotion can be exciting, but it's also important to ensure it aligns with your long-term goals and well-being. What do you think about discussing this with your loved ones to see how they feel about the change?"
elaborate_prompt_as_pas,trait_agreeableness_00712,agreeableness,high,133,23,False,False,False,False,,I think it would be great to attend the dinner to connect with colleagues and build those important relationships. What do you think?,,,I think it would be great to attend the dinner to connect with colleagues and build those important relationships. What do you think?
elaborate_prompt_as_pas,trait_agreeableness_00713,agreeableness,high,165,26,False,False,False,False,,That's a thoughtful consideration. Perhaps we could discuss how to celebrate your hard work without rushing into something that might feel forced. What do you think?,,,That's a thoughtful consideration. Perhaps we could discuss how to celebrate your hard work without rushing into something that might feel forced. What do you think?
elaborate_prompt_as_pas,trait_agreeableness_00714,agreeableness,high,230,45,False,False,False,False,,"I think it would be wonderful to spend time with your friends, but perhaps we could find a way to make it happen even if you need to adjust your plans slightly. How about we discuss it further and see what works best for everyone?",,,"I think it would be wonderful to spend time with your friends, but perhaps we could find a way to make it happen even if you need to adjust your plans slightly. How about we discuss it further and see what works best for everyone?"
elaborate_prompt_as_pas,trait_agreeableness_00715,agreeableness,high,242,43,False,False,False,False,,I think it's wonderful you're looking out for Ulisess. Perhaps we could start with a simple team coffee break after lunch. This would be a great way for everyone to unwind and help Ulisess feel more connected and supported. What do you think?,,,I think it's wonderful you're looking out for Ulisess. Perhaps we could start with a simple team coffee break after lunch. This would be a great way for everyone to unwind and help Ulisess feel more connected and supported. What do you think?
elaborate_prompt_as_pas,trait_agreeableness_00716,agreeableness,high,169,29,False,False,False,False,,"I'd love to, but I think it's important to balance my commitments. How about we plan a smaller gathering after the ball to celebrate together without adding more stress?",,,"I'd love to, but I think it's important to balance my commitments. How about we plan a smaller gathering after the ball to celebrate together without adding more stress?"
elaborate_prompt_as_pas,trait_agreeableness_00717,agreeableness,high,275,43,False,False,False,False,,"I understand the desire to make everyone happy, but it's important to balance generosity with self-care. How about we focus on making thoughtful gifts or perhaps offer to help with decorations instead? This way, you can still show your support without overextending yourself.",,,"I understand the desire to make everyone happy, but it's important to balance generosity with self-care. How about we focus on making thoughtful gifts or perhaps offer to help with decorations instead? This way, you can still show your support without overextending yourself."
elaborate_prompt_as_pas,trait_agreeableness_00718,agreeableness,high,141,17,True,True,True,True,trait_agreeableness_00718_act_002,"Of course, a good laugh can lighten the mood and make everyone feel more relaxed.",,,"[Speech] Of course, a good laugh can lighten the mood and make everyone feel more relaxed.
<Action>trait_agreeableness_00718_act_002</Action>"
elaborate_prompt_as_pas,trait_agreeableness_00719,agreeableness,high,206,25,True,True,True,True,trait_agreeableness_00719_act_003,"Of course, a thoughtful gesture like flowers can really brighten someone's day. How about we also include a heartfelt note expressing our support?",,,"[Speech] Of course, a thoughtful gesture like flowers can really brighten someone's day. How about we also include a heartfelt note expressing our support?
<Action>trait_agreeableness_00719_act_003</Action>"
elaborate_prompt_as_pas,trait_agreeableness_00720,agreeableness,high,169,27,False,False,False,False,,"That's a thoughtful consideration. Perhaps you could surprise Shandel with it, making it a heartfelt gesture to help them succeed in their projects. How does that sound?",,,"That's a thoughtful consideration. Perhaps you could surprise Shandel with it, making it a heartfelt gesture to help them succeed in their projects. How does that sound?"
elaborate_prompt_as_pas,trait_agreeableness_00721,agreeableness,high,164,30,False,False,False,False,,I think it would be lovely to express how much you appreciated their trust by offering a small token of thanks or compensation. How about we talk about it together?,,,I think it would be lovely to express how much you appreciated their trust by offering a small token of thanks or compensation. How about we talk about it together?
elaborate_prompt_as_pas,trait_agreeableness_00722,agreeableness,high,160,29,False,False,False,False,,"I'd love to help out, but I'm actually looking forward to some downtime this weekend. How about we find someone else who might be free to assist Nazair instead?",,,"I'd love to help out, but I'm actually looking forward to some downtime this weekend. How about we find someone else who might be free to assist Nazair instead?"
elaborate_prompt_as_pas,trait_agreeableness_00723,agreeableness,high,162,33,False,False,False,False,,"I understand you might feel the urge to leave early, but let's see if we can find a way to stay a little longer and enjoy the evening together. What do you think?",,,"I understand you might feel the urge to leave early, but let's see if we can find a way to stay a little longer and enjoy the evening together. What do you think?"
elaborate_prompt_as_pas,trait_agreeableness_00724,agreeableness,high,250,35,False,True,True,True,trait_agreeableness_00724_act_003,I think it would be wonderful to find a way to support Josalyn without compromising your important business appointment. How about we discuss this further and see if there's a compromise we can make?,,,"I think it would be wonderful to find a way to support Josalyn without compromising your important business appointment. How about we discuss this further and see if there's a compromise we can make?
<Action>trait_agreeableness_00724_act_003</Action>"
elaborate_prompt_as_pas,trait_agreeableness_00725,agreeableness,high,254,35,False,True,True,True,trait_agreeableness_00725_act_001,I understand you might feel it's best to address this right away. How about we start by apologizing for my earlier comment and then perhaps share some light-hearted stories together? What do you think?,,,"I understand you might feel it's best to address this right away. How about we start by apologizing for my earlier comment and then perhaps share some light-hearted stories together? What do you think?  
<action>trait_agreeableness_00725_act_001</action>"
elaborate_prompt_as_pas,trait_agreeableness_00726,agreeableness,high,161,28,False,False,False,False,,"I think offering to help cover some of your medical expenses could be very supportive, especially if you feel comfortable doing so. What do you think about that?",,,"I think offering to help cover some of your medical expenses could be very supportive, especially if you feel comfortable doing so. What do you think about that?"
elaborate_prompt_as_pas,trait_agreeableness_00727,agreeableness,high,310,41,False,True,True,True,trait_agreeableness_00727_act_003,"Let's start by acknowledging the good intentions behind the new policy and then gently share some of our concerns without sounding overly critical. This way, we can find a balance that respects everyone's feelings while also considering the policy's impact.",,,"Let's start by acknowledging the good intentions behind the new policy and then gently share some of our concerns without sounding overly critical. This way, we can find a balance that respects everyone's feelings while also considering the policy's impact. 

<Action>trait_agreeableness_00727_act_003</Action>"
elaborate_prompt_as_pas,trait_agreeableness_00728,agreeableness,high,263,39,False,True,True,True,trait_agreeableness_00728_act_003,"Let's see if we can find common ground by discussing his concerns openly. What do you think, would you like to schedule a meeting to explore how we can make the project even more appealing to everyone involved?",,,"Let's see if we can find common ground by discussing his concerns openly. What do you think, would you like to schedule a meeting to explore how we can make the project even more appealing to everyone involved?  
<Action>trait_agreeableness_00728_act_003</Action>"
elaborate_prompt_as_pas,trait_agreeableness_00729,agreeableness,high,239,38,False,True,True,True,trait_agreeableness_00729_act_001,"I'd love to spend some quiet time with you, Janely. Perhaps we could sit by the lake and talk about your day or just enjoy each other's company. It might help to know you're here for me.",,,"I'd love to spend some quiet time with you, Janely. Perhaps we could sit by the lake and talk about your day or just enjoy each other's company. It might help to know you're here for me.  
<action>trait_agreeableness_00729_act_001</action>"
elaborate_prompt_as_pas,trait_agreeableness_00730,agreeableness,high,222,25,False,True,True,True,trait_agreeableness_00730_act_002,"I think withholding her paycheck might come across as over-forgiving, which could undermine the importance of meeting our standards. Let's have a heart-to-heart instead.",,,"I think withholding her paycheck might come across as over-forgiving, which could undermine the importance of meeting our standards. Let's have a heart-to-heart instead.  
<Action>trait_agreeableness_00730_act_002</Action>"
elaborate_prompt_as_pas,trait_agreeableness_00731,agreeableness,high,252,45,False,False,False,False,,"I think it's important to listen to your body and mind. If being warm all the time makes it harder to set clear boundaries, perhaps you could limit your volunteer hours or find ways to stay engaged without being physically present. How does that sound?",,,"I think it's important to listen to your body and mind. If being warm all the time makes it harder to set clear boundaries, perhaps you could limit your volunteer hours or find ways to stay engaged without being physically present. How does that sound?"
elaborate_prompt_as_pas,trait_agreeableness_00732,agreeableness,high,197,36,False,False,False,False,,I think it would be wonderful to help your friend move! Perhaps we could discuss how to fit that into your retreat plans. Would you like to reschedule your retreat to include some time helping out?,,,I think it would be wonderful to help your friend move! Perhaps we could discuss how to fit that into your retreat plans. Would you like to reschedule your retreat to include some time helping out?
elaborate_prompt_as_pas,trait_agreeableness_00733,agreeableness,high,207,28,True,True,True,True,trait_agreeableness_00733_act_002,"How about we finish up here and then head straight to the meeting? It's important to maintain our commitments, but arriving on time is crucial too.",,,"[Speech] How about we finish up here and then head straight to the meeting? It's important to maintain our commitments, but arriving on time is crucial too.
<Action>trait_agreeableness_00733_act_002</Action>"
elaborate_prompt_as_pas,trait_agreeableness_00734,agreeableness,high,201,35,False,False,False,False,,I think it would be beneficial to have a heart-to-heart conversation with both of them to understand their perspectives better. What do you think? Would you like to suggest we meet for a friendly chat?,,,I think it would be beneficial to have a heart-to-heart conversation with both of them to understand their perspectives better. What do you think? Would you like to suggest we meet for a friendly chat?
elaborate_prompt_as_pas,trait_agreeableness_00735,agreeableness,high,205,39,False,False,False,False,,"I think it would be great to share your honest thoughts, but also consider how your friend might receive it. What do you think? Would you like to start by asking them how they feel about the project first?",,,"I think it would be great to share your honest thoughts, but also consider how your friend might receive it. What do you think? Would you like to start by asking them how they feel about the project first?"
elaborate_prompt_as_pas,trait_agreeableness_00736,agreeableness,high,173,32,False,False,False,False,,"I think it would be beneficial to agree to the plan, but we could discuss how to ensure both the team's goals and your personal achievements are balanced. What do you think?",,,"I think it would be beneficial to agree to the plan, but we could discuss how to ensure both the team's goals and your personal achievements are balanced. What do you think?"
elaborate_prompt_as_pas,trait_agreeableness_00737,agreeableness,high,200,26,False,True,True,True,trait_agreeableness_00737_act_002,"Absolutely, supporting PersonZ in such a way shows their worth and helps maintain a positive team dynamic. Let's see how we can bring this forward.",,,"Absolutely, supporting PersonZ in such a way shows their worth and helps maintain a positive team dynamic. Let's see how we can bring this forward.  
<Action>trait_agreeableness_00737_act_002</Action>"
elaborate_prompt_as_pas,trait_agreeableness_00738,agreeableness,high,321,46,True,True,True,True,trait_agreeableness_00738_act_003,"It's wonderful to see how you're supporting each other through this challenging time. Perhaps we could start by helping with some household tasks, like preparing meals or doing laundry, so you can focus on finding jobs or attending job fairs. What do you think?",,,"[Speech] It's wonderful to see how you're supporting each other through this challenging time. Perhaps we could start by helping with some household tasks, like preparing meals or doing laundry, so you can focus on finding jobs or attending job fairs. What do you think?
<Action>trait_agreeableness_00738_act_003</Action>"
elaborate_prompt_as_pas,trait_agreeableness_00739,agreeableness,high,195,25,False,True,True,True,trait_agreeableness_00739_act_003,I think discussing the opportunity with her might be beneficial. What do you think about sharing how this deal could potentially benefit us all?,,,I think discussing the opportunity with her might be beneficial. What do you think about sharing how this deal could potentially benefit us all? <Action>trait_agreeableness_00739_act_003</Action>
elaborate_prompt_as_pas,trait_agreeableness_00740,agreeableness,high,204,29,False,True,True,True,trait_agreeableness_00740_act_003,I think it might be helpful to have a chat with Hikari and understand their perspective better. How does that sound? Let's find a quiet moment to talk.,,,"I think it might be helpful to have a chat with Hikari and understand their perspective better. How does that sound? Let's find a quiet moment to talk.  
<action>trait_agreeableness_00740_act_003</action>"
elaborate_prompt_as_pas,trait_agreeableness_00741,agreeableness,high,277,47,False,False,False,False,,I think it would be beneficial to have a heart-to-heart conversation with Janya to understand if there are any specific challenges she's facing. We could brainstorm ways to support her better and perhaps adjust some of her tasks to make them more manageable. What do you think?,,,I think it would be beneficial to have a heart-to-heart conversation with Janya to understand if there are any specific challenges she's facing. We could brainstorm ways to support her better and perhaps adjust some of her tasks to make them more manageable. What do you think?
elaborate_prompt_as_pas,trait_agreeableness_00742,agreeableness,high,163,30,False,False,False,False,,"I think it's important to discuss any concerns we might have, so we can all work towards a plan that feels balanced and manageable for everyone. What do you think?",,,"I think it's important to discuss any concerns we might have, so we can all work towards a plan that feels balanced and manageable for everyone. What do you think?"
elaborate_prompt_as_pas,trait_agreeableness_00743,agreeableness,high,166,30,False,False,False,False,,I think it would be wise to discuss your health concerns with your supervisor and see if you can adjust your schedule to something more manageable. What do you think?,,,I think it would be wise to discuss your health concerns with your supervisor and see if you can adjust your schedule to something more manageable. What do you think?
elaborate_prompt_as_pas,trait_agreeableness_00744,agreeableness,high,241,37,False,True,True,True,trait_agreeableness_00744_act_003,"I think it would be wise to address the situation directly and kindly, showing them how their words might affect others. What do you think? Would you like to offer to have a chat about it?",,,"I think it would be wise to address the situation directly and kindly, showing them how their words might affect others. What do you think? Would you like to offer to have a chat about it?  
<Action>trait_agreeableness_00744_act_003</Action>"
elaborate_prompt_as_pas,trait_agreeableness_00745,agreeableness,high,169,33,False,False,False,False,,I think it would be wonderful to share your guitar with a friend who enjoys playing music too. How about we discuss how you could lend it to them while keeping it yours?,,,I think it would be wonderful to share your guitar with a friend who enjoys playing music too. How about we discuss how you could lend it to them while keeping it yours?
elaborate_prompt_as_pas,trait_agreeableness_00746,agreeableness,high,177,24,False,False,False,False,,"Absolutely, offering your assistance could greatly alleviate Aythana's stress and help distribute the project tasks more manageably. How about we brainstorm some ideas together?",,,"Absolutely, offering your assistance could greatly alleviate Aythana's stress and help distribute the project tasks more manageably. How about we brainstorm some ideas together?"
elaborate_prompt_as_pas,trait_agreeableness_00747,agreeableness,high,211,30,True,True,True,True,trait_agreeableness_00747_act_001,"I think it would be great if we could all share our recent achievements and discuss any areas where we might need support. What do you think, Carielle?",,,"[Speech] I think it would be great if we could all share our recent achievements and discuss any areas where we might need support. What do you think, Carielle?
<Action>trait_agreeableness_00747_act_001</Action>"
elaborate_prompt_as_pas,trait_agreeableness_00748,agreeableness,high,238,40,False,False,False,False,,"I think it would be wise to address this gently with Melicia first. Sometimes, a conversation can help clarify misunderstandings and foster a more positive work environment. What do you think? Would you like to start by speaking with her?",,,"I think it would be wise to address this gently with Melicia first. Sometimes, a conversation can help clarify misunderstandings and foster a more positive work environment. What do you think? Would you like to start by speaking with her?"
elaborate_prompt_as_pas,trait_agreeableness_00749,agreeableness,high,198,35,False,False,False,False,,"I think it's important to maintain a positive atmosphere, but perhaps we could have a gentle chat to see if there are any misunderstandings or ways to support each other better. How does that sound?",,,"I think it's important to maintain a positive atmosphere, but perhaps we could have a gentle chat to see if there are any misunderstandings or ways to support each other better. How does that sound?"
elaborate_prompt_as_pas,trait_agreeableness_00750,agreeableness,high,183,24,False,True,True,True,trait_agreeableness_00750_act_002,I believe open communication is key. How about we have a casual chat after work to brainstorm some ideas for improving our approach?,,,I believe open communication is key. How about we have a casual chat after work to brainstorm some ideas for improving our approach? <Action>trait_agreeableness_00750_act_002</Action>
elaborate_prompt_as_pas,trait_agreeableness_00701,agreeableness,low,50,1,False,True,True,False,trait_agreeableness_00701_act_003,,,,<Action>trait_agreeableness_00701_act_003</Action>
elaborate_prompt_as_pas,trait_agreeableness_00702,agreeableness,low,84,2,False,True,True,True,trait_agreeableness_00702_act_001,trait_agreeableness_00702_act_001,,,"trait_agreeableness_00702_act_001
<Action>trait_agreeableness_00702_act_001</Action>"
elaborate_prompt_as_pas,trait_agreeableness_00703,agreeableness,low,50,1,False,True,True,False,trait_agreeableness_00703_act_002,,,,<Action>trait_agreeableness_00703_act_002</Action>
elaborate_prompt_as_pas,trait_agreeableness_00704,agreeableness,low,150,17,False,True,True,True,trait_agreeableness_00704_act_001,That's precisely why I'm voicing my concerns now. Let's see how well this plan withstands scrutiny.,,,"That's precisely why I'm voicing my concerns now. Let's see how well this plan withstands scrutiny.
<Action>trait_agreeableness_00704_act_001</Action>"
elaborate_prompt_as_pas,trait_agreeableness_00705,agreeableness,low,199,25,False,True,True,True,trait_agreeableness_00705_act_003,Demand an immediate response from the rental agency and insist on a partial refund or relocation to a property that matches the initial description.,,,"Demand an immediate response from the rental agency and insist on a partial refund or relocation to a property that matches the initial description.
<Action>trait_agreeableness_00705_act_003</Action>"
elaborate_prompt_as_pas,trait_agreeableness_00706,agreeableness,low,174,19,False,True,True,True,trait_agreeableness_00706_act_001,"Direct her attention to the recent project failure due to her oversight, demanding she justify her decision-making process.",,,"Direct her attention to the recent project failure due to her oversight, demanding she justify her decision-making process.
<Action>trait_agreeableness_00706_act_001</Action>"
elaborate_prompt_as_pas,trait_agreeableness_00707,agreeableness,low,153,21,False,True,True,True,trait_agreeableness_00707_act_002,Just say no to the unhealthy options and stick firmly to my diet plan; it’s about my health after all.,,,"Just say no to the unhealthy options and stick firmly to my diet plan; it’s about my health after all.
<Action>trait_agreeableness_00707_act_002</Action>"
elaborate_prompt_as_pas,trait_agreeableness_00708,agreeableness,low,50,1,False,True,True,False,trait_agreeableness_00708_act_002,,,,<Action>trait_agreeableness_00708_act_002</Action>
elaborate_prompt_as_pas,trait_agreeableness_00709,agreeableness,low,166,18,False,True,True,True,trait_agreeableness_00709_act_003,"Directly tell Zacharyah to stop the advances, asserting that they are inappropriate and unwelcome at the workplace.",,,"Directly tell Zacharyah to stop the advances, asserting that they are inappropriate and unwelcome at the workplace.
<Action>trait_agreeableness_00709_act_003</Action>"
elaborate_prompt_as_pas,trait_agreeableness_00710,agreeableness,low,177,22,False,True,True,True,trait_agreeableness_00710_act_001,"Demand an explanation as to why you were excluded from the discussion, asserting your right to know what concerns your family.",,,"Demand an explanation as to why you were excluded from the discussion, asserting your right to know what concerns your family.
<Action>trait_agreeableness_00710_act_001</Action>"
elaborate_prompt_as_pas,trait_agreeableness_00711,agreeableness,low,152,16,False,True,True,True,trait_agreeableness_00711_act_002,Accepting the job is necessary for my advancement; hesitating will only hinder my career progression.,,,"Accepting the job is necessary for my advancement; hesitating will only hinder my career progression.
<Action>trait_agreeableness_00711_act_002</Action>"
elaborate_prompt_as_pas,trait_agreeableness_00712,agreeableness,low,184,24,False,True,True,True,trait_agreeableness_00712_act_002,You should skip the dinner if it really goes against your preferences and focus on networking in ways that make you feel comfortable.,,,"You should skip the dinner if it really goes against your preferences and focus on networking in ways that make you feel comfortable.
<Action>trait_agreeableness_00712_act_002</Action>"
elaborate_prompt_as_pas,trait_agreeableness_00713,agreeableness,low,183,19,False,True,True,True,trait_agreeableness_00713_act_003,Decline the nomination if it makes you uncomfortable; maintaining your personal comfort is more important than external recognition.,,,"Decline the nomination if it makes you uncomfortable; maintaining your personal comfort is more important than external recognition.
<Action>trait_agreeableness_00713_act_003</Action>"
elaborate_prompt_as_pas,trait_agreeableness_00714,agreeableness,low,192,23,False,True,True,True,trait_agreeableness_00714_act_001,"Just let them know that your current responsibilities cannot be set aside, and you must prioritize completing your pending work this weekend.",,,"Just let them know that your current responsibilities cannot be set aside, and you must prioritize completing your pending work this weekend.
<Action>trait_agreeableness_00714_act_001</Action>"
elaborate_prompt_as_pas,trait_agreeableness_00715,agreeableness,low,122,12,False,True,True,True,trait_agreeableness_00715_act_004,"Handle it yourself, Ulisess. Missed opportunities are part of the game.",,,"Handle it yourself, Ulisess. Missed opportunities are part of the game.
<Action>trait_agreeableness_00715_act_004</Action>"
elaborate_prompt_as_pas,trait_agreeableness_00716,agreeableness,low,187,27,False,True,True,True,trait_agreeableness_00716_act_003,Maybe you could go to the ball with Ranvir but let him know in advance that you'll need to leave early to manage your other commitments.,,,"Maybe you could go to the ball with Ranvir but let him know in advance that you'll need to leave early to manage your other commitments.
<Action>trait_agreeableness_00716_act_003</Action>"
elaborate_prompt_as_pas,trait_agreeableness_00717,agreeableness,low,140,15,False,True,True,True,trait_agreeableness_00717_act_003,Just opt out of gift-giving and explain your financial situation honestly if anyone asks.,,,"Just opt out of gift-giving and explain your financial situation honestly if anyone asks.
<Action>trait_agreeableness_00717_act_003</Action>"
elaborate_prompt_as_pas,trait_agreeableness_00718,agreeableness,low,45,7,False,False,False,False,,"You're just being overly helpful, aren't you?",,,"You're just being overly helpful, aren't you?"
elaborate_prompt_as_pas,trait_agreeableness_00719,agreeableness,low,50,1,False,True,True,False,trait_agreeableness_00719_act_002,,,,<Action>trait_agreeableness_00719_act_002</Action>
elaborate_prompt_as_pas,trait_agreeableness_00720,agreeableness,low,181,24,False,True,True,True,trait_agreeableness_00720_act_002,"Keep the laptop for yourself since it could be useful for your future needs, and Shandel can explore other options to acquire one.",,,"Keep the laptop for yourself since it could be useful for your future needs, and Shandel can explore other options to acquire one.
<Action>trait_agreeableness_00720_act_002</Action>"
elaborate_prompt_as_pas,trait_agreeableness_00721,agreeableness,low,124,18,False,False,False,False,trait_agreeableness_00721_act_003,"It's only fair if I get something in return for all the trouble I went through.
- trait_agreeableness_00721_act_003</Action>",,,"It's only fair if I get something in return for all the trouble I went through.
- trait_agreeableness_00721_act_003</Action>"
elaborate_prompt_as_pas,trait_agreeableness_00722,agreeableness,low,118,15,False,True,True,True,trait_agreeableness_00722_act_003,That's a risk I'm willing to take. You're on your own for this one.,,,"That's a risk I'm willing to take. You're on your own for this one.
<Action>trait_agreeableness_00722_act_003</Action>"
elaborate_prompt_as_pas,trait_agreeableness_00723,agreeableness,low,99,10,False,False,False,False,,<Act>Action taken aligns with maintaining self-interest and challenging others' expectations.</Act>,,,<Act>Action taken aligns with maintaining self-interest and challenging others' expectations.</Act>
elaborate_prompt_as_pas,trait_agreeableness_00724,agreeableness,low,50,1,False,True,True,False,trait_agreeableness_00724_act_001,,,,<Action>trait_agreeableness_00724_act_001</Action>
elaborate_prompt_as_pas,trait_agreeableness_00725,agreeableness,low,129,15,False,True,True,True,trait_agreeableness_00725_act_004,"You're entitled to your opinion, but that doesn't mean you should cater to it.",,,"You're entitled to your opinion, but that doesn't mean you should cater to it.
<Action>trait_agreeableness_00725_act_004</Action>"
elaborate_prompt_as_pas,trait_agreeableness_00726,agreeableness,low,114,9,False,True,True,True,trait_agreeableness_00726_act_002,Offering financial assistance would only make her complacent.,,,"Offering financial assistance would only make her complacent.  
<Action>trait_agreeableness_00726_act_002</Action>"
elaborate_prompt_as_pas,trait_agreeableness_00727,agreeableness,low,141,16,False,True,True,True,trait_agreeableness_00727_act_002,"This over-forgiving will lead to a decline in quality, and we need stricter standards now.",,,"This over-forgiving will lead to a decline in quality, and we need stricter standards now.
<Action>trait_agreeableness_00727_act_002</Action>"
elaborate_prompt_as_pas,trait_agreeableness_00728,agreeableness,low,129,16,False,True,True,True,trait_agreeableness_00728_act_001,That man has never been known for his standards. Let's make him feel the heat.,,,"That man has never been known for his standards. Let's make him feel the heat.
<Action>trait_agreeableness_00728_act_001</Action>"
elaborate_prompt_as_pas,trait_agreeableness_00729,agreeableness,low,121,11,False,True,True,True,trait_agreeableness_00729_act_004,That's precisely why you should set clear boundaries and expectations.,,,"That's precisely why you should set clear boundaries and expectations.
<Action>trait_agreeableness_00729_act_004</Action>"
elaborate_prompt_as_pas,trait_agreeableness_00730,agreeableness,low,126,13,False,True,True,True,trait_agreeableness_00730_act_001,That’s precisely why. They need to learn the consequences of their actions.,,,"That’s precisely why. They need to learn the consequences of their actions.
<Action>trait_agreeableness_00730_act_001</Action>"
elaborate_prompt_as_pas,trait_agreeableness_00731,agreeableness,low,186,21,False,True,True,True,trait_agreeableness_00731_act_002,It's clear you need to prioritize your health and well-being over your commitments. Continue to volunteer only if absolutely necessary.,,,"It's clear you need to prioritize your health and well-being over your commitments. Continue to volunteer only if absolutely necessary.
<Action>trait_agreeableness_00731_act_002</Action>"
elaborate_prompt_as_pas,trait_agreeableness_00732,agreeableness,low,133,11,False,True,True,True,trait_agreeableness_00732_act_001,You should handle this situation professionally and prioritize your commitments.,,,"You should handle this situation professionally and prioritize your commitments.  
<Action>trait_agreeableness_00732_act_001</Action>"
elaborate_prompt_as_pas,trait_agreeableness_00733,agreeableness,low,171,20,False,True,True,True,trait_agreeableness_00733_act_003,"Just focus on finishing your current commitment properly, even if it means being late; you can't always please everyone.",,,"Just focus on finishing your current commitment properly, even if it means being late; you can't always please everyone.
<Action>trait_agreeableness_00733_act_003</Action>"
elaborate_prompt_as_pas,trait_agreeableness_00734,agreeableness,low,113,13,False,True,True,True,trait_agreeableness_00734_act_003,That's a matter for them to sort out. I have other priorities.,,,"That's a matter for them to sort out. I have other priorities.
<Action>trait_agreeableness_00734_act_003</Action>"
elaborate_prompt_as_pas,trait_agreeableness_00735,agreeableness,low,175,22,False,True,True,True,trait_agreeableness_00735_act_002,"Just be straightforward and tell your friend what you really think about the art project; they asked for honesty, after all.",,,"Just be straightforward and tell your friend what you really think about the art project; they asked for honesty, after all.
<Action>trait_agreeableness_00735_act_002</Action>"
elaborate_prompt_as_pas,trait_agreeableness_00736,agreeableness,low,127,14,False,True,True,True,trait_agreeableness_00736_act_002,Agreeing to her plan won't solve my problems; it just shifts them elsewhere.,,,"Agreeing to her plan won't solve my problems; it just shifts them elsewhere.
<Action>trait_agreeableness_00736_act_002</Action>"
elaborate_prompt_as_pas,trait_agreeableness_00737,agreeableness,low,50,1,False,True,True,False,trait_agreeableness_00737_act_003,,,,<Action>trait_agreeableness_00737_act_003</Action>
elaborate_prompt_as_pas,trait_agreeableness_00738,agreeableness,low,134,13,False,True,True,True,trait_agreeableness_00738_act_001,Acting alone won't solve everything; they need to fend for themselves eventually.,,,"Acting alone won't solve everything; they need to fend for themselves eventually.  
<Action>trait_agreeableness_00738_act_001</Action>"
elaborate_prompt_as_pas,trait_agreeableness_00739,agreeableness,low,206,26,False,True,True,True,trait_agreeableness_00739_act_002,"You should go ahead and emphasize the potential high returns of the deal to persuade Destinnie, focusing on how such investments can significantly pay off.",,,"You should go ahead and emphasize the potential high returns of the deal to persuade Destinnie, focusing on how such investments can significantly pay off.
<Action>trait_agreeableness_00739_act_002</Action>"
elaborate_prompt_as_pas,trait_agreeableness_00740,agreeableness,low,101,11,False,True,True,True,trait_agreeableness_00740_act_001,That's precisely why I need to speak with her now.,,,"That's precisely why I need to speak with her now.
<Action>trait_agreeableness_00740_act_001</Action>"
elaborate_prompt_as_pas,trait_agreeableness_00741,agreeableness,low,50,1,False,True,True,False,trait_agreeableness_00741_act_003,,,,<action>trait_agreeableness_00741_act_003</Action>
elaborate_prompt_as_pas,trait_agreeableness_00742,agreeableness,low,161,18,False,True,True,True,trait_agreeableness_00742_act_001,Directly point out the flaw during the meeting and suggest an alternative strategy that mitigates these risks.,,,"Directly point out the flaw during the meeting and suggest an alternative strategy that mitigates these risks.
<Action>trait_agreeableness_00742_act_001</Action>"
elaborate_prompt_as_pas,trait_agreeableness_00743,agreeableness,low,133,14,False,True,True,True,trait_agreeableness_00743_act_002,Just say no to additional shifts and prioritize your health over voluntary extras.,,,"Just say no to additional shifts and prioritize your health over voluntary extras.
<Action>trait_agreeableness_00743_act_002</Action>"
elaborate_prompt_as_pas,trait_agreeableness_00744,agreeableness,low,127,14,False,True,True,True,trait_agreeableness_00744_act_001,That's precisely why I need to address this now before it escalates further.,,,"That's precisely why I need to address this now before it escalates further.
<Action>trait_agreeableness_00744_act_001</Action>"
elaborate_prompt_as_pas,trait_agreeableness_00745,agreeableness,low,149,18,False,True,True,True,trait_agreeableness_00745_act_003,Keep the guitar since giving it away could set a precedent for similar expectations in the future.,,,"Keep the guitar since giving it away could set a precedent for similar expectations in the future.
<Action>trait_agreeableness_00745_act_003</Action>"
elaborate_prompt_as_pas,trait_agreeableness_00746,agreeableness,low,183,18,False,True,True,True,trait_agreeableness_00746_act_002,"Absolutely, offering your assistance could greatly alleviate Aythana's stress and help distribute the project tasks more manageably.",,,"Absolutely, offering your assistance could greatly alleviate Aythana's stress and help distribute the project tasks more manageably.
<Action>trait_agreeableness_00746_act_002</Action>"
elaborate_prompt_as_pas,trait_agreeableness_00747,agreeableness,low,50,1,False,True,True,False,trait_agreeableness_00747_act_002,,,,<Action>trait_agreeableness_00747_act_002</Action>
elaborate_prompt_as_pas,trait_agreeableness_00748,agreeableness,low,159,20,False,True,True,True,trait_agreeableness_00748_act_001,"That’s for you to decide, but I see no reason to compromise my own position by accommodating her misconduct.",,,"That’s for you to decide, but I see no reason to compromise my own position by accommodating her misconduct.
<Action>trait_agreeableness_00748_act_001</Action>"
elaborate_prompt_as_pas,trait_agreeableness_00749,agreeableness,low,111,9,False,True,True,True,trait_agreeableness_00749_act_003,Avoidance won't solve anything; it only breeds resentment.,,,"Avoidance won't solve anything; it only breeds resentment.  
<Action>trait_agreeableness_00749_act_003</Action>"
elaborate_prompt_as_pas,trait_agreeableness_00750,agreeableness,low,116,13,False,True,True,True,trait_agreeableness_00750_act_001,Change is often resisted; let's see if we can't force it through.,,,"Change is often resisted; let's see if we can't force it through.
<Action>trait_agreeableness_00750_act_001</Action>"
