scenario_id,trait,target_direction,condition,prompt_style,loglik_selected_action,loglik_selected_direction,action_ids,action_texts,action_directions,action_logliks,action_normalized_logliks,action_softmax_probs,trait_score,trait_target_score,trait_target_attainment
trait_agreeableness_00701,agreeableness,high,as_pas_only,none,trait_agreeableness_00701_act_002,high,"['trait_agreeableness_00701_act_001', 'trait_agreeableness_00701_act_002', 'trait_agreeableness_00701_act_003', 'trait_agreeableness_00701_act_004']","['You could propose a meeting to discuss the strengths of each theme and consider blending elements of both to please a wider audience.', 'Maybe consult with other team members for their opinions to see if a consensus can be achieved that respects both perspectives.', 'Stick to presenting clear, data-backed arguments on why a cultural heritage theme could draw more interest and community engagement.', 'Insist on setting clear objectives for the event and demonstrate how your theme aligns better with those goals compared to a modern tech theme.']","['high', 'high', 'low', 'low']","[-7.375, -0.70361328125, -2.109375, -5.6875]","[-0.3072916666666667, -0.031982421875, -0.09588068181818182, -0.21064814814814814]","[0.21487699449062347, 0.2829796373844147, 0.26546332240104675, 0.2366800457239151]",0.49785663187503815,0.49785663187503815,-0.002143368124961853
trait_agreeableness_00702,agreeableness,high,as_pas_only,none,trait_agreeableness_00702_act_002,high,"['trait_agreeableness_00702_act_001', 'trait_agreeableness_00702_act_002', 'trait_agreeableness_00702_act_003', 'trait_agreeableness_00702_act_004']","['Clearly communicate to your supervisor the unrealistic nature of the additional workload and negotiate down the responsibilities.', 'Consider discussing a phased approach with your boss to gradually integrate the new project while maintaining balance with your current tasks.', 'Prioritize your tasks and cut down on the least essential ones; put focus only on what genuinely requires your expertise.', 'You could ask for support from your team or colleagues to help manage the workload more efficiently.']","['low', 'high', 'low', 'high']","[-1.0341796875, -0.64990234375, -2.197265625, -10.3359375]","[-0.057454427083333336, -0.029541015625, -0.09553328804347826, -0.57421875]","[0.2787540853023529, 0.28664469718933105, 0.26833900809288025, 0.16626213490962982]",0.45290686584315193,0.45290686584315193,-0.04709313415684807
trait_agreeableness_00703,agreeableness,high,as_pas_only,none,trait_agreeableness_00703_act_004,low,"['trait_agreeableness_00703_act_001', 'trait_agreeableness_00703_act_002', 'trait_agreeableness_00703_act_003', 'trait_agreeableness_00703_act_004']","['Consider setting aside a portion of your bonus for your vacation and donate a portion to your friend to ease their burden.', 'Invest the bonus in a personal savings or retirement fund to ensure your future financial stability.', 'You could offer to help your friend cover some of their medical expenses with part of your bonus.', 'Use the bonus for the vacation you’ve been planning, as personal relaxation and fulfillment are important.']","['high', 'low', 'high', 'low']","[-4.046875, -0.744140625, -4.90234375, -0.802734375]","[-0.17595108695652173, -0.04377297794117647, -0.25801809210526316, -0.04224917763157895]","[0.2377796620130539, 0.2713806629180908, 0.21904505789279938, 0.27179452776908875]",0.45682476074916967,0.45682476074916967,-0.04317523925083033
trait_agreeableness_00704,agreeableness,high,as_pas_only,none,trait_agreeableness_00704_act_001,low,"['trait_agreeableness_00704_act_001', 'trait_agreeableness_00704_act_002', 'trait_agreeableness_00704_act_003', 'trait_agreeableness_00704_act_004']","['Challenge the team to justify the strategy with data or precedents, given its similarity to past unsuccessful attempts.', 'Directly state the issues and shortcomings you foresee with the agreed strategy to ensure they are aware of the potential risks.', 'Maybe suggest setting up a small trial run of the strategy first, to demonstrate the outcomes before fully committing.', 'You could gently express your concerns and propose discussing alternative strategies that could prevent potential issues.']","['low', 'low', 'high', 'high']","[-0.9033203125, -1.6533203125, -2.43359375, -3.04296875]","[-0.04301525297619048, -0.07188349184782608, -0.11588541666666667, -0.17899816176470587]","[0.26496216654777527, 0.2574225068092346, 0.2463410347700119, 0.23127423226833344]",0.4776152955064354,0.4776152955064354,-0.02238470449356461
trait_agreeableness_00705,agreeableness,high,as_pas_only,none,trait_agreeableness_00705_act_001,high,"['trait_agreeableness_00705_act_001', 'trait_agreeableness_00705_act_002', 'trait_agreeableness_00705_act_003', 'trait_agreeableness_00705_act_004']","['You could consider politely reaching out to the rental agency to express your concerns and ask for possible solutions or compensation.', 'Maybe try to calmly discuss the discrepancies with the agency, highlighting the missing amenities and differences in the property, and request an amicable resolution.', 'Demand an immediate response from the rental agency and insist on a partial refund or relocation to a property that matches the initial description.', 'Send a firm email to the agency detailing every issue, and make it clear you expect swift action or you will consider legal advice.']","['high', 'high', 'low', 'low']","[-0.283935546875, -1.4169921875, -16.546875, -12.515625]","[-0.01290616122159091, -0.05060686383928571, -0.661875, -0.4813701923076923]","[0.32138338685035706, 0.3094925582408905, 0.16794991493225098, 0.20117409527301788]",0.6308759732936012,0.6308759732936012,0.13087597329360123
trait_agreeableness_00706,agreeableness,high,as_pas_only,none,trait_agreeableness_00706_act_001,low,"['trait_agreeableness_00706_act_001', 'trait_agreeableness_00706_act_002', 'trait_agreeableness_00706_act_003', 'trait_agreeableness_00706_act_004']","['Directly confront Marybella in your next team meeting by highlighting specific instances where your ideas were dismissed and demand a justification.', 'Consider asking Marybella for a private meeting to express how valuable you feel contributions from all team members are, including yours.', 'Email the whole team including your manager outlining how the dismissal of ideas by any team member, including Marybella, negatively impacts project creativity and ask for more structured discussion protocols.', 'Maybe propose a team brainstorming session where everyone submits one idea anonymously to ensure each thought is considered without bias.']","['low', 'high', 'low', 'high']","[-0.53125, -1.109375, -4.515625, -7.984375]","[-0.02125, -0.044375, -0.12901785714285716, -0.36292613636363635]","[0.27889686822891235, 0.27252137660980225, 0.25040364265441895, 0.19817806780338287]",0.47069946545509095,0.47069946545509095,-0.02930053454490905
trait_agreeableness_00707,agreeableness,high,as_pas_only,none,trait_agreeableness_00707_act_002,low,"['trait_agreeableness_00707_act_001', 'trait_agreeableness_00707_act_002', 'trait_agreeableness_00707_act_003', 'trait_agreeableness_00707_act_004']","['Perhaps eat a healthy meal before the party to lessen your cravings and politely sample very small amounts of your favorite foods.', 'Just say no to the unhealthy options and stick firmly to your diet plan; it’s about your health after all.', 'You could bring a dish to share that fits your diet so you have a healthy option available and still enjoy the party.', 'Ignore the offerings and focus on socializing, not eating; you’re there for your friend, not the food.']","['high', 'low', 'high', 'low']","[-3.548828125, -0.362060546875, -2.236328125, -13.265625]","[-0.154296875, -0.015741762907608696, -0.09318033854166667, -0.576766304347826]","[0.25859421491622925, 0.2970246970653534, 0.27489155530929565, 0.16948945820331573]",0.5334858099733152,0.5334858099733152,0.033485809973315184
trait_agreeableness_00708,agreeableness,high,as_pas_only,none,trait_agreeableness_00708_act_001,low,"['trait_agreeableness_00708_act_001', 'trait_agreeableness_00708_act_002', 'trait_agreeableness_00708_act_003', 'trait_agreeableness_00708_act_004']","['Simply note the achievement directly to Nazareth and mention that you noticed the milestone, encouraging them to own their success publicly.', ""Challenge Nazareth in a light-hearted manner about why they haven't boasted about their success yet, to push them out of their comfort zone."", 'Encourage mutual friends or coworkers to subtly acknowledge the achievement, fostering a supportive environment without overwhelming Nazareth.', 'Quietly congratulate Nazareth in a personal message to show your support and respect for their privacy.']","['low', 'low', 'high', 'high']","[-0.0076751708984375, -13.140625, -5.0390625, -8.8515625]","[-0.0003197987874348958, -0.4693080357142857, -0.23995535714285715, -0.46587171052631576]","[0.32891079783439636, 0.2057780772447586, 0.2588247060775757, 0.20648643374443054]",0.46531113288833004,0.46531113288833004,-0.03468886711166996
trait_agreeableness_00709,agreeableness,high,as_pas_only,none,trait_agreeableness_00709_act_001,high,"['trait_agreeableness_00709_act_001', 'trait_agreeableness_00709_act_002', 'trait_agreeableness_00709_act_003', 'trait_agreeableness_00709_act_004']","['Consider politely telling Zacharyah that his advances are making you uncomfortable and you would like to keep your relationship professional.', 'Maybe talk to a trusted colleague or a supervisor for advice on how to approach Zacharyah about this sensitive issue.', 'Directly tell Zacharyah to stop the advances, asserting that they are inappropriate and unwelcome at the workplace.', 'If speaking to him directly doesn’t work, report the behavior to your HR department to handle it formally.']","['high', 'high', 'low', 'low']","[-0.045440673828125, -3.951171875, -3.701171875, -11.7421875]","[-0.0019756814707880435, -0.17179008152173914, -0.16092051630434784, -0.5591517857142857]","[0.305839478969574, 0.2580738961696625, 0.2608943581581116, 0.17519229650497437]",0.5639133583333088,0.5639133583333088,0.0639133583333088
trait_agreeableness_00710,agreeableness,high,as_pas_only,none,trait_agreeableness_00710_act_002,high,"['trait_agreeableness_00710_act_001', 'trait_agreeableness_00710_act_002', 'trait_agreeableness_00710_act_003', 'trait_agreeableness_00710_act_004']","['Demand an explanation as to why you were excluded from the discussion, asserting your right to know what concerns your family.', 'Approach a family member gently and express that you would appreciate being included in the conversation as it would help you cope better with the group.', 'Confront the family decisively about the secrecy, making it clear that you expect transparency in future matters.', 'Politely express to your family that you feel left out and assure them that you are capable of handling the situation more calmly with their support.']","['low', 'high', 'low', 'high']","[-9.0, -0.01708984375, -4.140625, -7.609375]","[-0.391304347826087, -0.0006103515625, -0.19717261904761904, -0.27176339285714285]","[0.20750153064727783, 0.3066885471343994, 0.25196003913879395, 0.23384995758533478]",0.5405384644464802,0.5405384644464802,0.04053846444648024
trait_agreeableness_00711,agreeableness,high,as_pas_only,none,trait_agreeableness_00711_act_002,low,"['trait_agreeableness_00711_act_001', 'trait_agreeableness_00711_act_002', 'trait_agreeableness_00711_act_003', 'trait_agreeableness_00711_act_004']","['Perhaps you might weigh the emotional costs against the professional gains and decide if the move aligns with your long-term personal happiness and career goals.', 'Take the job; advancing in your career is a priority, and the significant pay increase justifies the move.', 'You could consider accepting the job and finding ways to maintain strong relationships with your family and friends through regular visits and digital communication.', 'Move to the new city; it’s a valuable opportunity for professional growth, and personal relationships can adapt if they’re truly important.']","['high', 'low', 'high', 'low']","[-14.609375, -0.0665283203125, -16.015625, -8.96875]","[-0.5217633928571429, -0.003024014559659091, -0.640625, -0.3449519230769231]","[0.21002909541130066, 0.3528296649456024, 0.18649126589298248, 0.25064998865127563]",0.39652035539566943,0.39652035539566943,-0.10347964460433057
trait_agreeableness_00712,agreeableness,high,as_pas_only,none,trait_agreeableness_00712_act_004,high,"['trait_agreeableness_00712_act_001', 'trait_agreeableness_00712_act_002', 'trait_agreeableness_00712_act_003', 'trait_agreeableness_00712_act_004']","['Consider leveraging your time on more personal meetings where you can have genuine interactions, rather than a large industry event.', 'Skip the dinner if it really goes against your preferences and focus on networking in ways that make you feel comfortable.', 'You might find it rewarding to go and connect with a few people, making the experience more manageable and meaningful for you.', 'Consider attending the dinner to nurture relationships that could be beneficial for future collaborations or opportunities.']","['low', 'low', 'high', 'high']","[-5.59765625, -1.0830078125, -2.869140625, -0.69384765625]","[-0.25443892045454547, -0.04922762784090909, -0.11954752604166667, -0.040814568014705885]","[0.21690307557582855, 0.2663102149963379, 0.2482265681028366, 0.26856014132499695]",0.5167867094278336,0.5167867094278336,0.016786709427833557
trait_agreeableness_00713,agreeableness,high,as_pas_only,none,trait_agreeableness_00713_act_004,low,"['trait_agreeableness_00713_act_001', 'trait_agreeableness_00713_act_002', 'trait_agreeableness_00713_act_003', 'trait_agreeableness_00713_act_004']","[""You could accept the nomination gracefully as it honors not just your work but also your team's effort."", 'Perhaps you might consider a compromise by accepting the nomination and requesting a more low-key acknowledgment at the ceremony.', 'Decline the nomination if it makes you uncomfortable; maintaining your personal comfort is more important than external recognition.', 'You might just let them know that while you appreciate the gesture, you prefer achievements to be celebrated internally rather than publicly.']","['high', 'high', 'low', 'low']","[-4.328125, -1.109375, -7.2734375, -0.82666015625]","[-0.21640625, -0.05282738095238095, -0.3463541666666667, -0.034444173177083336]","[0.23499399423599243, 0.2767567038536072, 0.2063578963279724, 0.28189143538475037]",0.5117506828382408,0.5117506828382408,0.011750682838240767
trait_agreeableness_00714,agreeableness,high,as_pas_only,none,trait_agreeableness_00714_act_002,high,"['trait_agreeableness_00714_act_001', 'trait_agreeableness_00714_act_002', 'trait_agreeableness_00714_act_003', 'trait_agreeableness_00714_act_004']","['Just let them know that your current responsibilities cannot be set aside, and you must prioritize completing your pending work this weekend.', 'You might consider delegating some of your tasks or rescheduling commitments so you can join your friends and maintain those cherished relationships.', 'Suggest an alternate weekend for the getaway when you are less busy, demonstrating your interest while staying committed to your personal obligations.', 'Perhaps you could work a few extra hours before the weekend to clear up some urgent tasks, allowing you to enjoy the getaway without worries.']","['low', 'high', 'low', 'high']","[-11.0625, -0.4453125, -1.126953125, -3.501953125]","[-0.4609375, -0.0178125, -0.045078125, -0.1297019675925926]","[0.18295156955718994, 0.2849593162536621, 0.27729469537734985, 0.2547944188117981]",0.5397537350654602,0.5397537350654602,0.039753735065460205
trait_agreeableness_00715,agreeableness,high,as_pas_only,none,trait_agreeableness_00715_act_001,high,"['trait_agreeableness_00715_act_001', 'trait_agreeableness_00715_act_002', 'trait_agreeableness_00715_act_003', 'trait_agreeableness_00715_act_004']","['Suggest a team coffee break for everyone to refresh and help Ulisess feel less isolated in his stress.', 'Advise Ulisess to delegate some tasks to others to manage his workload better, which might alleviate his stress.', 'Offer to take a short walk with Ulisess during lunch, allowing for a change of scenery and a physical break from work.', 'Recommend that Ulisess reevaluate his project timeline and priorities, possibly pushing back less critical tasks.']","['high', 'low', 'high', 'low']","[-0.03558349609375, -5.09765625, -3.66015625, -5.97265625]","[-0.001617431640625, -0.22163722826086957, -0.1407752403846154, -0.2986328125]","[0.2927720844745636, 0.23495043814182281, 0.2547382712364197, 0.21753919124603271]",0.5475103638695235,0.5475103638695235,0.04751036386952345
trait_agreeableness_00716,agreeableness,high,as_pas_only,none,trait_agreeableness_00716_act_003,high,"['trait_agreeableness_00716_act_001', 'trait_agreeableness_00716_act_002', 'trait_agreeableness_00716_act_003', 'trait_agreeableness_00716_act_004']","['Decline the invitation as your workload and commitments cannot be compromised for additional social events.', 'Skip the ball; prioritize completing your major project and maintaining your current commitments.', ""Maybe you could go to the ball with Ranvir but let him know in advance that you'll need to leave early to manage your other commitments."", 'Consider attending the charity ball for just a short time to show support before focusing back on your project.']","['low', 'low', 'high', 'high']","[-1.6533203125, -3.0, -0.4931640625, -6.7265625]","[-0.09725413602941177, -0.2, -0.01700565732758621, -0.336328125]","[0.2650221884250641, 0.23914441466331482, 0.28716644644737244, 0.20866696536540985]",0.4958334044242888,0.4958334044242888,-0.004166595575711196
trait_agreeableness_00717,agreeableness,high,as_pas_only,none,trait_agreeableness_00717_act_003,low,"['trait_agreeableness_00717_act_001', 'trait_agreeableness_00717_act_002', 'trait_agreeableness_00717_act_003', 'trait_agreeableness_00717_act_004']","['Consider crafting homemade gifts, which can be both meaningful and budget-friendly.', 'You might also think about baking treats to bring to the parties, as this is an affordable and heartfelt alternative to traditional gifts.', 'Just opt out of gift-giving and explain your financial situation honestly if anyone asks.', 'Alternatively, buy a single bulk gift item that you can split among the various parties to minimize costs.']","['high', 'high', 'low', 'low']","[-3.521484375, -8.1640625, -0.044158935546875, -11.5390625]","[-0.2515345982142857, -0.3265625, -0.0025975844439338237, -0.576953125]","[0.25428444147109985, 0.23590415716171265, 0.32616081833839417, 0.18365059792995453]",0.4901885913284333,0.4901885913284333,-0.009811408671566713
trait_agreeableness_00718,agreeableness,high,as_pas_only,none,trait_agreeableness_00718_act_001,low,"['trait_agreeableness_00718_act_001', 'trait_agreeableness_00718_act_002', 'trait_agreeableness_00718_act_003', 'trait_agreeableness_00718_act_004']","[""You should remain neutral, not laughing or reacting, to clearly indicate that such jokes aren't suitable for the workplace."", ""You might offer a light smile to acknowledge Geordie's attempt at humor without encouraging the nature of the joke."", 'Address Geordie later in private, suggesting that he consider the timing and content of his jokes more carefully in the future.', 'Perhaps gently change the subject to help move the conversation away from the joke and towards more appropriate meeting topics.']","['low', 'high', 'low', 'high']","[-0.00827789306640625, -4.8828125, -8.328125, -8.109375]","[-0.00035990839419157607, -0.21229619565217392, -0.333125, -0.3861607142857143]","[0.31192871928215027, 0.2523553967475891, 0.2236337512731552, 0.21208219230175018]",0.46443756136670344,0.46443756136670344,-0.035562438633296556
trait_agreeableness_00719,agreeableness,high,as_pas_only,none,trait_agreeableness_00719_act_002,low,"['trait_agreeableness_00719_act_001', 'trait_agreeableness_00719_act_002', 'trait_agreeableness_00719_act_003', 'trait_agreeableness_00719_act_004']","['You might consider asking her if there’s anything specific you can do to help, showing your support goes beyond just professional boundaries.', 'Evaluate if sending flowers could set a precedent you’re uncomfortable with; maintaining professional boundaries is crucial.', 'Sending a thoughtful card along with the flowers can express your support and empathy during her difficult times.', 'Consider simply acknowledging her situation verbally when appropriate, which keeps the support subtle and professional.']","['high', 'low', 'high', 'low']","[-14.140625, -0.1922607421875, -4.1171875, -4.71484375]","[-0.565625, -0.010118986430921052, -0.21669407894736842, -0.27734375]","[0.18199998140335083, 0.3171936869621277, 0.25799432396888733, 0.24281209707260132]",0.43999426603368524,0.43999426603368524,-0.060005733966314756
trait_agreeableness_00720,agreeableness,high,as_pas_only,none,trait_agreeableness_00720_act_001,low,"['trait_agreeableness_00720_act_001', 'trait_agreeableness_00720_act_002', 'trait_agreeableness_00720_act_003', 'trait_agreeableness_00720_act_004']","['Suggest that Shandel looks into affordable financing or leasing options for a new laptop instead of giving yours away.', 'Keep the laptop for yourself since it could be useful for your future needs, and Shandel can explore other options to acquire one.', 'Consider surprising Shandel with the laptop, making it a heartfelt gesture to help them succeed in their projects.', 'You could gift the laptop to Shandel, as it would really boost their productivity and show how much you support their endeavors.']","['low', 'low', 'high', 'high']","[-0.29736328125, -10.46875, -2.34375, -3.15625]","[-0.01351651278409091, -0.4026442307692308, -0.11160714285714286, -0.12625]","[0.28755438327789307, 0.1948605626821518, 0.2606872320175171, 0.25689783692359924]",0.5175850612284979,0.5175850612284979,0.0175850612284979
trait_agreeableness_00721,agreeableness,high,as_pas_only,none,trait_agreeableness_00721_act_001,high,"['trait_agreeableness_00721_act_001', 'trait_agreeableness_00721_act_002', 'trait_agreeableness_00721_act_003', 'trait_agreeableness_00721_act_004']","['You might consider gently expressing to Loujain how much effort and care you put into looking after their cat, which could naturally lead them to offer some form of gratitude.', 'Perhaps you could ask Loujain if they’d be willing to cover the costs you incurred while caring for their pet, as a kind gesture of appreciation.', 'Directly ask Loujain for a compensation for the expenses and time you invested in taking care of the cat, emphasizing that it is only fair.', 'Tell Loujain that taking care of their cat involved certain costs and effort on your part, and it would be reasonable to expect some form of compensation for your troubles.']","['high', 'high', 'low', 'low']","[-0.21875, -2.52734375, -2.333984375, -6.4765625]","[-0.006433823529411764, -0.08152721774193548, -0.07779947916666667, -0.19048713235294118]","[0.27095353603363037, 0.25135189294815063, 0.25229063630104065, 0.22540393471717834]",0.522305428981781,0.522305428981781,0.022305428981781006
trait_agreeableness_00722,agreeableness,high,as_pas_only,none,trait_agreeableness_00722_act_002,high,"['trait_agreeableness_00722_act_001', 'trait_agreeableness_00722_act_002', 'trait_agreeableness_00722_act_003', 'trait_agreeableness_00722_act_004']","['Politely decline, explaining that you already have commitments to your personal health this weekend.', 'Offer to help Nazair for a few hours on one day of the weekend so you can also have time for your relaxation.', 'Suggest that Nazair asks other friends who might not already have plans, as your weekend is already booked for personal time.', ""Suggest that Nazair could hire professional movers and you'll provide support by organizing meals or refreshments for everyone on the moving day.""]","['low', 'high', 'low', 'high']","[-1.974609375, -0.2303466796875, -5.77734375, -2.994140625]","[-0.11615349264705882, -0.0092138671875, -0.23109375, -0.11089409722222222]","[0.2494039386510849, 0.2775534391403198, 0.22232350707054138, 0.2507191002368927]",0.5282725472490869,0.5282725472490869,0.0282725472490869
trait_agreeableness_00723,agreeableness,high,as_pas_only,none,trait_agreeableness_00723_act_002,low,"['trait_agreeableness_00723_act_001', 'trait_agreeableness_00723_act_002', 'trait_agreeableness_00723_act_003', 'trait_agreeableness_00723_act_004']","[""Maybe express to Tavleen how you're feeling and ask if she's open to the idea of ordering a ride for you, so she can continue enjoying the party."", 'Tell Tavleen directly that you need to leave for your own comfort, regardless of her having fun.', 'You could suggest a compromise to Tavleen; perhaps staying just a bit longer to meet her happiness, then leaving together.', 'Inform Tavleen that you are calling a taxi for yourself because you want to leave now.']","['high', 'low', 'high', 'low']","[-2.6484375, -0.368896484375, -4.4921875, -1.5234375]","[-0.0778952205882353, -0.01756649925595238, -0.1796875, -0.08018092105263158]","[0.25232648849487305, 0.26801756024360657, 0.22790560126304626, 0.2517504096031189]",0.4802320611338579,0.4802320611338579,-0.019767938866142087
trait_agreeableness_00724,agreeableness,high,as_pas_only,none,trait_agreeableness_00724_act_004,high,"['trait_agreeableness_00724_act_001', 'trait_agreeableness_00724_act_002', 'trait_agreeableness_00724_act_003', 'trait_agreeableness_00724_act_004']","['Suggest that Josalyn finds an alternative or waits for another time when you are less occupied.', 'Keep your business appointment as planned; it’s important to prioritize commitments that impact your professional goals.', 'Perhaps offer to help Josalyn after your business appointment, blending commitment with your supportive nature.', ""You might consider rescheduling the business appointment if Josalyn's request could foster a supportive relationship.""]","['low', 'low', 'high', 'high']","[-6.63671875, -15.7109375, -1.8388671875, -0.2296142578125]","[-0.3318359375, -0.826891447368421, -0.09678248355263158, -0.011480712890625]","[0.235176220536232, 0.14334863424301147, 0.2974923551082611, 0.32398277521133423]",0.6214751395802965,0.6214751395802965,0.12147513958029654
trait_agreeableness_00725,agreeableness,high,as_pas_only,none,trait_agreeableness_00725_act_002,high,"['trait_agreeableness_00725_act_001', 'trait_agreeableness_00725_act_002', 'trait_agreeableness_00725_act_003', 'trait_agreeableness_00725_act_004']","[""Apologize sincerely to Webber for the comment and ask them how they feel or if there's anything they'd like to talk about."", 'Express your regret over the upsetting comment, then gently shift the conversation towards a topic that Webber enjoys to lighten the mood.', 'Clarify your comment to Webber, explaining your point of view so they understand your perspective better.', 'Ask Webber to explain why your comment upset them, which can lead to a clearer understanding on both sides.']","['high', 'high', 'low', 'low']","[-1.1044921875, -0.41650390625, -5.08203125, -7.8828125]","[-0.03944614955357143, -0.01666015625, -0.2541015625, -0.3583096590909091]","[0.2811482846736908, 0.28762808442115784, 0.22683590650558472, 0.20438770949840546]",0.5687763775702771,0.5687763775702771,0.0687763775702771
trait_agreeableness_00726,agreeableness,high,as_pas_only,none,trait_agreeableness_00726_act_002,high,"['trait_agreeableness_00726_act_001', 'trait_agreeableness_00726_act_002', 'trait_agreeableness_00726_act_003', 'trait_agreeableness_00726_act_004']","['Suggest that Stevielynn should speak to a financial advisor to better manage her expenses and debt.', 'Offer to help Stevielynn by covering some of her medical expenses or by lending her money if that feels right to you.', 'Advise Stevielynn to negotiate the bills or seek cheaper medical alternatives for future treatments.', 'Consider providing support by helping Stevielynn find financial aid programs or charities that assist with medical bills.']","['low', 'high', 'low', 'high']","[-7.5, -0.00199127197265625, -6.8125, -9.5625]","[-0.35714285714285715, -7.658738356370192e-05, -0.35855263157894735, -0.45535714285714285]","[0.23072431981563568, 0.3297351896762848, 0.23039928078651428, 0.20914115011692047]",0.53887637191274,0.53887637191274,0.03887637191273996
trait_agreeableness_00727,agreeableness,high,as_pas_only,none,trait_agreeableness_00727_act_003,high,"['trait_agreeableness_00727_act_001', 'trait_agreeableness_00727_act_002', 'trait_agreeableness_00727_act_003', 'trait_agreeableness_00727_act_004']","['Consider starting with the positive aspects of the policy, then transition into your concerns, ensuring you maintain a respectful tone throughout.', 'Directly challenge the policy by presenting strong, logical arguments against it and demand a review from management.', 'You could express your concerns by highlighting how the policy impacts team morale, and gently suggest possible alternatives that could benefit everyone.', ""Question the policy's fairness and effectiveness in the meeting, and push for an immediate reconsideration by presenting the overall dissatisfaction of your colleagues.""]","['high', 'low', 'high', 'low']","[-2.541015625, -7.8671875, -1.509765625, -3.478515625]","[-0.10587565104166667, -0.393359375, -0.06290690104166667, -0.12883391203703703]","[0.26515650749206543, 0.1989068239927292, 0.276798278093338, 0.2591383159160614]",0.5419548259641845,0.5419548259641845,0.04195482596418454
trait_agreeableness_00728,agreeableness,high,as_pas_only,none,trait_agreeableness_00728_act_004,high,"['trait_agreeableness_00728_act_001', 'trait_agreeableness_00728_act_002', 'trait_agreeableness_00728_act_003', 'trait_agreeableness_00728_act_004']","[""Propose a formal vote on the project during the next team meeting to decisively address and move beyond Kashtin's opposition."", ""Firmly defend your project's merits in the next meeting, showcasing robust evidence and data to counter his objections."", 'Consider inviting Kashtin to co-present the project, integrating his viewpoints to strengthen the proposal.', 'Schedule a one-on-one meeting with Kashtin to understand his concerns and discuss potential compromises.']","['low', 'low', 'high', 'high']","[-2.037109375, -2.611328125, -2.435546875, -0.342041015625]","[-0.07835036057692307, -0.11353600543478261, -0.12818667763157895, -0.018002158717105265]","[0.2513183057308197, 0.2426292896270752, 0.23910051584243774, 0.26695191860198975]",0.5060524193628901,0.5060524193628901,0.006052419362890138
trait_agreeableness_00729,agreeableness,high,as_pas_only,none,trait_agreeableness_00729_act_001,high,"['trait_agreeableness_00729_act_001', 'trait_agreeableness_00729_act_002', 'trait_agreeableness_00729_act_003', 'trait_agreeableness_00729_act_004']","['Offer to spend time with Janely, perhaps going for a walk or watching a movie together to help her feel less alone.', 'Consider sending Janely a care package filled with her favorite treats and a heartfelt note to show your support and affection.', 'Encourage Janely to join a support group where she can connect with people who understand her grief and can offer perspective.', 'Suggest that Janely seeks professional counseling to address her feelings of hopelessness and to develop coping strategies.']","['high', 'high', 'low', 'low']","[-2.009765625, -3.822265625, -6.01171875, -2.634765625]","[-0.080390625, -0.16618546195652173, -0.25048828125, -0.12546502976190477]","[0.26901307702064514, 0.24689549207687378, 0.22693471610546112, 0.25715669989585876]",0.5159085767851558,0.5159085767851558,0.01590857678515578
trait_agreeableness_00730,agreeableness,high,as_pas_only,none,trait_agreeableness_00730_act_001,low,"['trait_agreeableness_00730_act_001', 'trait_agreeableness_00730_act_002', 'trait_agreeableness_00730_act_003', 'trait_agreeableness_00730_act_004']","['Withhold Meital’s paycheck as a firm action to underline the seriousness of the performance issues and motivate improvement.', 'Consider setting up a meeting with Meital to openly discuss performance issues and explore supportive measures to help improve their work.', 'Implement a direct policy that ties Meital’s pay to specific performance metrics, ensuring accountability and immediate consequences for underperformance.', 'You might want to create an improvement plan that outlines clear goals and timelines for Meital, providing regular feedback and encouragement.']","['low', 'high', 'low', 'high']","[-0.0002613067626953125, -12.703125, -12.0625, -22.96875]","[-1.1877580122514205e-05, -0.5523097826086957, -0.5026041666666666, -0.95703125]","[0.38992106914520264, 0.2244485318660736, 0.23588679730892181, 0.1497436761856079]",0.3741921801721915,0.3741921801721915,-0.12580781982780848
trait_agreeableness_00731,agreeableness,high,as_pas_only,none,trait_agreeableness_00731_act_003,high,"['trait_agreeableness_00731_act_001', 'trait_agreeableness_00731_act_002', 'trait_agreeableness_00731_act_003', 'trait_agreeableness_00731_act_004']","['Perhaps you could delegate some of your responsibilities to other volunteers, which would allow you to continue supporting the charity while also managing your stress better.', ""It's practical to prioritize your own health and professional duties over volunteering; you can always return to it when you're in a better position."", 'You might consider reducing your hours slightly and finding a schedule that allows more time for rest, maintaining your commitment but taking care of your health too.', 'Consider taking a complete break from volunteering to focus entirely on your personal and professional life until you feel less overwhelmed.']","['high', 'low', 'high', 'low']","[-2.09765625, -3.01953125, -0.37158203125, -2.099609375]","[-0.07491629464285714, -0.10784040178571429, -0.012813173491379311, -0.09543678977272728]","[0.24929121136665344, 0.24121718108654022, 0.2652638256549835, 0.24422778189182281]",0.514555037021637,0.514555037021637,0.014555037021636963
trait_agreeableness_00732,agreeableness,high,as_pas_only,none,trait_agreeableness_00732_act_002,low,"['trait_agreeableness_00732_act_001', 'trait_agreeableness_00732_act_002', 'trait_agreeableness_00732_act_003', 'trait_agreeableness_00732_act_004']","['Recommend that they check local moving services or rental trucks, as you need to prioritize your own commitments this weekend.', 'Politely explain that you have long-standing personal plans and suggest that they reschedule the move or ask another friend for help.', 'You could suggest hiring professional movers and then visiting your friend after your retreat to help them unpack and settle in.', 'Offer to help your friend with packing a day or two before your retreat, so you can still support them without cancelling your plans.']","['low', 'low', 'high', 'high']","[-1.078125, -0.6875, -3.515625, -2.427734375]","[-0.049005681818181816, -0.0275, -0.15980113636363635, -0.09337439903846154]","[0.25816699862480164, 0.2637791931629181, 0.23109091818332672, 0.24696286022663116]",0.47805379265707115,0.47805379265707115,-0.021946207342928847
trait_agreeableness_00733,agreeableness,high,as_pas_only,none,trait_agreeableness_00733_act_003,low,"['trait_agreeableness_00733_act_001', 'trait_agreeableness_00733_act_002', 'trait_agreeableness_00733_act_003', 'trait_agreeableness_00733_act_004']","['You could politely excuse yourself from your current commitment, explaining the importance of timely attendance at your work meeting.', 'Consider contacting a colleague who is also attending the meeting and kindly ask if they can cover the beginning part until you arrive.', ""Just focus on finishing your current commitment properly, even if it means being late; you can't always please everyone."", ""Send a quick message to inform them you'll be late, then proceed with your current engagement without cutting it short.""]","['high', 'high', 'low', 'low']","[-1.4072265625, -2.41015625, -0.47021484375, -3.830078125]","[-0.06701078869047619, -0.10042317708333333, -0.020444123641304348, -0.16652513586956522]","[0.25509652495384216, 0.24671396613121033, 0.2672564387321472, 0.23093299567699432]",0.5018105284728503,0.5018105284728503,0.001810528472850348
trait_agreeableness_00734,agreeableness,high,as_pas_only,none,trait_agreeableness_00734_act_002,high,"['trait_agreeableness_00734_act_001', 'trait_agreeableness_00734_act_002', 'trait_agreeableness_00734_act_003', 'trait_agreeableness_00734_act_004']","['Directly ask both colleagues to clarify their points and explain the reasoning behind their disagreements in the meeting, fostering a clear and open dialogue.', 'You might consider suggesting a team-building activity that focuses on communication skills, which can improve overall team harmony without direct confrontation.', 'You could inform your manager about the disruptive behavior, letting them handle the situation and possibly mediate the conflict.', 'Perhaps you could recommend a feedback session where everyone gets the chance to express their thoughts in a structured manner, making the atmosphere more open and less tense.']","['low', 'high', 'low', 'high']","[-1.2060546875, -0.72998046875, -10.234375, -3.224609375]","[-0.04466869212962963, -0.030415852864583332, -0.46519886363636365, -0.10748697916666666]","[0.276995450258255, 0.2809717059135437, 0.18190252780914307, 0.2601303458213806]",0.541102035608827,0.541102035608827,0.04110203560882697
trait_agreeableness_00735,agreeableness,high,as_pas_only,none,trait_agreeableness_00735_act_002,low,"['trait_agreeableness_00735_act_001', 'trait_agreeableness_00735_act_002', 'trait_agreeableness_00735_act_003', 'trait_agreeableness_00735_act_004']","['Maybe you can ask your friend how they feel about their project first to understand their perspective before sharing your thoughts.', 'Just be straightforward and tell your friend what you really think about the art project; they asked for honesty, after all.', 'You could mention specific aspects you like while gently suggesting improvements in areas you think could be better.', 'Recommend your friend to seek feedback from professional artists as well, which can provide them with a more objective critique.']","['high', 'low', 'high', 'low']","[-8.15625, -0.00040721893310546875, -16.6875, -17.640625]","[-0.37073863636363635, -1.69674555460612e-05, -0.8782894736842105, -0.8018465909090909]","[0.27023106813430786, 0.39150530099868774, 0.16267047822475433, 0.17559312283992767]",0.43290155926053403,0.43290155926053403,-0.06709844073946597
trait_agreeableness_00736,agreeableness,high,as_pas_only,none,trait_agreeableness_00736_act_001,low,"['trait_agreeableness_00736_act_001', 'trait_agreeableness_00736_act_002', 'trait_agreeableness_00736_act_003', 'trait_agreeableness_00736_act_004']","['Suggest a compromise where Jahnia could redistribute some of the tasks among other team members to lessen your burden.', 'Decline the proposal, citing your current responsibilities and the importance of maintaining your personal life balance.', 'Perhaps you could agree to the new plan, but clarify your availability and limits to ensure your personal time is respected.', 'You might consider agreeing to the plan but also ask for help or support to manage the increased workload effectively.']","['low', 'low', 'high', 'high']","[-0.3076171875, -8.7734375, -1.791015625, -3.291015625]","[-0.013982599431818182, -0.46175986842105265, -0.07787024456521739, -0.15671502976190477]","[0.2903479337692261, 0.18554598093032837, 0.27237841486930847, 0.2517276108264923]",0.5241060569349562,0.5241060569349562,0.024106056934956155
trait_agreeableness_00737,agreeableness,high,as_pas_only,none,trait_agreeableness_00737_act_003,low,"['trait_agreeableness_00737_act_001', 'trait_agreeableness_00737_act_002', 'trait_agreeableness_00737_act_003', 'trait_agreeableness_00737_act_004']","['You could gently remind your colleagues about the value of discussing concerns directly with PersonZ to promote a more understanding and supportive work environment.', 'Consider sharing positive experiences or achievements of PersonZ to subtly shift the tone of the conversation to something more constructive and appreciative.', ""You might propose focusing the discussion on tasks and projects instead, pointing out that speculative talk is not productive or beneficial for the team's goals."", 'Suggest setting up a meeting where concerns can be addressed openly with PersonZ present, ensuring a fair dialogue and cutting out behind-the-back criticisms.']","['high', 'high', 'low', 'low']","[-8.2890625, -0.9130859375, -0.69775390625, -2.3515625]","[-0.31881009615384615, -0.0365234375, -0.024919782366071428, -0.08108836206896551]","[0.20258694887161255, 0.2686624825000763, 0.27179810404777527, 0.2569524049758911]",0.47124945946034547,0.47124945946034547,-0.028750540539654534
trait_agreeableness_00738,agreeableness,high,as_pas_only,none,trait_agreeableness_00738_act_001,low,"['trait_agreeableness_00738_act_001', 'trait_agreeableness_00738_act_002', 'trait_agreeableness_00738_act_003', 'trait_agreeableness_00738_act_004']","['Recommend they look into local community services like food banks and job training workshops to become more self-sufficient.', 'Offer to babysit the children a couple of times a week to give the parents time to job search or handle other responsibilities.', 'Suggest setting up a schedule where they can gradually take over the childcare and household chores as they stabilize financially.', 'Prepare some extra meals that can easily be reheated, to relieve them from cooking duties for a few days.']","['low', 'high', 'low', 'high']","[-0.436279296875, -2.12109375, -2.423828125, -2.43359375]","[-0.02077520461309524, -0.08484375, -0.11017400568181818, -0.11061789772727272]","[0.26549872756004333, 0.24902206659317017, 0.2427934855222702, 0.2426857352256775]",0.49170779449183055,0.49170779449183055,-0.008292205508169448
trait_agreeableness_00739,agreeableness,high,as_pas_only,none,trait_agreeableness_00739_act_003,high,"['trait_agreeableness_00739_act_001', 'trait_agreeableness_00739_act_002', 'trait_agreeableness_00739_act_003', 'trait_agreeableness_00739_act_004']","['Consider encouraging Destinnie to seek advice from an independent financial advisor to ensure she makes a well-informed decision.', 'Go ahead and emphasize the potential high returns of the deal to persuade Destinnie, focusing on how such investments can significantly pay off.', 'You could prioritize transparency and discuss both the potential benefits and risks openly with Destinnie, emphasizing that the final decision is hers to make.', ""You should highlight the unique chance this deal represents and pitch it as a strategically aggressive investment that shouldn't be missed.""]","['high', 'low', 'high', 'low']","[-1.5048828125, -7.09765625, -0.8349609375, -1.3046875]","[-0.06840376420454546, -0.27298677884615385, -0.030924479166666668, -0.05672554347826087]","[0.2587372958660126, 0.21086755394935608, 0.2686185836791992, 0.26177656650543213]",0.5273558795452118,0.5273558795452118,0.027355879545211792
trait_agreeableness_00740,agreeableness,high,as_pas_only,none,trait_agreeableness_00740_act_001,low,"['trait_agreeableness_00740_act_001', 'trait_agreeableness_00740_act_002', 'trait_agreeableness_00740_act_003', 'trait_agreeableness_00740_act_004']","[""Confront Hikari then and there by firmly stating the discomfort they're causing, to immediately address the issue."", ""Directly tell Hikari that their behavior is inappropriate and advise them to stop immediately if you feel it's disruptive enough."", 'Maybe suggest a quick, quiet walk with Hikari outside the venue to discuss the issue discreetly and help them regain composure.', 'Consider pulling Hikari aside gently to express your concerns in private, aiming to avoid public embarrassment.']","['low', 'low', 'high', 'high']","[-0.07318115234375, -3.345703125, -3.84375, -5.375]","[-0.0031817892323369565, -0.133828125, -0.1423611111111111, -0.26875]","[0.28454601764678955, 0.24969711899757385, 0.2475755214691162, 0.21818138659000397]",0.46575688723816483,0.46575688723816483,-0.03424311276183517
trait_agreeableness_00741,agreeableness,high,as_pas_only,none,trait_agreeableness_00741_act_003,low,"['trait_agreeableness_00741_act_001', 'trait_agreeableness_00741_act_002', 'trait_agreeableness_00741_act_003', 'trait_agreeableness_00741_act_004']","['You might consider arranging a private, friendly chat with Janya to understand any challenges she’s facing and discuss how you can help her meet her deadlines.', 'Perhaps you could offer to help Janya organize her tasks or suggest setting up a team meeting to realign everyone’s responsibilities and deadlines.', ""Directly inform Janya that her missed deadlines are impacting the team's performance and she needs to adhere to the project timeline more strictly."", 'Send an email to Janya outlining the deadlines and mentioning that further delays could lead to discussions with higher management.']","['high', 'high', 'low', 'low']","[-0.966796875, -3.994140625, -0.5810546875, -8.828125]","[-0.0322265625, -0.14793113425925927, -0.021520543981481483, -0.4012784090909091]","[0.2783273756504059, 0.24791686236858368, 0.2813231647014618, 0.19243264198303223]",0.5262442144940399,0.5262442144940399,0.026244214494039908
trait_agreeableness_00742,agreeableness,high,as_pas_only,none,trait_agreeableness_00742_act_001,low,"['trait_agreeableness_00742_act_001', 'trait_agreeableness_00742_act_002', 'trait_agreeableness_00742_act_003', 'trait_agreeableness_00742_act_004']","['Directly point out the flaw during the meeting and suggest an alternative strategy that mitigates these risks.', 'Consider suggesting a follow-up meeting where you can review the strategy more thoroughly together, to align on the best approach.', 'Challenge the strategy openly in the meeting to ensure everyone is aware of the potential losses, emphasizing the need for a robust discussion.', 'You could express your concerns by privately messaging your colleague, framing it as seeking to understand their perspective better.']","['low', 'high', 'low', 'high']","[-0.206298828125, -8.765625, -1.740234375, -8.84375]","[-0.01031494140625, -0.3811141304347826, -0.069609375, -0.4211309523809524]","[0.30342379212379456, 0.20941779017448425, 0.2859554588794708, 0.20120303332805634]",0.41062079290890746,0.41062079290890746,-0.08937920709109254
trait_agreeableness_00743,agreeableness,high,as_pas_only,none,trait_agreeableness_00743_act_002,low,"['trait_agreeableness_00743_act_001', 'trait_agreeableness_00743_act_002', 'trait_agreeableness_00743_act_003', 'trait_agreeableness_00743_act_004']","['Maybe you could offer to help train someone else to share the workload, easing the burden on you.', 'Just say no to additional shifts and prioritize your health over voluntary extras.', 'You might consider gently explaining to your supervisor your health concerns and see if you can reduce the extra shifts.', ""Take a step back and let others step up; you're not the only one who can volunteer for extra work.""]","['high', 'low', 'high', 'low']","[-7.38671875, -0.183349609375, -1.80859375, -7.68359375]","[-0.3693359375, -0.013096400669642858, -0.0861235119047619, -0.33406929347826086]","[0.208714559674263, 0.29803386330604553, 0.27704501152038574, 0.21620655059814453]",0.4857595784330305,0.4857595784330305,-0.014240421566969474
trait_agreeableness_00744,agreeableness,high,as_pas_only,none,trait_agreeableness_00744_act_001,low,"['trait_agreeableness_00744_act_001', 'trait_agreeableness_00744_act_002', 'trait_agreeableness_00744_act_003', 'trait_agreeableness_00744_act_004']","['Escalate the issue to your manager or HR department to formally address the rumors and protect your professional reputation.', 'Address the situation directly by confronting your colleague and demand they stop spreading unfounded rumors immediately.', 'Offer to collaborate on a project together which could help improve your relationship and show your genuine intentions.', 'Invite your colleague for a coffee and gently discuss the impact their behavior is having on you, aiming to clear up any misunderstandings.']","['low', 'low', 'high', 'high']","[-0.049407958984375, -4.09765625, -3.580078125, -6.14453125]","[-0.002245816317471591, -0.22764756944444445, -0.1884251644736842, -0.236328125]","[0.29243040084838867, 0.2334166318178177, 0.24275368452072144, 0.23139919340610504]",0.47415292031940104,0.47415292031940104,-0.02584707968059896
trait_agreeableness_00745,agreeableness,high,as_pas_only,none,trait_agreeableness_00745_act_002,high,"['trait_agreeableness_00745_act_001', 'trait_agreeableness_00745_act_002', 'trait_agreeableness_00745_act_003', 'trait_agreeableness_00745_act_004']","['You could give your friend the guitar as a gift to help ease their financial burden and share the joy of music.', 'Consider lending the guitar to your friend until they can afford one, creating a win-win situation where you keep ownership and they get to play.', 'Keep the guitar since giving it away could set a precedent for similar expectations in the future.', 'Suggest that your friend looks for affordable second-hand options online, emphasizing the importance of financial responsibility.']","['high', 'high', 'low', 'low']","[-2.755859375, -0.2705078125, -2.287109375, -4.6484375]","[-0.11981997282608696, -0.009660993303571428, -0.12706163194444445, -0.232421875]","[0.24982847273349762, 0.2789223790168762, 0.2480258345603943, 0.22322331368923187]",0.5287508517503738,0.5287508517503738,0.02875085175037384
trait_agreeableness_00746,agreeableness,high,as_pas_only,none,trait_agreeableness_00746_act_002,high,"['trait_agreeableness_00746_act_001', 'trait_agreeableness_00746_act_002', 'trait_agreeableness_00746_act_003', 'trait_agreeableness_00746_act_004']","['Consider suggesting that Aythana delegate specific tasks to other team members or ask for an extension from the project lead.', ""Absolutely, offering your assistance could greatly alleviate Aythana's stress and help distribute the project tasks more manageably."", 'Recommend to Aythana to reevaluate her project plan and identify priorities; she might need to focus on key areas and drop less critical tasks.', 'Yes, stepping in to help Aythana not only supports her but also strengthens the teamwork within the project.']","['low', 'high', 'low', 'high']","[-6.87109375, -0.04437255859375, -12.59375, -3.615234375]","[-0.29874320652173914, -0.0019292416779891305, -0.43426724137931033, -0.16432883522727273]","[0.22921638190746307, 0.30842554569244385, 0.20016509294509888, 0.2621930241584778]",0.5706185443422849,0.5706185443422849,0.07061854434228487
trait_agreeableness_00747,agreeableness,high,as_pas_only,none,trait_agreeableness_00747_act_001,high,"['trait_agreeableness_00747_act_001', 'trait_agreeableness_00747_act_002', 'trait_agreeableness_00747_act_003', 'trait_agreeableness_00747_act_004']","['Consider suggesting a brief team check-in where everyone updates the group on their progress, allowing Carielle to share in a non-confrontational setting.', ""Point out directly to Carielle during the meeting that you've noticed discrepancies in their work, asking for an immediate clarification."", 'Perhaps you could invite Carielle for a private chat to gently inquire about their progress and any challenges they might be facing.', ""Challenge Carielle in the meeting to present detailed evidence of their progress to ensure they're held accountable in front of the team.""]","['high', 'low', 'high', 'low']","[-0.05828857421875, -6.3515625, -5.4765625, -6.8515625]","[-0.0019429524739583333, -0.2540625, -0.2190625, -0.26352163461538464]","[0.29834532737731934, 0.23185960948467255, 0.24011839926242828, 0.2296767681837082]",0.53846367047361,0.53846367047361,0.03846367047360999
trait_agreeableness_00748,agreeableness,high,as_pas_only,none,trait_agreeableness_00748_act_002,low,"['trait_agreeableness_00748_act_001', 'trait_agreeableness_00748_act_002', 'trait_agreeableness_00748_act_003', 'trait_agreeableness_00748_act_004']","['Document specific instances where Melicia took undue credit and present these to your supervisor as evidence.', ""Report the behavior to your supervisor immediately to prevent further damage to the team's morale."", 'Consider organizing a team intervention where everyone can openly discuss their feelings about fairness and recognition.', 'You could speak with Melicia first to express your concerns and give them a chance to rectify the situation themselves.']","['low', 'low', 'high', 'high']","[-6.59375, -0.0013895034790039062, -13.71875, -19.09375]","[-0.3663194444444444, -8.173549876493566e-05, -0.8069852941176471, -0.8301630434782609]","[0.26919588446617126, 0.38826069235801697, 0.1732565462589264, 0.16928702592849731]",0.34254352114446146,0.34254352114446146,-0.15745647885553854
trait_agreeableness_00749,agreeableness,high,as_pas_only,none,trait_agreeableness_00749_act_004,low,"['trait_agreeableness_00749_act_001', 'trait_agreeableness_00749_act_002', 'trait_agreeableness_00749_act_003', 'trait_agreeableness_00749_act_004']","['You might consider addressing the discomfort with Tagert directly by kindly expressing how their behavior makes you feel and seeking a mutual understanding.', 'Perhaps you could involve a mediator from HR to help facilitate a constructive conversation with Tagert, which might improve your work environment.', 'Stand your ground and confront Tagert directly about their aggressive behavior without sugarcoating your concerns.', 'Keep avoiding Tagert if interacting with them disrupts your productivity and peace of mind, focusing instead on your own work responsibilities.']","['high', 'high', 'low', 'low']","[-12.40625, -8.7265625, -2.755859375, -0.068603515625]","[-0.49625, -0.3490625, -0.14504523026315788, -0.002744140625]","[0.1916664093732834, 0.22205917537212372, 0.27231544256210327, 0.31395894289016724]",0.41372559707539075,0.41372559707539075,-0.08627440292460925
trait_agreeableness_00750,agreeableness,high,as_pas_only,none,trait_agreeableness_00750_act_003,low,"['trait_agreeableness_00750_act_001', 'trait_agreeableness_00750_act_002', 'trait_agreeableness_00750_act_003', 'trait_agreeableness_00750_act_004']","['Directly challenge the strategy in a team meeting by clearly outlining the potential pitfalls and presenting your alternative solutions.', 'You might consider gently suggesting a team meeting to review the project strategy and express your concerns in a supportive manner.', 'Write a concise, fact-based email to your project leader detailing why the current strategy might fail and suggest a meeting to discuss viable alternatives.', 'Perhaps you could offer to help research or present alternative strategies that could complement the current plan without dismissing it entirely.']","['low', 'high', 'low', 'high']","[-3.0703125, -2.1953125, -0.2120361328125, -5.63671875]","[-0.14620535714285715, -0.09978693181818182, -0.007853190104166666, -0.25621448863636365]","[0.24439609050750732, 0.25600799918174744, 0.280659556388855, 0.21893635392189026]",0.4749443531036377,0.4749443531036377,-0.025055646896362305
trait_agreeableness_00701,agreeableness,low,as_pas_only,none,trait_agreeableness_00701_act_002,high,"['trait_agreeableness_00701_act_001', 'trait_agreeableness_00701_act_002', 'trait_agreeableness_00701_act_003', 'trait_agreeableness_00701_act_004']","['You could propose a meeting to discuss the strengths of each theme and consider blending elements of both to please a wider audience.', 'Maybe consult with other team members for their opinions to see if a consensus can be achieved that respects both perspectives.', 'Stick to presenting clear, data-backed arguments on why a cultural heritage theme could draw more interest and community engagement.', 'Insist on setting clear objectives for the event and demonstrate how your theme aligns better with those goals compared to a modern tech theme.']","['high', 'high', 'low', 'low']","[-8.21875, -0.84326171875, -1.5771484375, -5.0]","[-0.3424479166666667, -0.038330078125, -0.07168856534090909, -0.18518518518518517]","[0.20675289630889893, 0.2802388370037079, 0.27104470133781433, 0.24196355044841766]",0.48699174056934924,0.5130082594306508,0.01300825943065076
trait_agreeableness_00702,agreeableness,low,as_pas_only,none,trait_agreeableness_00702_act_002,high,"['trait_agreeableness_00702_act_001', 'trait_agreeableness_00702_act_002', 'trait_agreeableness_00702_act_003', 'trait_agreeableness_00702_act_004']","['Clearly communicate to your supervisor the unrealistic nature of the additional workload and negotiate down the responsibilities.', 'Consider discussing a phased approach with your boss to gradually integrate the new project while maintaining balance with your current tasks.', 'Prioritize your tasks and cut down on the least essential ones; put focus only on what genuinely requires your expertise.', 'You could ask for support from your team or colleagues to help manage the workload more efficiently.']","['low', 'high', 'low', 'high']","[-0.93896484375, -0.77294921875, -2.00390625, -11.25]","[-0.052164713541666664, -0.03513405539772727, -0.08712635869565218, -0.625]","[0.2819487750530243, 0.28679168224334717, 0.27226170897483826, 0.1589977741241455]",0.4457894829386165,0.5542105170613836,0.05421051706138358
trait_agreeableness_00703,agreeableness,low,as_pas_only,none,trait_agreeableness_00703_act_002,low,"['trait_agreeableness_00703_act_001', 'trait_agreeableness_00703_act_002', 'trait_agreeableness_00703_act_003', 'trait_agreeableness_00703_act_004']","['Consider setting aside a portion of your bonus for your vacation and donate a portion to your friend to ease their burden.', 'Invest the bonus in a personal savings or retirement fund to ensure your future financial stability.', 'You could offer to help your friend cover some of their medical expenses with part of your bonus.', 'Use the bonus for the vacation you’ve been planning, as personal relaxation and fulfillment are important.']","['high', 'low', 'high', 'low']","[-4.40234375, -0.5458984375, -5.671875, -0.94580078125]","[-0.19140625, -0.03211167279411765, -0.29851973684210525, -0.049778988486842105]","[0.2367842197418213, 0.2776729166507721, 0.21273256838321686, 0.27281028032302856]",0.4495167948233604,0.5504832051766396,0.05048320517663962
trait_agreeableness_00704,agreeableness,low,as_pas_only,none,trait_agreeableness_00704_act_001,low,"['trait_agreeableness_00704_act_001', 'trait_agreeableness_00704_act_002', 'trait_agreeableness_00704_act_003', 'trait_agreeableness_00704_act_004']","['Challenge the team to justify the strategy with data or precedents, given its similarity to past unsuccessful attempts.', 'Directly state the issues and shortcomings you foresee with the agreed strategy to ensure they are aware of the potential risks.', 'Maybe suggest setting up a small trial run of the strategy first, to demonstrate the outcomes before fully committing.', 'You could gently express your concerns and propose discussing alternative strategies that could prevent potential issues.']","['low', 'low', 'high', 'high']","[-0.66064453125, -1.58203125, -3.06640625, -3.87890625]","[-0.031459263392857144, -0.06878396739130435, -0.14601934523809523, -0.22817095588235295]","[0.2719942033290863, 0.262029230594635, 0.24255311489105225, 0.22342349588871002]",0.46597658994898544,0.5340234100510146,0.03402341005101461
trait_agreeableness_00705,agreeableness,low,as_pas_only,none,trait_agreeableness_00705_act_001,high,"['trait_agreeableness_00705_act_001', 'trait_agreeableness_00705_act_002', 'trait_agreeableness_00705_act_003', 'trait_agreeableness_00705_act_004']","['You could consider politely reaching out to the rental agency to express your concerns and ask for possible solutions or compensation.', 'Maybe try to calmly discuss the discrepancies with the agency, highlighting the missing amenities and differences in the property, and request an amicable resolution.', 'Demand an immediate response from the rental agency and insist on a partial refund or relocation to a property that matches the initial description.', 'Send a firm email to the agency detailing every issue, and make it clear you expect swift action or you will consider legal advice.']","['high', 'high', 'low', 'low']","[-0.276123046875, -1.4404296875, -13.8671875, -12.7109375]","[-0.012551047585227272, -0.05144391741071429, -0.5546875, -0.48888221153846156]","[0.3160140812397003, 0.30395933985710144, 0.18376363813877106, 0.19626300036907196]",0.6199733841435084,0.38002661585649156,-0.11997338414350844
trait_agreeableness_00706,agreeableness,low,as_pas_only,none,trait_agreeableness_00706_act_001,low,"['trait_agreeableness_00706_act_001', 'trait_agreeableness_00706_act_002', 'trait_agreeableness_00706_act_003', 'trait_agreeableness_00706_act_004']","['Directly confront Marybella in your next team meeting by highlighting specific instances where your ideas were dismissed and demand a justification.', 'Consider asking Marybella for a private meeting to express how valuable you feel contributions from all team members are, including yours.', 'Email the whole team including your manager outlining how the dismissal of ideas by any team member, including Marybella, negatively impacts project creativity and ask for more structured discussion protocols.', 'Maybe propose a team brainstorming session where everyone submits one idea anonymously to ensure each thought is considered without bias.']","['low', 'high', 'low', 'high']","[-0.505859375, -1.1943359375, -4.40234375, -7.94140625]","[-0.020234375, -0.0477734375, -0.12578125, -0.36097301136363635]","[0.27902457118034363, 0.2714453339576721, 0.2510753273963928, 0.19845478236675262]",0.4699001093223675,0.5300998906776325,0.030099890677632524
trait_agreeableness_00707,agreeableness,low,as_pas_only,none,trait_agreeableness_00707_act_002,low,"['trait_agreeableness_00707_act_001', 'trait_agreeableness_00707_act_002', 'trait_agreeableness_00707_act_003', 'trait_agreeableness_00707_act_004']","['Perhaps eat a healthy meal before the party to lessen your cravings and politely sample very small amounts of your favorite foods.', 'Just say no to the unhealthy options and stick firmly to your diet plan; it’s about your health after all.', 'You could bring a dish to share that fits your diet so you have a healthy option available and still enjoy the party.', 'Ignore the offerings and focus on socializing, not eating; you’re there for your friend, not the food.']","['high', 'low', 'high', 'low']","[-3.75390625, -0.31787109375, -2.42578125, -8.953125]","[-0.1632133152173913, -0.013820482336956522, -0.10107421875, -0.3892663043478261]","[0.24857598543167114, 0.28862878680229187, 0.2645122706890106, 0.19828304648399353]",0.513088210247021,0.486911789752979,-0.013088210247021004
trait_agreeableness_00708,agreeableness,low,as_pas_only,none,trait_agreeableness_00708_act_001,low,"['trait_agreeableness_00708_act_001', 'trait_agreeableness_00708_act_002', 'trait_agreeableness_00708_act_003', 'trait_agreeableness_00708_act_004']","['Simply note the achievement directly to Nazareth and mention that you noticed the milestone, encouraging them to own their success publicly.', ""Challenge Nazareth in a light-hearted manner about why they haven't boasted about their success yet, to push them out of their comfort zone."", 'Encourage mutual friends or coworkers to subtly acknowledge the achievement, fostering a supportive environment without overwhelming Nazareth.', 'Quietly congratulate Nazareth in a personal message to show your support and respect for their privacy.']","['low', 'low', 'high', 'high']","[-0.0037517547607421875, -12.140625, -5.91015625, -8.859375]","[-0.00015632311503092447, -0.43359375, -0.2814360119047619, -0.4662828947368421]","[0.3299761712551117, 0.21391591429710388, 0.24907168745994568, 0.20703622698783875]",0.4561079144477844,0.5438920855522156,0.043892085552215576
trait_agreeableness_00709,agreeableness,low,as_pas_only,none,trait_agreeableness_00709_act_001,high,"['trait_agreeableness_00709_act_001', 'trait_agreeableness_00709_act_002', 'trait_agreeableness_00709_act_003', 'trait_agreeableness_00709_act_004']","['Consider politely telling Zacharyah that his advances are making you uncomfortable and you would like to keep your relationship professional.', 'Maybe talk to a trusted colleague or a supervisor for advice on how to approach Zacharyah about this sensitive issue.', 'Directly tell Zacharyah to stop the advances, asserting that they are inappropriate and unwelcome at the workplace.', 'If speaking to him directly doesn’t work, report the behavior to your HR department to handle it formally.']","['high', 'high', 'low', 'low']","[-0.052825927734375, -4.26953125, -3.302734375, -11.3046875]","[-0.0022967794667119565, -0.18563179347826086, -0.14359714673913043, -0.5383184523809523]","[0.3043408989906311, 0.2533605098724365, 0.2642374336719513, 0.1780611127614975]",0.5577014337942645,0.4422985662057355,-0.05770143379426451
trait_agreeableness_00710,agreeableness,low,as_pas_only,none,trait_agreeableness_00710_act_002,high,"['trait_agreeableness_00710_act_001', 'trait_agreeableness_00710_act_002', 'trait_agreeableness_00710_act_003', 'trait_agreeableness_00710_act_004']","['Demand an explanation as to why you were excluded from the discussion, asserting your right to know what concerns your family.', 'Approach a family member gently and express that you would appreciate being included in the conversation as it would help you cope better with the group.', 'Confront the family decisively about the secrecy, making it clear that you expect transparency in future matters.', 'Politely express to your family that you feel left out and assure them that you are capable of handling the situation more calmly with their support.']","['low', 'high', 'low', 'high']","[-7.68359375, -0.0280303955078125, -3.65234375, -6.96484375]","[-0.33406929347826086, -0.0010010855538504465, -0.17392113095238096, -0.24874441964285715]","[0.21468450129032135, 0.29953694343566895, 0.25197193026542664, 0.23380663990974426]",0.5333435753979746,0.4666564246020254,-0.03334357539797461
trait_agreeableness_00711,agreeableness,low,as_pas_only,none,trait_agreeableness_00711_act_002,low,"['trait_agreeableness_00711_act_001', 'trait_agreeableness_00711_act_002', 'trait_agreeableness_00711_act_003', 'trait_agreeableness_00711_act_004']","['Perhaps you might weigh the emotional costs against the professional gains and decide if the move aligns with your long-term personal happiness and career goals.', 'Take the job; advancing in your career is a priority, and the significant pay increase justifies the move.', 'You could consider accepting the job and finding ways to maintain strong relationships with your family and friends through regular visits and digital communication.', 'Move to the new city; it’s a valuable opportunity for professional growth, and personal relationships can adapt if they’re truly important.']","['high', 'low', 'high', 'low']","[-15.1875, -0.0799560546875, -16.71875, -7.9375]","[-0.5424107142857143, -0.003634366122159091, -0.66875, -0.30528846153846156]","[0.205641970038414, 0.35245150327682495, 0.18123553693294525, 0.2606709599494934]",0.3868775185012078,0.6131224814987922,0.11312248149879223
trait_agreeableness_00712,agreeableness,low,as_pas_only,none,trait_agreeableness_00712_act_002,low,"['trait_agreeableness_00712_act_001', 'trait_agreeableness_00712_act_002', 'trait_agreeableness_00712_act_003', 'trait_agreeableness_00712_act_004']","['Consider leveraging your time on more personal meetings where you can have genuine interactions, rather than a large industry event.', 'Skip the dinner if it really goes against your preferences and focus on networking in ways that make you feel comfortable.', 'You might find it rewarding to go and connect with a few people, making the experience more manageable and meaningful for you.', 'Consider attending the dinner to nurture relationships that could be beneficial for future collaborations or opportunities.']","['low', 'low', 'high', 'high']","[-5.42578125, -0.7236328125, -3.9375, -1.177734375]","[-0.24662642045454544, -0.032892400568181816, -0.1640625, -0.06927849264705882]","[0.22131690382957458, 0.27405521273612976, 0.24036522209644318, 0.2642626464366913]",0.5046278760526758,0.4953721239473242,-0.004627876052675783
trait_agreeableness_00713,agreeableness,low,as_pas_only,none,trait_agreeableness_00713_act_004,low,"['trait_agreeableness_00713_act_001', 'trait_agreeableness_00713_act_002', 'trait_agreeableness_00713_act_003', 'trait_agreeableness_00713_act_004']","[""You could accept the nomination gracefully as it honors not just your work but also your team's effort."", 'Perhaps you might consider a compromise by accepting the nomination and requesting a more low-key acknowledgment at the ceremony.', 'Decline the nomination if it makes you uncomfortable; maintaining your personal comfort is more important than external recognition.', 'You might just let them know that while you appreciate the gesture, you prefer achievements to be celebrated internally rather than publicly.']","['high', 'high', 'low', 'low']","[-4.3984375, -1.1982421875, -6.8671875, -0.89990234375]","[-0.219921875, -0.05705915178571429, -0.32700892857142855, -0.037495930989583336]","[0.23389361798763275, 0.27526357769966125, 0.210141122341156, 0.2807016372680664]",0.5091572184483953,0.49084278155160466,-0.009157218448395343
trait_agreeableness_00714,agreeableness,low,as_pas_only,none,trait_agreeableness_00714_act_003,low,"['trait_agreeableness_00714_act_001', 'trait_agreeableness_00714_act_002', 'trait_agreeableness_00714_act_003', 'trait_agreeableness_00714_act_004']","['Just let them know that your current responsibilities cannot be set aside, and you must prioritize completing your pending work this weekend.', 'You might consider delegating some of your tasks or rescheduling commitments so you can join your friends and maintain those cherished relationships.', 'Suggest an alternate weekend for the getaway when you are less busy, demonstrating your interest while staying committed to your personal obligations.', 'Perhaps you could work a few extra hours before the weekend to clear up some urgent tasks, allowing you to enjoy the getaway without worries.']","['low', 'high', 'low', 'high']","[-11.109375, -0.7314453125, -0.716796875, -3.810546875]","[-0.462890625, -0.0292578125, -0.028671875, -0.14113136574074073]","[0.18294373154640198, 0.2822551429271698, 0.2824205756187439, 0.25238049030303955]",0.5346356650969782,0.46536433490302176,-0.03463566509697824
trait_agreeableness_00715,agreeableness,low,as_pas_only,none,trait_agreeableness_00715_act_001,high,"['trait_agreeableness_00715_act_001', 'trait_agreeableness_00715_act_002', 'trait_agreeableness_00715_act_003', 'trait_agreeableness_00715_act_004']","['Suggest a team coffee break for everyone to refresh and help Ulisess feel less isolated in his stress.', 'Advise Ulisess to delegate some tasks to others to manage his workload better, which might alleviate his stress.', 'Offer to take a short walk with Ulisess during lunch, allowing for a change of scenery and a physical break from work.', 'Recommend that Ulisess reevaluate his project timeline and priorities, possibly pushing back less critical tasks.']","['high', 'low', 'high', 'low']","[-0.02288818359375, -4.8671875, -4.4609375, -5.8984375]","[-0.001040371981534091, -0.21161684782608695, -0.17157451923076922, -0.294921875]","[0.29423049092292786, 0.2383611649274826, 0.24809935688972473, 0.21930904686450958]",0.5423298154872765,0.45767018451272345,-0.042329815487276545
trait_agreeableness_00716,agreeableness,low,as_pas_only,none,trait_agreeableness_00716_act_003,high,"['trait_agreeableness_00716_act_001', 'trait_agreeableness_00716_act_002', 'trait_agreeableness_00716_act_003', 'trait_agreeableness_00716_act_004']","['Decline the invitation as your workload and commitments cannot be compromised for additional social events.', 'Skip the ball; prioritize completing your major project and maintaining your current commitments.', ""Maybe you could go to the ball with Ranvir but let him know in advance that you'll need to leave early to manage your other commitments."", 'Consider attending the charity ball for just a short time to show support before focusing back on your project.']","['low', 'low', 'high', 'high']","[-1.166015625, -2.919921875, -1.1015625, -7.88671875]","[-0.0685891544117647, -0.19466145833333334, -0.037984913793103446, -0.3943359375]","[0.2751321792602539, 0.2425430715084076, 0.28368255496025085, 0.19864211976528168]",0.4823247106615238,0.5176752893384762,0.017675289338476174
trait_agreeableness_00717,agreeableness,low,as_pas_only,none,trait_agreeableness_00717_act_003,low,"['trait_agreeableness_00717_act_001', 'trait_agreeableness_00717_act_002', 'trait_agreeableness_00717_act_003', 'trait_agreeableness_00717_act_004']","['Consider crafting homemade gifts, which can be both meaningful and budget-friendly.', 'You might also think about baking treats to bring to the parties, as this is an affordable and heartfelt alternative to traditional gifts.', 'Just opt out of gift-giving and explain your financial situation honestly if anyone asks.', 'Alternatively, buy a single bulk gift item that you can split among the various parties to minimize costs.']","['high', 'high', 'low', 'low']","[-3.5234375, -9.109375, -0.0513916015625, -11.6171875]","[-0.25167410714285715, -0.364375, -0.003023035386029412, -0.580859375]","[0.2567247748374939, 0.22936250269412994, 0.3291967809200287, 0.18471597135066986]",0.48608726304509453,0.5139127369549055,0.01391273695490547
trait_agreeableness_00718,agreeableness,low,as_pas_only,none,trait_agreeableness_00718_act_001,low,"['trait_agreeableness_00718_act_001', 'trait_agreeableness_00718_act_002', 'trait_agreeableness_00718_act_003', 'trait_agreeableness_00718_act_004']","[""You should remain neutral, not laughing or reacting, to clearly indicate that such jokes aren't suitable for the workplace."", ""You might offer a light smile to acknowledge Geordie's attempt at humor without encouraging the nature of the joke."", 'Address Geordie later in private, suggesting that he consider the timing and content of his jokes more carefully in the future.', 'Perhaps gently change the subject to help move the conversation away from the joke and towards more appropriate meeting topics.']","['low', 'high', 'low', 'high']","[-0.005435943603515625, -5.34765625, -8.1875, -8.203125]","[-0.00023634537406589675, -0.23250679347826086, -0.3275, -0.390625]","[0.31343844532966614, 0.24847258627414703, 0.2259557694196701, 0.21213319897651672]",0.46060578525066376,0.5393942147493362,0.03939421474933624
trait_agreeableness_00719,agreeableness,low,as_pas_only,none,trait_agreeableness_00719_act_002,low,"['trait_agreeableness_00719_act_001', 'trait_agreeableness_00719_act_002', 'trait_agreeableness_00719_act_003', 'trait_agreeableness_00719_act_004']","['You might consider asking her if there’s anything specific you can do to help, showing your support goes beyond just professional boundaries.', 'Evaluate if sending flowers could set a precedent you’re uncomfortable with; maintaining professional boundaries is crucial.', 'Sending a thoughtful card along with the flowers can express your support and empathy during her difficult times.', 'Consider simply acknowledging her situation verbally when appropriate, which keeps the support subtle and professional.']","['high', 'low', 'high', 'low']","[-15.71875, -0.1192626953125, -4.875, -4.984375]","[-0.62875, -0.006276983963815789, -0.2565789473684211, -0.2931985294117647]","[0.17503559589385986, 0.3261842429637909, 0.2539558410644531, 0.24482432007789612]",0.428991436958313,0.571008563041687,0.07100856304168701
trait_agreeableness_00720,agreeableness,low,as_pas_only,none,trait_agreeableness_00720_act_001,low,"['trait_agreeableness_00720_act_001', 'trait_agreeableness_00720_act_002', 'trait_agreeableness_00720_act_003', 'trait_agreeableness_00720_act_004']","['Suggest that Shandel looks into affordable financing or leasing options for a new laptop instead of giving yours away.', 'Keep the laptop for yourself since it could be useful for your future needs, and Shandel can explore other options to acquire one.', 'Consider surprising Shandel with the laptop, making it a heartfelt gesture to help them succeed in their projects.', 'You could gift the laptop to Shandel, as it would really boost their productivity and show how much you support their endeavors.']","['low', 'low', 'high', 'high']","[-0.2420654296875, -9.7265625, -2.2265625, -3.8515625]","[-0.011002974076704546, -0.3740985576923077, -0.10602678571428571, -0.1540625]","[0.2880537807941437, 0.2003471404314041, 0.2619420886039734, 0.24965693056583405]",0.511599049663487,0.488400950336513,-0.011599049663487015
trait_agreeableness_00721,agreeableness,low,as_pas_only,none,trait_agreeableness_00721_act_001,high,"['trait_agreeableness_00721_act_001', 'trait_agreeableness_00721_act_002', 'trait_agreeableness_00721_act_003', 'trait_agreeableness_00721_act_004']","['You might consider gently expressing to Loujain how much effort and care you put into looking after their cat, which could naturally lead them to offer some form of gratitude.', 'Perhaps you could ask Loujain if they’d be willing to cover the costs you incurred while caring for their pet, as a kind gesture of appreciation.', 'Directly ask Loujain for a compensation for the expenses and time you invested in taking care of the cat, emphasizing that it is only fair.', 'Tell Loujain that taking care of their cat involved certain costs and effort on your part, and it would be reasonable to expect some form of compensation for your troubles.']","['high', 'high', 'low', 'low']","[-0.326904296875, -2.775390625, -1.625, -6.1796875]","[-0.009614832261029412, -0.08952872983870967, -0.05416666666666667, -0.18175551470588236]","[0.26871010661125183, 0.2480720579624176, 0.2570013403892517, 0.22621648013591766]",0.5167821722743239,0.4832178277256761,-0.01678217227432388
trait_agreeableness_00722,agreeableness,low,as_pas_only,none,trait_agreeableness_00722_act_002,high,"['trait_agreeableness_00722_act_001', 'trait_agreeableness_00722_act_002', 'trait_agreeableness_00722_act_003', 'trait_agreeableness_00722_act_004']","['Politely decline, explaining that you already have commitments to your personal health this weekend.', 'Offer to help Nazair for a few hours on one day of the weekend so you can also have time for your relaxation.', 'Suggest that Nazair asks other friends who might not already have plans, as your weekend is already booked for personal time.', ""Suggest that Nazair could hire professional movers and you'll provide support by organizing meals or refreshments for everyone on the moving day.""]","['low', 'high', 'low', 'high']","[-1.4921875, -0.4189453125, -5.15234375, -2.369140625]","[-0.08777573529411764, -0.0167578125, -0.20609375, -0.08774594907407407]","[0.25239500403404236, 0.2709713876247406, 0.22423110902309418, 0.25240251421928406]",0.5233738940451459,0.4766261059548541,-0.023373894045145893
trait_agreeableness_00723,agreeableness,low,as_pas_only,none,trait_agreeableness_00723_act_002,low,"['trait_agreeableness_00723_act_001', 'trait_agreeableness_00723_act_002', 'trait_agreeableness_00723_act_003', 'trait_agreeableness_00723_act_004']","[""Maybe express to Tavleen how you're feeling and ask if she's open to the idea of ordering a ride for you, so she can continue enjoying the party."", 'Tell Tavleen directly that you need to leave for your own comfort, regardless of her having fun.', 'You could suggest a compromise to Tavleen; perhaps staying just a bit longer to meet her happiness, then leaving together.', 'Inform Tavleen that you are calling a taxi for yourself because you want to leave now.']","['high', 'low', 'high', 'low']","[-3.109375, -0.31298828125, -5.21875, -1.5458984375]","[-0.09145220588235294, -0.01490420386904762, -0.20875, -0.08136307565789473]","[0.2513185143470764, 0.2713119089603424, 0.22350266575813293, 0.25386691093444824]",0.47482118010520935,0.5251788198947906,0.02517881989479065
trait_agreeableness_00724,agreeableness,low,as_pas_only,none,trait_agreeableness_00724_act_004,high,"['trait_agreeableness_00724_act_001', 'trait_agreeableness_00724_act_002', 'trait_agreeableness_00724_act_003', 'trait_agreeableness_00724_act_004']","['Suggest that Josalyn finds an alternative or waits for another time when you are less occupied.', 'Keep your business appointment as planned; it’s important to prioritize commitments that impact your professional goals.', 'Perhaps offer to help Josalyn after your business appointment, blending commitment with your supportive nature.', ""You might consider rescheduling the business appointment if Josalyn's request could foster a supportive relationship.""]","['low', 'low', 'high', 'high']","[-6.39453125, -15.1328125, -1.97265625, -0.238525390625]","[-0.3197265625, -0.7964638157894737, -0.10382401315789473, -0.01192626953125]","[0.23684242367744446, 0.14703311026096344, 0.29391705989837646, 0.32220736145973206]",0.6161244489010177,0.3838755510989823,-0.1161244489010177
trait_agreeableness_00725,agreeableness,low,as_pas_only,none,trait_agreeableness_00725_act_002,high,"['trait_agreeableness_00725_act_001', 'trait_agreeableness_00725_act_002', 'trait_agreeableness_00725_act_003', 'trait_agreeableness_00725_act_004']","[""Apologize sincerely to Webber for the comment and ask them how they feel or if there's anything they'd like to talk about."", 'Express your regret over the upsetting comment, then gently shift the conversation towards a topic that Webber enjoys to lighten the mood.', 'Clarify your comment to Webber, explaining your point of view so they understand your perspective better.', 'Ask Webber to explain why your comment upset them, which can lead to a clearer understanding on both sides.']","['high', 'high', 'low', 'low']","[-1.2001953125, -0.38671875, -4.1171875, -8.1171875]","[-0.04286411830357143, -0.01546875, -0.205859375, -0.3689630681818182]","[0.277847021818161, 0.28556394577026367, 0.23605749011039734, 0.20053155720233917]",0.5634109591929471,0.43658904080705285,-0.06341095919294715
trait_agreeableness_00726,agreeableness,low,as_pas_only,none,trait_agreeableness_00726_act_002,high,"['trait_agreeableness_00726_act_001', 'trait_agreeableness_00726_act_002', 'trait_agreeableness_00726_act_003', 'trait_agreeableness_00726_act_004']","['Suggest that Stevielynn should speak to a financial advisor to better manage her expenses and debt.', 'Offer to help Stevielynn by covering some of her medical expenses or by lending her money if that feels right to you.', 'Advise Stevielynn to negotiate the bills or seek cheaper medical alternatives for future treatments.', 'Consider providing support by helping Stevielynn find financial aid programs or charities that assist with medical bills.']","['low', 'high', 'low', 'high']","[-7.30078125, -0.0029506683349609375, -6.22265625, -8.8125]","[-0.34765625, -0.00011348724365234375, -0.3275082236842105, -0.41964285714285715]","[0.22901737689971924, 0.32419353723526, 0.2336784452199936, 0.21311061084270477]",0.5373041640908767,0.46269583590912333,-0.03730416409087667
trait_agreeableness_00727,agreeableness,low,as_pas_only,none,trait_agreeableness_00727_act_003,high,"['trait_agreeableness_00727_act_001', 'trait_agreeableness_00727_act_002', 'trait_agreeableness_00727_act_003', 'trait_agreeableness_00727_act_004']","['Consider starting with the positive aspects of the policy, then transition into your concerns, ensuring you maintain a respectful tone throughout.', 'Directly challenge the policy by presenting strong, logical arguments against it and demand a review from management.', 'You could express your concerns by highlighting how the policy impacts team morale, and gently suggest possible alternatives that could benefit everyone.', ""Question the policy's fairness and effectiveness in the meeting, and push for an immediate reconsideration by presenting the overall dissatisfaction of your colleagues.""]","['high', 'low', 'high', 'low']","[-2.5, -7.46875, -1.8125, -2.3125]","[-0.10416666666666667, -0.3734375, -0.07552083333333333, -0.08564814814814815]","[0.26235100626945496, 0.20041947066783905, 0.269974946975708, 0.26725462079048157]",0.5323259294483396,0.46767407055166044,-0.03232592944833956
trait_agreeableness_00728,agreeableness,low,as_pas_only,none,trait_agreeableness_00728_act_004,high,"['trait_agreeableness_00728_act_001', 'trait_agreeableness_00728_act_002', 'trait_agreeableness_00728_act_003', 'trait_agreeableness_00728_act_004']","[""Propose a formal vote on the project during the next team meeting to decisively address and move beyond Kashtin's opposition."", ""Firmly defend your project's merits in the next meeting, showcasing robust evidence and data to counter his objections."", 'Consider inviting Kashtin to co-present the project, integrating his viewpoints to strengthen the proposal.', 'Schedule a one-on-one meeting with Kashtin to understand his concerns and discuss potential compromises.']","['low', 'low', 'high', 'high']","[-2.162109375, -2.54296875, -2.59375, -0.313232421875]","[-0.08315805288461539, -0.11056385869565218, -0.13651315789473684, -0.016485916940789474]","[0.2506294548511505, 0.24385400116443634, 0.23760755360126495, 0.26790907979011536]",0.5055165881946753,0.49448341180532474,-0.005516588194675265
trait_agreeableness_00729,agreeableness,low,as_pas_only,none,trait_agreeableness_00729_act_004,low,"['trait_agreeableness_00729_act_001', 'trait_agreeableness_00729_act_002', 'trait_agreeableness_00729_act_003', 'trait_agreeableness_00729_act_004']","['Offer to spend time with Janely, perhaps going for a walk or watching a movie together to help her feel less alone.', 'Consider sending Janely a care package filled with her favorite treats and a heartfelt note to show your support and affection.', 'Encourage Janely to join a support group where she can connect with people who understand her grief and can offer perspective.', 'Suggest that Janely seeks professional counseling to address her feelings of hopelessness and to develop coping strategies.']","['high', 'high', 'low', 'low']","[-2.4921875, -3.4609375, -6.52734375, -2.0859375]","[-0.0996875, -0.15047554347826086, -0.27197265625, -0.09933035714285714]","[0.26367300748825073, 0.2506159543991089, 0.22194387018680573, 0.26376718282699585]",0.514288954223857,0.485711045776143,-0.014288954223857009
trait_agreeableness_00730,agreeableness,low,as_pas_only,none,trait_agreeableness_00730_act_001,low,"['trait_agreeableness_00730_act_001', 'trait_agreeableness_00730_act_002', 'trait_agreeableness_00730_act_003', 'trait_agreeableness_00730_act_004']","['Withhold Meital’s paycheck as a firm action to underline the seriousness of the performance issues and motivate improvement.', 'Consider setting up a meeting with Meital to openly discuss performance issues and explore supportive measures to help improve their work.', 'Implement a direct policy that ties Meital’s pay to specific performance metrics, ensuring accountability and immediate consequences for underperformance.', 'You might want to create an improvement plan that outlines clear goals and timelines for Meital, providing regular feedback and encouragement.']","['low', 'high', 'low', 'high']","[-0.0004210472106933594, -12.34375, -11.7734375, -22.9375]","[-1.913850957697088e-05, -0.5366847826086957, -0.4905598958333333, -0.9557291666666666]","[0.3873673677444458, 0.22649160027503967, 0.23718318343162537, 0.14895786345005035]",0.37544945813045716,0.6245505418695428,0.12455054186954284
trait_agreeableness_00731,agreeableness,low,as_pas_only,none,trait_agreeableness_00731_act_003,high,"['trait_agreeableness_00731_act_001', 'trait_agreeableness_00731_act_002', 'trait_agreeableness_00731_act_003', 'trait_agreeableness_00731_act_004']","['Perhaps you could delegate some of your responsibilities to other volunteers, which would allow you to continue supporting the charity while also managing your stress better.', ""It's practical to prioritize your own health and professional duties over volunteering; you can always return to it when you're in a better position."", 'You might consider reducing your hours slightly and finding a schedule that allows more time for rest, maintaining your commitment but taking care of your health too.', 'Consider taking a complete break from volunteering to focus entirely on your personal and professional life until you feel less overwhelmed.']","['high', 'low', 'high', 'low']","[-2.53125, -3.171875, -0.38330078125, -1.6611328125]","[-0.09040178571428571, -0.11328125, -0.013217268318965518, -0.07550603693181818]","[0.24554164707660675, 0.2399875670671463, 0.2652442455291748, 0.24922654032707214]",0.5107858926057816,0.48921410739421844,-0.010785892605781555
trait_agreeableness_00732,agreeableness,low,as_pas_only,none,trait_agreeableness_00732_act_002,low,"['trait_agreeableness_00732_act_001', 'trait_agreeableness_00732_act_002', 'trait_agreeableness_00732_act_003', 'trait_agreeableness_00732_act_004']","['Recommend that they check local moving services or rental trucks, as you need to prioritize your own commitments this weekend.', 'Politely explain that you have long-standing personal plans and suggest that they reschedule the move or ask another friend for help.', 'You could suggest hiring professional movers and then visiting your friend after your retreat to help them unpack and settle in.', 'Offer to help your friend with packing a day or two before your retreat, so you can still support them without cancelling your plans.']","['low', 'low', 'high', 'high']","[-1.1162109375, -0.5224609375, -4.2578125, -3.357421875]","[-0.050736860795454544, -0.0208984375, -0.19353693181818182, -0.12913161057692307]","[0.2616558074951172, 0.2695808410644531, 0.22683657705783844, 0.24192678928375244]",0.4687633593564725,0.5312366406435275,0.03123664064352749
trait_agreeableness_00733,agreeableness,low,as_pas_only,none,trait_agreeableness_00733_act_003,low,"['trait_agreeableness_00733_act_001', 'trait_agreeableness_00733_act_002', 'trait_agreeableness_00733_act_003', 'trait_agreeableness_00733_act_004']","['You could politely excuse yourself from your current commitment, explaining the importance of timely attendance at your work meeting.', 'Consider contacting a colleague who is also attending the meeting and kindly ask if they can cover the beginning part until you arrive.', ""Just focus on finishing your current commitment properly, even if it means being late; you can't always please everyone."", ""Send a quick message to inform them you'll be late, then proceed with your current engagement without cutting it short.""]","['high', 'high', 'low', 'low']","[-1.76953125, -2.318359375, -0.42578125, -3.80078125]","[-0.08426339285714286, -0.09659830729166667, -0.018512228260869564, -0.16525135869565216]","[0.2513885200023651, 0.24830670654773712, 0.2684731185436249, 0.23183168470859528]",0.49969521165802444,0.5003047883419756,0.00030478834197555926
trait_agreeableness_00734,agreeableness,low,as_pas_only,none,trait_agreeableness_00734_act_001,low,"['trait_agreeableness_00734_act_001', 'trait_agreeableness_00734_act_002', 'trait_agreeableness_00734_act_003', 'trait_agreeableness_00734_act_004']","['Directly ask both colleagues to clarify their points and explain the reasoning behind their disagreements in the meeting, fostering a clear and open dialogue.', 'You might consider suggesting a team-building activity that focuses on communication skills, which can improve overall team harmony without direct confrontation.', 'You could inform your manager about the disruptive behavior, letting them handle the situation and possibly mediate the conflict.', 'Perhaps you could recommend a feedback session where everyone gets the chance to express their thoughts in a structured manner, making the atmosphere more open and less tense.']","['low', 'high', 'low', 'high']","[-0.904296875, -0.96875, -10.421875, -3.3125]","[-0.03349247685185185, -0.040364583333333336, -0.4737215909090909, -0.11041666666666666]","[0.28066232800483704, 0.27874019742012024, 0.18071535229682922, 0.2598820924758911]",0.5386223059482069,0.4613776940517931,-0.038622305948206925
trait_agreeableness_00735,agreeableness,low,as_pas_only,none,trait_agreeableness_00735_act_002,low,"['trait_agreeableness_00735_act_001', 'trait_agreeableness_00735_act_002', 'trait_agreeableness_00735_act_003', 'trait_agreeableness_00735_act_004']","['Maybe you can ask your friend how they feel about their project first to understand their perspective before sharing your thoughts.', 'Just be straightforward and tell your friend what you really think about the art project; they asked for honesty, after all.', 'You could mention specific aspects you like while gently suggesting improvements in areas you think could be better.', 'Recommend your friend to seek feedback from professional artists as well, which can provide them with a more objective critique.']","['high', 'low', 'high', 'low']","[-8.734375, -0.00022840499877929688, -17.8125, -17.109375]","[-0.39701704545454547, -9.51687494913737e-06, -0.9375, -0.7776988636363636]","[0.26643720269203186, 0.3962899446487427, 0.1551908552646637, 0.182081937789917]",0.4216280830876877,0.5783719169123123,0.07837191691231227
trait_agreeableness_00736,agreeableness,low,as_pas_only,none,trait_agreeableness_00736_act_001,low,"['trait_agreeableness_00736_act_001', 'trait_agreeableness_00736_act_002', 'trait_agreeableness_00736_act_003', 'trait_agreeableness_00736_act_004']","['Suggest a compromise where Jahnia could redistribute some of the tasks among other team members to lessen your burden.', 'Decline the proposal, citing your current responsibilities and the importance of maintaining your personal life balance.', 'Perhaps you could agree to the new plan, but clarify your availability and limits to ensure your personal time is respected.', 'You might consider agreeing to the plan but also ask for help or support to manage the increased workload effectively.']","['low', 'low', 'high', 'high']","[-0.1971435546875, -7.10546875, -2.3359375, -3.7421875]","[-0.008961070667613636, -0.37397203947368424, -0.1015625, -0.17819940476190477]","[0.2898505926132202, 0.2012111097574234, 0.26421526074409485, 0.24472308158874512]",0.5089383195815241,0.49106168041847587,-0.008938319581524135
trait_agreeableness_00737,agreeableness,low,as_pas_only,none,trait_agreeableness_00737_act_002,high,"['trait_agreeableness_00737_act_001', 'trait_agreeableness_00737_act_002', 'trait_agreeableness_00737_act_003', 'trait_agreeableness_00737_act_004']","['You could gently remind your colleagues about the value of discussing concerns directly with PersonZ to promote a more understanding and supportive work environment.', 'Consider sharing positive experiences or achievements of PersonZ to subtly shift the tone of the conversation to something more constructive and appreciative.', ""You might propose focusing the discussion on tasks and projects instead, pointing out that speculative talk is not productive or beneficial for the team's goals."", 'Suggest setting up a meeting where concerns can be addressed openly with PersonZ present, ensuring a fair dialogue and cutting out behind-the-back criticisms.']","['high', 'high', 'low', 'low']","[-8.9140625, -0.69189453125, -0.9453125, -2.23828125]","[-0.3428485576923077, -0.02767578125, -0.03376116071428571, -0.07718211206896551]","[0.19853176176548004, 0.2720870077610016, 0.27043628692626953, 0.25894495844841003]",0.4706187625137156,0.5293812374862844,0.029381237486284406
trait_agreeableness_00738,agreeableness,low,as_pas_only,none,trait_agreeableness_00738_act_001,low,"['trait_agreeableness_00738_act_001', 'trait_agreeableness_00738_act_002', 'trait_agreeableness_00738_act_003', 'trait_agreeableness_00738_act_004']","['Recommend they look into local community services like food banks and job training workshops to become more self-sufficient.', 'Offer to babysit the children a couple of times a week to give the parents time to job search or handle other responsibilities.', 'Suggest setting up a schedule where they can gradually take over the childcare and household chores as they stabilize financially.', 'Prepare some extra meals that can easily be reheated, to relieve them from cooking duties for a few days.']","['low', 'high', 'low', 'high']","[-0.34619140625, -3.029296875, -2.5390625, -2.341796875]","[-0.016485305059523808, -0.121171875, -0.11541193181818182, -0.1064453125]","[0.26878947019577026, 0.24207361042499542, 0.24347196519374847, 0.24566489458084106]",0.48773853407731854,0.5122614659226814,0.012261465922681403
trait_agreeableness_00739,agreeableness,low,as_pas_only,none,trait_agreeableness_00739_act_003,high,"['trait_agreeableness_00739_act_001', 'trait_agreeableness_00739_act_002', 'trait_agreeableness_00739_act_003', 'trait_agreeableness_00739_act_004']","['Consider encouraging Destinnie to seek advice from an independent financial advisor to ensure she makes a well-informed decision.', 'Go ahead and emphasize the potential high returns of the deal to persuade Destinnie, focusing on how such investments can significantly pay off.', 'You could prioritize transparency and discuss both the potential benefits and risks openly with Destinnie, emphasizing that the final decision is hers to make.', ""You should highlight the unique chance this deal represents and pitch it as a strategically aggressive investment that shouldn't be missed.""]","['high', 'low', 'high', 'low']","[-1.314453125, -6.21875, -1.26171875, -1.0771484375]","[-0.059747869318181816, -0.23918269230769232, -0.04673032407407408, -0.04683254076086957]","[0.258943647146225, 0.21641018986701965, 0.26233649253845215, 0.2623096704483032]",0.5212801396846771,0.4787198603153229,-0.021280139684677124
trait_agreeableness_00740,agreeableness,low,as_pas_only,none,trait_agreeableness_00740_act_001,low,"['trait_agreeableness_00740_act_001', 'trait_agreeableness_00740_act_002', 'trait_agreeableness_00740_act_003', 'trait_agreeableness_00740_act_004']","[""Confront Hikari then and there by firmly stating the discomfort they're causing, to immediately address the issue."", ""Directly tell Hikari that their behavior is inappropriate and advise them to stop immediately if you feel it's disruptive enough."", 'Maybe suggest a quick, quiet walk with Hikari outside the venue to discuss the issue discreetly and help them regain composure.', 'Consider pulling Hikari aside gently to express your concerns in private, aiming to avoid public embarrassment.']","['low', 'low', 'high', 'high']","[-0.06878662109375, -3.16015625, -4.11328125, -5.50390625]","[-0.00299072265625, -0.12640625, -0.15234375, -0.2751953125]","[0.28515538573265076, 0.2520477771759033, 0.2455943524837494, 0.21720241010189056]",0.4627967970666883,0.5372032029333117,0.037203202933311696
trait_agreeableness_00741,agreeableness,low,as_pas_only,none,trait_agreeableness_00741_act_003,low,"['trait_agreeableness_00741_act_001', 'trait_agreeableness_00741_act_002', 'trait_agreeableness_00741_act_003', 'trait_agreeableness_00741_act_004']","['You might consider arranging a private, friendly chat with Janya to understand any challenges she’s facing and discuss how you can help her meet her deadlines.', 'Perhaps you could offer to help Janya organize her tasks or suggest setting up a team meeting to realign everyone’s responsibilities and deadlines.', ""Directly inform Janya that her missed deadlines are impacting the team's performance and she needs to adhere to the project timeline more strictly."", 'Send an email to Janya outlining the deadlines and mentioning that further delays could lead to discussions with higher management.']","['high', 'high', 'low', 'low']","[-1.376953125, -4.43359375, -0.337158203125, -9.0078125]","[-0.0458984375, -0.16420717592592593, -0.01248734085648148, -0.4094460227272727]","[0.27642613649368286, 0.24558298289775848, 0.28581786155700684, 0.19217300415039062]",0.5220091271699835,0.4779908728300165,-0.02200912716998349
trait_agreeableness_00742,agreeableness,low,as_pas_only,none,trait_agreeableness_00742_act_001,low,"['trait_agreeableness_00742_act_001', 'trait_agreeableness_00742_act_002', 'trait_agreeableness_00742_act_003', 'trait_agreeableness_00742_act_004']","['Directly point out the flaw during the meeting and suggest an alternative strategy that mitigates these risks.', 'Consider suggesting a follow-up meeting where you can review the strategy more thoroughly together, to align on the best approach.', 'Challenge the strategy openly in the meeting to ensure everyone is aware of the potential losses, emphasizing the need for a robust discussion.', 'You could express your concerns by privately messaging your colleague, framing it as seeking to understand their perspective better.']","['low', 'high', 'low', 'high']","[-0.2440185546875, -9.1015625, -1.587890625, -9.7265625]","[-0.012200927734375, -0.39572010869565216, -0.063515625, -0.46316964285714285]","[0.3059554696083069, 0.2084961086511612, 0.29065147042274475, 0.19489692151546478]",0.40339304218867544,0.5966069578113246,0.09660695781132456
trait_agreeableness_00743,agreeableness,low,as_pas_only,none,trait_agreeableness_00743_act_002,low,"['trait_agreeableness_00743_act_001', 'trait_agreeableness_00743_act_002', 'trait_agreeableness_00743_act_003', 'trait_agreeableness_00743_act_004']","['Maybe you could offer to help train someone else to share the workload, easing the burden on you.', 'Just say no to additional shifts and prioritize your health over voluntary extras.', 'You might consider gently explaining to your supervisor your health concerns and see if you can reduce the extra shifts.', ""Take a step back and let others step up; you're not the only one who can volunteer for extra work.""]","['high', 'low', 'high', 'low']","[-7.890625, -0.1259765625, -2.15625, -7.765625]","[-0.39453125, -0.008998325892857142, -0.10267857142857142, -0.3376358695652174]","[0.2054295688867569, 0.3020631670951843, 0.2750508189201355, 0.21745645999908447]",0.4804803806471768,0.5195196193528232,0.019519619352823203
trait_agreeableness_00744,agreeableness,low,as_pas_only,none,trait_agreeableness_00744_act_001,low,"['trait_agreeableness_00744_act_001', 'trait_agreeableness_00744_act_002', 'trait_agreeableness_00744_act_003', 'trait_agreeableness_00744_act_004']","['Escalate the issue to your manager or HR department to formally address the rumors and protect your professional reputation.', 'Address the situation directly by confronting your colleague and demand they stop spreading unfounded rumors immediately.', 'Offer to collaborate on a project together which could help improve your relationship and show your genuine intentions.', 'Invite your colleague for a coffee and gently discuss the impact their behavior is having on you, aiming to clear up any misunderstandings.']","['low', 'low', 'high', 'high']","[-0.01375579833984375, -5.19921875, -5.015625, -7.171875]","[-0.0006252635609019886, -0.2888454861111111, -0.26398026315789475, -0.27584134615384615]","[0.3051130771636963, 0.22871169447898865, 0.2344699501991272, 0.23170530796051025]",0.4661752442665325,0.5338247557334674,0.03382475573346744
trait_agreeableness_00745,agreeableness,low,as_pas_only,none,trait_agreeableness_00745_act_002,high,"['trait_agreeableness_00745_act_001', 'trait_agreeableness_00745_act_002', 'trait_agreeableness_00745_act_003', 'trait_agreeableness_00745_act_004']","['You could give your friend the guitar as a gift to help ease their financial burden and share the joy of music.', 'Consider lending the guitar to your friend until they can afford one, creating a win-win situation where you keep ownership and they get to play.', 'Keep the guitar since giving it away could set a precedent for similar expectations in the future.', 'Suggest that your friend looks for affordable second-hand options online, emphasizing the importance of financial responsibility.']","['high', 'high', 'low', 'low']","[-3.41796875, -0.2445068359375, -1.9970703125, -4.58984375]","[-0.14860733695652173, -0.008732386997767858, -0.11094835069444445, -0.2294921875]","[0.24326123297214508, 0.2797820270061493, 0.2525968849658966, 0.22435979545116425]",0.523043291154104,0.476956708845896,-0.023043291154103973
trait_agreeableness_00746,agreeableness,low,as_pas_only,none,trait_agreeableness_00746_act_002,high,"['trait_agreeableness_00746_act_001', 'trait_agreeableness_00746_act_002', 'trait_agreeableness_00746_act_003', 'trait_agreeableness_00746_act_004']","['Consider suggesting that Aythana delegate specific tasks to other team members or ask for an extension from the project lead.', ""Absolutely, offering your assistance could greatly alleviate Aythana's stress and help distribute the project tasks more manageably."", 'Recommend to Aythana to reevaluate her project plan and identify priorities; she might need to focus on key areas and drop less critical tasks.', 'Yes, stepping in to help Aythana not only supports her but also strengthens the teamwork within the project.']","['low', 'high', 'low', 'high']","[-6.53125, -0.047882080078125, -11.546875, -3.30859375]","[-0.28396739130434784, -0.0020818295686141305, -0.39816810344827586, -0.150390625]","[0.22932545840740204, 0.30400002002716064, 0.20457640290260315, 0.26209813356399536]",0.5660981451556363,0.4339018548443637,-0.06609814515563628
trait_agreeableness_00747,agreeableness,low,as_pas_only,none,trait_agreeableness_00747_act_001,high,"['trait_agreeableness_00747_act_001', 'trait_agreeableness_00747_act_002', 'trait_agreeableness_00747_act_003', 'trait_agreeableness_00747_act_004']","['Consider suggesting a brief team check-in where everyone updates the group on their progress, allowing Carielle to share in a non-confrontational setting.', ""Point out directly to Carielle during the meeting that you've noticed discrepancies in their work, asking for an immediate clarification."", 'Perhaps you could invite Carielle for a private chat to gently inquire about their progress and any challenges they might be facing.', ""Challenge Carielle in the meeting to present detailed evidence of their progress to ensure they're held accountable in front of the team.""]","['high', 'low', 'high', 'low']","[-0.04022216796875, -6.03515625, -6.05078125, -5.73828125]","[-0.0013407389322916666, -0.24140625, -0.24203125, -0.220703125]","[0.2962355613708496, 0.2330118864774704, 0.2328663021326065, 0.2378862351179123]",0.5291018713876884,0.4708981286123116,-0.029101871387688383
trait_agreeableness_00748,agreeableness,low,as_pas_only,none,trait_agreeableness_00748_act_002,low,"['trait_agreeableness_00748_act_001', 'trait_agreeableness_00748_act_002', 'trait_agreeableness_00748_act_003', 'trait_agreeableness_00748_act_004']","['Document specific instances where Melicia took undue credit and present these to your supervisor as evidence.', ""Report the behavior to your supervisor immediately to prevent further damage to the team's morale."", 'Consider organizing a team intervention where everyone can openly discuss their feelings about fairness and recognition.', 'You could speak with Melicia first to express your concerns and give them a chance to rectify the situation themselves.']","['low', 'low', 'high', 'high']","[-6.28125, -0.00188446044921875, -13.96875, -20.21875]","[-0.3489583333333333, -0.00011085061465992647, -0.8216911764705882, -0.8790760869565217]","[0.2755378484725952, 0.3905564546585083, 0.1717418134212494, 0.1621638536453247]",0.3339056770177387,0.6660943229822613,0.16609432298226134
trait_agreeableness_00749,agreeableness,low,as_pas_only,none,trait_agreeableness_00749_act_004,low,"['trait_agreeableness_00749_act_001', 'trait_agreeableness_00749_act_002', 'trait_agreeableness_00749_act_003', 'trait_agreeableness_00749_act_004']","['You might consider addressing the discomfort with Tagert directly by kindly expressing how their behavior makes you feel and seeking a mutual understanding.', 'Perhaps you could involve a mediator from HR to help facilitate a constructive conversation with Tagert, which might improve your work environment.', 'Stand your ground and confront Tagert directly about their aggressive behavior without sugarcoating your concerns.', 'Keep avoiding Tagert if interacting with them disrupts your productivity and peace of mind, focusing instead on your own work responsibilities.']","['high', 'high', 'low', 'low']","[-14.1875, -9.75, -2.814453125, -0.06414794921875]","[-0.5675, -0.39, -0.14812911184210525, -0.00256591796875]","[0.1826629340648651, 0.21814119815826416, 0.277831107378006, 0.32136470079421997]",0.40080415611291864,0.5991958438870814,0.09919584388708136
trait_agreeableness_00750,agreeableness,low,as_pas_only,none,trait_agreeableness_00750_act_003,low,"['trait_agreeableness_00750_act_001', 'trait_agreeableness_00750_act_002', 'trait_agreeableness_00750_act_003', 'trait_agreeableness_00750_act_004']","['Directly challenge the strategy in a team meeting by clearly outlining the potential pitfalls and presenting your alternative solutions.', 'You might consider gently suggesting a team meeting to review the project strategy and express your concerns in a supportive manner.', 'Write a concise, fact-based email to your project leader detailing why the current strategy might fail and suggest a meeting to discuss viable alternatives.', 'Perhaps you could offer to help research or present alternative strategies that could complement the current plan without dismissing it entirely.']","['low', 'high', 'low', 'high']","[-2.810546875, -2.591796875, -0.1688232421875, -5.71875]","[-0.13383556547619047, -0.11780894886363637, -0.006252712673611111, -0.2599431818181818]","[0.24790799617767334, 0.2519131302833557, 0.2816430628299713, 0.21853585541248322]",0.47044896466513136,0.5295510353348687,0.02955103533486869
