scenario_id,trait,target_direction,condition,prompt_style,loglik_selected_action,loglik_selected_direction,action_ids,action_texts,action_directions,action_logliks,action_normalized_logliks,action_softmax_probs,trait_score,trait_target_score,trait_target_attainment
trait_agreeableness_00701,agreeableness,high,as_pas_only,none,trait_agreeableness_00701_act_002,high,"['trait_agreeableness_00701_act_001', 'trait_agreeableness_00701_act_002', 'trait_agreeableness_00701_act_003', 'trait_agreeableness_00701_act_004']","['You could propose a meeting to discuss the strengths of each theme and consider blending elements of both to please a wider audience.', 'Maybe consult with other team members for their opinions to see if a consensus can be achieved that respects both perspectives.', 'Stick to presenting clear, data-backed arguments on why a cultural heritage theme could draw more interest and community engagement.', 'Insist on setting clear objectives for the event and demonstrate how your theme aligns better with those goals compared to a modern tech theme.']","['high', 'high', 'low', 'low']","[-7.390625, -0.73291015625, -2.232421875, -5.890625]","[-0.3079427083333333, -0.03331409801136364, -0.10147372159090909, -0.2181712962962963]","[0.21554994583129883, 0.2836727499961853, 0.2649819254875183, 0.2357953041791916]",0.4992227330224762,0.4992227330224762,-0.0007772669775237828
trait_agreeableness_00702,agreeableness,high,as_pas_only,none,trait_agreeableness_00702_act_002,high,"['trait_agreeableness_00702_act_001', 'trait_agreeableness_00702_act_002', 'trait_agreeableness_00702_act_003', 'trait_agreeableness_00702_act_004']","['Clearly communicate to your supervisor the unrealistic nature of the additional workload and negotiate down the responsibilities.', 'Consider discussing a phased approach with your boss to gradually integrate the new project while maintaining balance with your current tasks.', 'Prioritize your tasks and cut down on the least essential ones; put focus only on what genuinely requires your expertise.', 'You could ask for support from your team or colleagues to help manage the workload more efficiently.']","['low', 'high', 'low', 'high']","[-0.9375, -0.6865234375, -2.404296875, -10.828125]","[-0.052083333333333336, -0.031205610795454544, -0.10453464673913043, -0.6015625]","[0.28190869092941284, 0.28785616159439087, 0.2675032913684845, 0.16273190081119537]",0.4505880422627311,0.4505880422627311,-0.04941195773726892
trait_agreeableness_00703,agreeableness,high,as_pas_only,none,trait_agreeableness_00703_act_004,low,"['trait_agreeableness_00703_act_001', 'trait_agreeableness_00703_act_002', 'trait_agreeableness_00703_act_003', 'trait_agreeableness_00703_act_004']","['Consider setting aside a portion of your bonus for your vacation and donate a portion to your friend to ease their burden.', 'Invest the bonus in a personal savings or retirement fund to ensure your future financial stability.', 'You could offer to help your friend cover some of their medical expenses with part of your bonus.', 'Use the bonus for the vacation you’ve been planning, as personal relaxation and fulfillment are important.']","['high', 'low', 'high', 'low']","[-4.1328125, -0.87744140625, -5.05859375, -0.65478515625]","[-0.1796875, -0.05161420036764706, -0.2662417763157895, -0.03446237664473684]","[0.237528458237648, 0.2699834704399109, 0.2178339660167694, 0.2746541202068329]",0.45536241746898865,0.45536241746898865,-0.044637582531011355
trait_agreeableness_00704,agreeableness,high,as_pas_only,none,trait_agreeableness_00704_act_001,low,"['trait_agreeableness_00704_act_001', 'trait_agreeableness_00704_act_002', 'trait_agreeableness_00704_act_003', 'trait_agreeableness_00704_act_004']","['Challenge the team to justify the strategy with data or precedents, given its similarity to past unsuccessful attempts.', 'Directly state the issues and shortcomings you foresee with the agreed strategy to ensure they are aware of the potential risks.', 'Maybe suggest setting up a small trial run of the strategy first, to demonstrate the outcomes before fully committing.', 'You could gently express your concerns and propose discussing alternative strategies that could prevent potential issues.']","['low', 'low', 'high', 'high']","[-0.98046875, -1.62109375, -2.52734375, -3.16796875]","[-0.046688988095238096, -0.07048233695652174, -0.12034970238095238, -0.18635110294117646]","[0.2648918032646179, 0.258663535118103, 0.24608099460601807, 0.23036369681358337]",0.4764446772204436,0.4764446772204436,-0.02355532277955641
trait_agreeableness_00705,agreeableness,high,as_pas_only,none,trait_agreeableness_00705_act_001,high,"['trait_agreeableness_00705_act_001', 'trait_agreeableness_00705_act_002', 'trait_agreeableness_00705_act_003', 'trait_agreeableness_00705_act_004']","['You could consider politely reaching out to the rental agency to express your concerns and ask for possible solutions or compensation.', 'Maybe try to calmly discuss the discrepancies with the agency, highlighting the missing amenities and differences in the property, and request an amicable resolution.', 'Demand an immediate response from the rental agency and insist on a partial refund or relocation to a property that matches the initial description.', 'Send a firm email to the agency detailing every issue, and make it clear you expect swift action or you will consider legal advice.']","['high', 'high', 'low', 'low']","[-0.307861328125, -1.3466796875, -17.546875, -13.3984375]","[-0.013993696732954546, -0.048095703125, -0.701875, -0.5153245192307693]","[0.32522052526474, 0.31431683897972107, 0.16346880793571472, 0.1969938725233078]",0.6395373356549143,0.6395373356549143,0.13953733565491433
trait_agreeableness_00706,agreeableness,high,as_pas_only,none,trait_agreeableness_00706_act_002,high,"['trait_agreeableness_00706_act_001', 'trait_agreeableness_00706_act_002', 'trait_agreeableness_00706_act_003', 'trait_agreeableness_00706_act_004']","['Directly confront Marybella in your next team meeting by highlighting specific instances where your ideas were dismissed and demand a justification.', 'Consider asking Marybella for a private meeting to express how valuable you feel contributions from all team members are, including yours.', 'Email the whole team including your manager outlining how the dismissal of ideas by any team member, including Marybella, negatively impacts project creativity and ask for more structured discussion protocols.', 'Maybe propose a team brainstorming session where everyone submits one idea anonymously to ensure each thought is considered without bias.']","['low', 'high', 'low', 'high']","[-0.91015625, -0.67626953125, -4.15234375, -7.78515625]","[-0.03640625, -0.02705078125, -0.11863839285714285, -0.35387073863636365]","[0.27333980798721313, 0.27590903639793396, 0.25176185369491577, 0.19898934662342072]",0.47489836179174355,0.47489836179174355,-0.02510163820825645
trait_agreeableness_00707,agreeableness,high,as_pas_only,none,trait_agreeableness_00707_act_002,low,"['trait_agreeableness_00707_act_001', 'trait_agreeableness_00707_act_002', 'trait_agreeableness_00707_act_003', 'trait_agreeableness_00707_act_004']","['Perhaps eat a healthy meal before the party to lessen your cravings and politely sample very small amounts of your favorite foods.', 'Just say no to the unhealthy options and stick firmly to your diet plan; it’s about your health after all.', 'You could bring a dish to share that fits your diet so you have a healthy option available and still enjoy the party.', 'Ignore the offerings and focus on socializing, not eating; you’re there for your friend, not the food.']","['high', 'low', 'high', 'low']","[-3.509765625, -0.4169921875, -2.103515625, -11.53125]","[-0.15259850543478262, -0.018130095108695652, -0.087646484375, -0.501358695652174]","[0.2553235590457916, 0.2920719087123871, 0.2724577784538269, 0.18014667928218842]",0.5277813768223953,0.5277813768223953,0.027781376822395343
trait_agreeableness_00708,agreeableness,high,as_pas_only,none,trait_agreeableness_00708_act_001,low,"['trait_agreeableness_00708_act_001', 'trait_agreeableness_00708_act_002', 'trait_agreeableness_00708_act_003', 'trait_agreeableness_00708_act_004']","['Simply note the achievement directly to Nazareth and mention that you noticed the milestone, encouraging them to own their success publicly.', ""Challenge Nazareth in a light-hearted manner about why they haven't boasted about their success yet, to push them out of their comfort zone."", 'Encourage mutual friends or coworkers to subtly acknowledge the achievement, fostering a supportive environment without overwhelming Nazareth.', 'Quietly congratulate Nazareth in a personal message to show your support and respect for their privacy.']","['low', 'low', 'high', 'high']","[-0.007160186767578125, -13.21875, -5.1328125, -8.4921875]","[-0.0002983411153157552, -0.4720982142857143, -0.24441964285714285, -0.44695723684210525]","[0.32818809151649475, 0.2047494500875473, 0.2571001350879669, 0.20996230840682983]",0.4670624504545696,0.4670624504545696,-0.03293754954543038
trait_agreeableness_00709,agreeableness,high,as_pas_only,none,trait_agreeableness_00709_act_001,high,"['trait_agreeableness_00709_act_001', 'trait_agreeableness_00709_act_002', 'trait_agreeableness_00709_act_003', 'trait_agreeableness_00709_act_004']","['Consider politely telling Zacharyah that his advances are making you uncomfortable and you would like to keep your relationship professional.', 'Maybe talk to a trusted colleague or a supervisor for advice on how to approach Zacharyah about this sensitive issue.', 'Directly tell Zacharyah to stop the advances, asserting that they are inappropriate and unwelcome at the workplace.', 'If speaking to him directly doesn’t work, report the behavior to your HR department to handle it formally.']","['high', 'high', 'low', 'low']","[-0.022552490234375, -4.5859375, -4.4609375, -12.265625]","[-0.0009805430536684783, -0.19938858695652173, -0.19395380434782608, -0.5840773809523809]","[0.31223592162132263, 0.2560444474220276, 0.2574397623538971, 0.1742798388004303]",0.5682803859794255,0.5682803859794255,0.06828038597942554
trait_agreeableness_00710,agreeableness,high,as_pas_only,none,trait_agreeableness_00710_act_002,high,"['trait_agreeableness_00710_act_001', 'trait_agreeableness_00710_act_002', 'trait_agreeableness_00710_act_003', 'trait_agreeableness_00710_act_004']","['Demand an explanation as to why you were excluded from the discussion, asserting your right to know what concerns your family.', 'Approach a family member gently and express that you would appreciate being included in the conversation as it would help you cope better with the group.', 'Confront the family decisively about the secrecy, making it clear that you expect transparency in future matters.', 'Politely express to your family that you feel left out and assure them that you are capable of handling the situation more calmly with their support.']","['low', 'high', 'low', 'high']","[-10.4609375, -0.0054779052734375, -5.50390625, -6.89453125]","[-0.4548233695652174, -0.00019563947405133928, -0.26209077380952384, -0.24623325892857142]","[0.19919981062412262, 0.3138565719127655, 0.24154143035411835, 0.24540218710899353]",0.559258759021759,0.559258759021759,0.05925875902175903
trait_agreeableness_00711,agreeableness,high,as_pas_only,none,trait_agreeableness_00711_act_002,low,"['trait_agreeableness_00711_act_001', 'trait_agreeableness_00711_act_002', 'trait_agreeableness_00711_act_003', 'trait_agreeableness_00711_act_004']","['Perhaps you might weigh the emotional costs against the professional gains and decide if the move aligns with your long-term personal happiness and career goals.', 'Take the job; advancing in your career is a priority, and the significant pay increase justifies the move.', 'You could consider accepting the job and finding ways to maintain strong relationships with your family and friends through regular visits and digital communication.', 'Move to the new city; it’s a valuable opportunity for professional growth, and personal relationships can adapt if they’re truly important.']","['high', 'low', 'high', 'low']","[-14.421875, -0.0557861328125, -15.234375, -8.21875]","[-0.5150669642857143, -0.002535733309659091, -0.609375, -0.3161057692307692]","[0.2083485722541809, 0.34784039855003357, 0.1895977109670639, 0.2542133033275604]",0.39794628915110664,0.39794628915110664,-0.10205371084889336
trait_agreeableness_00712,agreeableness,high,as_pas_only,none,trait_agreeableness_00712_act_004,high,"['trait_agreeableness_00712_act_001', 'trait_agreeableness_00712_act_002', 'trait_agreeableness_00712_act_003', 'trait_agreeableness_00712_act_004']","['Consider leveraging your time on more personal meetings where you can have genuine interactions, rather than a large industry event.', 'Skip the dinner if it really goes against your preferences and focus on networking in ways that make you feel comfortable.', 'You might find it rewarding to go and connect with a few people, making the experience more manageable and meaningful for you.', 'Consider attending the dinner to nurture relationships that could be beneficial for future collaborations or opportunities.']","['low', 'low', 'high', 'high']","[-5.46875, -1.1650390625, -2.69921875, -0.65625]","[-0.24857954545454544, -0.05295632102272727, -0.11246744791666667, -0.03860294117647059]","[0.21760284900665283, 0.26462000608444214, 0.24933159351348877, 0.26844558119773865]",0.5177771592802656,0.5177771592802656,0.017777159280265575
trait_agreeableness_00713,agreeableness,high,as_pas_only,none,trait_agreeableness_00713_act_004,low,"['trait_agreeableness_00713_act_001', 'trait_agreeableness_00713_act_002', 'trait_agreeableness_00713_act_003', 'trait_agreeableness_00713_act_004']","[""You could accept the nomination gracefully as it honors not just your work but also your team's effort."", 'Perhaps you might consider a compromise by accepting the nomination and requesting a more low-key acknowledgment at the ceremony.', 'Decline the nomination if it makes you uncomfortable; maintaining your personal comfort is more important than external recognition.', 'You might just let them know that while you appreciate the gesture, you prefer achievements to be celebrated internally rather than publicly.']","['high', 'high', 'low', 'low']","[-4.23046875, -1.009765625, -7.72265625, -0.85595703125]","[-0.2115234375, -0.048084077380952384, -0.3677455357142857, -0.035664876302083336]","[0.23667560517787933, 0.27869829535484314, 0.20244501531124115, 0.2821810841560364]",0.5153739005327225,0.5153739005327225,0.015373900532722473
trait_agreeableness_00714,agreeableness,high,as_pas_only,none,trait_agreeableness_00714_act_002,high,"['trait_agreeableness_00714_act_001', 'trait_agreeableness_00714_act_002', 'trait_agreeableness_00714_act_003', 'trait_agreeableness_00714_act_004']","['Just let them know that your current responsibilities cannot be set aside, and you must prioritize completing your pending work this weekend.', 'You might consider delegating some of your tasks or rescheduling commitments so you can join your friends and maintain those cherished relationships.', 'Suggest an alternate weekend for the getaway when you are less busy, demonstrating your interest while staying committed to your personal obligations.', 'Perhaps you could work a few extra hours before the weekend to clear up some urgent tasks, allowing you to enjoy the getaway without worries.']","['low', 'high', 'low', 'high']","[-12.4296875, -0.468017578125, -1.056640625, -3.837890625]","[-0.5179036458333334, -0.018720703125, -0.042265625, -0.1421440972222222]","[0.17505434155464172, 0.28838008642196655, 0.2816695272922516, 0.2548960745334625]",0.5432761447645382,0.5432761447645382,0.04327614476453823
trait_agreeableness_00715,agreeableness,high,as_pas_only,none,trait_agreeableness_00715_act_001,high,"['trait_agreeableness_00715_act_001', 'trait_agreeableness_00715_act_002', 'trait_agreeableness_00715_act_003', 'trait_agreeableness_00715_act_004']","['Suggest a team coffee break for everyone to refresh and help Ulisess feel less isolated in his stress.', 'Advise Ulisess to delegate some tasks to others to manage his workload better, which might alleviate his stress.', 'Offer to take a short walk with Ulisess during lunch, allowing for a change of scenery and a physical break from work.', 'Recommend that Ulisess reevaluate his project timeline and priorities, possibly pushing back less critical tasks.']","['high', 'low', 'high', 'low']","[-0.035125732421875, -4.84765625, -3.75390625, -5.94140625]","[-0.0015966242009943182, -0.21076766304347827, -0.1443810096153846, -0.2970703125]","[0.2921946346759796, 0.2370447814464569, 0.2533155083656311, 0.21744512021541595]",0.5455101186554081,0.5455101186554081,0.045510118655408105
trait_agreeableness_00716,agreeableness,high,as_pas_only,none,trait_agreeableness_00716_act_003,high,"['trait_agreeableness_00716_act_001', 'trait_agreeableness_00716_act_002', 'trait_agreeableness_00716_act_003', 'trait_agreeableness_00716_act_004']","['Decline the invitation as your workload and commitments cannot be compromised for additional social events.', 'Skip the ball; prioritize completing your major project and maintaining your current commitments.', ""Maybe you could go to the ball with Ranvir but let him know in advance that you'll need to leave early to manage your other commitments."", 'Consider attending the charity ball for just a short time to show support before focusing back on your project.']","['low', 'low', 'high', 'high']","[-2.91796875, -3.06640625, -0.2998046875, -6.5078125]","[-0.17164522058823528, -0.20442708333333334, -0.010338092672413793, -0.325390625]","[0.24998213350772858, 0.2419201135635376, 0.293740451335907, 0.21435724198818207]",0.5080977236090733,0.5080977236090733,0.008097723609073348
trait_agreeableness_00717,agreeableness,high,as_pas_only,none,trait_agreeableness_00717_act_003,low,"['trait_agreeableness_00717_act_001', 'trait_agreeableness_00717_act_002', 'trait_agreeableness_00717_act_003', 'trait_agreeableness_00717_act_004']","['Consider crafting homemade gifts, which can be both meaningful and budget-friendly.', 'You might also think about baking treats to bring to the parties, as this is an affordable and heartfelt alternative to traditional gifts.', 'Just opt out of gift-giving and explain your financial situation honestly if anyone asks.', 'Alternatively, buy a single bulk gift item that you can split among the various parties to minimize costs.']","['high', 'high', 'low', 'low']","[-3.16015625, -8.140625, -0.058258056640625, -11.1015625]","[-0.22572544642857142, -0.325625, -0.003426944508272059, -0.555078125]","[0.2581803500652313, 0.23363471031188965, 0.3224528431892395, 0.1857321709394455]",0.49181502373404623,0.49181502373404623,-0.00818497626595377
trait_agreeableness_00718,agreeableness,high,as_pas_only,none,trait_agreeableness_00718_act_001,low,"['trait_agreeableness_00718_act_001', 'trait_agreeableness_00718_act_002', 'trait_agreeableness_00718_act_003', 'trait_agreeableness_00718_act_004']","[""You should remain neutral, not laughing or reacting, to clearly indicate that such jokes aren't suitable for the workplace."", ""You might offer a light smile to acknowledge Geordie's attempt at humor without encouraging the nature of the joke."", 'Address Geordie later in private, suggesting that he consider the timing and content of his jokes more carefully in the future.', 'Perhaps gently change the subject to help move the conversation away from the joke and towards more appropriate meeting topics.']","['low', 'high', 'low', 'high']","[-0.00901031494140625, -4.7890625, -8.578125, -8.0]","[-0.0003917528235394022, -0.20822010869565216, -0.343125, -0.38095238095238093]","[0.3119490146636963, 0.253410667181015, 0.2214300036430359, 0.213210329413414]",0.46662098964123444,0.46662098964123444,-0.03337901035876556
trait_agreeableness_00719,agreeableness,high,as_pas_only,none,trait_agreeableness_00719_act_002,low,"['trait_agreeableness_00719_act_001', 'trait_agreeableness_00719_act_002', 'trait_agreeableness_00719_act_003', 'trait_agreeableness_00719_act_004']","['You might consider asking her if there’s anything specific you can do to help, showing your support goes beyond just professional boundaries.', 'Evaluate if sending flowers could set a precedent you’re uncomfortable with; maintaining professional boundaries is crucial.', 'Sending a thoughtful card along with the flowers can express your support and empathy during her difficult times.', 'Consider simply acknowledging her situation verbally when appropriate, which keeps the support subtle and professional.']","['high', 'low', 'high', 'low']","[-14.0390625, -0.25244140625, -3.83203125, -3.931640625]","[-0.5615625, -0.013286389802631578, -0.20168585526315788, -0.23127297794117646]","[0.18002478778362274, 0.3114910423755646, 0.25800296664237976, 0.2504812180995941]",0.43802774789888044,0.43802774789888044,-0.06197225210111956
trait_agreeableness_00720,agreeableness,high,as_pas_only,none,trait_agreeableness_00720_act_001,low,"['trait_agreeableness_00720_act_001', 'trait_agreeableness_00720_act_002', 'trait_agreeableness_00720_act_003', 'trait_agreeableness_00720_act_004']","['Suggest that Shandel looks into affordable financing or leasing options for a new laptop instead of giving yours away.', 'Keep the laptop for yourself since it could be useful for your future needs, and Shandel can explore other options to acquire one.', 'Consider surprising Shandel with the laptop, making it a heartfelt gesture to help them succeed in their projects.', 'You could gift the laptop to Shandel, as it would really boost their productivity and show how much you support their endeavors.']","['low', 'low', 'high', 'high']","[-0.74267578125, -11.0078125, -1.2587890625, -2.3984375]","[-0.033757990056818184, -0.42337740384615385, -0.05994233630952381, -0.0959375]","[0.27845966815948486, 0.18860481679439545, 0.2712630033493042, 0.2616724967956543]",0.5329355080863164,0.5329355080863164,0.0329355080863164
trait_agreeableness_00721,agreeableness,high,as_pas_only,none,trait_agreeableness_00721_act_001,high,"['trait_agreeableness_00721_act_001', 'trait_agreeableness_00721_act_002', 'trait_agreeableness_00721_act_003', 'trait_agreeableness_00721_act_004']","['You might consider gently expressing to Loujain how much effort and care you put into looking after their cat, which could naturally lead them to offer some form of gratitude.', 'Perhaps you could ask Loujain if they’d be willing to cover the costs you incurred while caring for their pet, as a kind gesture of appreciation.', 'Directly ask Loujain for a compensation for the expenses and time you invested in taking care of the cat, emphasizing that it is only fair.', 'Tell Loujain that taking care of their cat involved certain costs and effort on your part, and it would be reasonable to expect some form of compensation for your troubles.']","['high', 'high', 'low', 'low']","[-0.1888427734375, -3.09375, -2.19140625, -6.12109375]","[-0.00555419921875, -0.09979838709677419, -0.073046875, -0.18003216911764705]","[0.27139320969581604, 0.24698424339294434, 0.25368061661720276, 0.22794190049171448]",0.5183774685376128,0.5183774685376128,0.018377468537612796
trait_agreeableness_00722,agreeableness,high,as_pas_only,none,trait_agreeableness_00722_act_002,high,"['trait_agreeableness_00722_act_001', 'trait_agreeableness_00722_act_002', 'trait_agreeableness_00722_act_003', 'trait_agreeableness_00722_act_004']","['Politely decline, explaining that you already have commitments to your personal health this weekend.', 'Offer to help Nazair for a few hours on one day of the weekend so you can also have time for your relaxation.', 'Suggest that Nazair asks other friends who might not already have plans, as your weekend is already booked for personal time.', ""Suggest that Nazair could hire professional movers and you'll provide support by organizing meals or refreshments for everyone on the moving day.""]","['low', 'high', 'low', 'high']","[-2.88671875, -0.09466552734375, -6.32421875, -3.51171875]","[-0.16980698529411764, -0.00378662109375, -0.25296875, -0.1300636574074074]","[0.24146755039691925, 0.2850759029388428, 0.2221989929676056, 0.2512575387954712]",0.5363334497263051,0.5363334497263051,0.036333449726305145
trait_agreeableness_00723,agreeableness,high,as_pas_only,none,trait_agreeableness_00723_act_002,low,"['trait_agreeableness_00723_act_001', 'trait_agreeableness_00723_act_002', 'trait_agreeableness_00723_act_003', 'trait_agreeableness_00723_act_004']","[""Maybe express to Tavleen how you're feeling and ask if she's open to the idea of ordering a ride for you, so she can continue enjoying the party."", 'Tell Tavleen directly that you need to leave for your own comfort, regardless of her having fun.', 'You could suggest a compromise to Tavleen; perhaps staying just a bit longer to meet her happiness, then leaving together.', 'Inform Tavleen that you are calling a taxi for yourself because you want to leave now.']","['high', 'low', 'high', 'low']","[-2.181640625, -0.4970703125, -3.306640625, -1.4794921875]","[-0.06416590073529412, -0.02367001488095238, -0.132265625, -0.07786800986842106]","[0.2524050772190094, 0.262836217880249, 0.23578856885433197, 0.248970165848732]",0.4881936315240374,0.4881936315240374,-0.011806368475962614
trait_agreeableness_00724,agreeableness,high,as_pas_only,none,trait_agreeableness_00724_act_004,high,"['trait_agreeableness_00724_act_001', 'trait_agreeableness_00724_act_002', 'trait_agreeableness_00724_act_003', 'trait_agreeableness_00724_act_004']","['Suggest that Josalyn finds an alternative or waits for another time when you are less occupied.', 'Keep your business appointment as planned; it’s important to prioritize commitments that impact your professional goals.', 'Perhaps offer to help Josalyn after your business appointment, blending commitment with your supportive nature.', ""You might consider rescheduling the business appointment if Josalyn's request could foster a supportive relationship.""]","['low', 'low', 'high', 'high']","[-6.6875, -15.703125, -1.7646484375, -0.264892578125]","[-0.334375, -0.8264802631578947, -0.09287623355263158, -0.01324462890625]","[0.23456673324108124, 0.14339956641197205, 0.29864001274108887, 0.32339370250701904]",0.6220337059790834,0.6220337059790834,0.12203370597908336
trait_agreeableness_00725,agreeableness,high,as_pas_only,none,trait_agreeableness_00725_act_002,high,"['trait_agreeableness_00725_act_001', 'trait_agreeableness_00725_act_002', 'trait_agreeableness_00725_act_003', 'trait_agreeableness_00725_act_004']","[""Apologize sincerely to Webber for the comment and ask them how they feel or if there's anything they'd like to talk about."", 'Express your regret over the upsetting comment, then gently shift the conversation towards a topic that Webber enjoys to lighten the mood.', 'Clarify your comment to Webber, explaining your point of view so they understand your perspective better.', 'Ask Webber to explain why your comment upset them, which can lead to a clearer understanding on both sides.']","['high', 'high', 'low', 'low']","[-1.00390625, -0.4716796875, -5.046875, -7.94140625]","[-0.035853794642857144, -0.0188671875, -0.25234375, -0.36097301136363635]","[0.2820943295955658, 0.28692707419395447, 0.22718201577663422, 0.20379656553268433]",0.5690214122686,0.5690214122686,0.06902141226860004
trait_agreeableness_00726,agreeableness,high,as_pas_only,none,trait_agreeableness_00726_act_002,high,"['trait_agreeableness_00726_act_001', 'trait_agreeableness_00726_act_002', 'trait_agreeableness_00726_act_003', 'trait_agreeableness_00726_act_004']","['Suggest that Stevielynn should speak to a financial advisor to better manage her expenses and debt.', 'Offer to help Stevielynn by covering some of her medical expenses or by lending her money if that feels right to you.', 'Advise Stevielynn to negotiate the bills or seek cheaper medical alternatives for future treatments.', 'Consider providing support by helping Stevielynn find financial aid programs or charities that assist with medical bills.']","['low', 'high', 'low', 'high']","[-7.61328125, -0.0023975372314453125, -6.44140625, -8.96875]","[-0.3625372023809524, -9.221297044020433e-05, -0.33902138157894735, -0.4270833333333333]","[0.22736957669258118, 0.3266932964324951, 0.23277971148490906, 0.21315735578536987]",0.5398506843954732,0.5398506843954732,0.039850684395473235
trait_agreeableness_00727,agreeableness,high,as_pas_only,none,trait_agreeableness_00727_act_003,high,"['trait_agreeableness_00727_act_001', 'trait_agreeableness_00727_act_002', 'trait_agreeableness_00727_act_003', 'trait_agreeableness_00727_act_004']","['Consider starting with the positive aspects of the policy, then transition into your concerns, ensuring you maintain a respectful tone throughout.', 'Directly challenge the policy by presenting strong, logical arguments against it and demand a review from management.', 'You could express your concerns by highlighting how the policy impacts team morale, and gently suggest possible alternatives that could benefit everyone.', ""Question the policy's fairness and effectiveness in the meeting, and push for an immediate reconsideration by presenting the overall dissatisfaction of your colleagues.""]","['high', 'low', 'high', 'low']","[-2.693359375, -7.9921875, -1.4443359375, -3.380859375]","[-0.11222330729166667, -0.399609375, -0.0601806640625, -0.1252170138888889]","[0.2638012170791626, 0.19790948927402496, 0.27789366245269775, 0.2603956460952759]",0.5416948714599777,0.5416948714599777,0.041694871459977745
trait_agreeableness_00728,agreeableness,high,as_pas_only,none,trait_agreeableness_00728_act_004,high,"['trait_agreeableness_00728_act_001', 'trait_agreeableness_00728_act_002', 'trait_agreeableness_00728_act_003', 'trait_agreeableness_00728_act_004']","[""Propose a formal vote on the project during the next team meeting to decisively address and move beyond Kashtin's opposition."", ""Firmly defend your project's merits in the next meeting, showcasing robust evidence and data to counter his objections."", 'Consider inviting Kashtin to co-present the project, integrating his viewpoints to strengthen the proposal.', 'Schedule a one-on-one meeting with Kashtin to understand his concerns and discuss potential compromises.']","['low', 'low', 'high', 'high']","[-2.41015625, -2.255859375, -2.25, -0.359375]","[-0.0926983173076923, -0.09808084239130435, -0.11842105263157894, -0.018914473684210526]","[0.24716921150684357, 0.24584238231182098, 0.2408924102783203, 0.26609596610069275]",0.5069883914884445,0.5069883914884445,0.006988391488444545
trait_agreeableness_00729,agreeableness,high,as_pas_only,none,trait_agreeableness_00729_act_001,high,"['trait_agreeableness_00729_act_001', 'trait_agreeableness_00729_act_002', 'trait_agreeableness_00729_act_003', 'trait_agreeableness_00729_act_004']","['Offer to spend time with Janely, perhaps going for a walk or watching a movie together to help her feel less alone.', 'Consider sending Janely a care package filled with her favorite treats and a heartfelt note to show your support and affection.', 'Encourage Janely to join a support group where she can connect with people who understand her grief and can offer perspective.', 'Suggest that Janely seeks professional counseling to address her feelings of hopelessness and to develop coping strategies.']","['high', 'high', 'low', 'low']","[-1.98828125, -3.58203125, -5.18359375, -2.64453125]","[-0.07953125, -0.15574048913043478, -0.21598307291666666, -0.12593005952380953]","[0.2664015591144562, 0.24685363471508026, 0.23242159187793732, 0.25432324409484863]",0.5132551785333401,0.5132551785333401,0.013255178533340128
trait_agreeableness_00730,agreeableness,high,as_pas_only,none,trait_agreeableness_00730_act_001,low,"['trait_agreeableness_00730_act_001', 'trait_agreeableness_00730_act_002', 'trait_agreeableness_00730_act_003', 'trait_agreeableness_00730_act_004']","['Withhold Meital’s paycheck as a firm action to underline the seriousness of the performance issues and motivate improvement.', 'Consider setting up a meeting with Meital to openly discuss performance issues and explore supportive measures to help improve their work.', 'Implement a direct policy that ties Meital’s pay to specific performance metrics, ensuring accountability and immediate consequences for underperformance.', 'You might want to create an improvement plan that outlines clear goals and timelines for Meital, providing regular feedback and encouragement.']","['low', 'high', 'low', 'high']","[-0.00030350685119628906, -11.203125, -11.375, -22.515625]","[-1.3795765963467685e-05, -0.48709239130434784, -0.4739583333333333, -0.9381510416666666]","[0.38047167658805847, 0.23376892507076263, 0.2368595153093338, 0.14889992773532867]",0.3826688356994613,0.3826688356994613,-0.11733116430053869
trait_agreeableness_00731,agreeableness,high,as_pas_only,none,trait_agreeableness_00731_act_003,high,"['trait_agreeableness_00731_act_001', 'trait_agreeableness_00731_act_002', 'trait_agreeableness_00731_act_003', 'trait_agreeableness_00731_act_004']","['Perhaps you could delegate some of your responsibilities to other volunteers, which would allow you to continue supporting the charity while also managing your stress better.', ""It's practical to prioritize your own health and professional duties over volunteering; you can always return to it when you're in a better position."", 'You might consider reducing your hours slightly and finding a schedule that allows more time for rest, maintaining your commitment but taking care of your health too.', 'Consider taking a complete break from volunteering to focus entirely on your personal and professional life until you feel less overwhelmed.']","['high', 'low', 'high', 'low']","[-2.47265625, -3.69140625, -0.27197265625, -2.1640625]","[-0.08830915178571429, -0.1318359375, -0.009378367456896552, -0.09836647727272728]","[0.24816793203353882, 0.23759770393371582, 0.2685498297214508, 0.24568453431129456]",0.5167177617549896,0.5167177617549896,0.016717761754989624
trait_agreeableness_00732,agreeableness,high,as_pas_only,none,trait_agreeableness_00732_act_002,low,"['trait_agreeableness_00732_act_001', 'trait_agreeableness_00732_act_002', 'trait_agreeableness_00732_act_003', 'trait_agreeableness_00732_act_004']","['Recommend that they check local moving services or rental trucks, as you need to prioritize your own commitments this weekend.', 'Politely explain that you have long-standing personal plans and suggest that they reschedule the move or ask another friend for help.', 'You could suggest hiring professional movers and then visiting your friend after your retreat to help them unpack and settle in.', 'Offer to help your friend with packing a day or two before your retreat, so you can still support them without cancelling your plans.']","['low', 'low', 'high', 'high']","[-1.5, -0.53076171875, -3.109375, -2.271484375]","[-0.06818181818181818, -0.02123046875, -0.14133522727272727, -0.08736478365384616]","[0.25261908769607544, 0.2647627592086792, 0.23479890823364258, 0.24781928956508636]",0.4826181762240152,0.4826181762240152,-0.017381823775984795
trait_agreeableness_00733,agreeableness,high,as_pas_only,none,trait_agreeableness_00733_act_003,low,"['trait_agreeableness_00733_act_001', 'trait_agreeableness_00733_act_002', 'trait_agreeableness_00733_act_003', 'trait_agreeableness_00733_act_004']","['You could politely excuse yourself from your current commitment, explaining the importance of timely attendance at your work meeting.', 'Consider contacting a colleague who is also attending the meeting and kindly ask if they can cover the beginning part until you arrive.', ""Just focus on finishing your current commitment properly, even if it means being late; you can't always please everyone."", ""Send a quick message to inform them you'll be late, then proceed with your current engagement without cutting it short.""]","['high', 'high', 'low', 'low']","[-1.7880859375, -2.2109375, -0.397705078125, -3.599609375]","[-0.0851469494047619, -0.09212239583333333, -0.017291525135869564, -0.15650475543478262]","[0.2503512501716614, 0.24861100316047668, 0.2679285407066345, 0.2331092208623886]",0.4989622458970212,0.4989622458970212,-0.001037754102978794
trait_agreeableness_00734,agreeableness,high,as_pas_only,none,trait_agreeableness_00734_act_001,low,"['trait_agreeableness_00734_act_001', 'trait_agreeableness_00734_act_002', 'trait_agreeableness_00734_act_003', 'trait_agreeableness_00734_act_004']","['Directly ask both colleagues to clarify their points and explain the reasoning behind their disagreements in the meeting, fostering a clear and open dialogue.', 'You might consider suggesting a team-building activity that focuses on communication skills, which can improve overall team harmony without direct confrontation.', 'You could inform your manager about the disruptive behavior, letting them handle the situation and possibly mediate the conflict.', 'Perhaps you could recommend a feedback session where everyone gets the chance to express their thoughts in a structured manner, making the atmosphere more open and less tense.']","['low', 'high', 'low', 'high']","[-0.89697265625, -0.89453125, -11.1171875, -3.2265625]","[-0.03322120949074074, -0.037272135416666664, -0.5053267045454546, -0.10755208333333334]","[0.28184816241264343, 0.2807087302207947, 0.17578524351119995, 0.26165780425071716]",0.5423665667990784,0.5423665667990784,0.04236656679907835
trait_agreeableness_00735,agreeableness,high,as_pas_only,none,trait_agreeableness_00735_act_002,low,"['trait_agreeableness_00735_act_001', 'trait_agreeableness_00735_act_002', 'trait_agreeableness_00735_act_003', 'trait_agreeableness_00735_act_004']","['Maybe you can ask your friend how they feel about their project first to understand their perspective before sharing your thoughts.', 'Just be straightforward and tell your friend what you really think about the art project; they asked for honesty, after all.', 'You could mention specific aspects you like while gently suggesting improvements in areas you think could be better.', 'Recommend your friend to seek feedback from professional artists as well, which can provide them with a more objective critique.']","['high', 'low', 'high', 'low']","[-8.15625, -0.0003998279571533203, -16.0, -16.53125]","[-0.37073863636363635, -1.665949821472168e-05, -0.8421052631578947, -0.7514204545454546]","[0.2662177085876465, 0.38569092750549316, 0.16615943610668182, 0.18193192780017853]",0.4323771446943283,0.4323771446943283,-0.06762285530567169
trait_agreeableness_00736,agreeableness,high,as_pas_only,none,trait_agreeableness_00736_act_001,low,"['trait_agreeableness_00736_act_001', 'trait_agreeableness_00736_act_002', 'trait_agreeableness_00736_act_003', 'trait_agreeableness_00736_act_004']","['Suggest a compromise where Jahnia could redistribute some of the tasks among other team members to lessen your burden.', 'Decline the proposal, citing your current responsibilities and the importance of maintaining your personal life balance.', 'Perhaps you could agree to the new plan, but clarify your availability and limits to ensure your personal time is respected.', 'You might consider agreeing to the plan but also ask for help or support to manage the increased workload effectively.']","['low', 'low', 'high', 'high']","[-0.2890625, -9.8125, -1.9287109375, -3.333984375]","[-0.013139204545454546, -0.5164473684210527, -0.08385699728260869, -0.15876116071428573]","[0.29405391216278076, 0.1777636706829071, 0.2739773094654083, 0.25420501828193665]",0.5281823749705292,0.5281823749705292,0.028182374970529223
trait_agreeableness_00737,agreeableness,high,as_pas_only,none,trait_agreeableness_00737_act_002,high,"['trait_agreeableness_00737_act_001', 'trait_agreeableness_00737_act_002', 'trait_agreeableness_00737_act_003', 'trait_agreeableness_00737_act_004']","['You could gently remind your colleagues about the value of discussing concerns directly with PersonZ to promote a more understanding and supportive work environment.', 'Consider sharing positive experiences or achievements of PersonZ to subtly shift the tone of the conversation to something more constructive and appreciative.', ""You might propose focusing the discussion on tasks and projects instead, pointing out that speculative talk is not productive or beneficial for the team's goals."", 'Suggest setting up a meeting where concerns can be addressed openly with PersonZ present, ensuring a fair dialogue and cutting out behind-the-back criticisms.']","['high', 'high', 'low', 'low']","[-8.3828125, -0.67822265625, -0.900390625, -2.5078125]","[-0.32241586538461536, -0.02712890625, -0.03215680803571429, -0.08647629310344827]","[0.20216791331768036, 0.2716149687767029, 0.2702527642250061, 0.25596433877944946]",0.47378288915429845,0.47378288915429845,-0.026217110845701552
trait_agreeableness_00738,agreeableness,high,as_pas_only,none,trait_agreeableness_00738_act_001,low,"['trait_agreeableness_00738_act_001', 'trait_agreeableness_00738_act_002', 'trait_agreeableness_00738_act_003', 'trait_agreeableness_00738_act_004']","['Recommend they look into local community services like food banks and job training workshops to become more self-sufficient.', 'Offer to babysit the children a couple of times a week to give the parents time to job search or handle other responsibilities.', 'Suggest setting up a schedule where they can gradually take over the childcare and household chores as they stabilize financially.', 'Prepare some extra meals that can easily be reheated, to relieve them from cooking duties for a few days.']","['low', 'high', 'low', 'high']","[-0.485107421875, -2.232421875, -2.24609375, -2.232421875]","[-0.023100353422619048, -0.089296875, -0.10209517045454546, -0.10147372159090909]","[0.264227956533432, 0.24730335175991058, 0.24415844678878784, 0.24431023001670837]",0.4916135891022323,0.4916135891022323,-0.008386410897767704
trait_agreeableness_00739,agreeableness,high,as_pas_only,none,trait_agreeableness_00739_act_003,high,"['trait_agreeableness_00739_act_001', 'trait_agreeableness_00739_act_002', 'trait_agreeableness_00739_act_003', 'trait_agreeableness_00739_act_004']","['Consider encouraging Destinnie to seek advice from an independent financial advisor to ensure she makes a well-informed decision.', 'Go ahead and emphasize the potential high returns of the deal to persuade Destinnie, focusing on how such investments can significantly pay off.', 'You could prioritize transparency and discuss both the potential benefits and risks openly with Destinnie, emphasizing that the final decision is hers to make.', ""You should highlight the unique chance this deal represents and pitch it as a strategically aggressive investment that shouldn't be missed.""]","['high', 'low', 'high', 'low']","[-1.5185546875, -6.58203125, -0.8212890625, -1.32421875]","[-0.06902521306818182, -0.2531550480769231, -0.030418113425925927, -0.05757472826086957]","[0.25755229592323303, 0.21423916518688202, 0.26769009232521057, 0.260518342256546]",0.5252424430354997,0.5252424430354997,0.025242443035499718
trait_agreeableness_00740,agreeableness,high,as_pas_only,none,trait_agreeableness_00740_act_001,low,"['trait_agreeableness_00740_act_001', 'trait_agreeableness_00740_act_002', 'trait_agreeableness_00740_act_003', 'trait_agreeableness_00740_act_004']","[""Confront Hikari then and there by firmly stating the discomfort they're causing, to immediately address the issue."", ""Directly tell Hikari that their behavior is inappropriate and advise them to stop immediately if you feel it's disruptive enough."", 'Maybe suggest a quick, quiet walk with Hikari outside the venue to discuss the issue discreetly and help them regain composure.', 'Consider pulling Hikari aside gently to express your concerns in private, aiming to avoid public embarrassment.']","['low', 'low', 'high', 'high']","[-0.0992431640625, -3.0, -3.451171875, -4.96875]","[-0.004314920176630435, -0.12, -0.12782118055555555, -0.2484375]","[0.2810596525669098, 0.25035548210144043, 0.24840505421161652, 0.22017976641654968]",0.468584841575541,0.468584841575541,-0.03141515842445902
trait_agreeableness_00741,agreeableness,high,as_pas_only,none,trait_agreeableness_00741_act_001,high,"['trait_agreeableness_00741_act_001', 'trait_agreeableness_00741_act_002', 'trait_agreeableness_00741_act_003', 'trait_agreeableness_00741_act_004']","['You might consider arranging a private, friendly chat with Janya to understand any challenges she’s facing and discuss how you can help her meet her deadlines.', 'Perhaps you could offer to help Janya organize her tasks or suggest setting up a team meeting to realign everyone’s responsibilities and deadlines.', ""Directly inform Janya that her missed deadlines are impacting the team's performance and she needs to adhere to the project timeline more strictly."", 'Send an email to Janya outlining the deadlines and mentioning that further delays could lead to discussions with higher management.']","['high', 'high', 'low', 'low']","[-0.254150390625, -4.2890625, -1.7197265625, -9.453125]","[-0.0084716796875, -0.15885416666666666, -0.0636935763888889, -0.4296875]","[0.28877508640289307, 0.2484559863805771, 0.2732606828212738, 0.18950819969177246]",0.5372310967995717,0.5372310967995717,0.037231096799571706
trait_agreeableness_00742,agreeableness,high,as_pas_only,none,trait_agreeableness_00742_act_001,low,"['trait_agreeableness_00742_act_001', 'trait_agreeableness_00742_act_002', 'trait_agreeableness_00742_act_003', 'trait_agreeableness_00742_act_004']","['Directly point out the flaw during the meeting and suggest an alternative strategy that mitigates these risks.', 'Consider suggesting a follow-up meeting where you can review the strategy more thoroughly together, to align on the best approach.', 'Challenge the strategy openly in the meeting to ensure everyone is aware of the potential losses, emphasizing the need for a robust discussion.', 'You could express your concerns by privately messaging your colleague, framing it as seeking to understand their perspective better.']","['low', 'high', 'low', 'high']","[-0.31640625, -8.1328125, -1.3974609375, -8.7109375]","[-0.0158203125, -0.35360054347826086, -0.0558984375, -0.4148065476190476]","[0.2989477217197418, 0.21325497329235077, 0.2872033715248108, 0.20059390366077423]",0.41384888928678304,0.41384888928678304,-0.08615111071321696
trait_agreeableness_00743,agreeableness,high,as_pas_only,none,trait_agreeableness_00743_act_002,low,"['trait_agreeableness_00743_act_001', 'trait_agreeableness_00743_act_002', 'trait_agreeableness_00743_act_003', 'trait_agreeableness_00743_act_004']","['Maybe you could offer to help train someone else to share the workload, easing the burden on you.', 'Just say no to additional shifts and prioritize your health over voluntary extras.', 'You might consider gently explaining to your supervisor your health concerns and see if you can reduce the extra shifts.', ""Take a step back and let others step up; you're not the only one who can volunteer for extra work.""]","['high', 'low', 'high', 'low']","[-7.375, -0.250244140625, -1.53125, -8.0]","[-0.36875, -0.017874581473214284, -0.07291666666666667, -0.34782608695652173]","[0.2089557945728302, 0.29678207635879517, 0.28088802099227905, 0.2133740335702896]",0.48984385206132025,0.48984385206132025,-0.01015614793867975
trait_agreeableness_00744,agreeableness,high,as_pas_only,none,trait_agreeableness_00744_act_001,low,"['trait_agreeableness_00744_act_001', 'trait_agreeableness_00744_act_002', 'trait_agreeableness_00744_act_003', 'trait_agreeableness_00744_act_004']","['Escalate the issue to your manager or HR department to formally address the rumors and protect your professional reputation.', 'Address the situation directly by confronting your colleague and demand they stop spreading unfounded rumors immediately.', 'Offer to collaborate on a project together which could help improve your relationship and show your genuine intentions.', 'Invite your colleague for a coffee and gently discuss the impact their behavior is having on you, aiming to clear up any misunderstandings.']","['low', 'low', 'high', 'high']","[-0.0711669921875, -4.2109375, -3.068359375, -5.3203125]","[-0.00323486328125, -0.2339409722222222, -0.16149259868421054, -0.20462740384615385]","[0.2885841429233551, 0.22912795841693878, 0.24634400010108948, 0.23594392836093903]",0.4822879140887286,0.4822879140887286,-0.01771208591127138
trait_agreeableness_00745,agreeableness,high,as_pas_only,none,trait_agreeableness_00745_act_002,high,"['trait_agreeableness_00745_act_001', 'trait_agreeableness_00745_act_002', 'trait_agreeableness_00745_act_003', 'trait_agreeableness_00745_act_004']","['You could give your friend the guitar as a gift to help ease their financial burden and share the joy of music.', 'Consider lending the guitar to your friend until they can afford one, creating a win-win situation where you keep ownership and they get to play.', 'Keep the guitar since giving it away could set a precedent for similar expectations in the future.', 'Suggest that your friend looks for affordable second-hand options online, emphasizing the importance of financial responsibility.']","['high', 'high', 'low', 'low']","[-2.97265625, -0.1400146484375, -3.80078125, -4.72265625]","[-0.1292459239130435, -0.005000523158482143, -0.2111545138888889, -0.2361328125]","[0.25301870703697205, 0.2864914834499359, 0.23312035202980042, 0.2273695170879364]",0.5395101583295966,0.5395101583295966,0.03951015832959659
trait_agreeableness_00746,agreeableness,high,as_pas_only,none,trait_agreeableness_00746_act_002,high,"['trait_agreeableness_00746_act_001', 'trait_agreeableness_00746_act_002', 'trait_agreeableness_00746_act_003', 'trait_agreeableness_00746_act_004']","['Consider suggesting that Aythana delegate specific tasks to other team members or ask for an extension from the project lead.', ""Absolutely, offering your assistance could greatly alleviate Aythana's stress and help distribute the project tasks more manageably."", 'Recommend to Aythana to reevaluate her project plan and identify priorities; she might need to focus on key areas and drop less critical tasks.', 'Yes, stepping in to help Aythana not only supports her but also strengthens the teamwork within the project.']","['low', 'high', 'low', 'high']","[-7.37109375, -0.042205810546875, -13.0546875, -3.474609375]","[-0.32048233695652173, -0.0018350352411684783, -0.4501616379310345, -0.15793678977272727]","[0.22572623193264008, 0.31043365597724915, 0.19827276468276978, 0.2655673325061798]",0.5760009970665126,0.5760009970665126,0.07600099706651264
trait_agreeableness_00747,agreeableness,high,as_pas_only,none,trait_agreeableness_00747_act_001,high,"['trait_agreeableness_00747_act_001', 'trait_agreeableness_00747_act_002', 'trait_agreeableness_00747_act_003', 'trait_agreeableness_00747_act_004']","['Consider suggesting a brief team check-in where everyone updates the group on their progress, allowing Carielle to share in a non-confrontational setting.', ""Point out directly to Carielle during the meeting that you've noticed discrepancies in their work, asking for an immediate clarification."", 'Perhaps you could invite Carielle for a private chat to gently inquire about their progress and any challenges they might be facing.', ""Challenge Carielle in the meeting to present detailed evidence of their progress to ensure they're held accountable in front of the team.""]","['high', 'low', 'high', 'low']","[-0.04339599609375, -8.1796875, -5.63671875, -8.2421875]","[-0.001446533203125, -0.3271875, -0.22546875, -0.31700721153846156]","[0.30762892961502075, 0.22210568189620972, 0.24588698148727417, 0.2243783324956894]",0.5535159523424471,0.5535159523424471,0.053515952342447104
trait_agreeableness_00748,agreeableness,high,as_pas_only,none,trait_agreeableness_00748_act_002,low,"['trait_agreeableness_00748_act_001', 'trait_agreeableness_00748_act_002', 'trait_agreeableness_00748_act_003', 'trait_agreeableness_00748_act_004']","['Document specific instances where Melicia took undue credit and present these to your supervisor as evidence.', ""Report the behavior to your supervisor immediately to prevent further damage to the team's morale."", 'Consider organizing a team intervention where everyone can openly discuss their feelings about fairness and recognition.', 'You could speak with Melicia first to express your concerns and give them a chance to rectify the situation themselves.']","['low', 'low', 'high', 'high']","[-6.78125, -0.0011539459228515625, -12.78125, -19.125]","[-0.3767361111111111, -6.787917193244485e-05, -0.7518382352941176, -0.8315217391304348]","[0.2646045982837677, 0.3856402039527893, 0.18184132874011993, 0.16791383922100067]",0.3497551783846372,0.3497551783846372,-0.1502448216153628
trait_agreeableness_00749,agreeableness,high,as_pas_only,none,trait_agreeableness_00749_act_004,low,"['trait_agreeableness_00749_act_001', 'trait_agreeableness_00749_act_002', 'trait_agreeableness_00749_act_003', 'trait_agreeableness_00749_act_004']","['You might consider addressing the discomfort with Tagert directly by kindly expressing how their behavior makes you feel and seeking a mutual understanding.', 'Perhaps you could involve a mediator from HR to help facilitate a constructive conversation with Tagert, which might improve your work environment.', 'Stand your ground and confront Tagert directly about their aggressive behavior without sugarcoating your concerns.', 'Keep avoiding Tagert if interacting with them disrupts your productivity and peace of mind, focusing instead on your own work responsibilities.']","['high', 'high', 'low', 'low']","[-12.84375, -8.6484375, -2.91796875, -0.058135986328125]","[-0.51375, -0.3459375, -0.15357730263157895, -0.002325439453125]","[0.1892520934343338, 0.22383126616477966, 0.27130743861198425, 0.3156091272830963]",0.4130833903762244,0.4130833903762244,-0.08691660962377562
trait_agreeableness_00750,agreeableness,high,as_pas_only,none,trait_agreeableness_00750_act_003,low,"['trait_agreeableness_00750_act_001', 'trait_agreeableness_00750_act_002', 'trait_agreeableness_00750_act_003', 'trait_agreeableness_00750_act_004']","['Directly challenge the strategy in a team meeting by clearly outlining the potential pitfalls and presenting your alternative solutions.', 'You might consider gently suggesting a team meeting to review the project strategy and express your concerns in a supportive manner.', 'Write a concise, fact-based email to your project leader detailing why the current strategy might fail and suggest a meeting to discuss viable alternatives.', 'Perhaps you could offer to help research or present alternative strategies that could complement the current plan without dismissing it entirely.']","['low', 'high', 'low', 'high']","[-3.4375, -2.158203125, -0.20361328125, -5.20703125]","[-0.1636904761904762, -0.09810014204545454, -0.007541232638888889, -0.23668323863636365]","[0.24001550674438477, 0.25628596544265747, 0.28057828545570374, 0.22312022745609283]",0.4794062000424594,0.4794062000424594,-0.020593799957540626
trait_agreeableness_00701,agreeableness,low,as_pas_only,none,trait_agreeableness_00701_act_002,high,"['trait_agreeableness_00701_act_001', 'trait_agreeableness_00701_act_002', 'trait_agreeableness_00701_act_003', 'trait_agreeableness_00701_act_004']","['You could propose a meeting to discuss the strengths of each theme and consider blending elements of both to please a wider audience.', 'Maybe consult with other team members for their opinions to see if a consensus can be achieved that respects both perspectives.', 'Stick to presenting clear, data-backed arguments on why a cultural heritage theme could draw more interest and community engagement.', 'Insist on setting clear objectives for the event and demonstrate how your theme aligns better with those goals compared to a modern tech theme.']","['high', 'high', 'low', 'low']","[-8.359375, -0.8603515625, -1.4384765625, -4.796875]","[-0.3483072916666667, -0.039106889204545456, -0.06538529829545454, -0.17766203703703703]","[0.2051110863685608, 0.279430091381073, 0.27218276262283325, 0.24327610433101654]",0.48454115608895615,0.5154588439110439,0.015458843911043907
trait_agreeableness_00702,agreeableness,low,as_pas_only,none,trait_agreeableness_00702_act_002,high,"['trait_agreeableness_00702_act_001', 'trait_agreeableness_00702_act_002', 'trait_agreeableness_00702_act_003', 'trait_agreeableness_00702_act_004']","['Clearly communicate to your supervisor the unrealistic nature of the additional workload and negotiate down the responsibilities.', 'Consider discussing a phased approach with your boss to gradually integrate the new project while maintaining balance with your current tasks.', 'Prioritize your tasks and cut down on the least essential ones; put focus only on what genuinely requires your expertise.', 'You could ask for support from your team or colleagues to help manage the workload more efficiently.']","['low', 'high', 'low', 'high']","[-1.05078125, -0.75244140625, -1.798828125, -10.8125]","[-0.05837673611111111, -0.03420188210227273, -0.07820991847826086, -0.6006944444444444]","[0.27884429693222046, 0.2856674790382385, 0.2733684182167053, 0.16211985051631927]",0.44778730953690515,0.5522126904630948,0.052212690463094846
trait_agreeableness_00703,agreeableness,low,as_pas_only,none,trait_agreeableness_00703_act_002,low,"['trait_agreeableness_00703_act_001', 'trait_agreeableness_00703_act_002', 'trait_agreeableness_00703_act_003', 'trait_agreeableness_00703_act_004']","['Consider setting aside a portion of your bonus for your vacation and donate a portion to your friend to ease their burden.', 'Invest the bonus in a personal savings or retirement fund to ensure your future financial stability.', 'You could offer to help your friend cover some of their medical expenses with part of your bonus.', 'Use the bonus for the vacation you’ve been planning, as personal relaxation and fulfillment are important.']","['high', 'low', 'high', 'low']","[-4.265625, -0.468994140625, -5.53515625, -1.087890625]","[-0.18546195652173914, -0.027587890625, -0.29132401315789475, -0.05725740131578947]","[0.2376791387796402, 0.27832671999931335, 0.2138039618730545, 0.27019020915031433]",0.4514830871974502,0.5485169128025498,0.04851691280254977
trait_agreeableness_00704,agreeableness,low,as_pas_only,none,trait_agreeableness_00704_act_001,low,"['trait_agreeableness_00704_act_001', 'trait_agreeableness_00704_act_002', 'trait_agreeableness_00704_act_003', 'trait_agreeableness_00704_act_004']","['Challenge the team to justify the strategy with data or precedents, given its similarity to past unsuccessful attempts.', 'Directly state the issues and shortcomings you foresee with the agreed strategy to ensure they are aware of the potential risks.', 'Maybe suggest setting up a small trial run of the strategy first, to demonstrate the outcomes before fully committing.', 'You could gently express your concerns and propose discussing alternative strategies that could prevent potential issues.']","['low', 'low', 'high', 'high']","[-0.55517578125, -1.6650390625, -2.9921875, -3.8359375]","[-0.026436941964285716, -0.07239300271739131, -0.14248511904761904, -0.22564338235294118]","[0.27285897731781006, 0.2606032192707062, 0.24296246469020844, 0.2235753834247589]",0.46653782725910126,0.5334621727408988,0.0334621727408988
trait_agreeableness_00705,agreeableness,low,as_pas_only,none,trait_agreeableness_00705_act_001,high,"['trait_agreeableness_00705_act_001', 'trait_agreeableness_00705_act_002', 'trait_agreeableness_00705_act_003', 'trait_agreeableness_00705_act_004']","['You could consider politely reaching out to the rental agency to express your concerns and ask for possible solutions or compensation.', 'Maybe try to calmly discuss the discrepancies with the agency, highlighting the missing amenities and differences in the property, and request an amicable resolution.', 'Demand an immediate response from the rental agency and insist on a partial refund or relocation to a property that matches the initial description.', 'Send a firm email to the agency detailing every issue, and make it clear you expect swift action or you will consider legal advice.']","['high', 'high', 'low', 'low']","[-0.261474609375, -1.4873046875, -11.9296875, -11.4453125]","[-0.011885209517045454, -0.05311802455357143, -0.4771875, -0.4402043269230769]","[0.3087225556373596, 0.29625192284584045, 0.19386085867881775, 0.20116469264030457]",0.6049744604535562,0.3950255395464438,-0.10497446045355618
trait_agreeableness_00706,agreeableness,low,as_pas_only,none,trait_agreeableness_00706_act_001,low,"['trait_agreeableness_00706_act_001', 'trait_agreeableness_00706_act_002', 'trait_agreeableness_00706_act_003', 'trait_agreeableness_00706_act_004']","['Directly confront Marybella in your next team meeting by highlighting specific instances where your ideas were dismissed and demand a justification.', 'Consider asking Marybella for a private meeting to express how valuable you feel contributions from all team members are, including yours.', 'Email the whole team including your manager outlining how the dismissal of ideas by any team member, including Marybella, negatively impacts project creativity and ask for more structured discussion protocols.', 'Maybe propose a team brainstorming session where everyone submits one idea anonymously to ensure each thought is considered without bias.']","['low', 'high', 'low', 'high']","[-0.307373046875, -1.69921875, -4.7265625, -8.1484375]","[-0.012294921875, -0.06796875, -0.13504464285714285, -0.3703835227272727]","[0.2833388149738312, 0.26799532771110535, 0.2506089210510254, 0.19805699586868286]",0.4660522958009067,0.5339477041990933,0.03394770419909332
trait_agreeableness_00707,agreeableness,low,as_pas_only,none,trait_agreeableness_00707_act_002,low,"['trait_agreeableness_00707_act_001', 'trait_agreeableness_00707_act_002', 'trait_agreeableness_00707_act_003', 'trait_agreeableness_00707_act_004']","['Perhaps eat a healthy meal before the party to lessen your cravings and politely sample very small amounts of your favorite foods.', 'Just say no to the unhealthy options and stick firmly to your diet plan; it’s about your health after all.', 'You could bring a dish to share that fits your diet so you have a healthy option available and still enjoy the party.', 'Ignore the offerings and focus on socializing, not eating; you’re there for your friend, not the food.']","['high', 'low', 'high', 'low']","[-3.80078125, -0.25439453125, -2.64453125, -10.5859375]","[-0.16525135869565216, -0.01106063179347826, -0.11018880208333333, -0.460258152173913]","[0.252025842666626, 0.2940419316291809, 0.2662922143936157, 0.18763992190361023]",0.5183181034014913,0.4816818965985087,-0.018318103401491315
trait_agreeableness_00708,agreeableness,low,as_pas_only,none,trait_agreeableness_00708_act_001,low,"['trait_agreeableness_00708_act_001', 'trait_agreeableness_00708_act_002', 'trait_agreeableness_00708_act_003', 'trait_agreeableness_00708_act_004']","['Simply note the achievement directly to Nazareth and mention that you noticed the milestone, encouraging them to own their success publicly.', ""Challenge Nazareth in a light-hearted manner about why they haven't boasted about their success yet, to push them out of their comfort zone."", 'Encourage mutual friends or coworkers to subtly acknowledge the achievement, fostering a supportive environment without overwhelming Nazareth.', 'Quietly congratulate Nazareth in a personal message to show your support and respect for their privacy.']","['low', 'low', 'high', 'high']","[-0.003925323486328125, -11.75, -5.81640625, -9.234375]","[-0.00016355514526367188, -0.41964285714285715, -0.27697172619047616, -0.48601973684210525]","[0.32995033264160156, 0.21690572798252106, 0.2501683235168457, 0.20297564566135406]",0.4531439556734575,0.5468560443265424,0.046856044326542445
trait_agreeableness_00709,agreeableness,low,as_pas_only,none,trait_agreeableness_00709_act_001,high,"['trait_agreeableness_00709_act_001', 'trait_agreeableness_00709_act_002', 'trait_agreeableness_00709_act_003', 'trait_agreeableness_00709_act_004']","['Consider politely telling Zacharyah that his advances are making you uncomfortable and you would like to keep your relationship professional.', 'Maybe talk to a trusted colleague or a supervisor for advice on how to approach Zacharyah about this sensitive issue.', 'Directly tell Zacharyah to stop the advances, asserting that they are inappropriate and unwelcome at the workplace.', 'If speaking to him directly doesn’t work, report the behavior to your HR department to handle it formally.']","['high', 'high', 'low', 'low']","[-0.11688232421875, -3.6171875, -2.4921875, -10.6171875]","[-0.005081840183423913, -0.15726902173913043, -0.10835597826086957, -0.5055803571428571]","[0.2970059812068939, 0.25507691502571106, 0.2678636610507965, 0.1800534427165985]",0.552082896232605,0.447917103767395,-0.05208289623260498
trait_agreeableness_00710,agreeableness,low,as_pas_only,none,trait_agreeableness_00710_act_002,high,"['trait_agreeableness_00710_act_001', 'trait_agreeableness_00710_act_002', 'trait_agreeableness_00710_act_003', 'trait_agreeableness_00710_act_004']","['Demand an explanation as to why you were excluded from the discussion, asserting your right to know what concerns your family.', 'Approach a family member gently and express that you would appreciate being included in the conversation as it would help you cope better with the group.', 'Confront the family decisively about the secrecy, making it clear that you expect transparency in future matters.', 'Politely express to your family that you feel left out and assure them that you are capable of handling the situation more calmly with their support.']","['low', 'high', 'low', 'high']","[-6.16796875, -0.089111328125, -2.49609375, -7.99609375]","[-0.2681725543478261, -0.0031825474330357145, -0.11886160714285714, -0.2855747767857143]","[0.22486057877540588, 0.29308730363845825, 0.26107075810432434, 0.22098134458065033]",0.5140686558793285,0.4859313441206715,-0.014068655879328484
trait_agreeableness_00711,agreeableness,low,as_pas_only,none,trait_agreeableness_00711_act_002,low,"['trait_agreeableness_00711_act_001', 'trait_agreeableness_00711_act_002', 'trait_agreeableness_00711_act_003', 'trait_agreeableness_00711_act_004']","['Perhaps you might weigh the emotional costs against the professional gains and decide if the move aligns with your long-term personal happiness and career goals.', 'Take the job; advancing in your career is a priority, and the significant pay increase justifies the move.', 'You could consider accepting the job and finding ways to maintain strong relationships with your family and friends through regular visits and digital communication.', 'Move to the new city; it’s a valuable opportunity for professional growth, and personal relationships can adapt if they’re truly important.']","['high', 'low', 'high', 'low']","[-15.1875, -0.0924072265625, -17.53125, -8.65625]","[-0.5424107142857143, -0.004200328480113636, -0.70125, -0.3329326923076923]","[0.20837213099002838, 0.35692867636680603, 0.1777692437171936, 0.25692999362945557]",0.38614135744535816,0.6138586425546418,0.11385864255464184
trait_agreeableness_00712,agreeableness,low,as_pas_only,none,trait_agreeableness_00712_act_002,low,"['trait_agreeableness_00712_act_001', 'trait_agreeableness_00712_act_002', 'trait_agreeableness_00712_act_003', 'trait_agreeableness_00712_act_004']","['Consider leveraging your time on more personal meetings where you can have genuine interactions, rather than a large industry event.', 'Skip the dinner if it really goes against your preferences and focus on networking in ways that make you feel comfortable.', 'You might find it rewarding to go and connect with a few people, making the experience more manageable and meaningful for you.', 'Consider attending the dinner to nurture relationships that could be beneficial for future collaborations or opportunities.']","['low', 'low', 'high', 'high']","[-5.54296875, -0.69775390625, -4.203125, -1.1044921875]","[-0.251953125, -0.03171608664772727, -0.17513020833333334, -0.06497012867647059]","[0.22066140174865723, 0.27502623200416565, 0.23828141391277313, 0.266030877828598]",0.5043123293155677,0.4956876706844323,-0.004312329315567687
trait_agreeableness_00713,agreeableness,low,as_pas_only,none,trait_agreeableness_00713_act_004,low,"['trait_agreeableness_00713_act_001', 'trait_agreeableness_00713_act_002', 'trait_agreeableness_00713_act_003', 'trait_agreeableness_00713_act_004']","[""You could accept the nomination gracefully as it honors not just your work but also your team's effort."", 'Perhaps you might consider a compromise by accepting the nomination and requesting a more low-key acknowledgment at the ceremony.', 'Decline the nomination if it makes you uncomfortable; maintaining your personal comfort is more important than external recognition.', 'You might just let them know that while you appreciate the gesture, you prefer achievements to be celebrated internally rather than publicly.']","['high', 'high', 'low', 'low']","[-4.4921875, -1.32421875, -6.5078125, -0.9306640625]","[-0.224609375, -0.06305803571428571, -0.3098958333333333, -0.038777669270833336]","[0.23267711699008942, 0.2734730541706085, 0.21365557610988617, 0.28019434213638306]",0.5061501259073502,0.4938498740926498,-0.006150125907350201
trait_agreeableness_00714,agreeableness,low,as_pas_only,none,trait_agreeableness_00714_act_003,low,"['trait_agreeableness_00714_act_001', 'trait_agreeableness_00714_act_002', 'trait_agreeableness_00714_act_003', 'trait_agreeableness_00714_act_004']","['Just let them know that your current responsibilities cannot be set aside, and you must prioritize completing your pending work this weekend.', 'You might consider delegating some of your tasks or rescheduling commitments so you can join your friends and maintain those cherished relationships.', 'Suggest an alternate weekend for the getaway when you are less busy, demonstrating your interest while staying committed to your personal obligations.', 'Perhaps you could work a few extra hours before the weekend to clear up some urgent tasks, allowing you to enjoy the getaway without worries.']","['low', 'high', 'low', 'high']","[-9.2578125, -0.7470703125, -0.7275390625, -3.4140625]","[-0.3857421875, -0.0298828125, -0.0291015625, -0.12644675925925927]","[0.19410140812397003, 0.27706167101860046, 0.27727821469306946, 0.25155866146087646]",0.5286203561106484,0.4713796438893516,-0.028620356110648393
trait_agreeableness_00715,agreeableness,low,as_pas_only,none,trait_agreeableness_00715_act_001,high,"['trait_agreeableness_00715_act_001', 'trait_agreeableness_00715_act_002', 'trait_agreeableness_00715_act_003', 'trait_agreeableness_00715_act_004']","['Suggest a team coffee break for everyone to refresh and help Ulisess feel less isolated in his stress.', 'Advise Ulisess to delegate some tasks to others to manage his workload better, which might alleviate his stress.', 'Offer to take a short walk with Ulisess during lunch, allowing for a change of scenery and a physical break from work.', 'Recommend that Ulisess reevaluate his project timeline and priorities, possibly pushing back less critical tasks.']","['high', 'low', 'high', 'low']","[-0.0246124267578125, -4.9296875, -4.3046875, -5.8203125]","[-0.001118746670809659, -0.21433423913043478, -0.16556490384615385, -0.291015625]","[0.293712854385376, 0.23731470108032227, 0.24917523562908173, 0.219797283411026]",0.542888049566146,0.457111950433854,-0.042888049566146
trait_agreeableness_00716,agreeableness,low,as_pas_only,none,trait_agreeableness_00716_act_001,low,"['trait_agreeableness_00716_act_001', 'trait_agreeableness_00716_act_002', 'trait_agreeableness_00716_act_003', 'trait_agreeableness_00716_act_004']","['Decline the invitation as your workload and commitments cannot be compromised for additional social events.', 'Skip the ball; prioritize completing your major project and maintaining your current commitments.', ""Maybe you could go to the ball with Ranvir but let him know in advance that you'll need to leave early to manage your other commitments."", 'Consider attending the charity ball for just a short time to show support before focusing back on your project.']","['low', 'low', 'high', 'high']","[-0.390869140625, -3.2890625, -2.037109375, -8.9453125]","[-0.02299230238970588, -0.21927083333333333, -0.07024515086206896, -0.447265625]","[0.29155585169792175, 0.23959572613239288, 0.2780994474887848, 0.19074895977973938]",0.46884841425491,0.53115158574509,0.031151585745090027
trait_agreeableness_00717,agreeableness,low,as_pas_only,none,trait_agreeableness_00717_act_003,low,"['trait_agreeableness_00717_act_001', 'trait_agreeableness_00717_act_002', 'trait_agreeableness_00717_act_003', 'trait_agreeableness_00717_act_004']","['Consider crafting homemade gifts, which can be both meaningful and budget-friendly.', 'You might also think about baking treats to bring to the parties, as this is an affordable and heartfelt alternative to traditional gifts.', 'Just opt out of gift-giving and explain your financial situation honestly if anyone asks.', 'Alternatively, buy a single bulk gift item that you can split among the various parties to minimize costs.']","['high', 'high', 'low', 'low']","[-3.88671875, -9.125, -0.041473388671875, -12.078125]","[-0.27762276785714285, -0.365, -0.002439611098345588, -0.60390625]","[0.25286346673965454, 0.23170670866966248, 0.3329634666442871, 0.18246641755104065]",0.48457014652668556,0.5154298534733144,0.015429853473314381
trait_agreeableness_00718,agreeableness,low,as_pas_only,none,trait_agreeableness_00718_act_001,low,"['trait_agreeableness_00718_act_001', 'trait_agreeableness_00718_act_002', 'trait_agreeableness_00718_act_003', 'trait_agreeableness_00718_act_004']","[""You should remain neutral, not laughing or reacting, to clearly indicate that such jokes aren't suitable for the workplace."", ""You might offer a light smile to acknowledge Geordie's attempt at humor without encouraging the nature of the joke."", 'Address Geordie later in private, suggesting that he consider the timing and content of his jokes more carefully in the future.', 'Perhaps gently change the subject to help move the conversation away from the joke and towards more appropriate meeting topics.']","['low', 'high', 'low', 'high']","[-0.00531768798828125, -5.37890625, -7.921875, -8.375]","[-0.00023120382557744566, -0.23386548913043478, -0.316875, -0.39880952380952384]","[0.3133307993412018, 0.24804873764514923, 0.22828976809978485, 0.21033072471618652]",0.45837944870056363,0.5416205512994363,0.041620551299436315
trait_agreeableness_00719,agreeableness,low,as_pas_only,none,trait_agreeableness_00719_act_002,low,"['trait_agreeableness_00719_act_001', 'trait_agreeableness_00719_act_002', 'trait_agreeableness_00719_act_003', 'trait_agreeableness_00719_act_004']","['You might consider asking her if there’s anything specific you can do to help, showing your support goes beyond just professional boundaries.', 'Evaluate if sending flowers could set a precedent you’re uncomfortable with; maintaining professional boundaries is crucial.', 'Sending a thoughtful card along with the flowers can express your support and empathy during her difficult times.', 'Consider simply acknowledging her situation verbally when appropriate, which keeps the support subtle and professional.']","['high', 'low', 'high', 'low']","[-15.8359375, -0.09173583984375, -5.1953125, -5.8359375]","[-0.6334375, -0.004828202097039474, -0.2734375, -0.34329044117647056]","[0.17714934051036835, 0.3321552276611328, 0.25391334295272827, 0.23678207397460938]",0.43106268988643126,0.5689373101135687,0.06893731011356874
trait_agreeableness_00720,agreeableness,low,as_pas_only,none,trait_agreeableness_00720_act_001,low,"['trait_agreeableness_00720_act_001', 'trait_agreeableness_00720_act_002', 'trait_agreeableness_00720_act_003', 'trait_agreeableness_00720_act_004']","['Suggest that Shandel looks into affordable financing or leasing options for a new laptop instead of giving yours away.', 'Keep the laptop for yourself since it could be useful for your future needs, and Shandel can explore other options to acquire one.', 'Consider surprising Shandel with the laptop, making it a heartfelt gesture to help them succeed in their projects.', 'You could gift the laptop to Shandel, as it would really boost their productivity and show how much you support their endeavors.']","['low', 'low', 'high', 'high']","[-0.062225341796875, -8.96875, -3.859375, -5.34375]","[-0.002828424627130682, -0.3449519230769231, -0.18377976190476192, -0.21375]","[0.29810044169425964, 0.21172897517681122, 0.24875766038894653, 0.2414129376411438]",0.49017059072597935,0.5098294092740207,0.00982940927402065
trait_agreeableness_00721,agreeableness,low,as_pas_only,none,trait_agreeableness_00721_act_001,high,"['trait_agreeableness_00721_act_001', 'trait_agreeableness_00721_act_002', 'trait_agreeableness_00721_act_003', 'trait_agreeableness_00721_act_004']","['You might consider gently expressing to Loujain how much effort and care you put into looking after their cat, which could naturally lead them to offer some form of gratitude.', 'Perhaps you could ask Loujain if they’d be willing to cover the costs you incurred while caring for their pet, as a kind gesture of appreciation.', 'Directly ask Loujain for a compensation for the expenses and time you invested in taking care of the cat, emphasizing that it is only fair.', 'Tell Loujain that taking care of their cat involved certain costs and effort on your part, and it would be reasonable to expect some form of compensation for your troubles.']","['high', 'high', 'low', 'low']","[-0.398681640625, -2.15625, -1.68359375, -6.4375]","[-0.011725930606617647, -0.06955645161290322, -0.05611979166666667, -0.18933823529411764]","[0.26754751801490784, 0.25251397490501404, 0.2559298276901245, 0.224008709192276]",0.520061477420882,0.47993852257911795,-0.020061477420882046
trait_agreeableness_00722,agreeableness,low,as_pas_only,none,trait_agreeableness_00722_act_001,low,"['trait_agreeableness_00722_act_001', 'trait_agreeableness_00722_act_002', 'trait_agreeableness_00722_act_003', 'trait_agreeableness_00722_act_004']","['Politely decline, explaining that you already have commitments to your personal health this weekend.', 'Offer to help Nazair for a few hours on one day of the weekend so you can also have time for your relaxation.', 'Suggest that Nazair asks other friends who might not already have plans, as your weekend is already booked for personal time.', ""Suggest that Nazair could hire professional movers and you'll provide support by organizing meals or refreshments for everyone on the moving day.""]","['low', 'high', 'low', 'high']","[-0.6953125, -1.205078125, -4.953125, -2.171875]","[-0.04090073529411765, -0.048203125, -0.198125, -0.08043981481481481]","[0.262572705745697, 0.2606622874736786, 0.22437162697315216, 0.2523933947086334]",0.5130556745371867,0.4869443254628133,-0.013055674537186701
trait_agreeableness_00723,agreeableness,low,as_pas_only,none,trait_agreeableness_00723_act_002,low,"['trait_agreeableness_00723_act_001', 'trait_agreeableness_00723_act_002', 'trait_agreeableness_00723_act_003', 'trait_agreeableness_00723_act_004']","[""Maybe express to Tavleen how you're feeling and ask if she's open to the idea of ordering a ride for you, so she can continue enjoying the party."", 'Tell Tavleen directly that you need to leave for your own comfort, regardless of her having fun.', 'You could suggest a compromise to Tavleen; perhaps staying just a bit longer to meet her happiness, then leaving together.', 'Inform Tavleen that you are calling a taxi for yourself because you want to leave now.']","['high', 'low', 'high', 'low']","[-3.74609375, -0.26171875, -6.43359375, -1.6044921875]","[-0.11017922794117647, -0.01246279761904762, -0.25734375, -0.0844469572368421]","[0.25050926208496094, 0.2762240767478943, 0.21622757613658905, 0.2570390999317169]",0.46673683126662924,0.5332631687333708,0.03326316873337076
trait_agreeableness_00724,agreeableness,low,as_pas_only,none,trait_agreeableness_00724_act_004,high,"['trait_agreeableness_00724_act_001', 'trait_agreeableness_00724_act_002', 'trait_agreeableness_00724_act_003', 'trait_agreeableness_00724_act_004']","['Suggest that Josalyn finds an alternative or waits for another time when you are less occupied.', 'Keep your business appointment as planned; it’s important to prioritize commitments that impact your professional goals.', 'Perhaps offer to help Josalyn after your business appointment, blending commitment with your supportive nature.', ""You might consider rescheduling the business appointment if Josalyn's request could foster a supportive relationship.""]","['low', 'low', 'high', 'high']","[-6.2578125, -14.9140625, -1.994140625, -0.212890625]","[-0.312890625, -0.7849506578947368, -0.1049547697368421, -0.01064453125]","[0.23765702545642853, 0.14823050796985626, 0.2925876975059509, 0.32152479887008667]",0.6141124780740596,0.38588752192594045,-0.11411247807405955
trait_agreeableness_00725,agreeableness,low,as_pas_only,none,trait_agreeableness_00725_act_002,high,"['trait_agreeableness_00725_act_001', 'trait_agreeableness_00725_act_002', 'trait_agreeableness_00725_act_003', 'trait_agreeableness_00725_act_004']","[""Apologize sincerely to Webber for the comment and ask them how they feel or if there's anything they'd like to talk about."", 'Express your regret over the upsetting comment, then gently shift the conversation towards a topic that Webber enjoys to lighten the mood.', 'Clarify your comment to Webber, explaining your point of view so they understand your perspective better.', 'Ask Webber to explain why your comment upset them, which can lead to a clearer understanding on both sides.']","['high', 'high', 'low', 'low']","[-1.2890625, -0.35009765625, -4.109375, -7.97265625]","[-0.04603794642857143, -0.01400390625, -0.20546875, -0.3623934659090909]","[0.2767030894756317, 0.28571051359176636, 0.2359250783920288, 0.20166128873825073]",0.56241361982863,0.43758638017136997,-0.06241361982863003
trait_agreeableness_00726,agreeableness,low,as_pas_only,none,trait_agreeableness_00726_act_002,high,"['trait_agreeableness_00726_act_001', 'trait_agreeableness_00726_act_002', 'trait_agreeableness_00726_act_003', 'trait_agreeableness_00726_act_004']","['Suggest that Stevielynn should speak to a financial advisor to better manage her expenses and debt.', 'Offer to help Stevielynn by covering some of her medical expenses or by lending her money if that feels right to you.', 'Advise Stevielynn to negotiate the bills or seek cheaper medical alternatives for future treatments.', 'Consider providing support by helping Stevielynn find financial aid programs or charities that assist with medical bills.']","['low', 'high', 'low', 'high']","[-7.26953125, -0.0021381378173828125, -6.66015625, -9.484375]","[-0.34616815476190477, -8.223606989933894e-05, -0.35053453947368424, -0.45163690476190477]","[0.23206864297389984, 0.3280346095561981, 0.2310575544834137, 0.20883917808532715]",0.5368737956415682,0.46312620435843177,-0.03687379564156823
trait_agreeableness_00727,agreeableness,low,as_pas_only,none,trait_agreeableness_00727_act_003,high,"['trait_agreeableness_00727_act_001', 'trait_agreeableness_00727_act_002', 'trait_agreeableness_00727_act_003', 'trait_agreeableness_00727_act_004']","['Consider starting with the positive aspects of the policy, then transition into your concerns, ensuring you maintain a respectful tone throughout.', 'Directly challenge the policy by presenting strong, logical arguments against it and demand a review from management.', 'You could express your concerns by highlighting how the policy impacts team morale, and gently suggest possible alternatives that could benefit everyone.', ""Question the policy's fairness and effectiveness in the meeting, and push for an immediate reconsideration by presenting the overall dissatisfaction of your colleagues.""]","['high', 'low', 'high', 'low']","[-2.26953125, -7.20703125, -2.00390625, -2.41015625]","[-0.09456380208333333, -0.3603515625, -0.08349609375, -0.0892650462962963]","[0.2643373906612396, 0.2026415318250656, 0.2672792673110962, 0.2657417953014374]",0.5316166658940414,0.46838333410595856,-0.03161666589404144
trait_agreeableness_00728,agreeableness,low,as_pas_only,none,trait_agreeableness_00728_act_004,high,"['trait_agreeableness_00728_act_001', 'trait_agreeableness_00728_act_002', 'trait_agreeableness_00728_act_003', 'trait_agreeableness_00728_act_004']","[""Propose a formal vote on the project during the next team meeting to decisively address and move beyond Kashtin's opposition."", ""Firmly defend your project's merits in the next meeting, showcasing robust evidence and data to counter his objections."", 'Consider inviting Kashtin to co-present the project, integrating his viewpoints to strengthen the proposal.', 'Schedule a one-on-one meeting with Kashtin to understand his concerns and discuss potential compromises.']","['low', 'low', 'high', 'high']","[-1.728515625, -2.8828125, -2.787109375, -0.348876953125]","[-0.0664813701923077, -0.1253396739130435, -0.14668996710526316, -0.01836194490131579]","[0.2554239332675934, 0.24082398414611816, 0.23573683202266693, 0.2680152952671051]",0.5037521047702981,0.4962478952297019,-0.0037521047702980814
trait_agreeableness_00729,agreeableness,low,as_pas_only,none,trait_agreeableness_00729_act_001,high,"['trait_agreeableness_00729_act_001', 'trait_agreeableness_00729_act_002', 'trait_agreeableness_00729_act_003', 'trait_agreeableness_00729_act_004']","['Offer to spend time with Janely, perhaps going for a walk or watching a movie together to help her feel less alone.', 'Consider sending Janely a care package filled with her favorite treats and a heartfelt note to show your support and affection.', 'Encourage Janely to join a support group where she can connect with people who understand her grief and can offer perspective.', 'Suggest that Janely seeks professional counseling to address her feelings of hopelessness and to develop coping strategies.']","['high', 'high', 'low', 'low']","[-2.45703125, -3.64453125, -7.4609375, -2.08203125]","[-0.09828125, -0.15845788043478262, -0.3108723958333333, -0.09914434523809523]","[0.2667219936847687, 0.2511449456214905, 0.21564115583896637, 0.2664918899536133]",0.517866947023078,0.482133052976922,-0.017866947023078006
trait_agreeableness_00730,agreeableness,low,as_pas_only,none,trait_agreeableness_00730_act_001,low,"['trait_agreeableness_00730_act_001', 'trait_agreeableness_00730_act_002', 'trait_agreeableness_00730_act_003', 'trait_agreeableness_00730_act_004']","['Withhold Meital’s paycheck as a firm action to underline the seriousness of the performance issues and motivate improvement.', 'Consider setting up a meeting with Meital to openly discuss performance issues and explore supportive measures to help improve their work.', 'Implement a direct policy that ties Meital’s pay to specific performance metrics, ensuring accountability and immediate consequences for underperformance.', 'You might want to create an improvement plan that outlines clear goals and timelines for Meital, providing regular feedback and encouragement.']","['low', 'high', 'low', 'high']","[-0.0003364086151123047, -13.859375, -12.4140625, -23.453125]","[-1.529130068692294e-05, -0.6025815217391305, -0.5172526041666666, -0.9772135416666666]","[0.39683568477630615, 0.21722985804080963, 0.23657967150211334, 0.1493547111749649]",0.3665845965284554,0.6334154034715447,0.13341540347154468
trait_agreeableness_00731,agreeableness,low,as_pas_only,none,trait_agreeableness_00731_act_003,high,"['trait_agreeableness_00731_act_001', 'trait_agreeableness_00731_act_002', 'trait_agreeableness_00731_act_003', 'trait_agreeableness_00731_act_004']","['Perhaps you could delegate some of your responsibilities to other volunteers, which would allow you to continue supporting the charity while also managing your stress better.', ""It's practical to prioritize your own health and professional duties over volunteering; you can always return to it when you're in a better position."", 'You might consider reducing your hours slightly and finding a schedule that allows more time for rest, maintaining your commitment but taking care of your health too.', 'Consider taking a complete break from volunteering to focus entirely on your personal and professional life until you feel less overwhelmed.']","['high', 'low', 'high', 'low']","[-2.08984375, -2.49609375, -0.5390625, -1.591796875]","[-0.07463727678571429, -0.08914620535714286, -0.018588362068965518, -0.07235440340909091]","[0.2471863329410553, 0.24362583458423615, 0.26143649220466614, 0.24775128066539764]",0.508622855462006,0.49137714453799397,-0.00862285546200603
trait_agreeableness_00732,agreeableness,low,as_pas_only,none,trait_agreeableness_00732_act_002,low,"['trait_agreeableness_00732_act_001', 'trait_agreeableness_00732_act_002', 'trait_agreeableness_00732_act_003', 'trait_agreeableness_00732_act_004']","['Recommend that they check local moving services or rental trucks, as you need to prioritize your own commitments this weekend.', 'Politely explain that you have long-standing personal plans and suggest that they reschedule the move or ask another friend for help.', 'You could suggest hiring professional movers and then visiting your friend after your retreat to help them unpack and settle in.', 'Offer to help your friend with packing a day or two before your retreat, so you can still support them without cancelling your plans.']","['low', 'low', 'high', 'high']","[-0.80078125, -0.70703125, -4.91015625, -3.744140625]","[-0.03639914772727273, -0.02828125, -0.22318892045454544, -0.14400540865384615]","[0.26768386363983154, 0.2698657214641571, 0.22207538783550262, 0.24037504196166992]",0.46245042290612426,0.5375495770938757,0.03754957709387574
trait_agreeableness_00733,agreeableness,low,as_pas_only,none,trait_agreeableness_00733_act_003,low,"['trait_agreeableness_00733_act_001', 'trait_agreeableness_00733_act_002', 'trait_agreeableness_00733_act_003', 'trait_agreeableness_00733_act_004']","['You could politely excuse yourself from your current commitment, explaining the importance of timely attendance at your work meeting.', 'Consider contacting a colleague who is also attending the meeting and kindly ask if they can cover the beginning part until you arrive.', ""Just focus on finishing your current commitment properly, even if it means being late; you can't always please everyone."", ""Send a quick message to inform them you'll be late, then proceed with your current engagement without cutting it short.""]","['high', 'high', 'low', 'low']","[-1.3583984375, -2.5625, -0.498779296875, -4.078125]","[-0.06468563988095238, -0.10677083333333333, -0.021686056385869564, -0.17730978260869565]","[0.2566595673561096, 0.24608214199543, 0.2679365277290344, 0.22932183742523193]",0.5027416718943661,0.49725832810563386,-0.002741671894366138
trait_agreeableness_00734,agreeableness,low,as_pas_only,none,trait_agreeableness_00734_act_002,high,"['trait_agreeableness_00734_act_001', 'trait_agreeableness_00734_act_002', 'trait_agreeableness_00734_act_003', 'trait_agreeableness_00734_act_004']","['Directly ask both colleagues to clarify their points and explain the reasoning behind their disagreements in the meeting, fostering a clear and open dialogue.', 'You might consider suggesting a team-building activity that focuses on communication skills, which can improve overall team harmony without direct confrontation.', 'You could inform your manager about the disruptive behavior, letting them handle the situation and possibly mediate the conflict.', 'Perhaps you could recommend a feedback session where everyone gets the chance to express their thoughts in a structured manner, making the atmosphere more open and less tense.']","['low', 'high', 'low', 'high']","[-1.189453125, -0.8359375, -9.65625, -3.361328125]","[-0.04405381944444445, -0.034830729166666664, -0.43892045454545453, -0.11204427083333333]","[0.27644890546798706, 0.2790104150772095, 0.18626293540000916, 0.2582777440547943]",0.5372881591320038,0.4627118408679962,-0.037288159132003784
trait_agreeableness_00735,agreeableness,low,as_pas_only,none,trait_agreeableness_00735_act_002,low,"['trait_agreeableness_00735_act_001', 'trait_agreeableness_00735_act_002', 'trait_agreeableness_00735_act_003', 'trait_agreeableness_00735_act_004']","['Maybe you can ask your friend how they feel about their project first to understand their perspective before sharing your thoughts.', 'Just be straightforward and tell your friend what you really think about the art project; they asked for honesty, after all.', 'You could mention specific aspects you like while gently suggesting improvements in areas you think could be better.', 'Recommend your friend to seek feedback from professional artists as well, which can provide them with a more objective critique.']","['high', 'low', 'high', 'low']","[-8.765625, -0.0002281665802001953, -18.609375, -18.328125]","[-0.3984375, -9.506940841674805e-06, -0.9794407894736842, -0.8330965909090909]","[0.2705405652523041, 0.40296512842178345, 0.1513233184814453, 0.17517106235027313]",0.42186385230244305,0.578136147697557,0.07813614769755695
trait_agreeableness_00736,agreeableness,low,as_pas_only,none,trait_agreeableness_00736_act_001,low,"['trait_agreeableness_00736_act_001', 'trait_agreeableness_00736_act_002', 'trait_agreeableness_00736_act_003', 'trait_agreeableness_00736_act_004']","['Suggest a compromise where Jahnia could redistribute some of the tasks among other team members to lessen your burden.', 'Decline the proposal, citing your current responsibilities and the importance of maintaining your personal life balance.', 'Perhaps you could agree to the new plan, but clarify your availability and limits to ensure your personal time is respected.', 'You might consider agreeing to the plan but also ask for help or support to manage the increased workload effectively.']","['low', 'low', 'high', 'high']","[-0.22509765625, -5.6328125, -2.115234375, -3.552734375]","[-0.010231711647727272, -0.2964638157894737, -0.09196671195652174, -0.16917782738095238]","[0.2836359143257141, 0.21303559839725494, 0.2613750696182251, 0.24195344746112823]",0.503328502078995,0.49667149792100496,-0.0033285020789950437
trait_agreeableness_00737,agreeableness,low,as_pas_only,none,trait_agreeableness_00737_act_003,low,"['trait_agreeableness_00737_act_001', 'trait_agreeableness_00737_act_002', 'trait_agreeableness_00737_act_003', 'trait_agreeableness_00737_act_004']","['You could gently remind your colleagues about the value of discussing concerns directly with PersonZ to promote a more understanding and supportive work environment.', 'Consider sharing positive experiences or achievements of PersonZ to subtly shift the tone of the conversation to something more constructive and appreciative.', ""You might propose focusing the discussion on tasks and projects instead, pointing out that speculative talk is not productive or beneficial for the team's goals."", 'Suggest setting up a meeting where concerns can be addressed openly with PersonZ present, ensuring a fair dialogue and cutting out behind-the-back criticisms.']","['high', 'high', 'low', 'low']","[-8.84375, -0.95166015625, -0.73583984375, -2.044921875]","[-0.3401442307692308, -0.03806640625, -0.026279994419642856, -0.07051454741379311]","[0.1987735778093338, 0.2688743472099304, 0.27206215262413025, 0.26028990745544434]",0.46764793198776144,0.5323520680122386,0.032352068012238555
trait_agreeableness_00738,agreeableness,low,as_pas_only,none,trait_agreeableness_00738_act_001,low,"['trait_agreeableness_00738_act_001', 'trait_agreeableness_00738_act_002', 'trait_agreeableness_00738_act_003', 'trait_agreeableness_00738_act_004']","['Recommend they look into local community services like food banks and job training workshops to become more self-sufficient.', 'Offer to babysit the children a couple of times a week to give the parents time to job search or handle other responsibilities.', 'Suggest setting up a schedule where they can gradually take over the childcare and household chores as they stabilize financially.', 'Prepare some extra meals that can easily be reheated, to relieve them from cooking duties for a few days.']","['low', 'high', 'low', 'high']","[-0.31591796875, -2.8125, -2.712890625, -2.5]","[-0.015043712797619048, -0.1125, -0.12331321022727272, -0.11363636363636363]","[0.2694953382015228, 0.2444705367088318, 0.24184127151966095, 0.24419288337230682]",0.48866340551783427,0.5113365944821657,0.01133659448216573
trait_agreeableness_00739,agreeableness,low,as_pas_only,none,trait_agreeableness_00739_act_004,low,"['trait_agreeableness_00739_act_001', 'trait_agreeableness_00739_act_002', 'trait_agreeableness_00739_act_003', 'trait_agreeableness_00739_act_004']","['Consider encouraging Destinnie to seek advice from an independent financial advisor to ensure she makes a well-informed decision.', 'Go ahead and emphasize the potential high returns of the deal to persuade Destinnie, focusing on how such investments can significantly pay off.', 'You could prioritize transparency and discuss both the potential benefits and risks openly with Destinnie, emphasizing that the final decision is hers to make.', ""You should highlight the unique chance this deal represents and pitch it as a strategically aggressive investment that shouldn't be missed.""]","['high', 'low', 'high', 'low']","[-1.26953125, -6.66015625, -1.296875, -1.0791015625]","[-0.05770596590909091, -0.2561598557692308, -0.048032407407407406, -0.04691745923913043]","[0.26037833094596863, 0.21350960433483124, 0.2629093527793884, 0.26320263743400574]",0.5232877227133306,0.47671227728666943,-0.023287722713330572
trait_agreeableness_00740,agreeableness,low,as_pas_only,none,trait_agreeableness_00740_act_001,low,"['trait_agreeableness_00740_act_001', 'trait_agreeableness_00740_act_002', 'trait_agreeableness_00740_act_003', 'trait_agreeableness_00740_act_004']","[""Confront Hikari then and there by firmly stating the discomfort they're causing, to immediately address the issue."", ""Directly tell Hikari that their behavior is inappropriate and advise them to stop immediately if you feel it's disruptive enough."", 'Maybe suggest a quick, quiet walk with Hikari outside the venue to discuss the issue discreetly and help them regain composure.', 'Consider pulling Hikari aside gently to express your concerns in private, aiming to avoid public embarrassment.']","['low', 'low', 'high', 'high']","[-0.05352783203125, -3.42578125, -4.46875, -5.90625]","[-0.0023272970448369565, -0.13703125, -0.16550925925925927, -0.2953125]","[0.2882305979728699, 0.25190621614456177, 0.24483363330364227, 0.21502959728240967]",0.4598632100285645,0.5401367899714355,0.04013678997143555
trait_agreeableness_00741,agreeableness,low,as_pas_only,none,trait_agreeableness_00741_act_003,low,"['trait_agreeableness_00741_act_001', 'trait_agreeableness_00741_act_002', 'trait_agreeableness_00741_act_003', 'trait_agreeableness_00741_act_004']","['You might consider arranging a private, friendly chat with Janya to understand any challenges she’s facing and discuss how you can help her meet her deadlines.', 'Perhaps you could offer to help Janya organize her tasks or suggest setting up a team meeting to realign everyone’s responsibilities and deadlines.', ""Directly inform Janya that her missed deadlines are impacting the team's performance and she needs to adhere to the project timeline more strictly."", 'Send an email to Janya outlining the deadlines and mentioning that further delays could lead to discussions with higher management.']","['high', 'high', 'low', 'low']","[-2.82421875, -4.8828125, -0.0823974609375, -9.1171875]","[-0.094140625, -0.1808449074074074, -0.0030517578125, -0.41441761363636365]","[0.267503947019577, 0.24528726935386658, 0.2930148243904114, 0.19419392943382263]",0.5127912316558132,0.4872087683441868,-0.012791231655813196
trait_agreeableness_00742,agreeableness,low,as_pas_only,none,trait_agreeableness_00742_act_001,low,"['trait_agreeableness_00742_act_001', 'trait_agreeableness_00742_act_002', 'trait_agreeableness_00742_act_003', 'trait_agreeableness_00742_act_004']","['Directly point out the flaw during the meeting and suggest an alternative strategy that mitigates these risks.', 'Consider suggesting a follow-up meeting where you can review the strategy more thoroughly together, to align on the best approach.', 'Challenge the strategy openly in the meeting to ensure everyone is aware of the potential losses, emphasizing the need for a robust discussion.', 'You could express your concerns by privately messaging your colleague, framing it as seeking to understand their perspective better.']","['low', 'high', 'low', 'high']","[-0.166015625, -9.6796875, -1.9873046875, -9.8203125]","[-0.00830078125, -0.42085597826086957, -0.0794921875, -0.46763392857142855]","[0.3100827932357788, 0.20526137948036194, 0.2887750267982483, 0.19588077068328857]",0.40114216211861853,0.5988578378813815,0.09885783788138147
trait_agreeableness_00743,agreeableness,low,as_pas_only,none,trait_agreeableness_00743_act_002,low,"['trait_agreeableness_00743_act_001', 'trait_agreeableness_00743_act_002', 'trait_agreeableness_00743_act_003', 'trait_agreeableness_00743_act_004']","['Maybe you could offer to help train someone else to share the workload, easing the burden on you.', 'Just say no to additional shifts and prioritize your health over voluntary extras.', 'You might consider gently explaining to your supervisor your health concerns and see if you can reduce the extra shifts.', ""Take a step back and let others step up; you're not the only one who can volunteer for extra work.""]","['high', 'low', 'high', 'low']","[-7.90234375, -0.0909423828125, -2.46484375, -7.43359375]","[-0.3951171875, -0.006495884486607143, -0.1173735119047619, -0.32319972826086957]","[0.20535312592983246, 0.3028847575187683, 0.27109646797180176, 0.22066563367843628]",0.4764496010012865,0.5235503989987135,0.023550398998713473
trait_agreeableness_00744,agreeableness,low,as_pas_only,none,trait_agreeableness_00744_act_001,low,"['trait_agreeableness_00744_act_001', 'trait_agreeableness_00744_act_002', 'trait_agreeableness_00744_act_003', 'trait_agreeableness_00744_act_004']","['Escalate the issue to your manager or HR department to formally address the rumors and protect your professional reputation.', 'Address the situation directly by confronting your colleague and demand they stop spreading unfounded rumors immediately.', 'Offer to collaborate on a project together which could help improve your relationship and show your genuine intentions.', 'Invite your colleague for a coffee and gently discuss the impact their behavior is having on you, aiming to clear up any misunderstandings.']","['low', 'low', 'high', 'high']","[-0.010101318359375, -5.16796875, -5.69140625, -8.3046875]","[-0.00045915083451704544, -0.287109375, -0.2995476973684211, -0.3194110576923077]","[0.3106382489204407, 0.2332192063331604, 0.23033632338047028, 0.22580619156360626]",0.4561425285381832,0.5438574714618167,0.04385747146181673
trait_agreeableness_00745,agreeableness,low,as_pas_only,none,trait_agreeableness_00745_act_002,high,"['trait_agreeableness_00745_act_001', 'trait_agreeableness_00745_act_002', 'trait_agreeableness_00745_act_003', 'trait_agreeableness_00745_act_004']","['You could give your friend the guitar as a gift to help ease their financial burden and share the joy of music.', 'Consider lending the guitar to your friend until they can afford one, creating a win-win situation where you keep ownership and they get to play.', 'Keep the guitar since giving it away could set a precedent for similar expectations in the future.', 'Suggest that your friend looks for affordable second-hand options online, emphasizing the importance of financial responsibility.']","['high', 'high', 'low', 'low']","[-3.306640625, -0.55810546875, -1.0390625, -4.8359375]","[-0.14376698369565216, -0.019932338169642856, -0.05772569444444445, -0.241796875]","[0.2422303557395935, 0.27416327595710754, 0.26399508118629456, 0.21961131691932678]",0.516393616306972,0.483606383693028,-0.016393616306972003
trait_agreeableness_00746,agreeableness,low,as_pas_only,none,trait_agreeableness_00746_act_002,high,"['trait_agreeableness_00746_act_001', 'trait_agreeableness_00746_act_002', 'trait_agreeableness_00746_act_003', 'trait_agreeableness_00746_act_004']","['Consider suggesting that Aythana delegate specific tasks to other team members or ask for an extension from the project lead.', ""Absolutely, offering your assistance could greatly alleviate Aythana's stress and help distribute the project tasks more manageably."", 'Recommend to Aythana to reevaluate her project plan and identify priorities; she might need to focus on key areas and drop less critical tasks.', 'Yes, stepping in to help Aythana not only supports her but also strengthens the teamwork within the project.']","['low', 'high', 'low', 'high']","[-6.00390625, -0.049407958984375, -11.0, -3.44140625]","[-0.261039402173913, -0.002148172129755435, -0.3793103448275862, -0.15642755681818182]","[0.23287075757980347, 0.30168241262435913, 0.20689526200294495, 0.2585516571998596]",0.5602340197353941,0.4397659802646059,-0.060234019735394106
trait_agreeableness_00747,agreeableness,low,as_pas_only,none,trait_agreeableness_00747_act_001,high,"['trait_agreeableness_00747_act_001', 'trait_agreeableness_00747_act_002', 'trait_agreeableness_00747_act_003', 'trait_agreeableness_00747_act_004']","['Consider suggesting a brief team check-in where everyone updates the group on their progress, allowing Carielle to share in a non-confrontational setting.', ""Point out directly to Carielle during the meeting that you've noticed discrepancies in their work, asking for an immediate clarification."", 'Perhaps you could invite Carielle for a private chat to gently inquire about their progress and any challenges they might be facing.', ""Challenge Carielle in the meeting to present detailed evidence of their progress to ensure they're held accountable in front of the team.""]","['high', 'low', 'high', 'low']","[-0.0855712890625, -4.0625, -5.828125, -4.234375]","[-0.0028523763020833334, -0.1625, -0.233125, -0.16286057692307693]","[0.28580427169799805, 0.24363216757774353, 0.22701919078826904, 0.243544340133667]",0.5128234777695977,0.4871765222304023,-0.012823477769597691
trait_agreeableness_00748,agreeableness,low,as_pas_only,none,trait_agreeableness_00748_act_002,low,"['trait_agreeableness_00748_act_001', 'trait_agreeableness_00748_act_002', 'trait_agreeableness_00748_act_003', 'trait_agreeableness_00748_act_004']","['Document specific instances where Melicia took undue credit and present these to your supervisor as evidence.', ""Report the behavior to your supervisor immediately to prevent further damage to the team's morale."", 'Consider organizing a team intervention where everyone can openly discuss their feelings about fairness and recognition.', 'You could speak with Melicia first to express your concerns and give them a chance to rectify the situation themselves.']","['low', 'low', 'high', 'high']","[-5.91015625, -0.002735137939453125, -14.65625, -20.078125]","[-0.3283420138888889, -0.00016089046702665442, -0.8621323529411765, -0.8729619565217391]","[0.28130337595939636, 0.39057299494743347, 0.1649501621723175, 0.16317346692085266]",0.32812362909317017,0.6718763709068298,0.17187637090682983
trait_agreeableness_00749,agreeableness,low,as_pas_only,none,trait_agreeableness_00749_act_004,low,"['trait_agreeableness_00749_act_001', 'trait_agreeableness_00749_act_002', 'trait_agreeableness_00749_act_003', 'trait_agreeableness_00749_act_004']","['You might consider addressing the discomfort with Tagert directly by kindly expressing how their behavior makes you feel and seeking a mutual understanding.', 'Perhaps you could involve a mediator from HR to help facilitate a constructive conversation with Tagert, which might improve your work environment.', 'Stand your ground and confront Tagert directly about their aggressive behavior without sugarcoating your concerns.', 'Keep avoiding Tagert if interacting with them disrupts your productivity and peace of mind, focusing instead on your own work responsibilities.']","['high', 'high', 'low', 'low']","[-13.8046875, -9.78125, -2.638671875, -0.07659912109375]","[-0.5521875, -0.39125, -0.13887746710526316, -0.00306396484375]","[0.1845645010471344, 0.21679159998893738, 0.27902716398239136, 0.31961673498153687]",0.4013561010360718,0.5986438989639282,0.09864389896392822
trait_agreeableness_00750,agreeableness,low,as_pas_only,none,trait_agreeableness_00750_act_003,low,"['trait_agreeableness_00750_act_001', 'trait_agreeableness_00750_act_002', 'trait_agreeableness_00750_act_003', 'trait_agreeableness_00750_act_004']","['Directly challenge the strategy in a team meeting by clearly outlining the potential pitfalls and presenting your alternative solutions.', 'You might consider gently suggesting a team meeting to review the project strategy and express your concerns in a supportive manner.', 'Write a concise, fact-based email to your project leader detailing why the current strategy might fail and suggest a meeting to discuss viable alternatives.', 'Perhaps you could offer to help research or present alternative strategies that could complement the current plan without dismissing it entirely.']","['low', 'high', 'low', 'high']","[-2.396484375, -2.72265625, -0.19091796875, -6.2265625]","[-0.11411830357142858, -0.12375710227272728, -0.007071035879629629, -0.2830255681818182]","[0.2532939910888672, 0.2508642375469208, 0.2819128632545471, 0.21392886340618134]",0.4647931217309738,0.5352068782690262,0.03520687826902624
