condition,trait,target_direction,item_id,item_trait,reverse_scored,raw_output,likert_score,steering_applied,bfi_scores_json
baseline_loglik,agreeableness,high,bfi_01,extraversion,False,3,3,False,"{""openness"": 0.675, ""agreeableness"": 0.5555555555555556, ""extraversion"": 0.625, ""conscientiousness"": 0.5833333333333334, ""neuroticism"": 0.4375}"
baseline_loglik,agreeableness,high,bfi_02,agreeableness,True,3,3,False,"{""openness"": 0.675, ""agreeableness"": 0.5555555555555556, ""extraversion"": 0.625, ""conscientiousness"": 0.5833333333333334, ""neuroticism"": 0.4375}"
baseline_loglik,agreeableness,high,bfi_03,conscientiousness,False,3,3,False,"{""openness"": 0.675, ""agreeableness"": 0.5555555555555556, ""extraversion"": 0.625, ""conscientiousness"": 0.5833333333333334, ""neuroticism"": 0.4375}"
baseline_loglik,agreeableness,high,bfi_04,neuroticism,False,3,3,False,"{""openness"": 0.675, ""agreeableness"": 0.5555555555555556, ""extraversion"": 0.625, ""conscientiousness"": 0.5833333333333334, ""neuroticism"": 0.4375}"
baseline_loglik,agreeableness,high,bfi_05,openness,False,4,4,False,"{""openness"": 0.675, ""agreeableness"": 0.5555555555555556, ""extraversion"": 0.625, ""conscientiousness"": 0.5833333333333334, ""neuroticism"": 0.4375}"
baseline_loglik,agreeableness,high,bfi_06,extraversion,True,3,3,False,"{""openness"": 0.675, ""agreeableness"": 0.5555555555555556, ""extraversion"": 0.625, ""conscientiousness"": 0.5833333333333334, ""neuroticism"": 0.4375}"
baseline_loglik,agreeableness,high,bfi_07,agreeableness,False,4,4,False,"{""openness"": 0.675, ""agreeableness"": 0.5555555555555556, ""extraversion"": 0.625, ""conscientiousness"": 0.5833333333333334, ""neuroticism"": 0.4375}"
baseline_loglik,agreeableness,high,bfi_08,conscientiousness,True,3,3,False,"{""openness"": 0.675, ""agreeableness"": 0.5555555555555556, ""extraversion"": 0.625, ""conscientiousness"": 0.5833333333333334, ""neuroticism"": 0.4375}"
baseline_loglik,agreeableness,high,bfi_09,neuroticism,True,4,4,False,"{""openness"": 0.675, ""agreeableness"": 0.5555555555555556, ""extraversion"": 0.625, ""conscientiousness"": 0.5833333333333334, ""neuroticism"": 0.4375}"
baseline_loglik,agreeableness,high,bfi_10,openness,False,4,4,False,"{""openness"": 0.675, ""agreeableness"": 0.5555555555555556, ""extraversion"": 0.625, ""conscientiousness"": 0.5833333333333334, ""neuroticism"": 0.4375}"
baseline_loglik,agreeableness,high,bfi_11,extraversion,False,4,4,False,"{""openness"": 0.675, ""agreeableness"": 0.5555555555555556, ""extraversion"": 0.625, ""conscientiousness"": 0.5833333333333334, ""neuroticism"": 0.4375}"
baseline_loglik,agreeableness,high,bfi_12,agreeableness,True,3,3,False,"{""openness"": 0.675, ""agreeableness"": 0.5555555555555556, ""extraversion"": 0.625, ""conscientiousness"": 0.5833333333333334, ""neuroticism"": 0.4375}"
baseline_loglik,agreeableness,high,bfi_13,conscientiousness,False,4,4,False,"{""openness"": 0.675, ""agreeableness"": 0.5555555555555556, ""extraversion"": 0.625, ""conscientiousness"": 0.5833333333333334, ""neuroticism"": 0.4375}"
baseline_loglik,agreeableness,high,bfi_14,neuroticism,False,3,3,False,"{""openness"": 0.675, ""agreeableness"": 0.5555555555555556, ""extraversion"": 0.625, ""conscientiousness"": 0.5833333333333334, ""neuroticism"": 0.4375}"
baseline_loglik,agreeableness,high,bfi_15,openness,False,4,4,False,"{""openness"": 0.675, ""agreeableness"": 0.5555555555555556, ""extraversion"": 0.625, ""conscientiousness"": 0.5833333333333334, ""neuroticism"": 0.4375}"
baseline_loglik,agreeableness,high,bfi_16,extraversion,False,4,4,False,"{""openness"": 0.675, ""agreeableness"": 0.5555555555555556, ""extraversion"": 0.625, ""conscientiousness"": 0.5833333333333334, ""neuroticism"": 0.4375}"
baseline_loglik,agreeableness,high,bfi_17,agreeableness,False,3,3,False,"{""openness"": 0.675, ""agreeableness"": 0.5555555555555556, ""extraversion"": 0.625, ""conscientiousness"": 0.5833333333333334, ""neuroticism"": 0.4375}"
baseline_loglik,agreeableness,high,bfi_18,conscientiousness,True,3,3,False,"{""openness"": 0.675, ""agreeableness"": 0.5555555555555556, ""extraversion"": 0.625, ""conscientiousness"": 0.5833333333333334, ""neuroticism"": 0.4375}"
baseline_loglik,agreeableness,high,bfi_19,neuroticism,False,3,3,False,"{""openness"": 0.675, ""agreeableness"": 0.5555555555555556, ""extraversion"": 0.625, ""conscientiousness"": 0.5833333333333334, ""neuroticism"": 0.4375}"
baseline_loglik,agreeableness,high,bfi_20,openness,False,4,4,False,"{""openness"": 0.675, ""agreeableness"": 0.5555555555555556, ""extraversion"": 0.625, ""conscientiousness"": 0.5833333333333334, ""neuroticism"": 0.4375}"
baseline_loglik,agreeableness,high,bfi_21,extraversion,True,3,3,False,"{""openness"": 0.675, ""agreeableness"": 0.5555555555555556, ""extraversion"": 0.625, ""conscientiousness"": 0.5833333333333334, ""neuroticism"": 0.4375}"
baseline_loglik,agreeableness,high,bfi_22,agreeableness,False,3,3,False,"{""openness"": 0.675, ""agreeableness"": 0.5555555555555556, ""extraversion"": 0.625, ""conscientiousness"": 0.5833333333333334, ""neuroticism"": 0.4375}"
baseline_loglik,agreeableness,high,bfi_23,conscientiousness,True,3,3,False,"{""openness"": 0.675, ""agreeableness"": 0.5555555555555556, ""extraversion"": 0.625, ""conscientiousness"": 0.5833333333333334, ""neuroticism"": 0.4375}"
baseline_loglik,agreeableness,high,bfi_24,neuroticism,True,4,4,False,"{""openness"": 0.675, ""agreeableness"": 0.5555555555555556, ""extraversion"": 0.625, ""conscientiousness"": 0.5833333333333334, ""neuroticism"": 0.4375}"
baseline_loglik,agreeableness,high,bfi_25,openness,False,4,4,False,"{""openness"": 0.675, ""agreeableness"": 0.5555555555555556, ""extraversion"": 0.625, ""conscientiousness"": 0.5833333333333334, ""neuroticism"": 0.4375}"
baseline_loglik,agreeableness,high,bfi_26,extraversion,False,4,4,False,"{""openness"": 0.675, ""agreeableness"": 0.5555555555555556, ""extraversion"": 0.625, ""conscientiousness"": 0.5833333333333334, ""neuroticism"": 0.4375}"
baseline_loglik,agreeableness,high,bfi_27,agreeableness,True,3,3,False,"{""openness"": 0.675, ""agreeableness"": 0.5555555555555556, ""extraversion"": 0.625, ""conscientiousness"": 0.5833333333333334, ""neuroticism"": 0.4375}"
baseline_loglik,agreeableness,high,bfi_28,conscientiousness,False,4,4,False,"{""openness"": 0.675, ""agreeableness"": 0.5555555555555556, ""extraversion"": 0.625, ""conscientiousness"": 0.5833333333333334, ""neuroticism"": 0.4375}"
baseline_loglik,agreeableness,high,bfi_29,neuroticism,False,3,3,False,"{""openness"": 0.675, ""agreeableness"": 0.5555555555555556, ""extraversion"": 0.625, ""conscientiousness"": 0.5833333333333334, ""neuroticism"": 0.4375}"
baseline_loglik,agreeableness,high,bfi_30,openness,False,4,4,False,"{""openness"": 0.675, ""agreeableness"": 0.5555555555555556, ""extraversion"": 0.625, ""conscientiousness"": 0.5833333333333334, ""neuroticism"": 0.4375}"
baseline_loglik,agreeableness,high,bfi_31,extraversion,True,3,3,False,"{""openness"": 0.675, ""agreeableness"": 0.5555555555555556, ""extraversion"": 0.625, ""conscientiousness"": 0.5833333333333334, ""neuroticism"": 0.4375}"
baseline_loglik,agreeableness,high,bfi_32,agreeableness,False,4,4,False,"{""openness"": 0.675, ""agreeableness"": 0.5555555555555556, ""extraversion"": 0.625, ""conscientiousness"": 0.5833333333333334, ""neuroticism"": 0.4375}"
baseline_loglik,agreeableness,high,bfi_33,conscientiousness,False,3,3,False,"{""openness"": 0.675, ""agreeableness"": 0.5555555555555556, ""extraversion"": 0.625, ""conscientiousness"": 0.5833333333333334, ""neuroticism"": 0.4375}"
baseline_loglik,agreeableness,high,bfi_34,neuroticism,True,3,3,False,"{""openness"": 0.675, ""agreeableness"": 0.5555555555555556, ""extraversion"": 0.625, ""conscientiousness"": 0.5833333333333334, ""neuroticism"": 0.4375}"
baseline_loglik,agreeableness,high,bfi_35,openness,True,3,3,False,"{""openness"": 0.675, ""agreeableness"": 0.5555555555555556, ""extraversion"": 0.625, ""conscientiousness"": 0.5833333333333334, ""neuroticism"": 0.4375}"
baseline_loglik,agreeableness,high,bfi_36,extraversion,False,4,4,False,"{""openness"": 0.675, ""agreeableness"": 0.5555555555555556, ""extraversion"": 0.625, ""conscientiousness"": 0.5833333333333334, ""neuroticism"": 0.4375}"
baseline_loglik,agreeableness,high,bfi_37,agreeableness,True,3,3,False,"{""openness"": 0.675, ""agreeableness"": 0.5555555555555556, ""extraversion"": 0.625, ""conscientiousness"": 0.5833333333333334, ""neuroticism"": 0.4375}"
baseline_loglik,agreeableness,high,bfi_38,conscientiousness,False,4,4,False,"{""openness"": 0.675, ""agreeableness"": 0.5555555555555556, ""extraversion"": 0.625, ""conscientiousness"": 0.5833333333333334, ""neuroticism"": 0.4375}"
baseline_loglik,agreeableness,high,bfi_39,neuroticism,False,3,3,False,"{""openness"": 0.675, ""agreeableness"": 0.5555555555555556, ""extraversion"": 0.625, ""conscientiousness"": 0.5833333333333334, ""neuroticism"": 0.4375}"
baseline_loglik,agreeableness,high,bfi_40,openness,False,4,4,False,"{""openness"": 0.675, ""agreeableness"": 0.5555555555555556, ""extraversion"": 0.625, ""conscientiousness"": 0.5833333333333334, ""neuroticism"": 0.4375}"
baseline_loglik,agreeableness,high,bfi_41,openness,True,3,3,False,"{""openness"": 0.675, ""agreeableness"": 0.5555555555555556, ""extraversion"": 0.625, ""conscientiousness"": 0.5833333333333334, ""neuroticism"": 0.4375}"
baseline_loglik,agreeableness,high,bfi_42,agreeableness,False,3,3,False,"{""openness"": 0.675, ""agreeableness"": 0.5555555555555556, ""extraversion"": 0.625, ""conscientiousness"": 0.5833333333333334, ""neuroticism"": 0.4375}"
baseline_loglik,agreeableness,high,bfi_43,conscientiousness,True,3,3,False,"{""openness"": 0.675, ""agreeableness"": 0.5555555555555556, ""extraversion"": 0.625, ""conscientiousness"": 0.5833333333333334, ""neuroticism"": 0.4375}"
baseline_loglik,agreeableness,high,bfi_44,openness,False,3,3,False,"{""openness"": 0.675, ""agreeableness"": 0.5555555555555556, ""extraversion"": 0.625, ""conscientiousness"": 0.5833333333333334, ""neuroticism"": 0.4375}"
baseline_loglik,agreeableness,low,bfi_01,extraversion,False,3,3,False,"{""openness"": 0.675, ""agreeableness"": 0.5555555555555556, ""extraversion"": 0.625, ""conscientiousness"": 0.5833333333333334, ""neuroticism"": 0.4375}"
baseline_loglik,agreeableness,low,bfi_02,agreeableness,True,3,3,False,"{""openness"": 0.675, ""agreeableness"": 0.5555555555555556, ""extraversion"": 0.625, ""conscientiousness"": 0.5833333333333334, ""neuroticism"": 0.4375}"
baseline_loglik,agreeableness,low,bfi_03,conscientiousness,False,3,3,False,"{""openness"": 0.675, ""agreeableness"": 0.5555555555555556, ""extraversion"": 0.625, ""conscientiousness"": 0.5833333333333334, ""neuroticism"": 0.4375}"
baseline_loglik,agreeableness,low,bfi_04,neuroticism,False,3,3,False,"{""openness"": 0.675, ""agreeableness"": 0.5555555555555556, ""extraversion"": 0.625, ""conscientiousness"": 0.5833333333333334, ""neuroticism"": 0.4375}"
baseline_loglik,agreeableness,low,bfi_05,openness,False,4,4,False,"{""openness"": 0.675, ""agreeableness"": 0.5555555555555556, ""extraversion"": 0.625, ""conscientiousness"": 0.5833333333333334, ""neuroticism"": 0.4375}"
baseline_loglik,agreeableness,low,bfi_06,extraversion,True,3,3,False,"{""openness"": 0.675, ""agreeableness"": 0.5555555555555556, ""extraversion"": 0.625, ""conscientiousness"": 0.5833333333333334, ""neuroticism"": 0.4375}"
baseline_loglik,agreeableness,low,bfi_07,agreeableness,False,4,4,False,"{""openness"": 0.675, ""agreeableness"": 0.5555555555555556, ""extraversion"": 0.625, ""conscientiousness"": 0.5833333333333334, ""neuroticism"": 0.4375}"
baseline_loglik,agreeableness,low,bfi_08,conscientiousness,True,3,3,False,"{""openness"": 0.675, ""agreeableness"": 0.5555555555555556, ""extraversion"": 0.625, ""conscientiousness"": 0.5833333333333334, ""neuroticism"": 0.4375}"
baseline_loglik,agreeableness,low,bfi_09,neuroticism,True,4,4,False,"{""openness"": 0.675, ""agreeableness"": 0.5555555555555556, ""extraversion"": 0.625, ""conscientiousness"": 0.5833333333333334, ""neuroticism"": 0.4375}"
baseline_loglik,agreeableness,low,bfi_10,openness,False,4,4,False,"{""openness"": 0.675, ""agreeableness"": 0.5555555555555556, ""extraversion"": 0.625, ""conscientiousness"": 0.5833333333333334, ""neuroticism"": 0.4375}"
baseline_loglik,agreeableness,low,bfi_11,extraversion,False,4,4,False,"{""openness"": 0.675, ""agreeableness"": 0.5555555555555556, ""extraversion"": 0.625, ""conscientiousness"": 0.5833333333333334, ""neuroticism"": 0.4375}"
baseline_loglik,agreeableness,low,bfi_12,agreeableness,True,3,3,False,"{""openness"": 0.675, ""agreeableness"": 0.5555555555555556, ""extraversion"": 0.625, ""conscientiousness"": 0.5833333333333334, ""neuroticism"": 0.4375}"
baseline_loglik,agreeableness,low,bfi_13,conscientiousness,False,4,4,False,"{""openness"": 0.675, ""agreeableness"": 0.5555555555555556, ""extraversion"": 0.625, ""conscientiousness"": 0.5833333333333334, ""neuroticism"": 0.4375}"
baseline_loglik,agreeableness,low,bfi_14,neuroticism,False,3,3,False,"{""openness"": 0.675, ""agreeableness"": 0.5555555555555556, ""extraversion"": 0.625, ""conscientiousness"": 0.5833333333333334, ""neuroticism"": 0.4375}"
baseline_loglik,agreeableness,low,bfi_15,openness,False,4,4,False,"{""openness"": 0.675, ""agreeableness"": 0.5555555555555556, ""extraversion"": 0.625, ""conscientiousness"": 0.5833333333333334, ""neuroticism"": 0.4375}"
baseline_loglik,agreeableness,low,bfi_16,extraversion,False,4,4,False,"{""openness"": 0.675, ""agreeableness"": 0.5555555555555556, ""extraversion"": 0.625, ""conscientiousness"": 0.5833333333333334, ""neuroticism"": 0.4375}"
baseline_loglik,agreeableness,low,bfi_17,agreeableness,False,3,3,False,"{""openness"": 0.675, ""agreeableness"": 0.5555555555555556, ""extraversion"": 0.625, ""conscientiousness"": 0.5833333333333334, ""neuroticism"": 0.4375}"
baseline_loglik,agreeableness,low,bfi_18,conscientiousness,True,3,3,False,"{""openness"": 0.675, ""agreeableness"": 0.5555555555555556, ""extraversion"": 0.625, ""conscientiousness"": 0.5833333333333334, ""neuroticism"": 0.4375}"
baseline_loglik,agreeableness,low,bfi_19,neuroticism,False,3,3,False,"{""openness"": 0.675, ""agreeableness"": 0.5555555555555556, ""extraversion"": 0.625, ""conscientiousness"": 0.5833333333333334, ""neuroticism"": 0.4375}"
baseline_loglik,agreeableness,low,bfi_20,openness,False,4,4,False,"{""openness"": 0.675, ""agreeableness"": 0.5555555555555556, ""extraversion"": 0.625, ""conscientiousness"": 0.5833333333333334, ""neuroticism"": 0.4375}"
baseline_loglik,agreeableness,low,bfi_21,extraversion,True,3,3,False,"{""openness"": 0.675, ""agreeableness"": 0.5555555555555556, ""extraversion"": 0.625, ""conscientiousness"": 0.5833333333333334, ""neuroticism"": 0.4375}"
baseline_loglik,agreeableness,low,bfi_22,agreeableness,False,3,3,False,"{""openness"": 0.675, ""agreeableness"": 0.5555555555555556, ""extraversion"": 0.625, ""conscientiousness"": 0.5833333333333334, ""neuroticism"": 0.4375}"
baseline_loglik,agreeableness,low,bfi_23,conscientiousness,True,3,3,False,"{""openness"": 0.675, ""agreeableness"": 0.5555555555555556, ""extraversion"": 0.625, ""conscientiousness"": 0.5833333333333334, ""neuroticism"": 0.4375}"
baseline_loglik,agreeableness,low,bfi_24,neuroticism,True,4,4,False,"{""openness"": 0.675, ""agreeableness"": 0.5555555555555556, ""extraversion"": 0.625, ""conscientiousness"": 0.5833333333333334, ""neuroticism"": 0.4375}"
baseline_loglik,agreeableness,low,bfi_25,openness,False,4,4,False,"{""openness"": 0.675, ""agreeableness"": 0.5555555555555556, ""extraversion"": 0.625, ""conscientiousness"": 0.5833333333333334, ""neuroticism"": 0.4375}"
baseline_loglik,agreeableness,low,bfi_26,extraversion,False,4,4,False,"{""openness"": 0.675, ""agreeableness"": 0.5555555555555556, ""extraversion"": 0.625, ""conscientiousness"": 0.5833333333333334, ""neuroticism"": 0.4375}"
baseline_loglik,agreeableness,low,bfi_27,agreeableness,True,3,3,False,"{""openness"": 0.675, ""agreeableness"": 0.5555555555555556, ""extraversion"": 0.625, ""conscientiousness"": 0.5833333333333334, ""neuroticism"": 0.4375}"
baseline_loglik,agreeableness,low,bfi_28,conscientiousness,False,4,4,False,"{""openness"": 0.675, ""agreeableness"": 0.5555555555555556, ""extraversion"": 0.625, ""conscientiousness"": 0.5833333333333334, ""neuroticism"": 0.4375}"
baseline_loglik,agreeableness,low,bfi_29,neuroticism,False,3,3,False,"{""openness"": 0.675, ""agreeableness"": 0.5555555555555556, ""extraversion"": 0.625, ""conscientiousness"": 0.5833333333333334, ""neuroticism"": 0.4375}"
baseline_loglik,agreeableness,low,bfi_30,openness,False,4,4,False,"{""openness"": 0.675, ""agreeableness"": 0.5555555555555556, ""extraversion"": 0.625, ""conscientiousness"": 0.5833333333333334, ""neuroticism"": 0.4375}"
baseline_loglik,agreeableness,low,bfi_31,extraversion,True,3,3,False,"{""openness"": 0.675, ""agreeableness"": 0.5555555555555556, ""extraversion"": 0.625, ""conscientiousness"": 0.5833333333333334, ""neuroticism"": 0.4375}"
baseline_loglik,agreeableness,low,bfi_32,agreeableness,False,4,4,False,"{""openness"": 0.675, ""agreeableness"": 0.5555555555555556, ""extraversion"": 0.625, ""conscientiousness"": 0.5833333333333334, ""neuroticism"": 0.4375}"
baseline_loglik,agreeableness,low,bfi_33,conscientiousness,False,3,3,False,"{""openness"": 0.675, ""agreeableness"": 0.5555555555555556, ""extraversion"": 0.625, ""conscientiousness"": 0.5833333333333334, ""neuroticism"": 0.4375}"
baseline_loglik,agreeableness,low,bfi_34,neuroticism,True,3,3,False,"{""openness"": 0.675, ""agreeableness"": 0.5555555555555556, ""extraversion"": 0.625, ""conscientiousness"": 0.5833333333333334, ""neuroticism"": 0.4375}"
baseline_loglik,agreeableness,low,bfi_35,openness,True,3,3,False,"{""openness"": 0.675, ""agreeableness"": 0.5555555555555556, ""extraversion"": 0.625, ""conscientiousness"": 0.5833333333333334, ""neuroticism"": 0.4375}"
baseline_loglik,agreeableness,low,bfi_36,extraversion,False,4,4,False,"{""openness"": 0.675, ""agreeableness"": 0.5555555555555556, ""extraversion"": 0.625, ""conscientiousness"": 0.5833333333333334, ""neuroticism"": 0.4375}"
baseline_loglik,agreeableness,low,bfi_37,agreeableness,True,3,3,False,"{""openness"": 0.675, ""agreeableness"": 0.5555555555555556, ""extraversion"": 0.625, ""conscientiousness"": 0.5833333333333334, ""neuroticism"": 0.4375}"
baseline_loglik,agreeableness,low,bfi_38,conscientiousness,False,4,4,False,"{""openness"": 0.675, ""agreeableness"": 0.5555555555555556, ""extraversion"": 0.625, ""conscientiousness"": 0.5833333333333334, ""neuroticism"": 0.4375}"
baseline_loglik,agreeableness,low,bfi_39,neuroticism,False,3,3,False,"{""openness"": 0.675, ""agreeableness"": 0.5555555555555556, ""extraversion"": 0.625, ""conscientiousness"": 0.5833333333333334, ""neuroticism"": 0.4375}"
baseline_loglik,agreeableness,low,bfi_40,openness,False,4,4,False,"{""openness"": 0.675, ""agreeableness"": 0.5555555555555556, ""extraversion"": 0.625, ""conscientiousness"": 0.5833333333333334, ""neuroticism"": 0.4375}"
baseline_loglik,agreeableness,low,bfi_41,openness,True,3,3,False,"{""openness"": 0.675, ""agreeableness"": 0.5555555555555556, ""extraversion"": 0.625, ""conscientiousness"": 0.5833333333333334, ""neuroticism"": 0.4375}"
baseline_loglik,agreeableness,low,bfi_42,agreeableness,False,3,3,False,"{""openness"": 0.675, ""agreeableness"": 0.5555555555555556, ""extraversion"": 0.625, ""conscientiousness"": 0.5833333333333334, ""neuroticism"": 0.4375}"
baseline_loglik,agreeableness,low,bfi_43,conscientiousness,True,3,3,False,"{""openness"": 0.675, ""agreeableness"": 0.5555555555555556, ""extraversion"": 0.625, ""conscientiousness"": 0.5833333333333334, ""neuroticism"": 0.4375}"
baseline_loglik,agreeableness,low,bfi_44,openness,False,3,3,False,"{""openness"": 0.675, ""agreeableness"": 0.5555555555555556, ""extraversion"": 0.625, ""conscientiousness"": 0.5833333333333334, ""neuroticism"": 0.4375}"
baseline_loglik,conscientiousness,high,bfi_01,extraversion,False,3,3,False,"{""openness"": 0.675, ""agreeableness"": 0.5555555555555556, ""extraversion"": 0.625, ""conscientiousness"": 0.5833333333333334, ""neuroticism"": 0.4375}"
baseline_loglik,conscientiousness,high,bfi_02,agreeableness,True,3,3,False,"{""openness"": 0.675, ""agreeableness"": 0.5555555555555556, ""extraversion"": 0.625, ""conscientiousness"": 0.5833333333333334, ""neuroticism"": 0.4375}"
baseline_loglik,conscientiousness,high,bfi_03,conscientiousness,False,3,3,False,"{""openness"": 0.675, ""agreeableness"": 0.5555555555555556, ""extraversion"": 0.625, ""conscientiousness"": 0.5833333333333334, ""neuroticism"": 0.4375}"
baseline_loglik,conscientiousness,high,bfi_04,neuroticism,False,3,3,False,"{""openness"": 0.675, ""agreeableness"": 0.5555555555555556, ""extraversion"": 0.625, ""conscientiousness"": 0.5833333333333334, ""neuroticism"": 0.4375}"
baseline_loglik,conscientiousness,high,bfi_05,openness,False,4,4,False,"{""openness"": 0.675, ""agreeableness"": 0.5555555555555556, ""extraversion"": 0.625, ""conscientiousness"": 0.5833333333333334, ""neuroticism"": 0.4375}"
baseline_loglik,conscientiousness,high,bfi_06,extraversion,True,3,3,False,"{""openness"": 0.675, ""agreeableness"": 0.5555555555555556, ""extraversion"": 0.625, ""conscientiousness"": 0.5833333333333334, ""neuroticism"": 0.4375}"
baseline_loglik,conscientiousness,high,bfi_07,agreeableness,False,4,4,False,"{""openness"": 0.675, ""agreeableness"": 0.5555555555555556, ""extraversion"": 0.625, ""conscientiousness"": 0.5833333333333334, ""neuroticism"": 0.4375}"
baseline_loglik,conscientiousness,high,bfi_08,conscientiousness,True,3,3,False,"{""openness"": 0.675, ""agreeableness"": 0.5555555555555556, ""extraversion"": 0.625, ""conscientiousness"": 0.5833333333333334, ""neuroticism"": 0.4375}"
baseline_loglik,conscientiousness,high,bfi_09,neuroticism,True,4,4,False,"{""openness"": 0.675, ""agreeableness"": 0.5555555555555556, ""extraversion"": 0.625, ""conscientiousness"": 0.5833333333333334, ""neuroticism"": 0.4375}"
baseline_loglik,conscientiousness,high,bfi_10,openness,False,4,4,False,"{""openness"": 0.675, ""agreeableness"": 0.5555555555555556, ""extraversion"": 0.625, ""conscientiousness"": 0.5833333333333334, ""neuroticism"": 0.4375}"
baseline_loglik,conscientiousness,high,bfi_11,extraversion,False,4,4,False,"{""openness"": 0.675, ""agreeableness"": 0.5555555555555556, ""extraversion"": 0.625, ""conscientiousness"": 0.5833333333333334, ""neuroticism"": 0.4375}"
baseline_loglik,conscientiousness,high,bfi_12,agreeableness,True,3,3,False,"{""openness"": 0.675, ""agreeableness"": 0.5555555555555556, ""extraversion"": 0.625, ""conscientiousness"": 0.5833333333333334, ""neuroticism"": 0.4375}"
baseline_loglik,conscientiousness,high,bfi_13,conscientiousness,False,4,4,False,"{""openness"": 0.675, ""agreeableness"": 0.5555555555555556, ""extraversion"": 0.625, ""conscientiousness"": 0.5833333333333334, ""neuroticism"": 0.4375}"
baseline_loglik,conscientiousness,high,bfi_14,neuroticism,False,3,3,False,"{""openness"": 0.675, ""agreeableness"": 0.5555555555555556, ""extraversion"": 0.625, ""conscientiousness"": 0.5833333333333334, ""neuroticism"": 0.4375}"
baseline_loglik,conscientiousness,high,bfi_15,openness,False,4,4,False,"{""openness"": 0.675, ""agreeableness"": 0.5555555555555556, ""extraversion"": 0.625, ""conscientiousness"": 0.5833333333333334, ""neuroticism"": 0.4375}"
baseline_loglik,conscientiousness,high,bfi_16,extraversion,False,4,4,False,"{""openness"": 0.675, ""agreeableness"": 0.5555555555555556, ""extraversion"": 0.625, ""conscientiousness"": 0.5833333333333334, ""neuroticism"": 0.4375}"
baseline_loglik,conscientiousness,high,bfi_17,agreeableness,False,3,3,False,"{""openness"": 0.675, ""agreeableness"": 0.5555555555555556, ""extraversion"": 0.625, ""conscientiousness"": 0.5833333333333334, ""neuroticism"": 0.4375}"
baseline_loglik,conscientiousness,high,bfi_18,conscientiousness,True,3,3,False,"{""openness"": 0.675, ""agreeableness"": 0.5555555555555556, ""extraversion"": 0.625, ""conscientiousness"": 0.5833333333333334, ""neuroticism"": 0.4375}"
baseline_loglik,conscientiousness,high,bfi_19,neuroticism,False,3,3,False,"{""openness"": 0.675, ""agreeableness"": 0.5555555555555556, ""extraversion"": 0.625, ""conscientiousness"": 0.5833333333333334, ""neuroticism"": 0.4375}"
baseline_loglik,conscientiousness,high,bfi_20,openness,False,4,4,False,"{""openness"": 0.675, ""agreeableness"": 0.5555555555555556, ""extraversion"": 0.625, ""conscientiousness"": 0.5833333333333334, ""neuroticism"": 0.4375}"
baseline_loglik,conscientiousness,high,bfi_21,extraversion,True,3,3,False,"{""openness"": 0.675, ""agreeableness"": 0.5555555555555556, ""extraversion"": 0.625, ""conscientiousness"": 0.5833333333333334, ""neuroticism"": 0.4375}"
baseline_loglik,conscientiousness,high,bfi_22,agreeableness,False,3,3,False,"{""openness"": 0.675, ""agreeableness"": 0.5555555555555556, ""extraversion"": 0.625, ""conscientiousness"": 0.5833333333333334, ""neuroticism"": 0.4375}"
baseline_loglik,conscientiousness,high,bfi_23,conscientiousness,True,3,3,False,"{""openness"": 0.675, ""agreeableness"": 0.5555555555555556, ""extraversion"": 0.625, ""conscientiousness"": 0.5833333333333334, ""neuroticism"": 0.4375}"
baseline_loglik,conscientiousness,high,bfi_24,neuroticism,True,4,4,False,"{""openness"": 0.675, ""agreeableness"": 0.5555555555555556, ""extraversion"": 0.625, ""conscientiousness"": 0.5833333333333334, ""neuroticism"": 0.4375}"
baseline_loglik,conscientiousness,high,bfi_25,openness,False,4,4,False,"{""openness"": 0.675, ""agreeableness"": 0.5555555555555556, ""extraversion"": 0.625, ""conscientiousness"": 0.5833333333333334, ""neuroticism"": 0.4375}"
baseline_loglik,conscientiousness,high,bfi_26,extraversion,False,4,4,False,"{""openness"": 0.675, ""agreeableness"": 0.5555555555555556, ""extraversion"": 0.625, ""conscientiousness"": 0.5833333333333334, ""neuroticism"": 0.4375}"
baseline_loglik,conscientiousness,high,bfi_27,agreeableness,True,3,3,False,"{""openness"": 0.675, ""agreeableness"": 0.5555555555555556, ""extraversion"": 0.625, ""conscientiousness"": 0.5833333333333334, ""neuroticism"": 0.4375}"
baseline_loglik,conscientiousness,high,bfi_28,conscientiousness,False,4,4,False,"{""openness"": 0.675, ""agreeableness"": 0.5555555555555556, ""extraversion"": 0.625, ""conscientiousness"": 0.5833333333333334, ""neuroticism"": 0.4375}"
baseline_loglik,conscientiousness,high,bfi_29,neuroticism,False,3,3,False,"{""openness"": 0.675, ""agreeableness"": 0.5555555555555556, ""extraversion"": 0.625, ""conscientiousness"": 0.5833333333333334, ""neuroticism"": 0.4375}"
baseline_loglik,conscientiousness,high,bfi_30,openness,False,4,4,False,"{""openness"": 0.675, ""agreeableness"": 0.5555555555555556, ""extraversion"": 0.625, ""conscientiousness"": 0.5833333333333334, ""neuroticism"": 0.4375}"
baseline_loglik,conscientiousness,high,bfi_31,extraversion,True,3,3,False,"{""openness"": 0.675, ""agreeableness"": 0.5555555555555556, ""extraversion"": 0.625, ""conscientiousness"": 0.5833333333333334, ""neuroticism"": 0.4375}"
baseline_loglik,conscientiousness,high,bfi_32,agreeableness,False,4,4,False,"{""openness"": 0.675, ""agreeableness"": 0.5555555555555556, ""extraversion"": 0.625, ""conscientiousness"": 0.5833333333333334, ""neuroticism"": 0.4375}"
baseline_loglik,conscientiousness,high,bfi_33,conscientiousness,False,3,3,False,"{""openness"": 0.675, ""agreeableness"": 0.5555555555555556, ""extraversion"": 0.625, ""conscientiousness"": 0.5833333333333334, ""neuroticism"": 0.4375}"
baseline_loglik,conscientiousness,high,bfi_34,neuroticism,True,3,3,False,"{""openness"": 0.675, ""agreeableness"": 0.5555555555555556, ""extraversion"": 0.625, ""conscientiousness"": 0.5833333333333334, ""neuroticism"": 0.4375}"
baseline_loglik,conscientiousness,high,bfi_35,openness,True,3,3,False,"{""openness"": 0.675, ""agreeableness"": 0.5555555555555556, ""extraversion"": 0.625, ""conscientiousness"": 0.5833333333333334, ""neuroticism"": 0.4375}"
baseline_loglik,conscientiousness,high,bfi_36,extraversion,False,4,4,False,"{""openness"": 0.675, ""agreeableness"": 0.5555555555555556, ""extraversion"": 0.625, ""conscientiousness"": 0.5833333333333334, ""neuroticism"": 0.4375}"
baseline_loglik,conscientiousness,high,bfi_37,agreeableness,True,3,3,False,"{""openness"": 0.675, ""agreeableness"": 0.5555555555555556, ""extraversion"": 0.625, ""conscientiousness"": 0.5833333333333334, ""neuroticism"": 0.4375}"
baseline_loglik,conscientiousness,high,bfi_38,conscientiousness,False,4,4,False,"{""openness"": 0.675, ""agreeableness"": 0.5555555555555556, ""extraversion"": 0.625, ""conscientiousness"": 0.5833333333333334, ""neuroticism"": 0.4375}"
baseline_loglik,conscientiousness,high,bfi_39,neuroticism,False,3,3,False,"{""openness"": 0.675, ""agreeableness"": 0.5555555555555556, ""extraversion"": 0.625, ""conscientiousness"": 0.5833333333333334, ""neuroticism"": 0.4375}"
baseline_loglik,conscientiousness,high,bfi_40,openness,False,4,4,False,"{""openness"": 0.675, ""agreeableness"": 0.5555555555555556, ""extraversion"": 0.625, ""conscientiousness"": 0.5833333333333334, ""neuroticism"": 0.4375}"
baseline_loglik,conscientiousness,high,bfi_41,openness,True,3,3,False,"{""openness"": 0.675, ""agreeableness"": 0.5555555555555556, ""extraversion"": 0.625, ""conscientiousness"": 0.5833333333333334, ""neuroticism"": 0.4375}"
baseline_loglik,conscientiousness,high,bfi_42,agreeableness,False,3,3,False,"{""openness"": 0.675, ""agreeableness"": 0.5555555555555556, ""extraversion"": 0.625, ""conscientiousness"": 0.5833333333333334, ""neuroticism"": 0.4375}"
baseline_loglik,conscientiousness,high,bfi_43,conscientiousness,True,3,3,False,"{""openness"": 0.675, ""agreeableness"": 0.5555555555555556, ""extraversion"": 0.625, ""conscientiousness"": 0.5833333333333334, ""neuroticism"": 0.4375}"
baseline_loglik,conscientiousness,high,bfi_44,openness,False,3,3,False,"{""openness"": 0.675, ""agreeableness"": 0.5555555555555556, ""extraversion"": 0.625, ""conscientiousness"": 0.5833333333333334, ""neuroticism"": 0.4375}"
baseline_loglik,conscientiousness,low,bfi_01,extraversion,False,3,3,False,"{""openness"": 0.675, ""agreeableness"": 0.5555555555555556, ""extraversion"": 0.625, ""conscientiousness"": 0.5833333333333334, ""neuroticism"": 0.4375}"
baseline_loglik,conscientiousness,low,bfi_02,agreeableness,True,3,3,False,"{""openness"": 0.675, ""agreeableness"": 0.5555555555555556, ""extraversion"": 0.625, ""conscientiousness"": 0.5833333333333334, ""neuroticism"": 0.4375}"
baseline_loglik,conscientiousness,low,bfi_03,conscientiousness,False,3,3,False,"{""openness"": 0.675, ""agreeableness"": 0.5555555555555556, ""extraversion"": 0.625, ""conscientiousness"": 0.5833333333333334, ""neuroticism"": 0.4375}"
baseline_loglik,conscientiousness,low,bfi_04,neuroticism,False,3,3,False,"{""openness"": 0.675, ""agreeableness"": 0.5555555555555556, ""extraversion"": 0.625, ""conscientiousness"": 0.5833333333333334, ""neuroticism"": 0.4375}"
baseline_loglik,conscientiousness,low,bfi_05,openness,False,4,4,False,"{""openness"": 0.675, ""agreeableness"": 0.5555555555555556, ""extraversion"": 0.625, ""conscientiousness"": 0.5833333333333334, ""neuroticism"": 0.4375}"
baseline_loglik,conscientiousness,low,bfi_06,extraversion,True,3,3,False,"{""openness"": 0.675, ""agreeableness"": 0.5555555555555556, ""extraversion"": 0.625, ""conscientiousness"": 0.5833333333333334, ""neuroticism"": 0.4375}"
baseline_loglik,conscientiousness,low,bfi_07,agreeableness,False,4,4,False,"{""openness"": 0.675, ""agreeableness"": 0.5555555555555556, ""extraversion"": 0.625, ""conscientiousness"": 0.5833333333333334, ""neuroticism"": 0.4375}"
baseline_loglik,conscientiousness,low,bfi_08,conscientiousness,True,3,3,False,"{""openness"": 0.675, ""agreeableness"": 0.5555555555555556, ""extraversion"": 0.625, ""conscientiousness"": 0.5833333333333334, ""neuroticism"": 0.4375}"
baseline_loglik,conscientiousness,low,bfi_09,neuroticism,True,4,4,False,"{""openness"": 0.675, ""agreeableness"": 0.5555555555555556, ""extraversion"": 0.625, ""conscientiousness"": 0.5833333333333334, ""neuroticism"": 0.4375}"
baseline_loglik,conscientiousness,low,bfi_10,openness,False,4,4,False,"{""openness"": 0.675, ""agreeableness"": 0.5555555555555556, ""extraversion"": 0.625, ""conscientiousness"": 0.5833333333333334, ""neuroticism"": 0.4375}"
baseline_loglik,conscientiousness,low,bfi_11,extraversion,False,4,4,False,"{""openness"": 0.675, ""agreeableness"": 0.5555555555555556, ""extraversion"": 0.625, ""conscientiousness"": 0.5833333333333334, ""neuroticism"": 0.4375}"
baseline_loglik,conscientiousness,low,bfi_12,agreeableness,True,3,3,False,"{""openness"": 0.675, ""agreeableness"": 0.5555555555555556, ""extraversion"": 0.625, ""conscientiousness"": 0.5833333333333334, ""neuroticism"": 0.4375}"
baseline_loglik,conscientiousness,low,bfi_13,conscientiousness,False,4,4,False,"{""openness"": 0.675, ""agreeableness"": 0.5555555555555556, ""extraversion"": 0.625, ""conscientiousness"": 0.5833333333333334, ""neuroticism"": 0.4375}"
baseline_loglik,conscientiousness,low,bfi_14,neuroticism,False,3,3,False,"{""openness"": 0.675, ""agreeableness"": 0.5555555555555556, ""extraversion"": 0.625, ""conscientiousness"": 0.5833333333333334, ""neuroticism"": 0.4375}"
baseline_loglik,conscientiousness,low,bfi_15,openness,False,4,4,False,"{""openness"": 0.675, ""agreeableness"": 0.5555555555555556, ""extraversion"": 0.625, ""conscientiousness"": 0.5833333333333334, ""neuroticism"": 0.4375}"
baseline_loglik,conscientiousness,low,bfi_16,extraversion,False,4,4,False,"{""openness"": 0.675, ""agreeableness"": 0.5555555555555556, ""extraversion"": 0.625, ""conscientiousness"": 0.5833333333333334, ""neuroticism"": 0.4375}"
baseline_loglik,conscientiousness,low,bfi_17,agreeableness,False,3,3,False,"{""openness"": 0.675, ""agreeableness"": 0.5555555555555556, ""extraversion"": 0.625, ""conscientiousness"": 0.5833333333333334, ""neuroticism"": 0.4375}"
baseline_loglik,conscientiousness,low,bfi_18,conscientiousness,True,3,3,False,"{""openness"": 0.675, ""agreeableness"": 0.5555555555555556, ""extraversion"": 0.625, ""conscientiousness"": 0.5833333333333334, ""neuroticism"": 0.4375}"
baseline_loglik,conscientiousness,low,bfi_19,neuroticism,False,3,3,False,"{""openness"": 0.675, ""agreeableness"": 0.5555555555555556, ""extraversion"": 0.625, ""conscientiousness"": 0.5833333333333334, ""neuroticism"": 0.4375}"
baseline_loglik,conscientiousness,low,bfi_20,openness,False,4,4,False,"{""openness"": 0.675, ""agreeableness"": 0.5555555555555556, ""extraversion"": 0.625, ""conscientiousness"": 0.5833333333333334, ""neuroticism"": 0.4375}"
baseline_loglik,conscientiousness,low,bfi_21,extraversion,True,3,3,False,"{""openness"": 0.675, ""agreeableness"": 0.5555555555555556, ""extraversion"": 0.625, ""conscientiousness"": 0.5833333333333334, ""neuroticism"": 0.4375}"
baseline_loglik,conscientiousness,low,bfi_22,agreeableness,False,3,3,False,"{""openness"": 0.675, ""agreeableness"": 0.5555555555555556, ""extraversion"": 0.625, ""conscientiousness"": 0.5833333333333334, ""neuroticism"": 0.4375}"
baseline_loglik,conscientiousness,low,bfi_23,conscientiousness,True,3,3,False,"{""openness"": 0.675, ""agreeableness"": 0.5555555555555556, ""extraversion"": 0.625, ""conscientiousness"": 0.5833333333333334, ""neuroticism"": 0.4375}"
baseline_loglik,conscientiousness,low,bfi_24,neuroticism,True,4,4,False,"{""openness"": 0.675, ""agreeableness"": 0.5555555555555556, ""extraversion"": 0.625, ""conscientiousness"": 0.5833333333333334, ""neuroticism"": 0.4375}"
baseline_loglik,conscientiousness,low,bfi_25,openness,False,4,4,False,"{""openness"": 0.675, ""agreeableness"": 0.5555555555555556, ""extraversion"": 0.625, ""conscientiousness"": 0.5833333333333334, ""neuroticism"": 0.4375}"
baseline_loglik,conscientiousness,low,bfi_26,extraversion,False,4,4,False,"{""openness"": 0.675, ""agreeableness"": 0.5555555555555556, ""extraversion"": 0.625, ""conscientiousness"": 0.5833333333333334, ""neuroticism"": 0.4375}"
baseline_loglik,conscientiousness,low,bfi_27,agreeableness,True,3,3,False,"{""openness"": 0.675, ""agreeableness"": 0.5555555555555556, ""extraversion"": 0.625, ""conscientiousness"": 0.5833333333333334, ""neuroticism"": 0.4375}"
baseline_loglik,conscientiousness,low,bfi_28,conscientiousness,False,4,4,False,"{""openness"": 0.675, ""agreeableness"": 0.5555555555555556, ""extraversion"": 0.625, ""conscientiousness"": 0.5833333333333334, ""neuroticism"": 0.4375}"
baseline_loglik,conscientiousness,low,bfi_29,neuroticism,False,3,3,False,"{""openness"": 0.675, ""agreeableness"": 0.5555555555555556, ""extraversion"": 0.625, ""conscientiousness"": 0.5833333333333334, ""neuroticism"": 0.4375}"
baseline_loglik,conscientiousness,low,bfi_30,openness,False,4,4,False,"{""openness"": 0.675, ""agreeableness"": 0.5555555555555556, ""extraversion"": 0.625, ""conscientiousness"": 0.5833333333333334, ""neuroticism"": 0.4375}"
baseline_loglik,conscientiousness,low,bfi_31,extraversion,True,3,3,False,"{""openness"": 0.675, ""agreeableness"": 0.5555555555555556, ""extraversion"": 0.625, ""conscientiousness"": 0.5833333333333334, ""neuroticism"": 0.4375}"
baseline_loglik,conscientiousness,low,bfi_32,agreeableness,False,4,4,False,"{""openness"": 0.675, ""agreeableness"": 0.5555555555555556, ""extraversion"": 0.625, ""conscientiousness"": 0.5833333333333334, ""neuroticism"": 0.4375}"
baseline_loglik,conscientiousness,low,bfi_33,conscientiousness,False,3,3,False,"{""openness"": 0.675, ""agreeableness"": 0.5555555555555556, ""extraversion"": 0.625, ""conscientiousness"": 0.5833333333333334, ""neuroticism"": 0.4375}"
baseline_loglik,conscientiousness,low,bfi_34,neuroticism,True,3,3,False,"{""openness"": 0.675, ""agreeableness"": 0.5555555555555556, ""extraversion"": 0.625, ""conscientiousness"": 0.5833333333333334, ""neuroticism"": 0.4375}"
baseline_loglik,conscientiousness,low,bfi_35,openness,True,3,3,False,"{""openness"": 0.675, ""agreeableness"": 0.5555555555555556, ""extraversion"": 0.625, ""conscientiousness"": 0.5833333333333334, ""neuroticism"": 0.4375}"
baseline_loglik,conscientiousness,low,bfi_36,extraversion,False,4,4,False,"{""openness"": 0.675, ""agreeableness"": 0.5555555555555556, ""extraversion"": 0.625, ""conscientiousness"": 0.5833333333333334, ""neuroticism"": 0.4375}"
baseline_loglik,conscientiousness,low,bfi_37,agreeableness,True,3,3,False,"{""openness"": 0.675, ""agreeableness"": 0.5555555555555556, ""extraversion"": 0.625, ""conscientiousness"": 0.5833333333333334, ""neuroticism"": 0.4375}"
baseline_loglik,conscientiousness,low,bfi_38,conscientiousness,False,4,4,False,"{""openness"": 0.675, ""agreeableness"": 0.5555555555555556, ""extraversion"": 0.625, ""conscientiousness"": 0.5833333333333334, ""neuroticism"": 0.4375}"
baseline_loglik,conscientiousness,low,bfi_39,neuroticism,False,3,3,False,"{""openness"": 0.675, ""agreeableness"": 0.5555555555555556, ""extraversion"": 0.625, ""conscientiousness"": 0.5833333333333334, ""neuroticism"": 0.4375}"
baseline_loglik,conscientiousness,low,bfi_40,openness,False,4,4,False,"{""openness"": 0.675, ""agreeableness"": 0.5555555555555556, ""extraversion"": 0.625, ""conscientiousness"": 0.5833333333333334, ""neuroticism"": 0.4375}"
baseline_loglik,conscientiousness,low,bfi_41,openness,True,3,3,False,"{""openness"": 0.675, ""agreeableness"": 0.5555555555555556, ""extraversion"": 0.625, ""conscientiousness"": 0.5833333333333334, ""neuroticism"": 0.4375}"
baseline_loglik,conscientiousness,low,bfi_42,agreeableness,False,3,3,False,"{""openness"": 0.675, ""agreeableness"": 0.5555555555555556, ""extraversion"": 0.625, ""conscientiousness"": 0.5833333333333334, ""neuroticism"": 0.4375}"
baseline_loglik,conscientiousness,low,bfi_43,conscientiousness,True,3,3,False,"{""openness"": 0.675, ""agreeableness"": 0.5555555555555556, ""extraversion"": 0.625, ""conscientiousness"": 0.5833333333333334, ""neuroticism"": 0.4375}"
baseline_loglik,conscientiousness,low,bfi_44,openness,False,3,3,False,"{""openness"": 0.675, ""agreeableness"": 0.5555555555555556, ""extraversion"": 0.625, ""conscientiousness"": 0.5833333333333334, ""neuroticism"": 0.4375}"
baseline_loglik,neuroticism,high,bfi_01,extraversion,False,3,3,False,"{""openness"": 0.675, ""agreeableness"": 0.5555555555555556, ""extraversion"": 0.625, ""conscientiousness"": 0.5833333333333334, ""neuroticism"": 0.4375}"
baseline_loglik,neuroticism,high,bfi_02,agreeableness,True,3,3,False,"{""openness"": 0.675, ""agreeableness"": 0.5555555555555556, ""extraversion"": 0.625, ""conscientiousness"": 0.5833333333333334, ""neuroticism"": 0.4375}"
baseline_loglik,neuroticism,high,bfi_03,conscientiousness,False,3,3,False,"{""openness"": 0.675, ""agreeableness"": 0.5555555555555556, ""extraversion"": 0.625, ""conscientiousness"": 0.5833333333333334, ""neuroticism"": 0.4375}"
baseline_loglik,neuroticism,high,bfi_04,neuroticism,False,3,3,False,"{""openness"": 0.675, ""agreeableness"": 0.5555555555555556, ""extraversion"": 0.625, ""conscientiousness"": 0.5833333333333334, ""neuroticism"": 0.4375}"
baseline_loglik,neuroticism,high,bfi_05,openness,False,4,4,False,"{""openness"": 0.675, ""agreeableness"": 0.5555555555555556, ""extraversion"": 0.625, ""conscientiousness"": 0.5833333333333334, ""neuroticism"": 0.4375}"
baseline_loglik,neuroticism,high,bfi_06,extraversion,True,3,3,False,"{""openness"": 0.675, ""agreeableness"": 0.5555555555555556, ""extraversion"": 0.625, ""conscientiousness"": 0.5833333333333334, ""neuroticism"": 0.4375}"
baseline_loglik,neuroticism,high,bfi_07,agreeableness,False,4,4,False,"{""openness"": 0.675, ""agreeableness"": 0.5555555555555556, ""extraversion"": 0.625, ""conscientiousness"": 0.5833333333333334, ""neuroticism"": 0.4375}"
baseline_loglik,neuroticism,high,bfi_08,conscientiousness,True,3,3,False,"{""openness"": 0.675, ""agreeableness"": 0.5555555555555556, ""extraversion"": 0.625, ""conscientiousness"": 0.5833333333333334, ""neuroticism"": 0.4375}"
baseline_loglik,neuroticism,high,bfi_09,neuroticism,True,4,4,False,"{""openness"": 0.675, ""agreeableness"": 0.5555555555555556, ""extraversion"": 0.625, ""conscientiousness"": 0.5833333333333334, ""neuroticism"": 0.4375}"
baseline_loglik,neuroticism,high,bfi_10,openness,False,4,4,False,"{""openness"": 0.675, ""agreeableness"": 0.5555555555555556, ""extraversion"": 0.625, ""conscientiousness"": 0.5833333333333334, ""neuroticism"": 0.4375}"
baseline_loglik,neuroticism,high,bfi_11,extraversion,False,4,4,False,"{""openness"": 0.675, ""agreeableness"": 0.5555555555555556, ""extraversion"": 0.625, ""conscientiousness"": 0.5833333333333334, ""neuroticism"": 0.4375}"
baseline_loglik,neuroticism,high,bfi_12,agreeableness,True,3,3,False,"{""openness"": 0.675, ""agreeableness"": 0.5555555555555556, ""extraversion"": 0.625, ""conscientiousness"": 0.5833333333333334, ""neuroticism"": 0.4375}"
baseline_loglik,neuroticism,high,bfi_13,conscientiousness,False,4,4,False,"{""openness"": 0.675, ""agreeableness"": 0.5555555555555556, ""extraversion"": 0.625, ""conscientiousness"": 0.5833333333333334, ""neuroticism"": 0.4375}"
baseline_loglik,neuroticism,high,bfi_14,neuroticism,False,3,3,False,"{""openness"": 0.675, ""agreeableness"": 0.5555555555555556, ""extraversion"": 0.625, ""conscientiousness"": 0.5833333333333334, ""neuroticism"": 0.4375}"
baseline_loglik,neuroticism,high,bfi_15,openness,False,4,4,False,"{""openness"": 0.675, ""agreeableness"": 0.5555555555555556, ""extraversion"": 0.625, ""conscientiousness"": 0.5833333333333334, ""neuroticism"": 0.4375}"
baseline_loglik,neuroticism,high,bfi_16,extraversion,False,4,4,False,"{""openness"": 0.675, ""agreeableness"": 0.5555555555555556, ""extraversion"": 0.625, ""conscientiousness"": 0.5833333333333334, ""neuroticism"": 0.4375}"
baseline_loglik,neuroticism,high,bfi_17,agreeableness,False,3,3,False,"{""openness"": 0.675, ""agreeableness"": 0.5555555555555556, ""extraversion"": 0.625, ""conscientiousness"": 0.5833333333333334, ""neuroticism"": 0.4375}"
baseline_loglik,neuroticism,high,bfi_18,conscientiousness,True,3,3,False,"{""openness"": 0.675, ""agreeableness"": 0.5555555555555556, ""extraversion"": 0.625, ""conscientiousness"": 0.5833333333333334, ""neuroticism"": 0.4375}"
baseline_loglik,neuroticism,high,bfi_19,neuroticism,False,3,3,False,"{""openness"": 0.675, ""agreeableness"": 0.5555555555555556, ""extraversion"": 0.625, ""conscientiousness"": 0.5833333333333334, ""neuroticism"": 0.4375}"
baseline_loglik,neuroticism,high,bfi_20,openness,False,4,4,False,"{""openness"": 0.675, ""agreeableness"": 0.5555555555555556, ""extraversion"": 0.625, ""conscientiousness"": 0.5833333333333334, ""neuroticism"": 0.4375}"
baseline_loglik,neuroticism,high,bfi_21,extraversion,True,3,3,False,"{""openness"": 0.675, ""agreeableness"": 0.5555555555555556, ""extraversion"": 0.625, ""conscientiousness"": 0.5833333333333334, ""neuroticism"": 0.4375}"
baseline_loglik,neuroticism,high,bfi_22,agreeableness,False,3,3,False,"{""openness"": 0.675, ""agreeableness"": 0.5555555555555556, ""extraversion"": 0.625, ""conscientiousness"": 0.5833333333333334, ""neuroticism"": 0.4375}"
baseline_loglik,neuroticism,high,bfi_23,conscientiousness,True,3,3,False,"{""openness"": 0.675, ""agreeableness"": 0.5555555555555556, ""extraversion"": 0.625, ""conscientiousness"": 0.5833333333333334, ""neuroticism"": 0.4375}"
baseline_loglik,neuroticism,high,bfi_24,neuroticism,True,4,4,False,"{""openness"": 0.675, ""agreeableness"": 0.5555555555555556, ""extraversion"": 0.625, ""conscientiousness"": 0.5833333333333334, ""neuroticism"": 0.4375}"
baseline_loglik,neuroticism,high,bfi_25,openness,False,4,4,False,"{""openness"": 0.675, ""agreeableness"": 0.5555555555555556, ""extraversion"": 0.625, ""conscientiousness"": 0.5833333333333334, ""neuroticism"": 0.4375}"
baseline_loglik,neuroticism,high,bfi_26,extraversion,False,4,4,False,"{""openness"": 0.675, ""agreeableness"": 0.5555555555555556, ""extraversion"": 0.625, ""conscientiousness"": 0.5833333333333334, ""neuroticism"": 0.4375}"
baseline_loglik,neuroticism,high,bfi_27,agreeableness,True,3,3,False,"{""openness"": 0.675, ""agreeableness"": 0.5555555555555556, ""extraversion"": 0.625, ""conscientiousness"": 0.5833333333333334, ""neuroticism"": 0.4375}"
baseline_loglik,neuroticism,high,bfi_28,conscientiousness,False,4,4,False,"{""openness"": 0.675, ""agreeableness"": 0.5555555555555556, ""extraversion"": 0.625, ""conscientiousness"": 0.5833333333333334, ""neuroticism"": 0.4375}"
baseline_loglik,neuroticism,high,bfi_29,neuroticism,False,3,3,False,"{""openness"": 0.675, ""agreeableness"": 0.5555555555555556, ""extraversion"": 0.625, ""conscientiousness"": 0.5833333333333334, ""neuroticism"": 0.4375}"
baseline_loglik,neuroticism,high,bfi_30,openness,False,4,4,False,"{""openness"": 0.675, ""agreeableness"": 0.5555555555555556, ""extraversion"": 0.625, ""conscientiousness"": 0.5833333333333334, ""neuroticism"": 0.4375}"
baseline_loglik,neuroticism,high,bfi_31,extraversion,True,3,3,False,"{""openness"": 0.675, ""agreeableness"": 0.5555555555555556, ""extraversion"": 0.625, ""conscientiousness"": 0.5833333333333334, ""neuroticism"": 0.4375}"
baseline_loglik,neuroticism,high,bfi_32,agreeableness,False,4,4,False,"{""openness"": 0.675, ""agreeableness"": 0.5555555555555556, ""extraversion"": 0.625, ""conscientiousness"": 0.5833333333333334, ""neuroticism"": 0.4375}"
baseline_loglik,neuroticism,high,bfi_33,conscientiousness,False,3,3,False,"{""openness"": 0.675, ""agreeableness"": 0.5555555555555556, ""extraversion"": 0.625, ""conscientiousness"": 0.5833333333333334, ""neuroticism"": 0.4375}"
baseline_loglik,neuroticism,high,bfi_34,neuroticism,True,3,3,False,"{""openness"": 0.675, ""agreeableness"": 0.5555555555555556, ""extraversion"": 0.625, ""conscientiousness"": 0.5833333333333334, ""neuroticism"": 0.4375}"
baseline_loglik,neuroticism,high,bfi_35,openness,True,3,3,False,"{""openness"": 0.675, ""agreeableness"": 0.5555555555555556, ""extraversion"": 0.625, ""conscientiousness"": 0.5833333333333334, ""neuroticism"": 0.4375}"
baseline_loglik,neuroticism,high,bfi_36,extraversion,False,4,4,False,"{""openness"": 0.675, ""agreeableness"": 0.5555555555555556, ""extraversion"": 0.625, ""conscientiousness"": 0.5833333333333334, ""neuroticism"": 0.4375}"
baseline_loglik,neuroticism,high,bfi_37,agreeableness,True,3,3,False,"{""openness"": 0.675, ""agreeableness"": 0.5555555555555556, ""extraversion"": 0.625, ""conscientiousness"": 0.5833333333333334, ""neuroticism"": 0.4375}"
baseline_loglik,neuroticism,high,bfi_38,conscientiousness,False,4,4,False,"{""openness"": 0.675, ""agreeableness"": 0.5555555555555556, ""extraversion"": 0.625, ""conscientiousness"": 0.5833333333333334, ""neuroticism"": 0.4375}"
baseline_loglik,neuroticism,high,bfi_39,neuroticism,False,3,3,False,"{""openness"": 0.675, ""agreeableness"": 0.5555555555555556, ""extraversion"": 0.625, ""conscientiousness"": 0.5833333333333334, ""neuroticism"": 0.4375}"
baseline_loglik,neuroticism,high,bfi_40,openness,False,4,4,False,"{""openness"": 0.675, ""agreeableness"": 0.5555555555555556, ""extraversion"": 0.625, ""conscientiousness"": 0.5833333333333334, ""neuroticism"": 0.4375}"
baseline_loglik,neuroticism,high,bfi_41,openness,True,3,3,False,"{""openness"": 0.675, ""agreeableness"": 0.5555555555555556, ""extraversion"": 0.625, ""conscientiousness"": 0.5833333333333334, ""neuroticism"": 0.4375}"
baseline_loglik,neuroticism,high,bfi_42,agreeableness,False,3,3,False,"{""openness"": 0.675, ""agreeableness"": 0.5555555555555556, ""extraversion"": 0.625, ""conscientiousness"": 0.5833333333333334, ""neuroticism"": 0.4375}"
baseline_loglik,neuroticism,high,bfi_43,conscientiousness,True,3,3,False,"{""openness"": 0.675, ""agreeableness"": 0.5555555555555556, ""extraversion"": 0.625, ""conscientiousness"": 0.5833333333333334, ""neuroticism"": 0.4375}"
baseline_loglik,neuroticism,high,bfi_44,openness,False,3,3,False,"{""openness"": 0.675, ""agreeableness"": 0.5555555555555556, ""extraversion"": 0.625, ""conscientiousness"": 0.5833333333333334, ""neuroticism"": 0.4375}"
baseline_loglik,neuroticism,low,bfi_01,extraversion,False,3,3,False,"{""openness"": 0.675, ""agreeableness"": 0.5555555555555556, ""extraversion"": 0.625, ""conscientiousness"": 0.5833333333333334, ""neuroticism"": 0.4375}"
baseline_loglik,neuroticism,low,bfi_02,agreeableness,True,3,3,False,"{""openness"": 0.675, ""agreeableness"": 0.5555555555555556, ""extraversion"": 0.625, ""conscientiousness"": 0.5833333333333334, ""neuroticism"": 0.4375}"
baseline_loglik,neuroticism,low,bfi_03,conscientiousness,False,3,3,False,"{""openness"": 0.675, ""agreeableness"": 0.5555555555555556, ""extraversion"": 0.625, ""conscientiousness"": 0.5833333333333334, ""neuroticism"": 0.4375}"
baseline_loglik,neuroticism,low,bfi_04,neuroticism,False,3,3,False,"{""openness"": 0.675, ""agreeableness"": 0.5555555555555556, ""extraversion"": 0.625, ""conscientiousness"": 0.5833333333333334, ""neuroticism"": 0.4375}"
baseline_loglik,neuroticism,low,bfi_05,openness,False,4,4,False,"{""openness"": 0.675, ""agreeableness"": 0.5555555555555556, ""extraversion"": 0.625, ""conscientiousness"": 0.5833333333333334, ""neuroticism"": 0.4375}"
baseline_loglik,neuroticism,low,bfi_06,extraversion,True,3,3,False,"{""openness"": 0.675, ""agreeableness"": 0.5555555555555556, ""extraversion"": 0.625, ""conscientiousness"": 0.5833333333333334, ""neuroticism"": 0.4375}"
baseline_loglik,neuroticism,low,bfi_07,agreeableness,False,4,4,False,"{""openness"": 0.675, ""agreeableness"": 0.5555555555555556, ""extraversion"": 0.625, ""conscientiousness"": 0.5833333333333334, ""neuroticism"": 0.4375}"
baseline_loglik,neuroticism,low,bfi_08,conscientiousness,True,3,3,False,"{""openness"": 0.675, ""agreeableness"": 0.5555555555555556, ""extraversion"": 0.625, ""conscientiousness"": 0.5833333333333334, ""neuroticism"": 0.4375}"
baseline_loglik,neuroticism,low,bfi_09,neuroticism,True,4,4,False,"{""openness"": 0.675, ""agreeableness"": 0.5555555555555556, ""extraversion"": 0.625, ""conscientiousness"": 0.5833333333333334, ""neuroticism"": 0.4375}"
baseline_loglik,neuroticism,low,bfi_10,openness,False,4,4,False,"{""openness"": 0.675, ""agreeableness"": 0.5555555555555556, ""extraversion"": 0.625, ""conscientiousness"": 0.5833333333333334, ""neuroticism"": 0.4375}"
baseline_loglik,neuroticism,low,bfi_11,extraversion,False,4,4,False,"{""openness"": 0.675, ""agreeableness"": 0.5555555555555556, ""extraversion"": 0.625, ""conscientiousness"": 0.5833333333333334, ""neuroticism"": 0.4375}"
baseline_loglik,neuroticism,low,bfi_12,agreeableness,True,3,3,False,"{""openness"": 0.675, ""agreeableness"": 0.5555555555555556, ""extraversion"": 0.625, ""conscientiousness"": 0.5833333333333334, ""neuroticism"": 0.4375}"
baseline_loglik,neuroticism,low,bfi_13,conscientiousness,False,4,4,False,"{""openness"": 0.675, ""agreeableness"": 0.5555555555555556, ""extraversion"": 0.625, ""conscientiousness"": 0.5833333333333334, ""neuroticism"": 0.4375}"
baseline_loglik,neuroticism,low,bfi_14,neuroticism,False,3,3,False,"{""openness"": 0.675, ""agreeableness"": 0.5555555555555556, ""extraversion"": 0.625, ""conscientiousness"": 0.5833333333333334, ""neuroticism"": 0.4375}"
baseline_loglik,neuroticism,low,bfi_15,openness,False,4,4,False,"{""openness"": 0.675, ""agreeableness"": 0.5555555555555556, ""extraversion"": 0.625, ""conscientiousness"": 0.5833333333333334, ""neuroticism"": 0.4375}"
baseline_loglik,neuroticism,low,bfi_16,extraversion,False,4,4,False,"{""openness"": 0.675, ""agreeableness"": 0.5555555555555556, ""extraversion"": 0.625, ""conscientiousness"": 0.5833333333333334, ""neuroticism"": 0.4375}"
baseline_loglik,neuroticism,low,bfi_17,agreeableness,False,3,3,False,"{""openness"": 0.675, ""agreeableness"": 0.5555555555555556, ""extraversion"": 0.625, ""conscientiousness"": 0.5833333333333334, ""neuroticism"": 0.4375}"
baseline_loglik,neuroticism,low,bfi_18,conscientiousness,True,3,3,False,"{""openness"": 0.675, ""agreeableness"": 0.5555555555555556, ""extraversion"": 0.625, ""conscientiousness"": 0.5833333333333334, ""neuroticism"": 0.4375}"
baseline_loglik,neuroticism,low,bfi_19,neuroticism,False,3,3,False,"{""openness"": 0.675, ""agreeableness"": 0.5555555555555556, ""extraversion"": 0.625, ""conscientiousness"": 0.5833333333333334, ""neuroticism"": 0.4375}"
baseline_loglik,neuroticism,low,bfi_20,openness,False,4,4,False,"{""openness"": 0.675, ""agreeableness"": 0.5555555555555556, ""extraversion"": 0.625, ""conscientiousness"": 0.5833333333333334, ""neuroticism"": 0.4375}"
baseline_loglik,neuroticism,low,bfi_21,extraversion,True,3,3,False,"{""openness"": 0.675, ""agreeableness"": 0.5555555555555556, ""extraversion"": 0.625, ""conscientiousness"": 0.5833333333333334, ""neuroticism"": 0.4375}"
baseline_loglik,neuroticism,low,bfi_22,agreeableness,False,3,3,False,"{""openness"": 0.675, ""agreeableness"": 0.5555555555555556, ""extraversion"": 0.625, ""conscientiousness"": 0.5833333333333334, ""neuroticism"": 0.4375}"
baseline_loglik,neuroticism,low,bfi_23,conscientiousness,True,3,3,False,"{""openness"": 0.675, ""agreeableness"": 0.5555555555555556, ""extraversion"": 0.625, ""conscientiousness"": 0.5833333333333334, ""neuroticism"": 0.4375}"
baseline_loglik,neuroticism,low,bfi_24,neuroticism,True,4,4,False,"{""openness"": 0.675, ""agreeableness"": 0.5555555555555556, ""extraversion"": 0.625, ""conscientiousness"": 0.5833333333333334, ""neuroticism"": 0.4375}"
baseline_loglik,neuroticism,low,bfi_25,openness,False,4,4,False,"{""openness"": 0.675, ""agreeableness"": 0.5555555555555556, ""extraversion"": 0.625, ""conscientiousness"": 0.5833333333333334, ""neuroticism"": 0.4375}"
baseline_loglik,neuroticism,low,bfi_26,extraversion,False,4,4,False,"{""openness"": 0.675, ""agreeableness"": 0.5555555555555556, ""extraversion"": 0.625, ""conscientiousness"": 0.5833333333333334, ""neuroticism"": 0.4375}"
baseline_loglik,neuroticism,low,bfi_27,agreeableness,True,3,3,False,"{""openness"": 0.675, ""agreeableness"": 0.5555555555555556, ""extraversion"": 0.625, ""conscientiousness"": 0.5833333333333334, ""neuroticism"": 0.4375}"
baseline_loglik,neuroticism,low,bfi_28,conscientiousness,False,4,4,False,"{""openness"": 0.675, ""agreeableness"": 0.5555555555555556, ""extraversion"": 0.625, ""conscientiousness"": 0.5833333333333334, ""neuroticism"": 0.4375}"
baseline_loglik,neuroticism,low,bfi_29,neuroticism,False,3,3,False,"{""openness"": 0.675, ""agreeableness"": 0.5555555555555556, ""extraversion"": 0.625, ""conscientiousness"": 0.5833333333333334, ""neuroticism"": 0.4375}"
baseline_loglik,neuroticism,low,bfi_30,openness,False,4,4,False,"{""openness"": 0.675, ""agreeableness"": 0.5555555555555556, ""extraversion"": 0.625, ""conscientiousness"": 0.5833333333333334, ""neuroticism"": 0.4375}"
baseline_loglik,neuroticism,low,bfi_31,extraversion,True,3,3,False,"{""openness"": 0.675, ""agreeableness"": 0.5555555555555556, ""extraversion"": 0.625, ""conscientiousness"": 0.5833333333333334, ""neuroticism"": 0.4375}"
baseline_loglik,neuroticism,low,bfi_32,agreeableness,False,4,4,False,"{""openness"": 0.675, ""agreeableness"": 0.5555555555555556, ""extraversion"": 0.625, ""conscientiousness"": 0.5833333333333334, ""neuroticism"": 0.4375}"
baseline_loglik,neuroticism,low,bfi_33,conscientiousness,False,3,3,False,"{""openness"": 0.675, ""agreeableness"": 0.5555555555555556, ""extraversion"": 0.625, ""conscientiousness"": 0.5833333333333334, ""neuroticism"": 0.4375}"
baseline_loglik,neuroticism,low,bfi_34,neuroticism,True,3,3,False,"{""openness"": 0.675, ""agreeableness"": 0.5555555555555556, ""extraversion"": 0.625, ""conscientiousness"": 0.5833333333333334, ""neuroticism"": 0.4375}"
baseline_loglik,neuroticism,low,bfi_35,openness,True,3,3,False,"{""openness"": 0.675, ""agreeableness"": 0.5555555555555556, ""extraversion"": 0.625, ""conscientiousness"": 0.5833333333333334, ""neuroticism"": 0.4375}"
baseline_loglik,neuroticism,low,bfi_36,extraversion,False,4,4,False,"{""openness"": 0.675, ""agreeableness"": 0.5555555555555556, ""extraversion"": 0.625, ""conscientiousness"": 0.5833333333333334, ""neuroticism"": 0.4375}"
baseline_loglik,neuroticism,low,bfi_37,agreeableness,True,3,3,False,"{""openness"": 0.675, ""agreeableness"": 0.5555555555555556, ""extraversion"": 0.625, ""conscientiousness"": 0.5833333333333334, ""neuroticism"": 0.4375}"
baseline_loglik,neuroticism,low,bfi_38,conscientiousness,False,4,4,False,"{""openness"": 0.675, ""agreeableness"": 0.5555555555555556, ""extraversion"": 0.625, ""conscientiousness"": 0.5833333333333334, ""neuroticism"": 0.4375}"
baseline_loglik,neuroticism,low,bfi_39,neuroticism,False,3,3,False,"{""openness"": 0.675, ""agreeableness"": 0.5555555555555556, ""extraversion"": 0.625, ""conscientiousness"": 0.5833333333333334, ""neuroticism"": 0.4375}"
baseline_loglik,neuroticism,low,bfi_40,openness,False,4,4,False,"{""openness"": 0.675, ""agreeableness"": 0.5555555555555556, ""extraversion"": 0.625, ""conscientiousness"": 0.5833333333333334, ""neuroticism"": 0.4375}"
baseline_loglik,neuroticism,low,bfi_41,openness,True,3,3,False,"{""openness"": 0.675, ""agreeableness"": 0.5555555555555556, ""extraversion"": 0.625, ""conscientiousness"": 0.5833333333333334, ""neuroticism"": 0.4375}"
baseline_loglik,neuroticism,low,bfi_42,agreeableness,False,3,3,False,"{""openness"": 0.675, ""agreeableness"": 0.5555555555555556, ""extraversion"": 0.625, ""conscientiousness"": 0.5833333333333334, ""neuroticism"": 0.4375}"
baseline_loglik,neuroticism,low,bfi_43,conscientiousness,True,3,3,False,"{""openness"": 0.675, ""agreeableness"": 0.5555555555555556, ""extraversion"": 0.625, ""conscientiousness"": 0.5833333333333334, ""neuroticism"": 0.4375}"
baseline_loglik,neuroticism,low,bfi_44,openness,False,3,3,False,"{""openness"": 0.675, ""agreeableness"": 0.5555555555555556, ""extraversion"": 0.625, ""conscientiousness"": 0.5833333333333334, ""neuroticism"": 0.4375}"
baseline_loglik,openness,high,bfi_01,extraversion,False,3,3,False,"{""openness"": 0.675, ""agreeableness"": 0.5555555555555556, ""extraversion"": 0.625, ""conscientiousness"": 0.5833333333333334, ""neuroticism"": 0.4375}"
baseline_loglik,openness,high,bfi_02,agreeableness,True,3,3,False,"{""openness"": 0.675, ""agreeableness"": 0.5555555555555556, ""extraversion"": 0.625, ""conscientiousness"": 0.5833333333333334, ""neuroticism"": 0.4375}"
baseline_loglik,openness,high,bfi_03,conscientiousness,False,3,3,False,"{""openness"": 0.675, ""agreeableness"": 0.5555555555555556, ""extraversion"": 0.625, ""conscientiousness"": 0.5833333333333334, ""neuroticism"": 0.4375}"
baseline_loglik,openness,high,bfi_04,neuroticism,False,3,3,False,"{""openness"": 0.675, ""agreeableness"": 0.5555555555555556, ""extraversion"": 0.625, ""conscientiousness"": 0.5833333333333334, ""neuroticism"": 0.4375}"
baseline_loglik,openness,high,bfi_05,openness,False,4,4,False,"{""openness"": 0.675, ""agreeableness"": 0.5555555555555556, ""extraversion"": 0.625, ""conscientiousness"": 0.5833333333333334, ""neuroticism"": 0.4375}"
baseline_loglik,openness,high,bfi_06,extraversion,True,3,3,False,"{""openness"": 0.675, ""agreeableness"": 0.5555555555555556, ""extraversion"": 0.625, ""conscientiousness"": 0.5833333333333334, ""neuroticism"": 0.4375}"
baseline_loglik,openness,high,bfi_07,agreeableness,False,4,4,False,"{""openness"": 0.675, ""agreeableness"": 0.5555555555555556, ""extraversion"": 0.625, ""conscientiousness"": 0.5833333333333334, ""neuroticism"": 0.4375}"
baseline_loglik,openness,high,bfi_08,conscientiousness,True,3,3,False,"{""openness"": 0.675, ""agreeableness"": 0.5555555555555556, ""extraversion"": 0.625, ""conscientiousness"": 0.5833333333333334, ""neuroticism"": 0.4375}"
baseline_loglik,openness,high,bfi_09,neuroticism,True,4,4,False,"{""openness"": 0.675, ""agreeableness"": 0.5555555555555556, ""extraversion"": 0.625, ""conscientiousness"": 0.5833333333333334, ""neuroticism"": 0.4375}"
baseline_loglik,openness,high,bfi_10,openness,False,4,4,False,"{""openness"": 0.675, ""agreeableness"": 0.5555555555555556, ""extraversion"": 0.625, ""conscientiousness"": 0.5833333333333334, ""neuroticism"": 0.4375}"
baseline_loglik,openness,high,bfi_11,extraversion,False,4,4,False,"{""openness"": 0.675, ""agreeableness"": 0.5555555555555556, ""extraversion"": 0.625, ""conscientiousness"": 0.5833333333333334, ""neuroticism"": 0.4375}"
baseline_loglik,openness,high,bfi_12,agreeableness,True,3,3,False,"{""openness"": 0.675, ""agreeableness"": 0.5555555555555556, ""extraversion"": 0.625, ""conscientiousness"": 0.5833333333333334, ""neuroticism"": 0.4375}"
baseline_loglik,openness,high,bfi_13,conscientiousness,False,4,4,False,"{""openness"": 0.675, ""agreeableness"": 0.5555555555555556, ""extraversion"": 0.625, ""conscientiousness"": 0.5833333333333334, ""neuroticism"": 0.4375}"
baseline_loglik,openness,high,bfi_14,neuroticism,False,3,3,False,"{""openness"": 0.675, ""agreeableness"": 0.5555555555555556, ""extraversion"": 0.625, ""conscientiousness"": 0.5833333333333334, ""neuroticism"": 0.4375}"
baseline_loglik,openness,high,bfi_15,openness,False,4,4,False,"{""openness"": 0.675, ""agreeableness"": 0.5555555555555556, ""extraversion"": 0.625, ""conscientiousness"": 0.5833333333333334, ""neuroticism"": 0.4375}"
baseline_loglik,openness,high,bfi_16,extraversion,False,4,4,False,"{""openness"": 0.675, ""agreeableness"": 0.5555555555555556, ""extraversion"": 0.625, ""conscientiousness"": 0.5833333333333334, ""neuroticism"": 0.4375}"
baseline_loglik,openness,high,bfi_17,agreeableness,False,3,3,False,"{""openness"": 0.675, ""agreeableness"": 0.5555555555555556, ""extraversion"": 0.625, ""conscientiousness"": 0.5833333333333334, ""neuroticism"": 0.4375}"
baseline_loglik,openness,high,bfi_18,conscientiousness,True,3,3,False,"{""openness"": 0.675, ""agreeableness"": 0.5555555555555556, ""extraversion"": 0.625, ""conscientiousness"": 0.5833333333333334, ""neuroticism"": 0.4375}"
baseline_loglik,openness,high,bfi_19,neuroticism,False,3,3,False,"{""openness"": 0.675, ""agreeableness"": 0.5555555555555556, ""extraversion"": 0.625, ""conscientiousness"": 0.5833333333333334, ""neuroticism"": 0.4375}"
baseline_loglik,openness,high,bfi_20,openness,False,4,4,False,"{""openness"": 0.675, ""agreeableness"": 0.5555555555555556, ""extraversion"": 0.625, ""conscientiousness"": 0.5833333333333334, ""neuroticism"": 0.4375}"
baseline_loglik,openness,high,bfi_21,extraversion,True,3,3,False,"{""openness"": 0.675, ""agreeableness"": 0.5555555555555556, ""extraversion"": 0.625, ""conscientiousness"": 0.5833333333333334, ""neuroticism"": 0.4375}"
baseline_loglik,openness,high,bfi_22,agreeableness,False,3,3,False,"{""openness"": 0.675, ""agreeableness"": 0.5555555555555556, ""extraversion"": 0.625, ""conscientiousness"": 0.5833333333333334, ""neuroticism"": 0.4375}"
baseline_loglik,openness,high,bfi_23,conscientiousness,True,3,3,False,"{""openness"": 0.675, ""agreeableness"": 0.5555555555555556, ""extraversion"": 0.625, ""conscientiousness"": 0.5833333333333334, ""neuroticism"": 0.4375}"
baseline_loglik,openness,high,bfi_24,neuroticism,True,4,4,False,"{""openness"": 0.675, ""agreeableness"": 0.5555555555555556, ""extraversion"": 0.625, ""conscientiousness"": 0.5833333333333334, ""neuroticism"": 0.4375}"
baseline_loglik,openness,high,bfi_25,openness,False,4,4,False,"{""openness"": 0.675, ""agreeableness"": 0.5555555555555556, ""extraversion"": 0.625, ""conscientiousness"": 0.5833333333333334, ""neuroticism"": 0.4375}"
baseline_loglik,openness,high,bfi_26,extraversion,False,4,4,False,"{""openness"": 0.675, ""agreeableness"": 0.5555555555555556, ""extraversion"": 0.625, ""conscientiousness"": 0.5833333333333334, ""neuroticism"": 0.4375}"
baseline_loglik,openness,high,bfi_27,agreeableness,True,3,3,False,"{""openness"": 0.675, ""agreeableness"": 0.5555555555555556, ""extraversion"": 0.625, ""conscientiousness"": 0.5833333333333334, ""neuroticism"": 0.4375}"
baseline_loglik,openness,high,bfi_28,conscientiousness,False,4,4,False,"{""openness"": 0.675, ""agreeableness"": 0.5555555555555556, ""extraversion"": 0.625, ""conscientiousness"": 0.5833333333333334, ""neuroticism"": 0.4375}"
baseline_loglik,openness,high,bfi_29,neuroticism,False,3,3,False,"{""openness"": 0.675, ""agreeableness"": 0.5555555555555556, ""extraversion"": 0.625, ""conscientiousness"": 0.5833333333333334, ""neuroticism"": 0.4375}"
baseline_loglik,openness,high,bfi_30,openness,False,4,4,False,"{""openness"": 0.675, ""agreeableness"": 0.5555555555555556, ""extraversion"": 0.625, ""conscientiousness"": 0.5833333333333334, ""neuroticism"": 0.4375}"
baseline_loglik,openness,high,bfi_31,extraversion,True,3,3,False,"{""openness"": 0.675, ""agreeableness"": 0.5555555555555556, ""extraversion"": 0.625, ""conscientiousness"": 0.5833333333333334, ""neuroticism"": 0.4375}"
baseline_loglik,openness,high,bfi_32,agreeableness,False,4,4,False,"{""openness"": 0.675, ""agreeableness"": 0.5555555555555556, ""extraversion"": 0.625, ""conscientiousness"": 0.5833333333333334, ""neuroticism"": 0.4375}"
baseline_loglik,openness,high,bfi_33,conscientiousness,False,3,3,False,"{""openness"": 0.675, ""agreeableness"": 0.5555555555555556, ""extraversion"": 0.625, ""conscientiousness"": 0.5833333333333334, ""neuroticism"": 0.4375}"
baseline_loglik,openness,high,bfi_34,neuroticism,True,3,3,False,"{""openness"": 0.675, ""agreeableness"": 0.5555555555555556, ""extraversion"": 0.625, ""conscientiousness"": 0.5833333333333334, ""neuroticism"": 0.4375}"
baseline_loglik,openness,high,bfi_35,openness,True,3,3,False,"{""openness"": 0.675, ""agreeableness"": 0.5555555555555556, ""extraversion"": 0.625, ""conscientiousness"": 0.5833333333333334, ""neuroticism"": 0.4375}"
baseline_loglik,openness,high,bfi_36,extraversion,False,4,4,False,"{""openness"": 0.675, ""agreeableness"": 0.5555555555555556, ""extraversion"": 0.625, ""conscientiousness"": 0.5833333333333334, ""neuroticism"": 0.4375}"
baseline_loglik,openness,high,bfi_37,agreeableness,True,3,3,False,"{""openness"": 0.675, ""agreeableness"": 0.5555555555555556, ""extraversion"": 0.625, ""conscientiousness"": 0.5833333333333334, ""neuroticism"": 0.4375}"
baseline_loglik,openness,high,bfi_38,conscientiousness,False,4,4,False,"{""openness"": 0.675, ""agreeableness"": 0.5555555555555556, ""extraversion"": 0.625, ""conscientiousness"": 0.5833333333333334, ""neuroticism"": 0.4375}"
baseline_loglik,openness,high,bfi_39,neuroticism,False,3,3,False,"{""openness"": 0.675, ""agreeableness"": 0.5555555555555556, ""extraversion"": 0.625, ""conscientiousness"": 0.5833333333333334, ""neuroticism"": 0.4375}"
baseline_loglik,openness,high,bfi_40,openness,False,4,4,False,"{""openness"": 0.675, ""agreeableness"": 0.5555555555555556, ""extraversion"": 0.625, ""conscientiousness"": 0.5833333333333334, ""neuroticism"": 0.4375}"
baseline_loglik,openness,high,bfi_41,openness,True,3,3,False,"{""openness"": 0.675, ""agreeableness"": 0.5555555555555556, ""extraversion"": 0.625, ""conscientiousness"": 0.5833333333333334, ""neuroticism"": 0.4375}"
baseline_loglik,openness,high,bfi_42,agreeableness,False,3,3,False,"{""openness"": 0.675, ""agreeableness"": 0.5555555555555556, ""extraversion"": 0.625, ""conscientiousness"": 0.5833333333333334, ""neuroticism"": 0.4375}"
baseline_loglik,openness,high,bfi_43,conscientiousness,True,3,3,False,"{""openness"": 0.675, ""agreeableness"": 0.5555555555555556, ""extraversion"": 0.625, ""conscientiousness"": 0.5833333333333334, ""neuroticism"": 0.4375}"
baseline_loglik,openness,high,bfi_44,openness,False,3,3,False,"{""openness"": 0.675, ""agreeableness"": 0.5555555555555556, ""extraversion"": 0.625, ""conscientiousness"": 0.5833333333333334, ""neuroticism"": 0.4375}"
baseline_loglik,openness,low,bfi_01,extraversion,False,3,3,False,"{""openness"": 0.675, ""agreeableness"": 0.5555555555555556, ""extraversion"": 0.625, ""conscientiousness"": 0.5833333333333334, ""neuroticism"": 0.4375}"
baseline_loglik,openness,low,bfi_02,agreeableness,True,3,3,False,"{""openness"": 0.675, ""agreeableness"": 0.5555555555555556, ""extraversion"": 0.625, ""conscientiousness"": 0.5833333333333334, ""neuroticism"": 0.4375}"
baseline_loglik,openness,low,bfi_03,conscientiousness,False,3,3,False,"{""openness"": 0.675, ""agreeableness"": 0.5555555555555556, ""extraversion"": 0.625, ""conscientiousness"": 0.5833333333333334, ""neuroticism"": 0.4375}"
baseline_loglik,openness,low,bfi_04,neuroticism,False,3,3,False,"{""openness"": 0.675, ""agreeableness"": 0.5555555555555556, ""extraversion"": 0.625, ""conscientiousness"": 0.5833333333333334, ""neuroticism"": 0.4375}"
baseline_loglik,openness,low,bfi_05,openness,False,4,4,False,"{""openness"": 0.675, ""agreeableness"": 0.5555555555555556, ""extraversion"": 0.625, ""conscientiousness"": 0.5833333333333334, ""neuroticism"": 0.4375}"
baseline_loglik,openness,low,bfi_06,extraversion,True,3,3,False,"{""openness"": 0.675, ""agreeableness"": 0.5555555555555556, ""extraversion"": 0.625, ""conscientiousness"": 0.5833333333333334, ""neuroticism"": 0.4375}"
baseline_loglik,openness,low,bfi_07,agreeableness,False,4,4,False,"{""openness"": 0.675, ""agreeableness"": 0.5555555555555556, ""extraversion"": 0.625, ""conscientiousness"": 0.5833333333333334, ""neuroticism"": 0.4375}"
baseline_loglik,openness,low,bfi_08,conscientiousness,True,3,3,False,"{""openness"": 0.675, ""agreeableness"": 0.5555555555555556, ""extraversion"": 0.625, ""conscientiousness"": 0.5833333333333334, ""neuroticism"": 0.4375}"
baseline_loglik,openness,low,bfi_09,neuroticism,True,4,4,False,"{""openness"": 0.675, ""agreeableness"": 0.5555555555555556, ""extraversion"": 0.625, ""conscientiousness"": 0.5833333333333334, ""neuroticism"": 0.4375}"
baseline_loglik,openness,low,bfi_10,openness,False,4,4,False,"{""openness"": 0.675, ""agreeableness"": 0.5555555555555556, ""extraversion"": 0.625, ""conscientiousness"": 0.5833333333333334, ""neuroticism"": 0.4375}"
baseline_loglik,openness,low,bfi_11,extraversion,False,4,4,False,"{""openness"": 0.675, ""agreeableness"": 0.5555555555555556, ""extraversion"": 0.625, ""conscientiousness"": 0.5833333333333334, ""neuroticism"": 0.4375}"
baseline_loglik,openness,low,bfi_12,agreeableness,True,3,3,False,"{""openness"": 0.675, ""agreeableness"": 0.5555555555555556, ""extraversion"": 0.625, ""conscientiousness"": 0.5833333333333334, ""neuroticism"": 0.4375}"
baseline_loglik,openness,low,bfi_13,conscientiousness,False,4,4,False,"{""openness"": 0.675, ""agreeableness"": 0.5555555555555556, ""extraversion"": 0.625, ""conscientiousness"": 0.5833333333333334, ""neuroticism"": 0.4375}"
baseline_loglik,openness,low,bfi_14,neuroticism,False,3,3,False,"{""openness"": 0.675, ""agreeableness"": 0.5555555555555556, ""extraversion"": 0.625, ""conscientiousness"": 0.5833333333333334, ""neuroticism"": 0.4375}"
baseline_loglik,openness,low,bfi_15,openness,False,4,4,False,"{""openness"": 0.675, ""agreeableness"": 0.5555555555555556, ""extraversion"": 0.625, ""conscientiousness"": 0.5833333333333334, ""neuroticism"": 0.4375}"
baseline_loglik,openness,low,bfi_16,extraversion,False,4,4,False,"{""openness"": 0.675, ""agreeableness"": 0.5555555555555556, ""extraversion"": 0.625, ""conscientiousness"": 0.5833333333333334, ""neuroticism"": 0.4375}"
baseline_loglik,openness,low,bfi_17,agreeableness,False,3,3,False,"{""openness"": 0.675, ""agreeableness"": 0.5555555555555556, ""extraversion"": 0.625, ""conscientiousness"": 0.5833333333333334, ""neuroticism"": 0.4375}"
baseline_loglik,openness,low,bfi_18,conscientiousness,True,3,3,False,"{""openness"": 0.675, ""agreeableness"": 0.5555555555555556, ""extraversion"": 0.625, ""conscientiousness"": 0.5833333333333334, ""neuroticism"": 0.4375}"
baseline_loglik,openness,low,bfi_19,neuroticism,False,3,3,False,"{""openness"": 0.675, ""agreeableness"": 0.5555555555555556, ""extraversion"": 0.625, ""conscientiousness"": 0.5833333333333334, ""neuroticism"": 0.4375}"
baseline_loglik,openness,low,bfi_20,openness,False,4,4,False,"{""openness"": 0.675, ""agreeableness"": 0.5555555555555556, ""extraversion"": 0.625, ""conscientiousness"": 0.5833333333333334, ""neuroticism"": 0.4375}"
baseline_loglik,openness,low,bfi_21,extraversion,True,3,3,False,"{""openness"": 0.675, ""agreeableness"": 0.5555555555555556, ""extraversion"": 0.625, ""conscientiousness"": 0.5833333333333334, ""neuroticism"": 0.4375}"
baseline_loglik,openness,low,bfi_22,agreeableness,False,3,3,False,"{""openness"": 0.675, ""agreeableness"": 0.5555555555555556, ""extraversion"": 0.625, ""conscientiousness"": 0.5833333333333334, ""neuroticism"": 0.4375}"
baseline_loglik,openness,low,bfi_23,conscientiousness,True,3,3,False,"{""openness"": 0.675, ""agreeableness"": 0.5555555555555556, ""extraversion"": 0.625, ""conscientiousness"": 0.5833333333333334, ""neuroticism"": 0.4375}"
baseline_loglik,openness,low,bfi_24,neuroticism,True,4,4,False,"{""openness"": 0.675, ""agreeableness"": 0.5555555555555556, ""extraversion"": 0.625, ""conscientiousness"": 0.5833333333333334, ""neuroticism"": 0.4375}"
baseline_loglik,openness,low,bfi_25,openness,False,4,4,False,"{""openness"": 0.675, ""agreeableness"": 0.5555555555555556, ""extraversion"": 0.625, ""conscientiousness"": 0.5833333333333334, ""neuroticism"": 0.4375}"
baseline_loglik,openness,low,bfi_26,extraversion,False,4,4,False,"{""openness"": 0.675, ""agreeableness"": 0.5555555555555556, ""extraversion"": 0.625, ""conscientiousness"": 0.5833333333333334, ""neuroticism"": 0.4375}"
baseline_loglik,openness,low,bfi_27,agreeableness,True,3,3,False,"{""openness"": 0.675, ""agreeableness"": 0.5555555555555556, ""extraversion"": 0.625, ""conscientiousness"": 0.5833333333333334, ""neuroticism"": 0.4375}"
baseline_loglik,openness,low,bfi_28,conscientiousness,False,4,4,False,"{""openness"": 0.675, ""agreeableness"": 0.5555555555555556, ""extraversion"": 0.625, ""conscientiousness"": 0.5833333333333334, ""neuroticism"": 0.4375}"
baseline_loglik,openness,low,bfi_29,neuroticism,False,3,3,False,"{""openness"": 0.675, ""agreeableness"": 0.5555555555555556, ""extraversion"": 0.625, ""conscientiousness"": 0.5833333333333334, ""neuroticism"": 0.4375}"
baseline_loglik,openness,low,bfi_30,openness,False,4,4,False,"{""openness"": 0.675, ""agreeableness"": 0.5555555555555556, ""extraversion"": 0.625, ""conscientiousness"": 0.5833333333333334, ""neuroticism"": 0.4375}"
baseline_loglik,openness,low,bfi_31,extraversion,True,3,3,False,"{""openness"": 0.675, ""agreeableness"": 0.5555555555555556, ""extraversion"": 0.625, ""conscientiousness"": 0.5833333333333334, ""neuroticism"": 0.4375}"
baseline_loglik,openness,low,bfi_32,agreeableness,False,4,4,False,"{""openness"": 0.675, ""agreeableness"": 0.5555555555555556, ""extraversion"": 0.625, ""conscientiousness"": 0.5833333333333334, ""neuroticism"": 0.4375}"
baseline_loglik,openness,low,bfi_33,conscientiousness,False,3,3,False,"{""openness"": 0.675, ""agreeableness"": 0.5555555555555556, ""extraversion"": 0.625, ""conscientiousness"": 0.5833333333333334, ""neuroticism"": 0.4375}"
baseline_loglik,openness,low,bfi_34,neuroticism,True,3,3,False,"{""openness"": 0.675, ""agreeableness"": 0.5555555555555556, ""extraversion"": 0.625, ""conscientiousness"": 0.5833333333333334, ""neuroticism"": 0.4375}"
baseline_loglik,openness,low,bfi_35,openness,True,3,3,False,"{""openness"": 0.675, ""agreeableness"": 0.5555555555555556, ""extraversion"": 0.625, ""conscientiousness"": 0.5833333333333334, ""neuroticism"": 0.4375}"
baseline_loglik,openness,low,bfi_36,extraversion,False,4,4,False,"{""openness"": 0.675, ""agreeableness"": 0.5555555555555556, ""extraversion"": 0.625, ""conscientiousness"": 0.5833333333333334, ""neuroticism"": 0.4375}"
baseline_loglik,openness,low,bfi_37,agreeableness,True,3,3,False,"{""openness"": 0.675, ""agreeableness"": 0.5555555555555556, ""extraversion"": 0.625, ""conscientiousness"": 0.5833333333333334, ""neuroticism"": 0.4375}"
baseline_loglik,openness,low,bfi_38,conscientiousness,False,4,4,False,"{""openness"": 0.675, ""agreeableness"": 0.5555555555555556, ""extraversion"": 0.625, ""conscientiousness"": 0.5833333333333334, ""neuroticism"": 0.4375}"
baseline_loglik,openness,low,bfi_39,neuroticism,False,3,3,False,"{""openness"": 0.675, ""agreeableness"": 0.5555555555555556, ""extraversion"": 0.625, ""conscientiousness"": 0.5833333333333334, ""neuroticism"": 0.4375}"
baseline_loglik,openness,low,bfi_40,openness,False,4,4,False,"{""openness"": 0.675, ""agreeableness"": 0.5555555555555556, ""extraversion"": 0.625, ""conscientiousness"": 0.5833333333333334, ""neuroticism"": 0.4375}"
baseline_loglik,openness,low,bfi_41,openness,True,3,3,False,"{""openness"": 0.675, ""agreeableness"": 0.5555555555555556, ""extraversion"": 0.625, ""conscientiousness"": 0.5833333333333334, ""neuroticism"": 0.4375}"
baseline_loglik,openness,low,bfi_42,agreeableness,False,3,3,False,"{""openness"": 0.675, ""agreeableness"": 0.5555555555555556, ""extraversion"": 0.625, ""conscientiousness"": 0.5833333333333334, ""neuroticism"": 0.4375}"
baseline_loglik,openness,low,bfi_43,conscientiousness,True,3,3,False,"{""openness"": 0.675, ""agreeableness"": 0.5555555555555556, ""extraversion"": 0.625, ""conscientiousness"": 0.5833333333333334, ""neuroticism"": 0.4375}"
baseline_loglik,openness,low,bfi_44,openness,False,3,3,False,"{""openness"": 0.675, ""agreeableness"": 0.5555555555555556, ""extraversion"": 0.625, ""conscientiousness"": 0.5833333333333334, ""neuroticism"": 0.4375}"
baseline_loglik,extraversion,high,bfi_01,extraversion,False,3,3,False,"{""openness"": 0.675, ""agreeableness"": 0.5555555555555556, ""extraversion"": 0.625, ""conscientiousness"": 0.5833333333333334, ""neuroticism"": 0.4375}"
baseline_loglik,extraversion,high,bfi_02,agreeableness,True,3,3,False,"{""openness"": 0.675, ""agreeableness"": 0.5555555555555556, ""extraversion"": 0.625, ""conscientiousness"": 0.5833333333333334, ""neuroticism"": 0.4375}"
baseline_loglik,extraversion,high,bfi_03,conscientiousness,False,3,3,False,"{""openness"": 0.675, ""agreeableness"": 0.5555555555555556, ""extraversion"": 0.625, ""conscientiousness"": 0.5833333333333334, ""neuroticism"": 0.4375}"
baseline_loglik,extraversion,high,bfi_04,neuroticism,False,3,3,False,"{""openness"": 0.675, ""agreeableness"": 0.5555555555555556, ""extraversion"": 0.625, ""conscientiousness"": 0.5833333333333334, ""neuroticism"": 0.4375}"
baseline_loglik,extraversion,high,bfi_05,openness,False,4,4,False,"{""openness"": 0.675, ""agreeableness"": 0.5555555555555556, ""extraversion"": 0.625, ""conscientiousness"": 0.5833333333333334, ""neuroticism"": 0.4375}"
baseline_loglik,extraversion,high,bfi_06,extraversion,True,3,3,False,"{""openness"": 0.675, ""agreeableness"": 0.5555555555555556, ""extraversion"": 0.625, ""conscientiousness"": 0.5833333333333334, ""neuroticism"": 0.4375}"
baseline_loglik,extraversion,high,bfi_07,agreeableness,False,4,4,False,"{""openness"": 0.675, ""agreeableness"": 0.5555555555555556, ""extraversion"": 0.625, ""conscientiousness"": 0.5833333333333334, ""neuroticism"": 0.4375}"
baseline_loglik,extraversion,high,bfi_08,conscientiousness,True,3,3,False,"{""openness"": 0.675, ""agreeableness"": 0.5555555555555556, ""extraversion"": 0.625, ""conscientiousness"": 0.5833333333333334, ""neuroticism"": 0.4375}"
baseline_loglik,extraversion,high,bfi_09,neuroticism,True,4,4,False,"{""openness"": 0.675, ""agreeableness"": 0.5555555555555556, ""extraversion"": 0.625, ""conscientiousness"": 0.5833333333333334, ""neuroticism"": 0.4375}"
baseline_loglik,extraversion,high,bfi_10,openness,False,4,4,False,"{""openness"": 0.675, ""agreeableness"": 0.5555555555555556, ""extraversion"": 0.625, ""conscientiousness"": 0.5833333333333334, ""neuroticism"": 0.4375}"
baseline_loglik,extraversion,high,bfi_11,extraversion,False,4,4,False,"{""openness"": 0.675, ""agreeableness"": 0.5555555555555556, ""extraversion"": 0.625, ""conscientiousness"": 0.5833333333333334, ""neuroticism"": 0.4375}"
baseline_loglik,extraversion,high,bfi_12,agreeableness,True,3,3,False,"{""openness"": 0.675, ""agreeableness"": 0.5555555555555556, ""extraversion"": 0.625, ""conscientiousness"": 0.5833333333333334, ""neuroticism"": 0.4375}"
baseline_loglik,extraversion,high,bfi_13,conscientiousness,False,4,4,False,"{""openness"": 0.675, ""agreeableness"": 0.5555555555555556, ""extraversion"": 0.625, ""conscientiousness"": 0.5833333333333334, ""neuroticism"": 0.4375}"
baseline_loglik,extraversion,high,bfi_14,neuroticism,False,3,3,False,"{""openness"": 0.675, ""agreeableness"": 0.5555555555555556, ""extraversion"": 0.625, ""conscientiousness"": 0.5833333333333334, ""neuroticism"": 0.4375}"
baseline_loglik,extraversion,high,bfi_15,openness,False,4,4,False,"{""openness"": 0.675, ""agreeableness"": 0.5555555555555556, ""extraversion"": 0.625, ""conscientiousness"": 0.5833333333333334, ""neuroticism"": 0.4375}"
baseline_loglik,extraversion,high,bfi_16,extraversion,False,4,4,False,"{""openness"": 0.675, ""agreeableness"": 0.5555555555555556, ""extraversion"": 0.625, ""conscientiousness"": 0.5833333333333334, ""neuroticism"": 0.4375}"
baseline_loglik,extraversion,high,bfi_17,agreeableness,False,3,3,False,"{""openness"": 0.675, ""agreeableness"": 0.5555555555555556, ""extraversion"": 0.625, ""conscientiousness"": 0.5833333333333334, ""neuroticism"": 0.4375}"
baseline_loglik,extraversion,high,bfi_18,conscientiousness,True,3,3,False,"{""openness"": 0.675, ""agreeableness"": 0.5555555555555556, ""extraversion"": 0.625, ""conscientiousness"": 0.5833333333333334, ""neuroticism"": 0.4375}"
baseline_loglik,extraversion,high,bfi_19,neuroticism,False,3,3,False,"{""openness"": 0.675, ""agreeableness"": 0.5555555555555556, ""extraversion"": 0.625, ""conscientiousness"": 0.5833333333333334, ""neuroticism"": 0.4375}"
baseline_loglik,extraversion,high,bfi_20,openness,False,4,4,False,"{""openness"": 0.675, ""agreeableness"": 0.5555555555555556, ""extraversion"": 0.625, ""conscientiousness"": 0.5833333333333334, ""neuroticism"": 0.4375}"
baseline_loglik,extraversion,high,bfi_21,extraversion,True,3,3,False,"{""openness"": 0.675, ""agreeableness"": 0.5555555555555556, ""extraversion"": 0.625, ""conscientiousness"": 0.5833333333333334, ""neuroticism"": 0.4375}"
baseline_loglik,extraversion,high,bfi_22,agreeableness,False,3,3,False,"{""openness"": 0.675, ""agreeableness"": 0.5555555555555556, ""extraversion"": 0.625, ""conscientiousness"": 0.5833333333333334, ""neuroticism"": 0.4375}"
baseline_loglik,extraversion,high,bfi_23,conscientiousness,True,3,3,False,"{""openness"": 0.675, ""agreeableness"": 0.5555555555555556, ""extraversion"": 0.625, ""conscientiousness"": 0.5833333333333334, ""neuroticism"": 0.4375}"
baseline_loglik,extraversion,high,bfi_24,neuroticism,True,4,4,False,"{""openness"": 0.675, ""agreeableness"": 0.5555555555555556, ""extraversion"": 0.625, ""conscientiousness"": 0.5833333333333334, ""neuroticism"": 0.4375}"
baseline_loglik,extraversion,high,bfi_25,openness,False,4,4,False,"{""openness"": 0.675, ""agreeableness"": 0.5555555555555556, ""extraversion"": 0.625, ""conscientiousness"": 0.5833333333333334, ""neuroticism"": 0.4375}"
baseline_loglik,extraversion,high,bfi_26,extraversion,False,4,4,False,"{""openness"": 0.675, ""agreeableness"": 0.5555555555555556, ""extraversion"": 0.625, ""conscientiousness"": 0.5833333333333334, ""neuroticism"": 0.4375}"
baseline_loglik,extraversion,high,bfi_27,agreeableness,True,3,3,False,"{""openness"": 0.675, ""agreeableness"": 0.5555555555555556, ""extraversion"": 0.625, ""conscientiousness"": 0.5833333333333334, ""neuroticism"": 0.4375}"
baseline_loglik,extraversion,high,bfi_28,conscientiousness,False,4,4,False,"{""openness"": 0.675, ""agreeableness"": 0.5555555555555556, ""extraversion"": 0.625, ""conscientiousness"": 0.5833333333333334, ""neuroticism"": 0.4375}"
baseline_loglik,extraversion,high,bfi_29,neuroticism,False,3,3,False,"{""openness"": 0.675, ""agreeableness"": 0.5555555555555556, ""extraversion"": 0.625, ""conscientiousness"": 0.5833333333333334, ""neuroticism"": 0.4375}"
baseline_loglik,extraversion,high,bfi_30,openness,False,4,4,False,"{""openness"": 0.675, ""agreeableness"": 0.5555555555555556, ""extraversion"": 0.625, ""conscientiousness"": 0.5833333333333334, ""neuroticism"": 0.4375}"
baseline_loglik,extraversion,high,bfi_31,extraversion,True,3,3,False,"{""openness"": 0.675, ""agreeableness"": 0.5555555555555556, ""extraversion"": 0.625, ""conscientiousness"": 0.5833333333333334, ""neuroticism"": 0.4375}"
baseline_loglik,extraversion,high,bfi_32,agreeableness,False,4,4,False,"{""openness"": 0.675, ""agreeableness"": 0.5555555555555556, ""extraversion"": 0.625, ""conscientiousness"": 0.5833333333333334, ""neuroticism"": 0.4375}"
baseline_loglik,extraversion,high,bfi_33,conscientiousness,False,3,3,False,"{""openness"": 0.675, ""agreeableness"": 0.5555555555555556, ""extraversion"": 0.625, ""conscientiousness"": 0.5833333333333334, ""neuroticism"": 0.4375}"
baseline_loglik,extraversion,high,bfi_34,neuroticism,True,3,3,False,"{""openness"": 0.675, ""agreeableness"": 0.5555555555555556, ""extraversion"": 0.625, ""conscientiousness"": 0.5833333333333334, ""neuroticism"": 0.4375}"
baseline_loglik,extraversion,high,bfi_35,openness,True,3,3,False,"{""openness"": 0.675, ""agreeableness"": 0.5555555555555556, ""extraversion"": 0.625, ""conscientiousness"": 0.5833333333333334, ""neuroticism"": 0.4375}"
baseline_loglik,extraversion,high,bfi_36,extraversion,False,4,4,False,"{""openness"": 0.675, ""agreeableness"": 0.5555555555555556, ""extraversion"": 0.625, ""conscientiousness"": 0.5833333333333334, ""neuroticism"": 0.4375}"
baseline_loglik,extraversion,high,bfi_37,agreeableness,True,3,3,False,"{""openness"": 0.675, ""agreeableness"": 0.5555555555555556, ""extraversion"": 0.625, ""conscientiousness"": 0.5833333333333334, ""neuroticism"": 0.4375}"
baseline_loglik,extraversion,high,bfi_38,conscientiousness,False,4,4,False,"{""openness"": 0.675, ""agreeableness"": 0.5555555555555556, ""extraversion"": 0.625, ""conscientiousness"": 0.5833333333333334, ""neuroticism"": 0.4375}"
baseline_loglik,extraversion,high,bfi_39,neuroticism,False,3,3,False,"{""openness"": 0.675, ""agreeableness"": 0.5555555555555556, ""extraversion"": 0.625, ""conscientiousness"": 0.5833333333333334, ""neuroticism"": 0.4375}"
baseline_loglik,extraversion,high,bfi_40,openness,False,4,4,False,"{""openness"": 0.675, ""agreeableness"": 0.5555555555555556, ""extraversion"": 0.625, ""conscientiousness"": 0.5833333333333334, ""neuroticism"": 0.4375}"
baseline_loglik,extraversion,high,bfi_41,openness,True,3,3,False,"{""openness"": 0.675, ""agreeableness"": 0.5555555555555556, ""extraversion"": 0.625, ""conscientiousness"": 0.5833333333333334, ""neuroticism"": 0.4375}"
baseline_loglik,extraversion,high,bfi_42,agreeableness,False,3,3,False,"{""openness"": 0.675, ""agreeableness"": 0.5555555555555556, ""extraversion"": 0.625, ""conscientiousness"": 0.5833333333333334, ""neuroticism"": 0.4375}"
baseline_loglik,extraversion,high,bfi_43,conscientiousness,True,3,3,False,"{""openness"": 0.675, ""agreeableness"": 0.5555555555555556, ""extraversion"": 0.625, ""conscientiousness"": 0.5833333333333334, ""neuroticism"": 0.4375}"
baseline_loglik,extraversion,high,bfi_44,openness,False,3,3,False,"{""openness"": 0.675, ""agreeableness"": 0.5555555555555556, ""extraversion"": 0.625, ""conscientiousness"": 0.5833333333333334, ""neuroticism"": 0.4375}"
baseline_loglik,extraversion,low,bfi_01,extraversion,False,3,3,False,"{""openness"": 0.675, ""agreeableness"": 0.5555555555555556, ""extraversion"": 0.625, ""conscientiousness"": 0.5833333333333334, ""neuroticism"": 0.4375}"
baseline_loglik,extraversion,low,bfi_02,agreeableness,True,3,3,False,"{""openness"": 0.675, ""agreeableness"": 0.5555555555555556, ""extraversion"": 0.625, ""conscientiousness"": 0.5833333333333334, ""neuroticism"": 0.4375}"
baseline_loglik,extraversion,low,bfi_03,conscientiousness,False,3,3,False,"{""openness"": 0.675, ""agreeableness"": 0.5555555555555556, ""extraversion"": 0.625, ""conscientiousness"": 0.5833333333333334, ""neuroticism"": 0.4375}"
baseline_loglik,extraversion,low,bfi_04,neuroticism,False,3,3,False,"{""openness"": 0.675, ""agreeableness"": 0.5555555555555556, ""extraversion"": 0.625, ""conscientiousness"": 0.5833333333333334, ""neuroticism"": 0.4375}"
baseline_loglik,extraversion,low,bfi_05,openness,False,4,4,False,"{""openness"": 0.675, ""agreeableness"": 0.5555555555555556, ""extraversion"": 0.625, ""conscientiousness"": 0.5833333333333334, ""neuroticism"": 0.4375}"
baseline_loglik,extraversion,low,bfi_06,extraversion,True,3,3,False,"{""openness"": 0.675, ""agreeableness"": 0.5555555555555556, ""extraversion"": 0.625, ""conscientiousness"": 0.5833333333333334, ""neuroticism"": 0.4375}"
baseline_loglik,extraversion,low,bfi_07,agreeableness,False,4,4,False,"{""openness"": 0.675, ""agreeableness"": 0.5555555555555556, ""extraversion"": 0.625, ""conscientiousness"": 0.5833333333333334, ""neuroticism"": 0.4375}"
baseline_loglik,extraversion,low,bfi_08,conscientiousness,True,3,3,False,"{""openness"": 0.675, ""agreeableness"": 0.5555555555555556, ""extraversion"": 0.625, ""conscientiousness"": 0.5833333333333334, ""neuroticism"": 0.4375}"
baseline_loglik,extraversion,low,bfi_09,neuroticism,True,4,4,False,"{""openness"": 0.675, ""agreeableness"": 0.5555555555555556, ""extraversion"": 0.625, ""conscientiousness"": 0.5833333333333334, ""neuroticism"": 0.4375}"
baseline_loglik,extraversion,low,bfi_10,openness,False,4,4,False,"{""openness"": 0.675, ""agreeableness"": 0.5555555555555556, ""extraversion"": 0.625, ""conscientiousness"": 0.5833333333333334, ""neuroticism"": 0.4375}"
baseline_loglik,extraversion,low,bfi_11,extraversion,False,4,4,False,"{""openness"": 0.675, ""agreeableness"": 0.5555555555555556, ""extraversion"": 0.625, ""conscientiousness"": 0.5833333333333334, ""neuroticism"": 0.4375}"
baseline_loglik,extraversion,low,bfi_12,agreeableness,True,3,3,False,"{""openness"": 0.675, ""agreeableness"": 0.5555555555555556, ""extraversion"": 0.625, ""conscientiousness"": 0.5833333333333334, ""neuroticism"": 0.4375}"
baseline_loglik,extraversion,low,bfi_13,conscientiousness,False,4,4,False,"{""openness"": 0.675, ""agreeableness"": 0.5555555555555556, ""extraversion"": 0.625, ""conscientiousness"": 0.5833333333333334, ""neuroticism"": 0.4375}"
baseline_loglik,extraversion,low,bfi_14,neuroticism,False,3,3,False,"{""openness"": 0.675, ""agreeableness"": 0.5555555555555556, ""extraversion"": 0.625, ""conscientiousness"": 0.5833333333333334, ""neuroticism"": 0.4375}"
baseline_loglik,extraversion,low,bfi_15,openness,False,4,4,False,"{""openness"": 0.675, ""agreeableness"": 0.5555555555555556, ""extraversion"": 0.625, ""conscientiousness"": 0.5833333333333334, ""neuroticism"": 0.4375}"
baseline_loglik,extraversion,low,bfi_16,extraversion,False,4,4,False,"{""openness"": 0.675, ""agreeableness"": 0.5555555555555556, ""extraversion"": 0.625, ""conscientiousness"": 0.5833333333333334, ""neuroticism"": 0.4375}"
baseline_loglik,extraversion,low,bfi_17,agreeableness,False,3,3,False,"{""openness"": 0.675, ""agreeableness"": 0.5555555555555556, ""extraversion"": 0.625, ""conscientiousness"": 0.5833333333333334, ""neuroticism"": 0.4375}"
baseline_loglik,extraversion,low,bfi_18,conscientiousness,True,3,3,False,"{""openness"": 0.675, ""agreeableness"": 0.5555555555555556, ""extraversion"": 0.625, ""conscientiousness"": 0.5833333333333334, ""neuroticism"": 0.4375}"
baseline_loglik,extraversion,low,bfi_19,neuroticism,False,3,3,False,"{""openness"": 0.675, ""agreeableness"": 0.5555555555555556, ""extraversion"": 0.625, ""conscientiousness"": 0.5833333333333334, ""neuroticism"": 0.4375}"
baseline_loglik,extraversion,low,bfi_20,openness,False,4,4,False,"{""openness"": 0.675, ""agreeableness"": 0.5555555555555556, ""extraversion"": 0.625, ""conscientiousness"": 0.5833333333333334, ""neuroticism"": 0.4375}"
baseline_loglik,extraversion,low,bfi_21,extraversion,True,3,3,False,"{""openness"": 0.675, ""agreeableness"": 0.5555555555555556, ""extraversion"": 0.625, ""conscientiousness"": 0.5833333333333334, ""neuroticism"": 0.4375}"
baseline_loglik,extraversion,low,bfi_22,agreeableness,False,3,3,False,"{""openness"": 0.675, ""agreeableness"": 0.5555555555555556, ""extraversion"": 0.625, ""conscientiousness"": 0.5833333333333334, ""neuroticism"": 0.4375}"
baseline_loglik,extraversion,low,bfi_23,conscientiousness,True,3,3,False,"{""openness"": 0.675, ""agreeableness"": 0.5555555555555556, ""extraversion"": 0.625, ""conscientiousness"": 0.5833333333333334, ""neuroticism"": 0.4375}"
baseline_loglik,extraversion,low,bfi_24,neuroticism,True,4,4,False,"{""openness"": 0.675, ""agreeableness"": 0.5555555555555556, ""extraversion"": 0.625, ""conscientiousness"": 0.5833333333333334, ""neuroticism"": 0.4375}"
baseline_loglik,extraversion,low,bfi_25,openness,False,4,4,False,"{""openness"": 0.675, ""agreeableness"": 0.5555555555555556, ""extraversion"": 0.625, ""conscientiousness"": 0.5833333333333334, ""neuroticism"": 0.4375}"
baseline_loglik,extraversion,low,bfi_26,extraversion,False,4,4,False,"{""openness"": 0.675, ""agreeableness"": 0.5555555555555556, ""extraversion"": 0.625, ""conscientiousness"": 0.5833333333333334, ""neuroticism"": 0.4375}"
baseline_loglik,extraversion,low,bfi_27,agreeableness,True,3,3,False,"{""openness"": 0.675, ""agreeableness"": 0.5555555555555556, ""extraversion"": 0.625, ""conscientiousness"": 0.5833333333333334, ""neuroticism"": 0.4375}"
baseline_loglik,extraversion,low,bfi_28,conscientiousness,False,4,4,False,"{""openness"": 0.675, ""agreeableness"": 0.5555555555555556, ""extraversion"": 0.625, ""conscientiousness"": 0.5833333333333334, ""neuroticism"": 0.4375}"
baseline_loglik,extraversion,low,bfi_29,neuroticism,False,3,3,False,"{""openness"": 0.675, ""agreeableness"": 0.5555555555555556, ""extraversion"": 0.625, ""conscientiousness"": 0.5833333333333334, ""neuroticism"": 0.4375}"
baseline_loglik,extraversion,low,bfi_30,openness,False,4,4,False,"{""openness"": 0.675, ""agreeableness"": 0.5555555555555556, ""extraversion"": 0.625, ""conscientiousness"": 0.5833333333333334, ""neuroticism"": 0.4375}"
baseline_loglik,extraversion,low,bfi_31,extraversion,True,3,3,False,"{""openness"": 0.675, ""agreeableness"": 0.5555555555555556, ""extraversion"": 0.625, ""conscientiousness"": 0.5833333333333334, ""neuroticism"": 0.4375}"
baseline_loglik,extraversion,low,bfi_32,agreeableness,False,4,4,False,"{""openness"": 0.675, ""agreeableness"": 0.5555555555555556, ""extraversion"": 0.625, ""conscientiousness"": 0.5833333333333334, ""neuroticism"": 0.4375}"
baseline_loglik,extraversion,low,bfi_33,conscientiousness,False,3,3,False,"{""openness"": 0.675, ""agreeableness"": 0.5555555555555556, ""extraversion"": 0.625, ""conscientiousness"": 0.5833333333333334, ""neuroticism"": 0.4375}"
baseline_loglik,extraversion,low,bfi_34,neuroticism,True,3,3,False,"{""openness"": 0.675, ""agreeableness"": 0.5555555555555556, ""extraversion"": 0.625, ""conscientiousness"": 0.5833333333333334, ""neuroticism"": 0.4375}"
baseline_loglik,extraversion,low,bfi_35,openness,True,3,3,False,"{""openness"": 0.675, ""agreeableness"": 0.5555555555555556, ""extraversion"": 0.625, ""conscientiousness"": 0.5833333333333334, ""neuroticism"": 0.4375}"
baseline_loglik,extraversion,low,bfi_36,extraversion,False,4,4,False,"{""openness"": 0.675, ""agreeableness"": 0.5555555555555556, ""extraversion"": 0.625, ""conscientiousness"": 0.5833333333333334, ""neuroticism"": 0.4375}"
baseline_loglik,extraversion,low,bfi_37,agreeableness,True,3,3,False,"{""openness"": 0.675, ""agreeableness"": 0.5555555555555556, ""extraversion"": 0.625, ""conscientiousness"": 0.5833333333333334, ""neuroticism"": 0.4375}"
baseline_loglik,extraversion,low,bfi_38,conscientiousness,False,4,4,False,"{""openness"": 0.675, ""agreeableness"": 0.5555555555555556, ""extraversion"": 0.625, ""conscientiousness"": 0.5833333333333334, ""neuroticism"": 0.4375}"
baseline_loglik,extraversion,low,bfi_39,neuroticism,False,3,3,False,"{""openness"": 0.675, ""agreeableness"": 0.5555555555555556, ""extraversion"": 0.625, ""conscientiousness"": 0.5833333333333334, ""neuroticism"": 0.4375}"
baseline_loglik,extraversion,low,bfi_40,openness,False,4,4,False,"{""openness"": 0.675, ""agreeableness"": 0.5555555555555556, ""extraversion"": 0.625, ""conscientiousness"": 0.5833333333333334, ""neuroticism"": 0.4375}"
baseline_loglik,extraversion,low,bfi_41,openness,True,3,3,False,"{""openness"": 0.675, ""agreeableness"": 0.5555555555555556, ""extraversion"": 0.625, ""conscientiousness"": 0.5833333333333334, ""neuroticism"": 0.4375}"
baseline_loglik,extraversion,low,bfi_42,agreeableness,False,3,3,False,"{""openness"": 0.675, ""agreeableness"": 0.5555555555555556, ""extraversion"": 0.625, ""conscientiousness"": 0.5833333333333334, ""neuroticism"": 0.4375}"
baseline_loglik,extraversion,low,bfi_43,conscientiousness,True,3,3,False,"{""openness"": 0.675, ""agreeableness"": 0.5555555555555556, ""extraversion"": 0.625, ""conscientiousness"": 0.5833333333333334, ""neuroticism"": 0.4375}"
baseline_loglik,extraversion,low,bfi_44,openness,False,3,3,False,"{""openness"": 0.675, ""agreeableness"": 0.5555555555555556, ""extraversion"": 0.625, ""conscientiousness"": 0.5833333333333334, ""neuroticism"": 0.4375}"
prompt_loglik,agreeableness,high,bfi_01,extraversion,False,3,3,False,"{""openness"": 0.575, ""agreeableness"": 0.75, ""extraversion"": 0.625, ""conscientiousness"": 0.5, ""neuroticism"": 0.3125}"
prompt_loglik,agreeableness,high,bfi_02,agreeableness,True,3,3,False,"{""openness"": 0.575, ""agreeableness"": 0.75, ""extraversion"": 0.625, ""conscientiousness"": 0.5, ""neuroticism"": 0.3125}"
prompt_loglik,agreeableness,high,bfi_03,conscientiousness,False,3,3,False,"{""openness"": 0.575, ""agreeableness"": 0.75, ""extraversion"": 0.625, ""conscientiousness"": 0.5, ""neuroticism"": 0.3125}"
prompt_loglik,agreeableness,high,bfi_04,neuroticism,False,1,1,False,"{""openness"": 0.575, ""agreeableness"": 0.75, ""extraversion"": 0.625, ""conscientiousness"": 0.5, ""neuroticism"": 0.3125}"
prompt_loglik,agreeableness,high,bfi_05,openness,False,3,3,False,"{""openness"": 0.575, ""agreeableness"": 0.75, ""extraversion"": 0.625, ""conscientiousness"": 0.5, ""neuroticism"": 0.3125}"
prompt_loglik,agreeableness,high,bfi_06,extraversion,True,3,3,False,"{""openness"": 0.575, ""agreeableness"": 0.75, ""extraversion"": 0.625, ""conscientiousness"": 0.5, ""neuroticism"": 0.3125}"
prompt_loglik,agreeableness,high,bfi_07,agreeableness,False,5,5,False,"{""openness"": 0.575, ""agreeableness"": 0.75, ""extraversion"": 0.625, ""conscientiousness"": 0.5, ""neuroticism"": 0.3125}"
prompt_loglik,agreeableness,high,bfi_08,conscientiousness,True,3,3,False,"{""openness"": 0.575, ""agreeableness"": 0.75, ""extraversion"": 0.625, ""conscientiousness"": 0.5, ""neuroticism"": 0.3125}"
prompt_loglik,agreeableness,high,bfi_09,neuroticism,True,4,4,False,"{""openness"": 0.575, ""agreeableness"": 0.75, ""extraversion"": 0.625, ""conscientiousness"": 0.5, ""neuroticism"": 0.3125}"
prompt_loglik,agreeableness,high,bfi_10,openness,False,3,3,False,"{""openness"": 0.575, ""agreeableness"": 0.75, ""extraversion"": 0.625, ""conscientiousness"": 0.5, ""neuroticism"": 0.3125}"
prompt_loglik,agreeableness,high,bfi_11,extraversion,False,3,3,False,"{""openness"": 0.575, ""agreeableness"": 0.75, ""extraversion"": 0.625, ""conscientiousness"": 0.5, ""neuroticism"": 0.3125}"
prompt_loglik,agreeableness,high,bfi_12,agreeableness,True,3,3,False,"{""openness"": 0.575, ""agreeableness"": 0.75, ""extraversion"": 0.625, ""conscientiousness"": 0.5, ""neuroticism"": 0.3125}"
prompt_loglik,agreeableness,high,bfi_13,conscientiousness,False,3,3,False,"{""openness"": 0.575, ""agreeableness"": 0.75, ""extraversion"": 0.625, ""conscientiousness"": 0.5, ""neuroticism"": 0.3125}"
prompt_loglik,agreeableness,high,bfi_14,neuroticism,False,3,3,False,"{""openness"": 0.575, ""agreeableness"": 0.75, ""extraversion"": 0.625, ""conscientiousness"": 0.5, ""neuroticism"": 0.3125}"
prompt_loglik,agreeableness,high,bfi_15,openness,False,3,3,False,"{""openness"": 0.575, ""agreeableness"": 0.75, ""extraversion"": 0.625, ""conscientiousness"": 0.5, ""neuroticism"": 0.3125}"
prompt_loglik,agreeableness,high,bfi_16,extraversion,False,4,4,False,"{""openness"": 0.575, ""agreeableness"": 0.75, ""extraversion"": 0.625, ""conscientiousness"": 0.5, ""neuroticism"": 0.3125}"
prompt_loglik,agreeableness,high,bfi_17,agreeableness,False,5,5,False,"{""openness"": 0.575, ""agreeableness"": 0.75, ""extraversion"": 0.625, ""conscientiousness"": 0.5, ""neuroticism"": 0.3125}"
prompt_loglik,agreeableness,high,bfi_18,conscientiousness,True,3,3,False,"{""openness"": 0.575, ""agreeableness"": 0.75, ""extraversion"": 0.625, ""conscientiousness"": 0.5, ""neuroticism"": 0.3125}"
prompt_loglik,agreeableness,high,bfi_19,neuroticism,False,3,3,False,"{""openness"": 0.575, ""agreeableness"": 0.75, ""extraversion"": 0.625, ""conscientiousness"": 0.5, ""neuroticism"": 0.3125}"
prompt_loglik,agreeableness,high,bfi_20,openness,False,4,4,False,"{""openness"": 0.575, ""agreeableness"": 0.75, ""extraversion"": 0.625, ""conscientiousness"": 0.5, ""neuroticism"": 0.3125}"
prompt_loglik,agreeableness,high,bfi_21,extraversion,True,3,3,False,"{""openness"": 0.575, ""agreeableness"": 0.75, ""extraversion"": 0.625, ""conscientiousness"": 0.5, ""neuroticism"": 0.3125}"
prompt_loglik,agreeableness,high,bfi_22,agreeableness,False,5,5,False,"{""openness"": 0.575, ""agreeableness"": 0.75, ""extraversion"": 0.625, ""conscientiousness"": 0.5, ""neuroticism"": 0.3125}"
prompt_loglik,agreeableness,high,bfi_23,conscientiousness,True,3,3,False,"{""openness"": 0.575, ""agreeableness"": 0.75, ""extraversion"": 0.625, ""conscientiousness"": 0.5, ""neuroticism"": 0.3125}"
prompt_loglik,agreeableness,high,bfi_24,neuroticism,True,4,4,False,"{""openness"": 0.575, ""agreeableness"": 0.75, ""extraversion"": 0.625, ""conscientiousness"": 0.5, ""neuroticism"": 0.3125}"
prompt_loglik,agreeableness,high,bfi_25,openness,False,3,3,False,"{""openness"": 0.575, ""agreeableness"": 0.75, ""extraversion"": 0.625, ""conscientiousness"": 0.5, ""neuroticism"": 0.3125}"
prompt_loglik,agreeableness,high,bfi_26,extraversion,False,5,5,False,"{""openness"": 0.575, ""agreeableness"": 0.75, ""extraversion"": 0.625, ""conscientiousness"": 0.5, ""neuroticism"": 0.3125}"
prompt_loglik,agreeableness,high,bfi_27,agreeableness,True,3,3,False,"{""openness"": 0.575, ""agreeableness"": 0.75, ""extraversion"": 0.625, ""conscientiousness"": 0.5, ""neuroticism"": 0.3125}"
prompt_loglik,agreeableness,high,bfi_28,conscientiousness,False,3,3,False,"{""openness"": 0.575, ""agreeableness"": 0.75, ""extraversion"": 0.625, ""conscientiousness"": 0.5, ""neuroticism"": 0.3125}"
prompt_loglik,agreeableness,high,bfi_29,neuroticism,False,3,3,False,"{""openness"": 0.575, ""agreeableness"": 0.75, ""extraversion"": 0.625, ""conscientiousness"": 0.5, ""neuroticism"": 0.3125}"
prompt_loglik,agreeableness,high,bfi_30,openness,False,4,4,False,"{""openness"": 0.575, ""agreeableness"": 0.75, ""extraversion"": 0.625, ""conscientiousness"": 0.5, ""neuroticism"": 0.3125}"
prompt_loglik,agreeableness,high,bfi_31,extraversion,True,3,3,False,"{""openness"": 0.575, ""agreeableness"": 0.75, ""extraversion"": 0.625, ""conscientiousness"": 0.5, ""neuroticism"": 0.3125}"
prompt_loglik,agreeableness,high,bfi_32,agreeableness,False,5,5,False,"{""openness"": 0.575, ""agreeableness"": 0.75, ""extraversion"": 0.625, ""conscientiousness"": 0.5, ""neuroticism"": 0.3125}"
prompt_loglik,agreeableness,high,bfi_33,conscientiousness,False,3,3,False,"{""openness"": 0.575, ""agreeableness"": 0.75, ""extraversion"": 0.625, ""conscientiousness"": 0.5, ""neuroticism"": 0.3125}"
prompt_loglik,agreeableness,high,bfi_34,neuroticism,True,5,5,False,"{""openness"": 0.575, ""agreeableness"": 0.75, ""extraversion"": 0.625, ""conscientiousness"": 0.5, ""neuroticism"": 0.3125}"
prompt_loglik,agreeableness,high,bfi_35,openness,True,3,3,False,"{""openness"": 0.575, ""agreeableness"": 0.75, ""extraversion"": 0.625, ""conscientiousness"": 0.5, ""neuroticism"": 0.3125}"
prompt_loglik,agreeableness,high,bfi_36,extraversion,False,4,4,False,"{""openness"": 0.575, ""agreeableness"": 0.75, ""extraversion"": 0.625, ""conscientiousness"": 0.5, ""neuroticism"": 0.3125}"
prompt_loglik,agreeableness,high,bfi_37,agreeableness,True,3,3,False,"{""openness"": 0.575, ""agreeableness"": 0.75, ""extraversion"": 0.625, ""conscientiousness"": 0.5, ""neuroticism"": 0.3125}"
prompt_loglik,agreeableness,high,bfi_38,conscientiousness,False,3,3,False,"{""openness"": 0.575, ""agreeableness"": 0.75, ""extraversion"": 0.625, ""conscientiousness"": 0.5, ""neuroticism"": 0.3125}"
prompt_loglik,agreeableness,high,bfi_39,neuroticism,False,3,3,False,"{""openness"": 0.575, ""agreeableness"": 0.75, ""extraversion"": 0.625, ""conscientiousness"": 0.5, ""neuroticism"": 0.3125}"
prompt_loglik,agreeableness,high,bfi_40,openness,False,4,4,False,"{""openness"": 0.575, ""agreeableness"": 0.75, ""extraversion"": 0.625, ""conscientiousness"": 0.5, ""neuroticism"": 0.3125}"
prompt_loglik,agreeableness,high,bfi_41,openness,True,3,3,False,"{""openness"": 0.575, ""agreeableness"": 0.75, ""extraversion"": 0.625, ""conscientiousness"": 0.5, ""neuroticism"": 0.3125}"
prompt_loglik,agreeableness,high,bfi_42,agreeableness,False,4,4,False,"{""openness"": 0.575, ""agreeableness"": 0.75, ""extraversion"": 0.625, ""conscientiousness"": 0.5, ""neuroticism"": 0.3125}"
prompt_loglik,agreeableness,high,bfi_43,conscientiousness,True,3,3,False,"{""openness"": 0.575, ""agreeableness"": 0.75, ""extraversion"": 0.625, ""conscientiousness"": 0.5, ""neuroticism"": 0.3125}"
prompt_loglik,agreeableness,high,bfi_44,openness,False,3,3,False,"{""openness"": 0.575, ""agreeableness"": 0.75, ""extraversion"": 0.625, ""conscientiousness"": 0.5, ""neuroticism"": 0.3125}"
prompt_loglik,agreeableness,low,bfi_01,extraversion,False,4,4,False,"{""openness"": 0.5, ""agreeableness"": 0.4444444444444444, ""extraversion"": 0.5, ""conscientiousness"": 0.5, ""neuroticism"": 0.5625}"
prompt_loglik,agreeableness,low,bfi_02,agreeableness,True,4,4,False,"{""openness"": 0.5, ""agreeableness"": 0.4444444444444444, ""extraversion"": 0.5, ""conscientiousness"": 0.5, ""neuroticism"": 0.5625}"
prompt_loglik,agreeableness,low,bfi_03,conscientiousness,False,3,3,False,"{""openness"": 0.5, ""agreeableness"": 0.4444444444444444, ""extraversion"": 0.5, ""conscientiousness"": 0.5, ""neuroticism"": 0.5625}"
prompt_loglik,agreeableness,low,bfi_04,neuroticism,False,3,3,False,"{""openness"": 0.5, ""agreeableness"": 0.4444444444444444, ""extraversion"": 0.5, ""conscientiousness"": 0.5, ""neuroticism"": 0.5625}"
prompt_loglik,agreeableness,low,bfi_05,openness,False,3,3,False,"{""openness"": 0.5, ""agreeableness"": 0.4444444444444444, ""extraversion"": 0.5, ""conscientiousness"": 0.5, ""neuroticism"": 0.5625}"
prompt_loglik,agreeableness,low,bfi_06,extraversion,True,4,4,False,"{""openness"": 0.5, ""agreeableness"": 0.4444444444444444, ""extraversion"": 0.5, ""conscientiousness"": 0.5, ""neuroticism"": 0.5625}"
prompt_loglik,agreeableness,low,bfi_07,agreeableness,False,3,3,False,"{""openness"": 0.5, ""agreeableness"": 0.4444444444444444, ""extraversion"": 0.5, ""conscientiousness"": 0.5, ""neuroticism"": 0.5625}"
prompt_loglik,agreeableness,low,bfi_08,conscientiousness,True,3,3,False,"{""openness"": 0.5, ""agreeableness"": 0.4444444444444444, ""extraversion"": 0.5, ""conscientiousness"": 0.5, ""neuroticism"": 0.5625}"
prompt_loglik,agreeableness,low,bfi_09,neuroticism,True,3,3,False,"{""openness"": 0.5, ""agreeableness"": 0.4444444444444444, ""extraversion"": 0.5, ""conscientiousness"": 0.5, ""neuroticism"": 0.5625}"
prompt_loglik,agreeableness,low,bfi_10,openness,False,3,3,False,"{""openness"": 0.5, ""agreeableness"": 0.4444444444444444, ""extraversion"": 0.5, ""conscientiousness"": 0.5, ""neuroticism"": 0.5625}"
prompt_loglik,agreeableness,low,bfi_11,extraversion,False,3,3,False,"{""openness"": 0.5, ""agreeableness"": 0.4444444444444444, ""extraversion"": 0.5, ""conscientiousness"": 0.5, ""neuroticism"": 0.5625}"
prompt_loglik,agreeableness,low,bfi_12,agreeableness,True,4,4,False,"{""openness"": 0.5, ""agreeableness"": 0.4444444444444444, ""extraversion"": 0.5, ""conscientiousness"": 0.5, ""neuroticism"": 0.5625}"
prompt_loglik,agreeableness,low,bfi_13,conscientiousness,False,3,3,False,"{""openness"": 0.5, ""agreeableness"": 0.4444444444444444, ""extraversion"": 0.5, ""conscientiousness"": 0.5, ""neuroticism"": 0.5625}"
prompt_loglik,agreeableness,low,bfi_14,neuroticism,False,4,4,False,"{""openness"": 0.5, ""agreeableness"": 0.4444444444444444, ""extraversion"": 0.5, ""conscientiousness"": 0.5, ""neuroticism"": 0.5625}"
prompt_loglik,agreeableness,low,bfi_15,openness,False,3,3,False,"{""openness"": 0.5, ""agreeableness"": 0.4444444444444444, ""extraversion"": 0.5, ""conscientiousness"": 0.5, ""neuroticism"": 0.5625}"
prompt_loglik,agreeableness,low,bfi_16,extraversion,False,3,3,False,"{""openness"": 0.5, ""agreeableness"": 0.4444444444444444, ""extraversion"": 0.5, ""conscientiousness"": 0.5, ""neuroticism"": 0.5625}"
prompt_loglik,agreeableness,low,bfi_17,agreeableness,False,4,4,False,"{""openness"": 0.5, ""agreeableness"": 0.4444444444444444, ""extraversion"": 0.5, ""conscientiousness"": 0.5, ""neuroticism"": 0.5625}"
prompt_loglik,agreeableness,low,bfi_18,conscientiousness,True,3,3,False,"{""openness"": 0.5, ""agreeableness"": 0.4444444444444444, ""extraversion"": 0.5, ""conscientiousness"": 0.5, ""neuroticism"": 0.5625}"
prompt_loglik,agreeableness,low,bfi_19,neuroticism,False,4,4,False,"{""openness"": 0.5, ""agreeableness"": 0.4444444444444444, ""extraversion"": 0.5, ""conscientiousness"": 0.5, ""neuroticism"": 0.5625}"
prompt_loglik,agreeableness,low,bfi_20,openness,False,4,4,False,"{""openness"": 0.5, ""agreeableness"": 0.4444444444444444, ""extraversion"": 0.5, ""conscientiousness"": 0.5, ""neuroticism"": 0.5625}"
prompt_loglik,agreeableness,low,bfi_21,extraversion,True,3,3,False,"{""openness"": 0.5, ""agreeableness"": 0.4444444444444444, ""extraversion"": 0.5, ""conscientiousness"": 0.5, ""neuroticism"": 0.5625}"
prompt_loglik,agreeableness,low,bfi_22,agreeableness,False,3,3,False,"{""openness"": 0.5, ""agreeableness"": 0.4444444444444444, ""extraversion"": 0.5, ""conscientiousness"": 0.5, ""neuroticism"": 0.5625}"
prompt_loglik,agreeableness,low,bfi_23,conscientiousness,True,3,3,False,"{""openness"": 0.5, ""agreeableness"": 0.4444444444444444, ""extraversion"": 0.5, ""conscientiousness"": 0.5, ""neuroticism"": 0.5625}"
prompt_loglik,agreeableness,low,bfi_24,neuroticism,True,3,3,False,"{""openness"": 0.5, ""agreeableness"": 0.4444444444444444, ""extraversion"": 0.5, ""conscientiousness"": 0.5, ""neuroticism"": 0.5625}"
prompt_loglik,agreeableness,low,bfi_25,openness,False,3,3,False,"{""openness"": 0.5, ""agreeableness"": 0.4444444444444444, ""extraversion"": 0.5, ""conscientiousness"": 0.5, ""neuroticism"": 0.5625}"
prompt_loglik,agreeableness,low,bfi_26,extraversion,False,3,3,False,"{""openness"": 0.5, ""agreeableness"": 0.4444444444444444, ""extraversion"": 0.5, ""conscientiousness"": 0.5, ""neuroticism"": 0.5625}"
prompt_loglik,agreeableness,low,bfi_27,agreeableness,True,4,4,False,"{""openness"": 0.5, ""agreeableness"": 0.4444444444444444, ""extraversion"": 0.5, ""conscientiousness"": 0.5, ""neuroticism"": 0.5625}"
prompt_loglik,agreeableness,low,bfi_28,conscientiousness,False,3,3,False,"{""openness"": 0.5, ""agreeableness"": 0.4444444444444444, ""extraversion"": 0.5, ""conscientiousness"": 0.5, ""neuroticism"": 0.5625}"
prompt_loglik,agreeableness,low,bfi_29,neuroticism,False,4,4,False,"{""openness"": 0.5, ""agreeableness"": 0.4444444444444444, ""extraversion"": 0.5, ""conscientiousness"": 0.5, ""neuroticism"": 0.5625}"
prompt_loglik,agreeableness,low,bfi_30,openness,False,3,3,False,"{""openness"": 0.5, ""agreeableness"": 0.4444444444444444, ""extraversion"": 0.5, ""conscientiousness"": 0.5, ""neuroticism"": 0.5625}"
prompt_loglik,agreeableness,low,bfi_31,extraversion,True,3,3,False,"{""openness"": 0.5, ""agreeableness"": 0.4444444444444444, ""extraversion"": 0.5, ""conscientiousness"": 0.5, ""neuroticism"": 0.5625}"
prompt_loglik,agreeableness,low,bfi_32,agreeableness,False,3,3,False,"{""openness"": 0.5, ""agreeableness"": 0.4444444444444444, ""extraversion"": 0.5, ""conscientiousness"": 0.5, ""neuroticism"": 0.5625}"
prompt_loglik,agreeableness,low,bfi_33,conscientiousness,False,3,3,False,"{""openness"": 0.5, ""agreeableness"": 0.4444444444444444, ""extraversion"": 0.5, ""conscientiousness"": 0.5, ""neuroticism"": 0.5625}"
prompt_loglik,agreeableness,low,bfi_34,neuroticism,True,4,4,False,"{""openness"": 0.5, ""agreeableness"": 0.4444444444444444, ""extraversion"": 0.5, ""conscientiousness"": 0.5, ""neuroticism"": 0.5625}"
prompt_loglik,agreeableness,low,bfi_35,openness,True,3,3,False,"{""openness"": 0.5, ""agreeableness"": 0.4444444444444444, ""extraversion"": 0.5, ""conscientiousness"": 0.5, ""neuroticism"": 0.5625}"
prompt_loglik,agreeableness,low,bfi_36,extraversion,False,3,3,False,"{""openness"": 0.5, ""agreeableness"": 0.4444444444444444, ""extraversion"": 0.5, ""conscientiousness"": 0.5, ""neuroticism"": 0.5625}"
prompt_loglik,agreeableness,low,bfi_37,agreeableness,True,4,4,False,"{""openness"": 0.5, ""agreeableness"": 0.4444444444444444, ""extraversion"": 0.5, ""conscientiousness"": 0.5, ""neuroticism"": 0.5625}"
prompt_loglik,agreeableness,low,bfi_38,conscientiousness,False,4,4,False,"{""openness"": 0.5, ""agreeableness"": 0.4444444444444444, ""extraversion"": 0.5, ""conscientiousness"": 0.5, ""neuroticism"": 0.5625}"
prompt_loglik,agreeableness,low,bfi_39,neuroticism,False,3,3,False,"{""openness"": 0.5, ""agreeableness"": 0.4444444444444444, ""extraversion"": 0.5, ""conscientiousness"": 0.5, ""neuroticism"": 0.5625}"
prompt_loglik,agreeableness,low,bfi_40,openness,False,3,3,False,"{""openness"": 0.5, ""agreeableness"": 0.4444444444444444, ""extraversion"": 0.5, ""conscientiousness"": 0.5, ""neuroticism"": 0.5625}"
prompt_loglik,agreeableness,low,bfi_41,openness,True,4,4,False,"{""openness"": 0.5, ""agreeableness"": 0.4444444444444444, ""extraversion"": 0.5, ""conscientiousness"": 0.5, ""neuroticism"": 0.5625}"
prompt_loglik,agreeableness,low,bfi_42,agreeableness,False,4,4,False,"{""openness"": 0.5, ""agreeableness"": 0.4444444444444444, ""extraversion"": 0.5, ""conscientiousness"": 0.5, ""neuroticism"": 0.5625}"
prompt_loglik,agreeableness,low,bfi_43,conscientiousness,True,4,4,False,"{""openness"": 0.5, ""agreeableness"": 0.4444444444444444, ""extraversion"": 0.5, ""conscientiousness"": 0.5, ""neuroticism"": 0.5625}"
prompt_loglik,agreeableness,low,bfi_44,openness,False,3,3,False,"{""openness"": 0.5, ""agreeableness"": 0.4444444444444444, ""extraversion"": 0.5, ""conscientiousness"": 0.5, ""neuroticism"": 0.5625}"
prompt_loglik,conscientiousness,high,bfi_01,extraversion,False,3,3,False,"{""openness"": 0.5, ""agreeableness"": 0.5, ""extraversion"": 0.5, ""conscientiousness"": 0.6666666666666666, ""neuroticism"": 0.46875}"
prompt_loglik,conscientiousness,high,bfi_02,agreeableness,True,3,3,False,"{""openness"": 0.5, ""agreeableness"": 0.5, ""extraversion"": 0.5, ""conscientiousness"": 0.6666666666666666, ""neuroticism"": 0.46875}"
prompt_loglik,conscientiousness,high,bfi_03,conscientiousness,False,5,5,False,"{""openness"": 0.5, ""agreeableness"": 0.5, ""extraversion"": 0.5, ""conscientiousness"": 0.6666666666666666, ""neuroticism"": 0.46875}"
prompt_loglik,conscientiousness,high,bfi_04,neuroticism,False,3,3,False,"{""openness"": 0.5, ""agreeableness"": 0.5, ""extraversion"": 0.5, ""conscientiousness"": 0.6666666666666666, ""neuroticism"": 0.46875}"
prompt_loglik,conscientiousness,high,bfi_05,openness,False,3,3,False,"{""openness"": 0.5, ""agreeableness"": 0.5, ""extraversion"": 0.5, ""conscientiousness"": 0.6666666666666666, ""neuroticism"": 0.46875}"
prompt_loglik,conscientiousness,high,bfi_06,extraversion,True,3,3,False,"{""openness"": 0.5, ""agreeableness"": 0.5, ""extraversion"": 0.5, ""conscientiousness"": 0.6666666666666666, ""neuroticism"": 0.46875}"
prompt_loglik,conscientiousness,high,bfi_07,agreeableness,False,3,3,False,"{""openness"": 0.5, ""agreeableness"": 0.5, ""extraversion"": 0.5, ""conscientiousness"": 0.6666666666666666, ""neuroticism"": 0.46875}"
prompt_loglik,conscientiousness,high,bfi_08,conscientiousness,True,3,3,False,"{""openness"": 0.5, ""agreeableness"": 0.5, ""extraversion"": 0.5, ""conscientiousness"": 0.6666666666666666, ""neuroticism"": 0.46875}"
prompt_loglik,conscientiousness,high,bfi_09,neuroticism,True,3,3,False,"{""openness"": 0.5, ""agreeableness"": 0.5, ""extraversion"": 0.5, ""conscientiousness"": 0.6666666666666666, ""neuroticism"": 0.46875}"
prompt_loglik,conscientiousness,high,bfi_10,openness,False,3,3,False,"{""openness"": 0.5, ""agreeableness"": 0.5, ""extraversion"": 0.5, ""conscientiousness"": 0.6666666666666666, ""neuroticism"": 0.46875}"
prompt_loglik,conscientiousness,high,bfi_11,extraversion,False,3,3,False,"{""openness"": 0.5, ""agreeableness"": 0.5, ""extraversion"": 0.5, ""conscientiousness"": 0.6666666666666666, ""neuroticism"": 0.46875}"
prompt_loglik,conscientiousness,high,bfi_12,agreeableness,True,3,3,False,"{""openness"": 0.5, ""agreeableness"": 0.5, ""extraversion"": 0.5, ""conscientiousness"": 0.6666666666666666, ""neuroticism"": 0.46875}"
prompt_loglik,conscientiousness,high,bfi_13,conscientiousness,False,5,5,False,"{""openness"": 0.5, ""agreeableness"": 0.5, ""extraversion"": 0.5, ""conscientiousness"": 0.6666666666666666, ""neuroticism"": 0.46875}"
prompt_loglik,conscientiousness,high,bfi_14,neuroticism,False,3,3,False,"{""openness"": 0.5, ""agreeableness"": 0.5, ""extraversion"": 0.5, ""conscientiousness"": 0.6666666666666666, ""neuroticism"": 0.46875}"
prompt_loglik,conscientiousness,high,bfi_15,openness,False,3,3,False,"{""openness"": 0.5, ""agreeableness"": 0.5, ""extraversion"": 0.5, ""conscientiousness"": 0.6666666666666666, ""neuroticism"": 0.46875}"
prompt_loglik,conscientiousness,high,bfi_16,extraversion,False,3,3,False,"{""openness"": 0.5, ""agreeableness"": 0.5, ""extraversion"": 0.5, ""conscientiousness"": 0.6666666666666666, ""neuroticism"": 0.46875}"
prompt_loglik,conscientiousness,high,bfi_17,agreeableness,False,3,3,False,"{""openness"": 0.5, ""agreeableness"": 0.5, ""extraversion"": 0.5, ""conscientiousness"": 0.6666666666666666, ""neuroticism"": 0.46875}"
prompt_loglik,conscientiousness,high,bfi_18,conscientiousness,True,3,3,False,"{""openness"": 0.5, ""agreeableness"": 0.5, ""extraversion"": 0.5, ""conscientiousness"": 0.6666666666666666, ""neuroticism"": 0.46875}"
prompt_loglik,conscientiousness,high,bfi_19,neuroticism,False,3,3,False,"{""openness"": 0.5, ""agreeableness"": 0.5, ""extraversion"": 0.5, ""conscientiousness"": 0.6666666666666666, ""neuroticism"": 0.46875}"
prompt_loglik,conscientiousness,high,bfi_20,openness,False,3,3,False,"{""openness"": 0.5, ""agreeableness"": 0.5, ""extraversion"": 0.5, ""conscientiousness"": 0.6666666666666666, ""neuroticism"": 0.46875}"
prompt_loglik,conscientiousness,high,bfi_21,extraversion,True,3,3,False,"{""openness"": 0.5, ""agreeableness"": 0.5, ""extraversion"": 0.5, ""conscientiousness"": 0.6666666666666666, ""neuroticism"": 0.46875}"
prompt_loglik,conscientiousness,high,bfi_22,agreeableness,False,3,3,False,"{""openness"": 0.5, ""agreeableness"": 0.5, ""extraversion"": 0.5, ""conscientiousness"": 0.6666666666666666, ""neuroticism"": 0.46875}"
prompt_loglik,conscientiousness,high,bfi_23,conscientiousness,True,5,5,False,"{""openness"": 0.5, ""agreeableness"": 0.5, ""extraversion"": 0.5, ""conscientiousness"": 0.6666666666666666, ""neuroticism"": 0.46875}"
prompt_loglik,conscientiousness,high,bfi_24,neuroticism,True,4,4,False,"{""openness"": 0.5, ""agreeableness"": 0.5, ""extraversion"": 0.5, ""conscientiousness"": 0.6666666666666666, ""neuroticism"": 0.46875}"
prompt_loglik,conscientiousness,high,bfi_25,openness,False,3,3,False,"{""openness"": 0.5, ""agreeableness"": 0.5, ""extraversion"": 0.5, ""conscientiousness"": 0.6666666666666666, ""neuroticism"": 0.46875}"
prompt_loglik,conscientiousness,high,bfi_26,extraversion,False,3,3,False,"{""openness"": 0.5, ""agreeableness"": 0.5, ""extraversion"": 0.5, ""conscientiousness"": 0.6666666666666666, ""neuroticism"": 0.46875}"
prompt_loglik,conscientiousness,high,bfi_27,agreeableness,True,3,3,False,"{""openness"": 0.5, ""agreeableness"": 0.5, ""extraversion"": 0.5, ""conscientiousness"": 0.6666666666666666, ""neuroticism"": 0.46875}"
prompt_loglik,conscientiousness,high,bfi_28,conscientiousness,False,5,5,False,"{""openness"": 0.5, ""agreeableness"": 0.5, ""extraversion"": 0.5, ""conscientiousness"": 0.6666666666666666, ""neuroticism"": 0.46875}"
prompt_loglik,conscientiousness,high,bfi_29,neuroticism,False,3,3,False,"{""openness"": 0.5, ""agreeableness"": 0.5, ""extraversion"": 0.5, ""conscientiousness"": 0.6666666666666666, ""neuroticism"": 0.46875}"
prompt_loglik,conscientiousness,high,bfi_30,openness,False,3,3,False,"{""openness"": 0.5, ""agreeableness"": 0.5, ""extraversion"": 0.5, ""conscientiousness"": 0.6666666666666666, ""neuroticism"": 0.46875}"
prompt_loglik,conscientiousness,high,bfi_31,extraversion,True,3,3,False,"{""openness"": 0.5, ""agreeableness"": 0.5, ""extraversion"": 0.5, ""conscientiousness"": 0.6666666666666666, ""neuroticism"": 0.46875}"
prompt_loglik,conscientiousness,high,bfi_32,agreeableness,False,3,3,False,"{""openness"": 0.5, ""agreeableness"": 0.5, ""extraversion"": 0.5, ""conscientiousness"": 0.6666666666666666, ""neuroticism"": 0.46875}"
prompt_loglik,conscientiousness,high,bfi_33,conscientiousness,False,3,3,False,"{""openness"": 0.5, ""agreeableness"": 0.5, ""extraversion"": 0.5, ""conscientiousness"": 0.6666666666666666, ""neuroticism"": 0.46875}"
prompt_loglik,conscientiousness,high,bfi_34,neuroticism,True,3,3,False,"{""openness"": 0.5, ""agreeableness"": 0.5, ""extraversion"": 0.5, ""conscientiousness"": 0.6666666666666666, ""neuroticism"": 0.46875}"
prompt_loglik,conscientiousness,high,bfi_35,openness,True,3,3,False,"{""openness"": 0.5, ""agreeableness"": 0.5, ""extraversion"": 0.5, ""conscientiousness"": 0.6666666666666666, ""neuroticism"": 0.46875}"
prompt_loglik,conscientiousness,high,bfi_36,extraversion,False,3,3,False,"{""openness"": 0.5, ""agreeableness"": 0.5, ""extraversion"": 0.5, ""conscientiousness"": 0.6666666666666666, ""neuroticism"": 0.46875}"
prompt_loglik,conscientiousness,high,bfi_37,agreeableness,True,3,3,False,"{""openness"": 0.5, ""agreeableness"": 0.5, ""extraversion"": 0.5, ""conscientiousness"": 0.6666666666666666, ""neuroticism"": 0.46875}"
prompt_loglik,conscientiousness,high,bfi_38,conscientiousness,False,5,5,False,"{""openness"": 0.5, ""agreeableness"": 0.5, ""extraversion"": 0.5, ""conscientiousness"": 0.6666666666666666, ""neuroticism"": 0.46875}"
prompt_loglik,conscientiousness,high,bfi_39,neuroticism,False,3,3,False,"{""openness"": 0.5, ""agreeableness"": 0.5, ""extraversion"": 0.5, ""conscientiousness"": 0.6666666666666666, ""neuroticism"": 0.46875}"
prompt_loglik,conscientiousness,high,bfi_40,openness,False,3,3,False,"{""openness"": 0.5, ""agreeableness"": 0.5, ""extraversion"": 0.5, ""conscientiousness"": 0.6666666666666666, ""neuroticism"": 0.46875}"
prompt_loglik,conscientiousness,high,bfi_41,openness,True,3,3,False,"{""openness"": 0.5, ""agreeableness"": 0.5, ""extraversion"": 0.5, ""conscientiousness"": 0.6666666666666666, ""neuroticism"": 0.46875}"
prompt_loglik,conscientiousness,high,bfi_42,agreeableness,False,3,3,False,"{""openness"": 0.5, ""agreeableness"": 0.5, ""extraversion"": 0.5, ""conscientiousness"": 0.6666666666666666, ""neuroticism"": 0.46875}"
prompt_loglik,conscientiousness,high,bfi_43,conscientiousness,True,3,3,False,"{""openness"": 0.5, ""agreeableness"": 0.5, ""extraversion"": 0.5, ""conscientiousness"": 0.6666666666666666, ""neuroticism"": 0.46875}"
prompt_loglik,conscientiousness,high,bfi_44,openness,False,3,3,False,"{""openness"": 0.5, ""agreeableness"": 0.5, ""extraversion"": 0.5, ""conscientiousness"": 0.6666666666666666, ""neuroticism"": 0.46875}"
prompt_loglik,conscientiousness,low,bfi_01,extraversion,False,3,3,False,"{""openness"": 0.6, ""agreeableness"": 0.4722222222222222, ""extraversion"": 0.5, ""conscientiousness"": 0.5555555555555556, ""neuroticism"": 0.53125}"
prompt_loglik,conscientiousness,low,bfi_02,agreeableness,True,3,3,False,"{""openness"": 0.6, ""agreeableness"": 0.4722222222222222, ""extraversion"": 0.5, ""conscientiousness"": 0.5555555555555556, ""neuroticism"": 0.53125}"
prompt_loglik,conscientiousness,low,bfi_03,conscientiousness,False,4,4,False,"{""openness"": 0.6, ""agreeableness"": 0.4722222222222222, ""extraversion"": 0.5, ""conscientiousness"": 0.5555555555555556, ""neuroticism"": 0.53125}"
prompt_loglik,conscientiousness,low,bfi_04,neuroticism,False,3,3,False,"{""openness"": 0.6, ""agreeableness"": 0.4722222222222222, ""extraversion"": 0.5, ""conscientiousness"": 0.5555555555555556, ""neuroticism"": 0.53125}"
prompt_loglik,conscientiousness,low,bfi_05,openness,False,3,3,False,"{""openness"": 0.6, ""agreeableness"": 0.4722222222222222, ""extraversion"": 0.5, ""conscientiousness"": 0.5555555555555556, ""neuroticism"": 0.53125}"
prompt_loglik,conscientiousness,low,bfi_06,extraversion,True,4,4,False,"{""openness"": 0.6, ""agreeableness"": 0.4722222222222222, ""extraversion"": 0.5, ""conscientiousness"": 0.5555555555555556, ""neuroticism"": 0.53125}"
prompt_loglik,conscientiousness,low,bfi_07,agreeableness,False,3,3,False,"{""openness"": 0.6, ""agreeableness"": 0.4722222222222222, ""extraversion"": 0.5, ""conscientiousness"": 0.5555555555555556, ""neuroticism"": 0.53125}"
prompt_loglik,conscientiousness,low,bfi_08,conscientiousness,True,4,4,False,"{""openness"": 0.6, ""agreeableness"": 0.4722222222222222, ""extraversion"": 0.5, ""conscientiousness"": 0.5555555555555556, ""neuroticism"": 0.53125}"
prompt_loglik,conscientiousness,low,bfi_09,neuroticism,True,4,4,False,"{""openness"": 0.6, ""agreeableness"": 0.4722222222222222, ""extraversion"": 0.5, ""conscientiousness"": 0.5555555555555556, ""neuroticism"": 0.53125}"
prompt_loglik,conscientiousness,low,bfi_10,openness,False,3,3,False,"{""openness"": 0.6, ""agreeableness"": 0.4722222222222222, ""extraversion"": 0.5, ""conscientiousness"": 0.5555555555555556, ""neuroticism"": 0.53125}"
prompt_loglik,conscientiousness,low,bfi_11,extraversion,False,4,4,False,"{""openness"": 0.6, ""agreeableness"": 0.4722222222222222, ""extraversion"": 0.5, ""conscientiousness"": 0.5555555555555556, ""neuroticism"": 0.53125}"
prompt_loglik,conscientiousness,low,bfi_12,agreeableness,True,3,3,False,"{""openness"": 0.6, ""agreeableness"": 0.4722222222222222, ""extraversion"": 0.5, ""conscientiousness"": 0.5555555555555556, ""neuroticism"": 0.53125}"
prompt_loglik,conscientiousness,low,bfi_13,conscientiousness,False,4,4,False,"{""openness"": 0.6, ""agreeableness"": 0.4722222222222222, ""extraversion"": 0.5, ""conscientiousness"": 0.5555555555555556, ""neuroticism"": 0.53125}"
prompt_loglik,conscientiousness,low,bfi_14,neuroticism,False,3,3,False,"{""openness"": 0.6, ""agreeableness"": 0.4722222222222222, ""extraversion"": 0.5, ""conscientiousness"": 0.5555555555555556, ""neuroticism"": 0.53125}"
prompt_loglik,conscientiousness,low,bfi_15,openness,False,3,3,False,"{""openness"": 0.6, ""agreeableness"": 0.4722222222222222, ""extraversion"": 0.5, ""conscientiousness"": 0.5555555555555556, ""neuroticism"": 0.53125}"
prompt_loglik,conscientiousness,low,bfi_16,extraversion,False,4,4,False,"{""openness"": 0.6, ""agreeableness"": 0.4722222222222222, ""extraversion"": 0.5, ""conscientiousness"": 0.5555555555555556, ""neuroticism"": 0.53125}"
prompt_loglik,conscientiousness,low,bfi_17,agreeableness,False,3,3,False,"{""openness"": 0.6, ""agreeableness"": 0.4722222222222222, ""extraversion"": 0.5, ""conscientiousness"": 0.5555555555555556, ""neuroticism"": 0.53125}"
prompt_loglik,conscientiousness,low,bfi_18,conscientiousness,True,4,4,False,"{""openness"": 0.6, ""agreeableness"": 0.4722222222222222, ""extraversion"": 0.5, ""conscientiousness"": 0.5555555555555556, ""neuroticism"": 0.53125}"
prompt_loglik,conscientiousness,low,bfi_19,neuroticism,False,4,4,False,"{""openness"": 0.6, ""agreeableness"": 0.4722222222222222, ""extraversion"": 0.5, ""conscientiousness"": 0.5555555555555556, ""neuroticism"": 0.53125}"
prompt_loglik,conscientiousness,low,bfi_20,openness,False,4,4,False,"{""openness"": 0.6, ""agreeableness"": 0.4722222222222222, ""extraversion"": 0.5, ""conscientiousness"": 0.5555555555555556, ""neuroticism"": 0.53125}"
prompt_loglik,conscientiousness,low,bfi_21,extraversion,True,4,4,False,"{""openness"": 0.6, ""agreeableness"": 0.4722222222222222, ""extraversion"": 0.5, ""conscientiousness"": 0.5555555555555556, ""neuroticism"": 0.53125}"
prompt_loglik,conscientiousness,low,bfi_22,agreeableness,False,3,3,False,"{""openness"": 0.6, ""agreeableness"": 0.4722222222222222, ""extraversion"": 0.5, ""conscientiousness"": 0.5555555555555556, ""neuroticism"": 0.53125}"
prompt_loglik,conscientiousness,low,bfi_23,conscientiousness,True,3,3,False,"{""openness"": 0.6, ""agreeableness"": 0.4722222222222222, ""extraversion"": 0.5, ""conscientiousness"": 0.5555555555555556, ""neuroticism"": 0.53125}"
prompt_loglik,conscientiousness,low,bfi_24,neuroticism,True,3,3,False,"{""openness"": 0.6, ""agreeableness"": 0.4722222222222222, ""extraversion"": 0.5, ""conscientiousness"": 0.5555555555555556, ""neuroticism"": 0.53125}"
prompt_loglik,conscientiousness,low,bfi_25,openness,False,4,4,False,"{""openness"": 0.6, ""agreeableness"": 0.4722222222222222, ""extraversion"": 0.5, ""conscientiousness"": 0.5555555555555556, ""neuroticism"": 0.53125}"
prompt_loglik,conscientiousness,low,bfi_26,extraversion,False,3,3,False,"{""openness"": 0.6, ""agreeableness"": 0.4722222222222222, ""extraversion"": 0.5, ""conscientiousness"": 0.5555555555555556, ""neuroticism"": 0.53125}"
prompt_loglik,conscientiousness,low,bfi_27,agreeableness,True,4,4,False,"{""openness"": 0.6, ""agreeableness"": 0.4722222222222222, ""extraversion"": 0.5, ""conscientiousness"": 0.5555555555555556, ""neuroticism"": 0.53125}"
prompt_loglik,conscientiousness,low,bfi_28,conscientiousness,False,4,4,False,"{""openness"": 0.6, ""agreeableness"": 0.4722222222222222, ""extraversion"": 0.5, ""conscientiousness"": 0.5555555555555556, ""neuroticism"": 0.53125}"
prompt_loglik,conscientiousness,low,bfi_29,neuroticism,False,4,4,False,"{""openness"": 0.6, ""agreeableness"": 0.4722222222222222, ""extraversion"": 0.5, ""conscientiousness"": 0.5555555555555556, ""neuroticism"": 0.53125}"
prompt_loglik,conscientiousness,low,bfi_30,openness,False,4,4,False,"{""openness"": 0.6, ""agreeableness"": 0.4722222222222222, ""extraversion"": 0.5, ""conscientiousness"": 0.5555555555555556, ""neuroticism"": 0.53125}"
prompt_loglik,conscientiousness,low,bfi_31,extraversion,True,3,3,False,"{""openness"": 0.6, ""agreeableness"": 0.4722222222222222, ""extraversion"": 0.5, ""conscientiousness"": 0.5555555555555556, ""neuroticism"": 0.53125}"
prompt_loglik,conscientiousness,low,bfi_32,agreeableness,False,3,3,False,"{""openness"": 0.6, ""agreeableness"": 0.4722222222222222, ""extraversion"": 0.5, ""conscientiousness"": 0.5555555555555556, ""neuroticism"": 0.53125}"
prompt_loglik,conscientiousness,low,bfi_33,conscientiousness,False,3,3,False,"{""openness"": 0.6, ""agreeableness"": 0.4722222222222222, ""extraversion"": 0.5, ""conscientiousness"": 0.5555555555555556, ""neuroticism"": 0.53125}"
prompt_loglik,conscientiousness,low,bfi_34,neuroticism,True,3,3,False,"{""openness"": 0.6, ""agreeableness"": 0.4722222222222222, ""extraversion"": 0.5, ""conscientiousness"": 0.5555555555555556, ""neuroticism"": 0.53125}"
prompt_loglik,conscientiousness,low,bfi_35,openness,True,3,3,False,"{""openness"": 0.6, ""agreeableness"": 0.4722222222222222, ""extraversion"": 0.5, ""conscientiousness"": 0.5555555555555556, ""neuroticism"": 0.53125}"
prompt_loglik,conscientiousness,low,bfi_36,extraversion,False,3,3,False,"{""openness"": 0.6, ""agreeableness"": 0.4722222222222222, ""extraversion"": 0.5, ""conscientiousness"": 0.5555555555555556, ""neuroticism"": 0.53125}"
prompt_loglik,conscientiousness,low,bfi_37,agreeableness,True,3,3,False,"{""openness"": 0.6, ""agreeableness"": 0.4722222222222222, ""extraversion"": 0.5, ""conscientiousness"": 0.5555555555555556, ""neuroticism"": 0.53125}"
prompt_loglik,conscientiousness,low,bfi_38,conscientiousness,False,4,4,False,"{""openness"": 0.6, ""agreeableness"": 0.4722222222222222, ""extraversion"": 0.5, ""conscientiousness"": 0.5555555555555556, ""neuroticism"": 0.53125}"
prompt_loglik,conscientiousness,low,bfi_39,neuroticism,False,3,3,False,"{""openness"": 0.6, ""agreeableness"": 0.4722222222222222, ""extraversion"": 0.5, ""conscientiousness"": 0.5555555555555556, ""neuroticism"": 0.53125}"
prompt_loglik,conscientiousness,low,bfi_40,openness,False,4,4,False,"{""openness"": 0.6, ""agreeableness"": 0.4722222222222222, ""extraversion"": 0.5, ""conscientiousness"": 0.5555555555555556, ""neuroticism"": 0.53125}"
prompt_loglik,conscientiousness,low,bfi_41,openness,True,3,3,False,"{""openness"": 0.6, ""agreeableness"": 0.4722222222222222, ""extraversion"": 0.5, ""conscientiousness"": 0.5555555555555556, ""neuroticism"": 0.53125}"
prompt_loglik,conscientiousness,low,bfi_42,agreeableness,False,3,3,False,"{""openness"": 0.6, ""agreeableness"": 0.4722222222222222, ""extraversion"": 0.5, ""conscientiousness"": 0.5555555555555556, ""neuroticism"": 0.53125}"
prompt_loglik,conscientiousness,low,bfi_43,conscientiousness,True,3,3,False,"{""openness"": 0.6, ""agreeableness"": 0.4722222222222222, ""extraversion"": 0.5, ""conscientiousness"": 0.5555555555555556, ""neuroticism"": 0.53125}"
prompt_loglik,conscientiousness,low,bfi_44,openness,False,3,3,False,"{""openness"": 0.6, ""agreeableness"": 0.4722222222222222, ""extraversion"": 0.5, ""conscientiousness"": 0.5555555555555556, ""neuroticism"": 0.53125}"
prompt_loglik,neuroticism,high,bfi_01,extraversion,False,3,3,False,"{""openness"": 0.5, ""agreeableness"": 0.5555555555555556, ""extraversion"": 0.3125, ""conscientiousness"": 0.3888888888888889, ""neuroticism"": 0.78125}"
prompt_loglik,neuroticism,high,bfi_02,agreeableness,True,3,3,False,"{""openness"": 0.5, ""agreeableness"": 0.5555555555555556, ""extraversion"": 0.3125, ""conscientiousness"": 0.3888888888888889, ""neuroticism"": 0.78125}"
prompt_loglik,neuroticism,high,bfi_03,conscientiousness,False,1,1,False,"{""openness"": 0.5, ""agreeableness"": 0.5555555555555556, ""extraversion"": 0.3125, ""conscientiousness"": 0.3888888888888889, ""neuroticism"": 0.78125}"
prompt_loglik,neuroticism,high,bfi_04,neuroticism,False,5,5,False,"{""openness"": 0.5, ""agreeableness"": 0.5555555555555556, ""extraversion"": 0.3125, ""conscientiousness"": 0.3888888888888889, ""neuroticism"": 0.78125}"
prompt_loglik,neuroticism,high,bfi_05,openness,False,3,3,False,"{""openness"": 0.5, ""agreeableness"": 0.5555555555555556, ""extraversion"": 0.3125, ""conscientiousness"": 0.3888888888888889, ""neuroticism"": 0.78125}"
prompt_loglik,neuroticism,high,bfi_06,extraversion,True,3,3,False,"{""openness"": 0.5, ""agreeableness"": 0.5555555555555556, ""extraversion"": 0.3125, ""conscientiousness"": 0.3888888888888889, ""neuroticism"": 0.78125}"
prompt_loglik,neuroticism,high,bfi_07,agreeableness,False,1,1,False,"{""openness"": 0.5, ""agreeableness"": 0.5555555555555556, ""extraversion"": 0.3125, ""conscientiousness"": 0.3888888888888889, ""neuroticism"": 0.78125}"
prompt_loglik,neuroticism,high,bfi_08,conscientiousness,True,3,3,False,"{""openness"": 0.5, ""agreeableness"": 0.5555555555555556, ""extraversion"": 0.3125, ""conscientiousness"": 0.3888888888888889, ""neuroticism"": 0.78125}"
prompt_loglik,neuroticism,high,bfi_09,neuroticism,True,3,3,False,"{""openness"": 0.5, ""agreeableness"": 0.5555555555555556, ""extraversion"": 0.3125, ""conscientiousness"": 0.3888888888888889, ""neuroticism"": 0.78125}"
prompt_loglik,neuroticism,high,bfi_10,openness,False,3,3,False,"{""openness"": 0.5, ""agreeableness"": 0.5555555555555556, ""extraversion"": 0.3125, ""conscientiousness"": 0.3888888888888889, ""neuroticism"": 0.78125}"
prompt_loglik,neuroticism,high,bfi_11,extraversion,False,1,1,False,"{""openness"": 0.5, ""agreeableness"": 0.5555555555555556, ""extraversion"": 0.3125, ""conscientiousness"": 0.3888888888888889, ""neuroticism"": 0.78125}"
prompt_loglik,neuroticism,high,bfi_12,agreeableness,True,1,1,False,"{""openness"": 0.5, ""agreeableness"": 0.5555555555555556, ""extraversion"": 0.3125, ""conscientiousness"": 0.3888888888888889, ""neuroticism"": 0.78125}"
prompt_loglik,neuroticism,high,bfi_13,conscientiousness,False,3,3,False,"{""openness"": 0.5, ""agreeableness"": 0.5555555555555556, ""extraversion"": 0.3125, ""conscientiousness"": 0.3888888888888889, ""neuroticism"": 0.78125}"
prompt_loglik,neuroticism,high,bfi_14,neuroticism,False,4,4,False,"{""openness"": 0.5, ""agreeableness"": 0.5555555555555556, ""extraversion"": 0.3125, ""conscientiousness"": 0.3888888888888889, ""neuroticism"": 0.78125}"
prompt_loglik,neuroticism,high,bfi_15,openness,False,3,3,False,"{""openness"": 0.5, ""agreeableness"": 0.5555555555555556, ""extraversion"": 0.3125, ""conscientiousness"": 0.3888888888888889, ""neuroticism"": 0.78125}"
prompt_loglik,neuroticism,high,bfi_16,extraversion,False,1,1,False,"{""openness"": 0.5, ""agreeableness"": 0.5555555555555556, ""extraversion"": 0.3125, ""conscientiousness"": 0.3888888888888889, ""neuroticism"": 0.78125}"
prompt_loglik,neuroticism,high,bfi_17,agreeableness,False,3,3,False,"{""openness"": 0.5, ""agreeableness"": 0.5555555555555556, ""extraversion"": 0.3125, ""conscientiousness"": 0.3888888888888889, ""neuroticism"": 0.78125}"
prompt_loglik,neuroticism,high,bfi_18,conscientiousness,True,4,4,False,"{""openness"": 0.5, ""agreeableness"": 0.5555555555555556, ""extraversion"": 0.3125, ""conscientiousness"": 0.3888888888888889, ""neuroticism"": 0.78125}"
prompt_loglik,neuroticism,high,bfi_19,neuroticism,False,5,5,False,"{""openness"": 0.5, ""agreeableness"": 0.5555555555555556, ""extraversion"": 0.3125, ""conscientiousness"": 0.3888888888888889, ""neuroticism"": 0.78125}"
prompt_loglik,neuroticism,high,bfi_20,openness,False,3,3,False,"{""openness"": 0.5, ""agreeableness"": 0.5555555555555556, ""extraversion"": 0.3125, ""conscientiousness"": 0.3888888888888889, ""neuroticism"": 0.78125}"
prompt_loglik,neuroticism,high,bfi_21,extraversion,True,3,3,False,"{""openness"": 0.5, ""agreeableness"": 0.5555555555555556, ""extraversion"": 0.3125, ""conscientiousness"": 0.3888888888888889, ""neuroticism"": 0.78125}"
prompt_loglik,neuroticism,high,bfi_22,agreeableness,False,3,3,False,"{""openness"": 0.5, ""agreeableness"": 0.5555555555555556, ""extraversion"": 0.3125, ""conscientiousness"": 0.3888888888888889, ""neuroticism"": 0.78125}"
prompt_loglik,neuroticism,high,bfi_23,conscientiousness,True,3,3,False,"{""openness"": 0.5, ""agreeableness"": 0.5555555555555556, ""extraversion"": 0.3125, ""conscientiousness"": 0.3888888888888889, ""neuroticism"": 0.78125}"
prompt_loglik,neuroticism,high,bfi_24,neuroticism,True,3,3,False,"{""openness"": 0.5, ""agreeableness"": 0.5555555555555556, ""extraversion"": 0.3125, ""conscientiousness"": 0.3888888888888889, ""neuroticism"": 0.78125}"
prompt_loglik,neuroticism,high,bfi_25,openness,False,3,3,False,"{""openness"": 0.5, ""agreeableness"": 0.5555555555555556, ""extraversion"": 0.3125, ""conscientiousness"": 0.3888888888888889, ""neuroticism"": 0.78125}"
prompt_loglik,neuroticism,high,bfi_26,extraversion,False,1,1,False,"{""openness"": 0.5, ""agreeableness"": 0.5555555555555556, ""extraversion"": 0.3125, ""conscientiousness"": 0.3888888888888889, ""neuroticism"": 0.78125}"
prompt_loglik,neuroticism,high,bfi_27,agreeableness,True,1,1,False,"{""openness"": 0.5, ""agreeableness"": 0.5555555555555556, ""extraversion"": 0.3125, ""conscientiousness"": 0.3888888888888889, ""neuroticism"": 0.78125}"
prompt_loglik,neuroticism,high,bfi_28,conscientiousness,False,3,3,False,"{""openness"": 0.5, ""agreeableness"": 0.5555555555555556, ""extraversion"": 0.3125, ""conscientiousness"": 0.3888888888888889, ""neuroticism"": 0.78125}"
prompt_loglik,neuroticism,high,bfi_29,neuroticism,False,5,5,False,"{""openness"": 0.5, ""agreeableness"": 0.5555555555555556, ""extraversion"": 0.3125, ""conscientiousness"": 0.3888888888888889, ""neuroticism"": 0.78125}"
prompt_loglik,neuroticism,high,bfi_30,openness,False,3,3,False,"{""openness"": 0.5, ""agreeableness"": 0.5555555555555556, ""extraversion"": 0.3125, ""conscientiousness"": 0.3888888888888889, ""neuroticism"": 0.78125}"
prompt_loglik,neuroticism,high,bfi_31,extraversion,True,3,3,False,"{""openness"": 0.5, ""agreeableness"": 0.5555555555555556, ""extraversion"": 0.3125, ""conscientiousness"": 0.3888888888888889, ""neuroticism"": 0.78125}"
prompt_loglik,neuroticism,high,bfi_32,agreeableness,False,1,1,False,"{""openness"": 0.5, ""agreeableness"": 0.5555555555555556, ""extraversion"": 0.3125, ""conscientiousness"": 0.3888888888888889, ""neuroticism"": 0.78125}"
prompt_loglik,neuroticism,high,bfi_33,conscientiousness,False,3,3,False,"{""openness"": 0.5, ""agreeableness"": 0.5555555555555556, ""extraversion"": 0.3125, ""conscientiousness"": 0.3888888888888889, ""neuroticism"": 0.78125}"
prompt_loglik,neuroticism,high,bfi_34,neuroticism,True,3,3,False,"{""openness"": 0.5, ""agreeableness"": 0.5555555555555556, ""extraversion"": 0.3125, ""conscientiousness"": 0.3888888888888889, ""neuroticism"": 0.78125}"
prompt_loglik,neuroticism,high,bfi_35,openness,True,3,3,False,"{""openness"": 0.5, ""agreeableness"": 0.5555555555555556, ""extraversion"": 0.3125, ""conscientiousness"": 0.3888888888888889, ""neuroticism"": 0.78125}"
prompt_loglik,neuroticism,high,bfi_36,extraversion,False,3,3,False,"{""openness"": 0.5, ""agreeableness"": 0.5555555555555556, ""extraversion"": 0.3125, ""conscientiousness"": 0.3888888888888889, ""neuroticism"": 0.78125}"
prompt_loglik,neuroticism,high,bfi_37,agreeableness,True,1,1,False,"{""openness"": 0.5, ""agreeableness"": 0.5555555555555556, ""extraversion"": 0.3125, ""conscientiousness"": 0.3888888888888889, ""neuroticism"": 0.78125}"
prompt_loglik,neuroticism,high,bfi_38,conscientiousness,False,3,3,False,"{""openness"": 0.5, ""agreeableness"": 0.5555555555555556, ""extraversion"": 0.3125, ""conscientiousness"": 0.3888888888888889, ""neuroticism"": 0.78125}"
prompt_loglik,neuroticism,high,bfi_39,neuroticism,False,5,5,False,"{""openness"": 0.5, ""agreeableness"": 0.5555555555555556, ""extraversion"": 0.3125, ""conscientiousness"": 0.3888888888888889, ""neuroticism"": 0.78125}"
prompt_loglik,neuroticism,high,bfi_40,openness,False,3,3,False,"{""openness"": 0.5, ""agreeableness"": 0.5555555555555556, ""extraversion"": 0.3125, ""conscientiousness"": 0.3888888888888889, ""neuroticism"": 0.78125}"
prompt_loglik,neuroticism,high,bfi_41,openness,True,3,3,False,"{""openness"": 0.5, ""agreeableness"": 0.5555555555555556, ""extraversion"": 0.3125, ""conscientiousness"": 0.3888888888888889, ""neuroticism"": 0.78125}"
prompt_loglik,neuroticism,high,bfi_42,agreeableness,False,3,3,False,"{""openness"": 0.5, ""agreeableness"": 0.5555555555555556, ""extraversion"": 0.3125, ""conscientiousness"": 0.3888888888888889, ""neuroticism"": 0.78125}"
prompt_loglik,neuroticism,high,bfi_43,conscientiousness,True,4,4,False,"{""openness"": 0.5, ""agreeableness"": 0.5555555555555556, ""extraversion"": 0.3125, ""conscientiousness"": 0.3888888888888889, ""neuroticism"": 0.78125}"
prompt_loglik,neuroticism,high,bfi_44,openness,False,3,3,False,"{""openness"": 0.5, ""agreeableness"": 0.5555555555555556, ""extraversion"": 0.3125, ""conscientiousness"": 0.3888888888888889, ""neuroticism"": 0.78125}"
prompt_loglik,neuroticism,low,bfi_01,extraversion,False,3,3,False,"{""openness"": 0.5, ""agreeableness"": 0.5555555555555556, ""extraversion"": 0.5, ""conscientiousness"": 0.5555555555555556, ""neuroticism"": 0.375}"
prompt_loglik,neuroticism,low,bfi_02,agreeableness,True,3,3,False,"{""openness"": 0.5, ""agreeableness"": 0.5555555555555556, ""extraversion"": 0.5, ""conscientiousness"": 0.5555555555555556, ""neuroticism"": 0.375}"
prompt_loglik,neuroticism,low,bfi_03,conscientiousness,False,3,3,False,"{""openness"": 0.5, ""agreeableness"": 0.5555555555555556, ""extraversion"": 0.5, ""conscientiousness"": 0.5555555555555556, ""neuroticism"": 0.375}"
prompt_loglik,neuroticism,low,bfi_04,neuroticism,False,3,3,False,"{""openness"": 0.5, ""agreeableness"": 0.5555555555555556, ""extraversion"": 0.5, ""conscientiousness"": 0.5555555555555556, ""neuroticism"": 0.375}"
prompt_loglik,neuroticism,low,bfi_05,openness,False,3,3,False,"{""openness"": 0.5, ""agreeableness"": 0.5555555555555556, ""extraversion"": 0.5, ""conscientiousness"": 0.5555555555555556, ""neuroticism"": 0.375}"
prompt_loglik,neuroticism,low,bfi_06,extraversion,True,3,3,False,"{""openness"": 0.5, ""agreeableness"": 0.5555555555555556, ""extraversion"": 0.5, ""conscientiousness"": 0.5555555555555556, ""neuroticism"": 0.375}"
prompt_loglik,neuroticism,low,bfi_07,agreeableness,False,3,3,False,"{""openness"": 0.5, ""agreeableness"": 0.5555555555555556, ""extraversion"": 0.5, ""conscientiousness"": 0.5555555555555556, ""neuroticism"": 0.375}"
prompt_loglik,neuroticism,low,bfi_08,conscientiousness,True,1,1,False,"{""openness"": 0.5, ""agreeableness"": 0.5555555555555556, ""extraversion"": 0.5, ""conscientiousness"": 0.5555555555555556, ""neuroticism"": 0.375}"
prompt_loglik,neuroticism,low,bfi_09,neuroticism,True,4,4,False,"{""openness"": 0.5, ""agreeableness"": 0.5555555555555556, ""extraversion"": 0.5, ""conscientiousness"": 0.5555555555555556, ""neuroticism"": 0.375}"
prompt_loglik,neuroticism,low,bfi_10,openness,False,3,3,False,"{""openness"": 0.5, ""agreeableness"": 0.5555555555555556, ""extraversion"": 0.5, ""conscientiousness"": 0.5555555555555556, ""neuroticism"": 0.375}"
prompt_loglik,neuroticism,low,bfi_11,extraversion,False,3,3,False,"{""openness"": 0.5, ""agreeableness"": 0.5555555555555556, ""extraversion"": 0.5, ""conscientiousness"": 0.5555555555555556, ""neuroticism"": 0.375}"
prompt_loglik,neuroticism,low,bfi_12,agreeableness,True,3,3,False,"{""openness"": 0.5, ""agreeableness"": 0.5555555555555556, ""extraversion"": 0.5, ""conscientiousness"": 0.5555555555555556, ""neuroticism"": 0.375}"
prompt_loglik,neuroticism,low,bfi_13,conscientiousness,False,3,3,False,"{""openness"": 0.5, ""agreeableness"": 0.5555555555555556, ""extraversion"": 0.5, ""conscientiousness"": 0.5555555555555556, ""neuroticism"": 0.375}"
prompt_loglik,neuroticism,low,bfi_14,neuroticism,False,3,3,False,"{""openness"": 0.5, ""agreeableness"": 0.5555555555555556, ""extraversion"": 0.5, ""conscientiousness"": 0.5555555555555556, ""neuroticism"": 0.375}"
prompt_loglik,neuroticism,low,bfi_15,openness,False,3,3,False,"{""openness"": 0.5, ""agreeableness"": 0.5555555555555556, ""extraversion"": 0.5, ""conscientiousness"": 0.5555555555555556, ""neuroticism"": 0.375}"
prompt_loglik,neuroticism,low,bfi_16,extraversion,False,3,3,False,"{""openness"": 0.5, ""agreeableness"": 0.5555555555555556, ""extraversion"": 0.5, ""conscientiousness"": 0.5555555555555556, ""neuroticism"": 0.375}"
prompt_loglik,neuroticism,low,bfi_17,agreeableness,False,3,3,False,"{""openness"": 0.5, ""agreeableness"": 0.5555555555555556, ""extraversion"": 0.5, ""conscientiousness"": 0.5555555555555556, ""neuroticism"": 0.375}"
prompt_loglik,neuroticism,low,bfi_18,conscientiousness,True,3,3,False,"{""openness"": 0.5, ""agreeableness"": 0.5555555555555556, ""extraversion"": 0.5, ""conscientiousness"": 0.5555555555555556, ""neuroticism"": 0.375}"
prompt_loglik,neuroticism,low,bfi_19,neuroticism,False,3,3,False,"{""openness"": 0.5, ""agreeableness"": 0.5555555555555556, ""extraversion"": 0.5, ""conscientiousness"": 0.5555555555555556, ""neuroticism"": 0.375}"
prompt_loglik,neuroticism,low,bfi_20,openness,False,3,3,False,"{""openness"": 0.5, ""agreeableness"": 0.5555555555555556, ""extraversion"": 0.5, ""conscientiousness"": 0.5555555555555556, ""neuroticism"": 0.375}"
prompt_loglik,neuroticism,low,bfi_21,extraversion,True,3,3,False,"{""openness"": 0.5, ""agreeableness"": 0.5555555555555556, ""extraversion"": 0.5, ""conscientiousness"": 0.5555555555555556, ""neuroticism"": 0.375}"
prompt_loglik,neuroticism,low,bfi_22,agreeableness,False,3,3,False,"{""openness"": 0.5, ""agreeableness"": 0.5555555555555556, ""extraversion"": 0.5, ""conscientiousness"": 0.5555555555555556, ""neuroticism"": 0.375}"
prompt_loglik,neuroticism,low,bfi_23,conscientiousness,True,3,3,False,"{""openness"": 0.5, ""agreeableness"": 0.5555555555555556, ""extraversion"": 0.5, ""conscientiousness"": 0.5555555555555556, ""neuroticism"": 0.375}"
prompt_loglik,neuroticism,low,bfi_24,neuroticism,True,4,4,False,"{""openness"": 0.5, ""agreeableness"": 0.5555555555555556, ""extraversion"": 0.5, ""conscientiousness"": 0.5555555555555556, ""neuroticism"": 0.375}"
prompt_loglik,neuroticism,low,bfi_25,openness,False,3,3,False,"{""openness"": 0.5, ""agreeableness"": 0.5555555555555556, ""extraversion"": 0.5, ""conscientiousness"": 0.5555555555555556, ""neuroticism"": 0.375}"
prompt_loglik,neuroticism,low,bfi_26,extraversion,False,3,3,False,"{""openness"": 0.5, ""agreeableness"": 0.5555555555555556, ""extraversion"": 0.5, ""conscientiousness"": 0.5555555555555556, ""neuroticism"": 0.375}"
prompt_loglik,neuroticism,low,bfi_27,agreeableness,True,1,1,False,"{""openness"": 0.5, ""agreeableness"": 0.5555555555555556, ""extraversion"": 0.5, ""conscientiousness"": 0.5555555555555556, ""neuroticism"": 0.375}"
prompt_loglik,neuroticism,low,bfi_28,conscientiousness,False,3,3,False,"{""openness"": 0.5, ""agreeableness"": 0.5555555555555556, ""extraversion"": 0.5, ""conscientiousness"": 0.5555555555555556, ""neuroticism"": 0.375}"
prompt_loglik,neuroticism,low,bfi_29,neuroticism,False,3,3,False,"{""openness"": 0.5, ""agreeableness"": 0.5555555555555556, ""extraversion"": 0.5, ""conscientiousness"": 0.5555555555555556, ""neuroticism"": 0.375}"
prompt_loglik,neuroticism,low,bfi_30,openness,False,3,3,False,"{""openness"": 0.5, ""agreeableness"": 0.5555555555555556, ""extraversion"": 0.5, ""conscientiousness"": 0.5555555555555556, ""neuroticism"": 0.375}"
prompt_loglik,neuroticism,low,bfi_31,extraversion,True,3,3,False,"{""openness"": 0.5, ""agreeableness"": 0.5555555555555556, ""extraversion"": 0.5, ""conscientiousness"": 0.5555555555555556, ""neuroticism"": 0.375}"
prompt_loglik,neuroticism,low,bfi_32,agreeableness,False,3,3,False,"{""openness"": 0.5, ""agreeableness"": 0.5555555555555556, ""extraversion"": 0.5, ""conscientiousness"": 0.5555555555555556, ""neuroticism"": 0.375}"
prompt_loglik,neuroticism,low,bfi_33,conscientiousness,False,3,3,False,"{""openness"": 0.5, ""agreeableness"": 0.5555555555555556, ""extraversion"": 0.5, ""conscientiousness"": 0.5555555555555556, ""neuroticism"": 0.375}"
prompt_loglik,neuroticism,low,bfi_34,neuroticism,True,5,5,False,"{""openness"": 0.5, ""agreeableness"": 0.5555555555555556, ""extraversion"": 0.5, ""conscientiousness"": 0.5555555555555556, ""neuroticism"": 0.375}"
prompt_loglik,neuroticism,low,bfi_35,openness,True,3,3,False,"{""openness"": 0.5, ""agreeableness"": 0.5555555555555556, ""extraversion"": 0.5, ""conscientiousness"": 0.5555555555555556, ""neuroticism"": 0.375}"
prompt_loglik,neuroticism,low,bfi_36,extraversion,False,3,3,False,"{""openness"": 0.5, ""agreeableness"": 0.5555555555555556, ""extraversion"": 0.5, ""conscientiousness"": 0.5555555555555556, ""neuroticism"": 0.375}"
prompt_loglik,neuroticism,low,bfi_37,agreeableness,True,3,3,False,"{""openness"": 0.5, ""agreeableness"": 0.5555555555555556, ""extraversion"": 0.5, ""conscientiousness"": 0.5555555555555556, ""neuroticism"": 0.375}"
prompt_loglik,neuroticism,low,bfi_38,conscientiousness,False,3,3,False,"{""openness"": 0.5, ""agreeableness"": 0.5555555555555556, ""extraversion"": 0.5, ""conscientiousness"": 0.5555555555555556, ""neuroticism"": 0.375}"
prompt_loglik,neuroticism,low,bfi_39,neuroticism,False,3,3,False,"{""openness"": 0.5, ""agreeableness"": 0.5555555555555556, ""extraversion"": 0.5, ""conscientiousness"": 0.5555555555555556, ""neuroticism"": 0.375}"
prompt_loglik,neuroticism,low,bfi_40,openness,False,3,3,False,"{""openness"": 0.5, ""agreeableness"": 0.5555555555555556, ""extraversion"": 0.5, ""conscientiousness"": 0.5555555555555556, ""neuroticism"": 0.375}"
prompt_loglik,neuroticism,low,bfi_41,openness,True,3,3,False,"{""openness"": 0.5, ""agreeableness"": 0.5555555555555556, ""extraversion"": 0.5, ""conscientiousness"": 0.5555555555555556, ""neuroticism"": 0.375}"
prompt_loglik,neuroticism,low,bfi_42,agreeableness,False,3,3,False,"{""openness"": 0.5, ""agreeableness"": 0.5555555555555556, ""extraversion"": 0.5, ""conscientiousness"": 0.5555555555555556, ""neuroticism"": 0.375}"
prompt_loglik,neuroticism,low,bfi_43,conscientiousness,True,3,3,False,"{""openness"": 0.5, ""agreeableness"": 0.5555555555555556, ""extraversion"": 0.5, ""conscientiousness"": 0.5555555555555556, ""neuroticism"": 0.375}"
prompt_loglik,neuroticism,low,bfi_44,openness,False,3,3,False,"{""openness"": 0.5, ""agreeableness"": 0.5555555555555556, ""extraversion"": 0.5, ""conscientiousness"": 0.5555555555555556, ""neuroticism"": 0.375}"
prompt_loglik,openness,high,bfi_01,extraversion,False,4,4,False,"{""openness"": 0.7, ""agreeableness"": 0.5833333333333334, ""extraversion"": 0.65625, ""conscientiousness"": 0.5, ""neuroticism"": 0.4375}"
prompt_loglik,openness,high,bfi_02,agreeableness,True,3,3,False,"{""openness"": 0.7, ""agreeableness"": 0.5833333333333334, ""extraversion"": 0.65625, ""conscientiousness"": 0.5, ""neuroticism"": 0.4375}"
prompt_loglik,openness,high,bfi_03,conscientiousness,False,3,3,False,"{""openness"": 0.7, ""agreeableness"": 0.5833333333333334, ""extraversion"": 0.65625, ""conscientiousness"": 0.5, ""neuroticism"": 0.4375}"
prompt_loglik,openness,high,bfi_04,neuroticism,False,3,3,False,"{""openness"": 0.7, ""agreeableness"": 0.5833333333333334, ""extraversion"": 0.65625, ""conscientiousness"": 0.5, ""neuroticism"": 0.4375}"
prompt_loglik,openness,high,bfi_05,openness,False,4,4,False,"{""openness"": 0.7, ""agreeableness"": 0.5833333333333334, ""extraversion"": 0.65625, ""conscientiousness"": 0.5, ""neuroticism"": 0.4375}"
prompt_loglik,openness,high,bfi_06,extraversion,True,3,3,False,"{""openness"": 0.7, ""agreeableness"": 0.5833333333333334, ""extraversion"": 0.65625, ""conscientiousness"": 0.5, ""neuroticism"": 0.4375}"
prompt_loglik,openness,high,bfi_07,agreeableness,False,4,4,False,"{""openness"": 0.7, ""agreeableness"": 0.5833333333333334, ""extraversion"": 0.65625, ""conscientiousness"": 0.5, ""neuroticism"": 0.4375}"
prompt_loglik,openness,high,bfi_08,conscientiousness,True,3,3,False,"{""openness"": 0.7, ""agreeableness"": 0.5833333333333334, ""extraversion"": 0.65625, ""conscientiousness"": 0.5, ""neuroticism"": 0.4375}"
prompt_loglik,openness,high,bfi_09,neuroticism,True,4,4,False,"{""openness"": 0.7, ""agreeableness"": 0.5833333333333334, ""extraversion"": 0.65625, ""conscientiousness"": 0.5, ""neuroticism"": 0.4375}"
prompt_loglik,openness,high,bfi_10,openness,False,4,4,False,"{""openness"": 0.7, ""agreeableness"": 0.5833333333333334, ""extraversion"": 0.65625, ""conscientiousness"": 0.5, ""neuroticism"": 0.4375}"
prompt_loglik,openness,high,bfi_11,extraversion,False,4,4,False,"{""openness"": 0.7, ""agreeableness"": 0.5833333333333334, ""extraversion"": 0.65625, ""conscientiousness"": 0.5, ""neuroticism"": 0.4375}"
prompt_loglik,openness,high,bfi_12,agreeableness,True,3,3,False,"{""openness"": 0.7, ""agreeableness"": 0.5833333333333334, ""extraversion"": 0.65625, ""conscientiousness"": 0.5, ""neuroticism"": 0.4375}"
prompt_loglik,openness,high,bfi_13,conscientiousness,False,3,3,False,"{""openness"": 0.7, ""agreeableness"": 0.5833333333333334, ""extraversion"": 0.65625, ""conscientiousness"": 0.5, ""neuroticism"": 0.4375}"
prompt_loglik,openness,high,bfi_14,neuroticism,False,3,3,False,"{""openness"": 0.7, ""agreeableness"": 0.5833333333333334, ""extraversion"": 0.65625, ""conscientiousness"": 0.5, ""neuroticism"": 0.4375}"
prompt_loglik,openness,high,bfi_15,openness,False,4,4,False,"{""openness"": 0.7, ""agreeableness"": 0.5833333333333334, ""extraversion"": 0.65625, ""conscientiousness"": 0.5, ""neuroticism"": 0.4375}"
prompt_loglik,openness,high,bfi_16,extraversion,False,4,4,False,"{""openness"": 0.7, ""agreeableness"": 0.5833333333333334, ""extraversion"": 0.65625, ""conscientiousness"": 0.5, ""neuroticism"": 0.4375}"
prompt_loglik,openness,high,bfi_17,agreeableness,False,4,4,False,"{""openness"": 0.7, ""agreeableness"": 0.5833333333333334, ""extraversion"": 0.65625, ""conscientiousness"": 0.5, ""neuroticism"": 0.4375}"
prompt_loglik,openness,high,bfi_18,conscientiousness,True,3,3,False,"{""openness"": 0.7, ""agreeableness"": 0.5833333333333334, ""extraversion"": 0.65625, ""conscientiousness"": 0.5, ""neuroticism"": 0.4375}"
prompt_loglik,openness,high,bfi_19,neuroticism,False,3,3,False,"{""openness"": 0.7, ""agreeableness"": 0.5833333333333334, ""extraversion"": 0.65625, ""conscientiousness"": 0.5, ""neuroticism"": 0.4375}"
prompt_loglik,openness,high,bfi_20,openness,False,4,4,False,"{""openness"": 0.7, ""agreeableness"": 0.5833333333333334, ""extraversion"": 0.65625, ""conscientiousness"": 0.5, ""neuroticism"": 0.4375}"
prompt_loglik,openness,high,bfi_21,extraversion,True,3,3,False,"{""openness"": 0.7, ""agreeableness"": 0.5833333333333334, ""extraversion"": 0.65625, ""conscientiousness"": 0.5, ""neuroticism"": 0.4375}"
prompt_loglik,openness,high,bfi_22,agreeableness,False,3,3,False,"{""openness"": 0.7, ""agreeableness"": 0.5833333333333334, ""extraversion"": 0.65625, ""conscientiousness"": 0.5, ""neuroticism"": 0.4375}"
prompt_loglik,openness,high,bfi_23,conscientiousness,True,3,3,False,"{""openness"": 0.7, ""agreeableness"": 0.5833333333333334, ""extraversion"": 0.65625, ""conscientiousness"": 0.5, ""neuroticism"": 0.4375}"
prompt_loglik,openness,high,bfi_24,neuroticism,True,4,4,False,"{""openness"": 0.7, ""agreeableness"": 0.5833333333333334, ""extraversion"": 0.65625, ""conscientiousness"": 0.5, ""neuroticism"": 0.4375}"
prompt_loglik,openness,high,bfi_25,openness,False,4,4,False,"{""openness"": 0.7, ""agreeableness"": 0.5833333333333334, ""extraversion"": 0.65625, ""conscientiousness"": 0.5, ""neuroticism"": 0.4375}"
prompt_loglik,openness,high,bfi_26,extraversion,False,4,4,False,"{""openness"": 0.7, ""agreeableness"": 0.5833333333333334, ""extraversion"": 0.65625, ""conscientiousness"": 0.5, ""neuroticism"": 0.4375}"
prompt_loglik,openness,high,bfi_27,agreeableness,True,3,3,False,"{""openness"": 0.7, ""agreeableness"": 0.5833333333333334, ""extraversion"": 0.65625, ""conscientiousness"": 0.5, ""neuroticism"": 0.4375}"
prompt_loglik,openness,high,bfi_28,conscientiousness,False,3,3,False,"{""openness"": 0.7, ""agreeableness"": 0.5833333333333334, ""extraversion"": 0.65625, ""conscientiousness"": 0.5, ""neuroticism"": 0.4375}"
prompt_loglik,openness,high,bfi_29,neuroticism,False,3,3,False,"{""openness"": 0.7, ""agreeableness"": 0.5833333333333334, ""extraversion"": 0.65625, ""conscientiousness"": 0.5, ""neuroticism"": 0.4375}"
prompt_loglik,openness,high,bfi_30,openness,False,4,4,False,"{""openness"": 0.7, ""agreeableness"": 0.5833333333333334, ""extraversion"": 0.65625, ""conscientiousness"": 0.5, ""neuroticism"": 0.4375}"
prompt_loglik,openness,high,bfi_31,extraversion,True,3,3,False,"{""openness"": 0.7, ""agreeableness"": 0.5833333333333334, ""extraversion"": 0.65625, ""conscientiousness"": 0.5, ""neuroticism"": 0.4375}"
prompt_loglik,openness,high,bfi_32,agreeableness,False,4,4,False,"{""openness"": 0.7, ""agreeableness"": 0.5833333333333334, ""extraversion"": 0.65625, ""conscientiousness"": 0.5, ""neuroticism"": 0.4375}"
prompt_loglik,openness,high,bfi_33,conscientiousness,False,3,3,False,"{""openness"": 0.7, ""agreeableness"": 0.5833333333333334, ""extraversion"": 0.65625, ""conscientiousness"": 0.5, ""neuroticism"": 0.4375}"
prompt_loglik,openness,high,bfi_34,neuroticism,True,3,3,False,"{""openness"": 0.7, ""agreeableness"": 0.5833333333333334, ""extraversion"": 0.65625, ""conscientiousness"": 0.5, ""neuroticism"": 0.4375}"
prompt_loglik,openness,high,bfi_35,openness,True,3,3,False,"{""openness"": 0.7, ""agreeableness"": 0.5833333333333334, ""extraversion"": 0.65625, ""conscientiousness"": 0.5, ""neuroticism"": 0.4375}"
prompt_loglik,openness,high,bfi_36,extraversion,False,4,4,False,"{""openness"": 0.7, ""agreeableness"": 0.5833333333333334, ""extraversion"": 0.65625, ""conscientiousness"": 0.5, ""neuroticism"": 0.4375}"
prompt_loglik,openness,high,bfi_37,agreeableness,True,3,3,False,"{""openness"": 0.7, ""agreeableness"": 0.5833333333333334, ""extraversion"": 0.65625, ""conscientiousness"": 0.5, ""neuroticism"": 0.4375}"
prompt_loglik,openness,high,bfi_38,conscientiousness,False,3,3,False,"{""openness"": 0.7, ""agreeableness"": 0.5833333333333334, ""extraversion"": 0.65625, ""conscientiousness"": 0.5, ""neuroticism"": 0.4375}"
prompt_loglik,openness,high,bfi_39,neuroticism,False,3,3,False,"{""openness"": 0.7, ""agreeableness"": 0.5833333333333334, ""extraversion"": 0.65625, ""conscientiousness"": 0.5, ""neuroticism"": 0.4375}"
prompt_loglik,openness,high,bfi_40,openness,False,4,4,False,"{""openness"": 0.7, ""agreeableness"": 0.5833333333333334, ""extraversion"": 0.65625, ""conscientiousness"": 0.5, ""neuroticism"": 0.4375}"
prompt_loglik,openness,high,bfi_41,openness,True,3,3,False,"{""openness"": 0.7, ""agreeableness"": 0.5833333333333334, ""extraversion"": 0.65625, ""conscientiousness"": 0.5, ""neuroticism"": 0.4375}"
prompt_loglik,openness,high,bfi_42,agreeableness,False,3,3,False,"{""openness"": 0.7, ""agreeableness"": 0.5833333333333334, ""extraversion"": 0.65625, ""conscientiousness"": 0.5, ""neuroticism"": 0.4375}"
prompt_loglik,openness,high,bfi_43,conscientiousness,True,3,3,False,"{""openness"": 0.7, ""agreeableness"": 0.5833333333333334, ""extraversion"": 0.65625, ""conscientiousness"": 0.5, ""neuroticism"": 0.4375}"
prompt_loglik,openness,high,bfi_44,openness,False,4,4,False,"{""openness"": 0.7, ""agreeableness"": 0.5833333333333334, ""extraversion"": 0.65625, ""conscientiousness"": 0.5, ""neuroticism"": 0.4375}"
prompt_loglik,openness,low,bfi_01,extraversion,False,3,3,False,"{""openness"": 0.5, ""agreeableness"": 0.5, ""extraversion"": 0.5, ""conscientiousness"": 0.5, ""neuroticism"": 0.5}"
prompt_loglik,openness,low,bfi_02,agreeableness,True,3,3,False,"{""openness"": 0.5, ""agreeableness"": 0.5, ""extraversion"": 0.5, ""conscientiousness"": 0.5, ""neuroticism"": 0.5}"
prompt_loglik,openness,low,bfi_03,conscientiousness,False,3,3,False,"{""openness"": 0.5, ""agreeableness"": 0.5, ""extraversion"": 0.5, ""conscientiousness"": 0.5, ""neuroticism"": 0.5}"
prompt_loglik,openness,low,bfi_04,neuroticism,False,3,3,False,"{""openness"": 0.5, ""agreeableness"": 0.5, ""extraversion"": 0.5, ""conscientiousness"": 0.5, ""neuroticism"": 0.5}"
prompt_loglik,openness,low,bfi_05,openness,False,3,3,False,"{""openness"": 0.5, ""agreeableness"": 0.5, ""extraversion"": 0.5, ""conscientiousness"": 0.5, ""neuroticism"": 0.5}"
prompt_loglik,openness,low,bfi_06,extraversion,True,3,3,False,"{""openness"": 0.5, ""agreeableness"": 0.5, ""extraversion"": 0.5, ""conscientiousness"": 0.5, ""neuroticism"": 0.5}"
prompt_loglik,openness,low,bfi_07,agreeableness,False,3,3,False,"{""openness"": 0.5, ""agreeableness"": 0.5, ""extraversion"": 0.5, ""conscientiousness"": 0.5, ""neuroticism"": 0.5}"
prompt_loglik,openness,low,bfi_08,conscientiousness,True,3,3,False,"{""openness"": 0.5, ""agreeableness"": 0.5, ""extraversion"": 0.5, ""conscientiousness"": 0.5, ""neuroticism"": 0.5}"
prompt_loglik,openness,low,bfi_09,neuroticism,True,3,3,False,"{""openness"": 0.5, ""agreeableness"": 0.5, ""extraversion"": 0.5, ""conscientiousness"": 0.5, ""neuroticism"": 0.5}"
prompt_loglik,openness,low,bfi_10,openness,False,3,3,False,"{""openness"": 0.5, ""agreeableness"": 0.5, ""extraversion"": 0.5, ""conscientiousness"": 0.5, ""neuroticism"": 0.5}"
prompt_loglik,openness,low,bfi_11,extraversion,False,3,3,False,"{""openness"": 0.5, ""agreeableness"": 0.5, ""extraversion"": 0.5, ""conscientiousness"": 0.5, ""neuroticism"": 0.5}"
prompt_loglik,openness,low,bfi_12,agreeableness,True,3,3,False,"{""openness"": 0.5, ""agreeableness"": 0.5, ""extraversion"": 0.5, ""conscientiousness"": 0.5, ""neuroticism"": 0.5}"
prompt_loglik,openness,low,bfi_13,conscientiousness,False,3,3,False,"{""openness"": 0.5, ""agreeableness"": 0.5, ""extraversion"": 0.5, ""conscientiousness"": 0.5, ""neuroticism"": 0.5}"
prompt_loglik,openness,low,bfi_14,neuroticism,False,3,3,False,"{""openness"": 0.5, ""agreeableness"": 0.5, ""extraversion"": 0.5, ""conscientiousness"": 0.5, ""neuroticism"": 0.5}"
prompt_loglik,openness,low,bfi_15,openness,False,3,3,False,"{""openness"": 0.5, ""agreeableness"": 0.5, ""extraversion"": 0.5, ""conscientiousness"": 0.5, ""neuroticism"": 0.5}"
prompt_loglik,openness,low,bfi_16,extraversion,False,3,3,False,"{""openness"": 0.5, ""agreeableness"": 0.5, ""extraversion"": 0.5, ""conscientiousness"": 0.5, ""neuroticism"": 0.5}"
prompt_loglik,openness,low,bfi_17,agreeableness,False,3,3,False,"{""openness"": 0.5, ""agreeableness"": 0.5, ""extraversion"": 0.5, ""conscientiousness"": 0.5, ""neuroticism"": 0.5}"
prompt_loglik,openness,low,bfi_18,conscientiousness,True,3,3,False,"{""openness"": 0.5, ""agreeableness"": 0.5, ""extraversion"": 0.5, ""conscientiousness"": 0.5, ""neuroticism"": 0.5}"
prompt_loglik,openness,low,bfi_19,neuroticism,False,3,3,False,"{""openness"": 0.5, ""agreeableness"": 0.5, ""extraversion"": 0.5, ""conscientiousness"": 0.5, ""neuroticism"": 0.5}"
prompt_loglik,openness,low,bfi_20,openness,False,3,3,False,"{""openness"": 0.5, ""agreeableness"": 0.5, ""extraversion"": 0.5, ""conscientiousness"": 0.5, ""neuroticism"": 0.5}"
prompt_loglik,openness,low,bfi_21,extraversion,True,3,3,False,"{""openness"": 0.5, ""agreeableness"": 0.5, ""extraversion"": 0.5, ""conscientiousness"": 0.5, ""neuroticism"": 0.5}"
prompt_loglik,openness,low,bfi_22,agreeableness,False,3,3,False,"{""openness"": 0.5, ""agreeableness"": 0.5, ""extraversion"": 0.5, ""conscientiousness"": 0.5, ""neuroticism"": 0.5}"
prompt_loglik,openness,low,bfi_23,conscientiousness,True,3,3,False,"{""openness"": 0.5, ""agreeableness"": 0.5, ""extraversion"": 0.5, ""conscientiousness"": 0.5, ""neuroticism"": 0.5}"
prompt_loglik,openness,low,bfi_24,neuroticism,True,3,3,False,"{""openness"": 0.5, ""agreeableness"": 0.5, ""extraversion"": 0.5, ""conscientiousness"": 0.5, ""neuroticism"": 0.5}"
prompt_loglik,openness,low,bfi_25,openness,False,3,3,False,"{""openness"": 0.5, ""agreeableness"": 0.5, ""extraversion"": 0.5, ""conscientiousness"": 0.5, ""neuroticism"": 0.5}"
prompt_loglik,openness,low,bfi_26,extraversion,False,3,3,False,"{""openness"": 0.5, ""agreeableness"": 0.5, ""extraversion"": 0.5, ""conscientiousness"": 0.5, ""neuroticism"": 0.5}"
prompt_loglik,openness,low,bfi_27,agreeableness,True,3,3,False,"{""openness"": 0.5, ""agreeableness"": 0.5, ""extraversion"": 0.5, ""conscientiousness"": 0.5, ""neuroticism"": 0.5}"
prompt_loglik,openness,low,bfi_28,conscientiousness,False,3,3,False,"{""openness"": 0.5, ""agreeableness"": 0.5, ""extraversion"": 0.5, ""conscientiousness"": 0.5, ""neuroticism"": 0.5}"
prompt_loglik,openness,low,bfi_29,neuroticism,False,3,3,False,"{""openness"": 0.5, ""agreeableness"": 0.5, ""extraversion"": 0.5, ""conscientiousness"": 0.5, ""neuroticism"": 0.5}"
prompt_loglik,openness,low,bfi_30,openness,False,3,3,False,"{""openness"": 0.5, ""agreeableness"": 0.5, ""extraversion"": 0.5, ""conscientiousness"": 0.5, ""neuroticism"": 0.5}"
prompt_loglik,openness,low,bfi_31,extraversion,True,3,3,False,"{""openness"": 0.5, ""agreeableness"": 0.5, ""extraversion"": 0.5, ""conscientiousness"": 0.5, ""neuroticism"": 0.5}"
prompt_loglik,openness,low,bfi_32,agreeableness,False,3,3,False,"{""openness"": 0.5, ""agreeableness"": 0.5, ""extraversion"": 0.5, ""conscientiousness"": 0.5, ""neuroticism"": 0.5}"
prompt_loglik,openness,low,bfi_33,conscientiousness,False,3,3,False,"{""openness"": 0.5, ""agreeableness"": 0.5, ""extraversion"": 0.5, ""conscientiousness"": 0.5, ""neuroticism"": 0.5}"
prompt_loglik,openness,low,bfi_34,neuroticism,True,3,3,False,"{""openness"": 0.5, ""agreeableness"": 0.5, ""extraversion"": 0.5, ""conscientiousness"": 0.5, ""neuroticism"": 0.5}"
prompt_loglik,openness,low,bfi_35,openness,True,3,3,False,"{""openness"": 0.5, ""agreeableness"": 0.5, ""extraversion"": 0.5, ""conscientiousness"": 0.5, ""neuroticism"": 0.5}"
prompt_loglik,openness,low,bfi_36,extraversion,False,3,3,False,"{""openness"": 0.5, ""agreeableness"": 0.5, ""extraversion"": 0.5, ""conscientiousness"": 0.5, ""neuroticism"": 0.5}"
prompt_loglik,openness,low,bfi_37,agreeableness,True,3,3,False,"{""openness"": 0.5, ""agreeableness"": 0.5, ""extraversion"": 0.5, ""conscientiousness"": 0.5, ""neuroticism"": 0.5}"
prompt_loglik,openness,low,bfi_38,conscientiousness,False,3,3,False,"{""openness"": 0.5, ""agreeableness"": 0.5, ""extraversion"": 0.5, ""conscientiousness"": 0.5, ""neuroticism"": 0.5}"
prompt_loglik,openness,low,bfi_39,neuroticism,False,3,3,False,"{""openness"": 0.5, ""agreeableness"": 0.5, ""extraversion"": 0.5, ""conscientiousness"": 0.5, ""neuroticism"": 0.5}"
prompt_loglik,openness,low,bfi_40,openness,False,3,3,False,"{""openness"": 0.5, ""agreeableness"": 0.5, ""extraversion"": 0.5, ""conscientiousness"": 0.5, ""neuroticism"": 0.5}"
prompt_loglik,openness,low,bfi_41,openness,True,3,3,False,"{""openness"": 0.5, ""agreeableness"": 0.5, ""extraversion"": 0.5, ""conscientiousness"": 0.5, ""neuroticism"": 0.5}"
prompt_loglik,openness,low,bfi_42,agreeableness,False,3,3,False,"{""openness"": 0.5, ""agreeableness"": 0.5, ""extraversion"": 0.5, ""conscientiousness"": 0.5, ""neuroticism"": 0.5}"
prompt_loglik,openness,low,bfi_43,conscientiousness,True,3,3,False,"{""openness"": 0.5, ""agreeableness"": 0.5, ""extraversion"": 0.5, ""conscientiousness"": 0.5, ""neuroticism"": 0.5}"
prompt_loglik,openness,low,bfi_44,openness,False,3,3,False,"{""openness"": 0.5, ""agreeableness"": 0.5, ""extraversion"": 0.5, ""conscientiousness"": 0.5, ""neuroticism"": 0.5}"
prompt_loglik,extraversion,high,bfi_01,extraversion,False,5,5,False,"{""openness"": 0.625, ""agreeableness"": 0.6944444444444444, ""extraversion"": 0.75, ""conscientiousness"": 0.5, ""neuroticism"": 0.375}"
prompt_loglik,extraversion,high,bfi_02,agreeableness,True,3,3,False,"{""openness"": 0.625, ""agreeableness"": 0.6944444444444444, ""extraversion"": 0.75, ""conscientiousness"": 0.5, ""neuroticism"": 0.375}"
prompt_loglik,extraversion,high,bfi_03,conscientiousness,False,3,3,False,"{""openness"": 0.625, ""agreeableness"": 0.6944444444444444, ""extraversion"": 0.75, ""conscientiousness"": 0.5, ""neuroticism"": 0.375}"
prompt_loglik,extraversion,high,bfi_04,neuroticism,False,1,1,False,"{""openness"": 0.625, ""agreeableness"": 0.6944444444444444, ""extraversion"": 0.75, ""conscientiousness"": 0.5, ""neuroticism"": 0.375}"
prompt_loglik,extraversion,high,bfi_05,openness,False,4,4,False,"{""openness"": 0.625, ""agreeableness"": 0.6944444444444444, ""extraversion"": 0.75, ""conscientiousness"": 0.5, ""neuroticism"": 0.375}"
prompt_loglik,extraversion,high,bfi_06,extraversion,True,3,3,False,"{""openness"": 0.625, ""agreeableness"": 0.6944444444444444, ""extraversion"": 0.75, ""conscientiousness"": 0.5, ""neuroticism"": 0.375}"
prompt_loglik,extraversion,high,bfi_07,agreeableness,False,4,4,False,"{""openness"": 0.625, ""agreeableness"": 0.6944444444444444, ""extraversion"": 0.75, ""conscientiousness"": 0.5, ""neuroticism"": 0.375}"
prompt_loglik,extraversion,high,bfi_08,conscientiousness,True,3,3,False,"{""openness"": 0.625, ""agreeableness"": 0.6944444444444444, ""extraversion"": 0.75, ""conscientiousness"": 0.5, ""neuroticism"": 0.375}"
prompt_loglik,extraversion,high,bfi_09,neuroticism,True,3,3,False,"{""openness"": 0.625, ""agreeableness"": 0.6944444444444444, ""extraversion"": 0.75, ""conscientiousness"": 0.5, ""neuroticism"": 0.375}"
prompt_loglik,extraversion,high,bfi_10,openness,False,4,4,False,"{""openness"": 0.625, ""agreeableness"": 0.6944444444444444, ""extraversion"": 0.75, ""conscientiousness"": 0.5, ""neuroticism"": 0.375}"
prompt_loglik,extraversion,high,bfi_11,extraversion,False,5,5,False,"{""openness"": 0.625, ""agreeableness"": 0.6944444444444444, ""extraversion"": 0.75, ""conscientiousness"": 0.5, ""neuroticism"": 0.375}"
prompt_loglik,extraversion,high,bfi_12,agreeableness,True,3,3,False,"{""openness"": 0.625, ""agreeableness"": 0.6944444444444444, ""extraversion"": 0.75, ""conscientiousness"": 0.5, ""neuroticism"": 0.375}"
prompt_loglik,extraversion,high,bfi_13,conscientiousness,False,3,3,False,"{""openness"": 0.625, ""agreeableness"": 0.6944444444444444, ""extraversion"": 0.75, ""conscientiousness"": 0.5, ""neuroticism"": 0.375}"
prompt_loglik,extraversion,high,bfi_14,neuroticism,False,1,1,False,"{""openness"": 0.625, ""agreeableness"": 0.6944444444444444, ""extraversion"": 0.75, ""conscientiousness"": 0.5, ""neuroticism"": 0.375}"
prompt_loglik,extraversion,high,bfi_15,openness,False,3,3,False,"{""openness"": 0.625, ""agreeableness"": 0.6944444444444444, ""extraversion"": 0.75, ""conscientiousness"": 0.5, ""neuroticism"": 0.375}"
prompt_loglik,extraversion,high,bfi_16,extraversion,False,5,5,False,"{""openness"": 0.625, ""agreeableness"": 0.6944444444444444, ""extraversion"": 0.75, ""conscientiousness"": 0.5, ""neuroticism"": 0.375}"
prompt_loglik,extraversion,high,bfi_17,agreeableness,False,4,4,False,"{""openness"": 0.625, ""agreeableness"": 0.6944444444444444, ""extraversion"": 0.75, ""conscientiousness"": 0.5, ""neuroticism"": 0.375}"
prompt_loglik,extraversion,high,bfi_18,conscientiousness,True,3,3,False,"{""openness"": 0.625, ""agreeableness"": 0.6944444444444444, ""extraversion"": 0.75, ""conscientiousness"": 0.5, ""neuroticism"": 0.375}"
prompt_loglik,extraversion,high,bfi_19,neuroticism,False,3,3,False,"{""openness"": 0.625, ""agreeableness"": 0.6944444444444444, ""extraversion"": 0.75, ""conscientiousness"": 0.5, ""neuroticism"": 0.375}"
prompt_loglik,extraversion,high,bfi_20,openness,False,4,4,False,"{""openness"": 0.625, ""agreeableness"": 0.6944444444444444, ""extraversion"": 0.75, ""conscientiousness"": 0.5, ""neuroticism"": 0.375}"
prompt_loglik,extraversion,high,bfi_21,extraversion,True,5,5,False,"{""openness"": 0.625, ""agreeableness"": 0.6944444444444444, ""extraversion"": 0.75, ""conscientiousness"": 0.5, ""neuroticism"": 0.375}"
prompt_loglik,extraversion,high,bfi_22,agreeableness,False,4,4,False,"{""openness"": 0.625, ""agreeableness"": 0.6944444444444444, ""extraversion"": 0.75, ""conscientiousness"": 0.5, ""neuroticism"": 0.375}"
prompt_loglik,extraversion,high,bfi_23,conscientiousness,True,5,5,False,"{""openness"": 0.625, ""agreeableness"": 0.6944444444444444, ""extraversion"": 0.75, ""conscientiousness"": 0.5, ""neuroticism"": 0.375}"
prompt_loglik,extraversion,high,bfi_24,neuroticism,True,3,3,False,"{""openness"": 0.625, ""agreeableness"": 0.6944444444444444, ""extraversion"": 0.75, ""conscientiousness"": 0.5, ""neuroticism"": 0.375}"
prompt_loglik,extraversion,high,bfi_25,openness,False,4,4,False,"{""openness"": 0.625, ""agreeableness"": 0.6944444444444444, ""extraversion"": 0.75, ""conscientiousness"": 0.5, ""neuroticism"": 0.375}"
prompt_loglik,extraversion,high,bfi_26,extraversion,False,5,5,False,"{""openness"": 0.625, ""agreeableness"": 0.6944444444444444, ""extraversion"": 0.75, ""conscientiousness"": 0.5, ""neuroticism"": 0.375}"
prompt_loglik,extraversion,high,bfi_27,agreeableness,True,1,1,False,"{""openness"": 0.625, ""agreeableness"": 0.6944444444444444, ""extraversion"": 0.75, ""conscientiousness"": 0.5, ""neuroticism"": 0.375}"
prompt_loglik,extraversion,high,bfi_28,conscientiousness,False,4,4,False,"{""openness"": 0.625, ""agreeableness"": 0.6944444444444444, ""extraversion"": 0.75, ""conscientiousness"": 0.5, ""neuroticism"": 0.375}"
prompt_loglik,extraversion,high,bfi_29,neuroticism,False,3,3,False,"{""openness"": 0.625, ""agreeableness"": 0.6944444444444444, ""extraversion"": 0.75, ""conscientiousness"": 0.5, ""neuroticism"": 0.375}"
prompt_loglik,extraversion,high,bfi_30,openness,False,4,4,False,"{""openness"": 0.625, ""agreeableness"": 0.6944444444444444, ""extraversion"": 0.75, ""conscientiousness"": 0.5, ""neuroticism"": 0.375}"
prompt_loglik,extraversion,high,bfi_31,extraversion,True,3,3,False,"{""openness"": 0.625, ""agreeableness"": 0.6944444444444444, ""extraversion"": 0.75, ""conscientiousness"": 0.5, ""neuroticism"": 0.375}"
prompt_loglik,extraversion,high,bfi_32,agreeableness,False,3,3,False,"{""openness"": 0.625, ""agreeableness"": 0.6944444444444444, ""extraversion"": 0.75, ""conscientiousness"": 0.5, ""neuroticism"": 0.375}"
prompt_loglik,extraversion,high,bfi_33,conscientiousness,False,3,3,False,"{""openness"": 0.625, ""agreeableness"": 0.6944444444444444, ""extraversion"": 0.75, ""conscientiousness"": 0.5, ""neuroticism"": 0.375}"
prompt_loglik,extraversion,high,bfi_34,neuroticism,True,3,3,False,"{""openness"": 0.625, ""agreeableness"": 0.6944444444444444, ""extraversion"": 0.75, ""conscientiousness"": 0.5, ""neuroticism"": 0.375}"
prompt_loglik,extraversion,high,bfi_35,openness,True,3,3,False,"{""openness"": 0.625, ""agreeableness"": 0.6944444444444444, ""extraversion"": 0.75, ""conscientiousness"": 0.5, ""neuroticism"": 0.375}"
prompt_loglik,extraversion,high,bfi_36,extraversion,False,5,5,False,"{""openness"": 0.625, ""agreeableness"": 0.6944444444444444, ""extraversion"": 0.75, ""conscientiousness"": 0.5, ""neuroticism"": 0.375}"
prompt_loglik,extraversion,high,bfi_37,agreeableness,True,1,1,False,"{""openness"": 0.625, ""agreeableness"": 0.6944444444444444, ""extraversion"": 0.75, ""conscientiousness"": 0.5, ""neuroticism"": 0.375}"
prompt_loglik,extraversion,high,bfi_38,conscientiousness,False,4,4,False,"{""openness"": 0.625, ""agreeableness"": 0.6944444444444444, ""extraversion"": 0.75, ""conscientiousness"": 0.5, ""neuroticism"": 0.375}"
prompt_loglik,extraversion,high,bfi_39,neuroticism,False,3,3,False,"{""openness"": 0.625, ""agreeableness"": 0.6944444444444444, ""extraversion"": 0.75, ""conscientiousness"": 0.5, ""neuroticism"": 0.375}"
prompt_loglik,extraversion,high,bfi_40,openness,False,3,3,False,"{""openness"": 0.625, ""agreeableness"": 0.6944444444444444, ""extraversion"": 0.75, ""conscientiousness"": 0.5, ""neuroticism"": 0.375}"
prompt_loglik,extraversion,high,bfi_41,openness,True,3,3,False,"{""openness"": 0.625, ""agreeableness"": 0.6944444444444444, ""extraversion"": 0.75, ""conscientiousness"": 0.5, ""neuroticism"": 0.375}"
prompt_loglik,extraversion,high,bfi_42,agreeableness,False,3,3,False,"{""openness"": 0.625, ""agreeableness"": 0.6944444444444444, ""extraversion"": 0.75, ""conscientiousness"": 0.5, ""neuroticism"": 0.375}"
prompt_loglik,extraversion,high,bfi_43,conscientiousness,True,3,3,False,"{""openness"": 0.625, ""agreeableness"": 0.6944444444444444, ""extraversion"": 0.75, ""conscientiousness"": 0.5, ""neuroticism"": 0.375}"
prompt_loglik,extraversion,high,bfi_44,openness,False,3,3,False,"{""openness"": 0.625, ""agreeableness"": 0.6944444444444444, ""extraversion"": 0.75, ""conscientiousness"": 0.5, ""neuroticism"": 0.375}"
prompt_loglik,extraversion,low,bfi_01,extraversion,False,3,3,False,"{""openness"": 0.5, ""agreeableness"": 0.5, ""extraversion"": 0.5, ""conscientiousness"": 0.5, ""neuroticism"": 0.5}"
prompt_loglik,extraversion,low,bfi_02,agreeableness,True,3,3,False,"{""openness"": 0.5, ""agreeableness"": 0.5, ""extraversion"": 0.5, ""conscientiousness"": 0.5, ""neuroticism"": 0.5}"
prompt_loglik,extraversion,low,bfi_03,conscientiousness,False,3,3,False,"{""openness"": 0.5, ""agreeableness"": 0.5, ""extraversion"": 0.5, ""conscientiousness"": 0.5, ""neuroticism"": 0.5}"
prompt_loglik,extraversion,low,bfi_04,neuroticism,False,3,3,False,"{""openness"": 0.5, ""agreeableness"": 0.5, ""extraversion"": 0.5, ""conscientiousness"": 0.5, ""neuroticism"": 0.5}"
prompt_loglik,extraversion,low,bfi_05,openness,False,3,3,False,"{""openness"": 0.5, ""agreeableness"": 0.5, ""extraversion"": 0.5, ""conscientiousness"": 0.5, ""neuroticism"": 0.5}"
prompt_loglik,extraversion,low,bfi_06,extraversion,True,3,3,False,"{""openness"": 0.5, ""agreeableness"": 0.5, ""extraversion"": 0.5, ""conscientiousness"": 0.5, ""neuroticism"": 0.5}"
prompt_loglik,extraversion,low,bfi_07,agreeableness,False,3,3,False,"{""openness"": 0.5, ""agreeableness"": 0.5, ""extraversion"": 0.5, ""conscientiousness"": 0.5, ""neuroticism"": 0.5}"
prompt_loglik,extraversion,low,bfi_08,conscientiousness,True,3,3,False,"{""openness"": 0.5, ""agreeableness"": 0.5, ""extraversion"": 0.5, ""conscientiousness"": 0.5, ""neuroticism"": 0.5}"
prompt_loglik,extraversion,low,bfi_09,neuroticism,True,3,3,False,"{""openness"": 0.5, ""agreeableness"": 0.5, ""extraversion"": 0.5, ""conscientiousness"": 0.5, ""neuroticism"": 0.5}"
prompt_loglik,extraversion,low,bfi_10,openness,False,3,3,False,"{""openness"": 0.5, ""agreeableness"": 0.5, ""extraversion"": 0.5, ""conscientiousness"": 0.5, ""neuroticism"": 0.5}"
prompt_loglik,extraversion,low,bfi_11,extraversion,False,3,3,False,"{""openness"": 0.5, ""agreeableness"": 0.5, ""extraversion"": 0.5, ""conscientiousness"": 0.5, ""neuroticism"": 0.5}"
prompt_loglik,extraversion,low,bfi_12,agreeableness,True,3,3,False,"{""openness"": 0.5, ""agreeableness"": 0.5, ""extraversion"": 0.5, ""conscientiousness"": 0.5, ""neuroticism"": 0.5}"
prompt_loglik,extraversion,low,bfi_13,conscientiousness,False,3,3,False,"{""openness"": 0.5, ""agreeableness"": 0.5, ""extraversion"": 0.5, ""conscientiousness"": 0.5, ""neuroticism"": 0.5}"
prompt_loglik,extraversion,low,bfi_14,neuroticism,False,3,3,False,"{""openness"": 0.5, ""agreeableness"": 0.5, ""extraversion"": 0.5, ""conscientiousness"": 0.5, ""neuroticism"": 0.5}"
prompt_loglik,extraversion,low,bfi_15,openness,False,3,3,False,"{""openness"": 0.5, ""agreeableness"": 0.5, ""extraversion"": 0.5, ""conscientiousness"": 0.5, ""neuroticism"": 0.5}"
prompt_loglik,extraversion,low,bfi_16,extraversion,False,3,3,False,"{""openness"": 0.5, ""agreeableness"": 0.5, ""extraversion"": 0.5, ""conscientiousness"": 0.5, ""neuroticism"": 0.5}"
prompt_loglik,extraversion,low,bfi_17,agreeableness,False,3,3,False,"{""openness"": 0.5, ""agreeableness"": 0.5, ""extraversion"": 0.5, ""conscientiousness"": 0.5, ""neuroticism"": 0.5}"
prompt_loglik,extraversion,low,bfi_18,conscientiousness,True,3,3,False,"{""openness"": 0.5, ""agreeableness"": 0.5, ""extraversion"": 0.5, ""conscientiousness"": 0.5, ""neuroticism"": 0.5}"
prompt_loglik,extraversion,low,bfi_19,neuroticism,False,3,3,False,"{""openness"": 0.5, ""agreeableness"": 0.5, ""extraversion"": 0.5, ""conscientiousness"": 0.5, ""neuroticism"": 0.5}"
prompt_loglik,extraversion,low,bfi_20,openness,False,3,3,False,"{""openness"": 0.5, ""agreeableness"": 0.5, ""extraversion"": 0.5, ""conscientiousness"": 0.5, ""neuroticism"": 0.5}"
prompt_loglik,extraversion,low,bfi_21,extraversion,True,3,3,False,"{""openness"": 0.5, ""agreeableness"": 0.5, ""extraversion"": 0.5, ""conscientiousness"": 0.5, ""neuroticism"": 0.5}"
prompt_loglik,extraversion,low,bfi_22,agreeableness,False,3,3,False,"{""openness"": 0.5, ""agreeableness"": 0.5, ""extraversion"": 0.5, ""conscientiousness"": 0.5, ""neuroticism"": 0.5}"
prompt_loglik,extraversion,low,bfi_23,conscientiousness,True,3,3,False,"{""openness"": 0.5, ""agreeableness"": 0.5, ""extraversion"": 0.5, ""conscientiousness"": 0.5, ""neuroticism"": 0.5}"
prompt_loglik,extraversion,low,bfi_24,neuroticism,True,3,3,False,"{""openness"": 0.5, ""agreeableness"": 0.5, ""extraversion"": 0.5, ""conscientiousness"": 0.5, ""neuroticism"": 0.5}"
prompt_loglik,extraversion,low,bfi_25,openness,False,3,3,False,"{""openness"": 0.5, ""agreeableness"": 0.5, ""extraversion"": 0.5, ""conscientiousness"": 0.5, ""neuroticism"": 0.5}"
prompt_loglik,extraversion,low,bfi_26,extraversion,False,3,3,False,"{""openness"": 0.5, ""agreeableness"": 0.5, ""extraversion"": 0.5, ""conscientiousness"": 0.5, ""neuroticism"": 0.5}"
prompt_loglik,extraversion,low,bfi_27,agreeableness,True,3,3,False,"{""openness"": 0.5, ""agreeableness"": 0.5, ""extraversion"": 0.5, ""conscientiousness"": 0.5, ""neuroticism"": 0.5}"
prompt_loglik,extraversion,low,bfi_28,conscientiousness,False,3,3,False,"{""openness"": 0.5, ""agreeableness"": 0.5, ""extraversion"": 0.5, ""conscientiousness"": 0.5, ""neuroticism"": 0.5}"
prompt_loglik,extraversion,low,bfi_29,neuroticism,False,3,3,False,"{""openness"": 0.5, ""agreeableness"": 0.5, ""extraversion"": 0.5, ""conscientiousness"": 0.5, ""neuroticism"": 0.5}"
prompt_loglik,extraversion,low,bfi_30,openness,False,3,3,False,"{""openness"": 0.5, ""agreeableness"": 0.5, ""extraversion"": 0.5, ""conscientiousness"": 0.5, ""neuroticism"": 0.5}"
prompt_loglik,extraversion,low,bfi_31,extraversion,True,3,3,False,"{""openness"": 0.5, ""agreeableness"": 0.5, ""extraversion"": 0.5, ""conscientiousness"": 0.5, ""neuroticism"": 0.5}"
prompt_loglik,extraversion,low,bfi_32,agreeableness,False,3,3,False,"{""openness"": 0.5, ""agreeableness"": 0.5, ""extraversion"": 0.5, ""conscientiousness"": 0.5, ""neuroticism"": 0.5}"
prompt_loglik,extraversion,low,bfi_33,conscientiousness,False,3,3,False,"{""openness"": 0.5, ""agreeableness"": 0.5, ""extraversion"": 0.5, ""conscientiousness"": 0.5, ""neuroticism"": 0.5}"
prompt_loglik,extraversion,low,bfi_34,neuroticism,True,3,3,False,"{""openness"": 0.5, ""agreeableness"": 0.5, ""extraversion"": 0.5, ""conscientiousness"": 0.5, ""neuroticism"": 0.5}"
prompt_loglik,extraversion,low,bfi_35,openness,True,3,3,False,"{""openness"": 0.5, ""agreeableness"": 0.5, ""extraversion"": 0.5, ""conscientiousness"": 0.5, ""neuroticism"": 0.5}"
prompt_loglik,extraversion,low,bfi_36,extraversion,False,3,3,False,"{""openness"": 0.5, ""agreeableness"": 0.5, ""extraversion"": 0.5, ""conscientiousness"": 0.5, ""neuroticism"": 0.5}"
prompt_loglik,extraversion,low,bfi_37,agreeableness,True,3,3,False,"{""openness"": 0.5, ""agreeableness"": 0.5, ""extraversion"": 0.5, ""conscientiousness"": 0.5, ""neuroticism"": 0.5}"
prompt_loglik,extraversion,low,bfi_38,conscientiousness,False,3,3,False,"{""openness"": 0.5, ""agreeableness"": 0.5, ""extraversion"": 0.5, ""conscientiousness"": 0.5, ""neuroticism"": 0.5}"
prompt_loglik,extraversion,low,bfi_39,neuroticism,False,3,3,False,"{""openness"": 0.5, ""agreeableness"": 0.5, ""extraversion"": 0.5, ""conscientiousness"": 0.5, ""neuroticism"": 0.5}"
prompt_loglik,extraversion,low,bfi_40,openness,False,3,3,False,"{""openness"": 0.5, ""agreeableness"": 0.5, ""extraversion"": 0.5, ""conscientiousness"": 0.5, ""neuroticism"": 0.5}"
prompt_loglik,extraversion,low,bfi_41,openness,True,3,3,False,"{""openness"": 0.5, ""agreeableness"": 0.5, ""extraversion"": 0.5, ""conscientiousness"": 0.5, ""neuroticism"": 0.5}"
prompt_loglik,extraversion,low,bfi_42,agreeableness,False,3,3,False,"{""openness"": 0.5, ""agreeableness"": 0.5, ""extraversion"": 0.5, ""conscientiousness"": 0.5, ""neuroticism"": 0.5}"
prompt_loglik,extraversion,low,bfi_43,conscientiousness,True,3,3,False,"{""openness"": 0.5, ""agreeableness"": 0.5, ""extraversion"": 0.5, ""conscientiousness"": 0.5, ""neuroticism"": 0.5}"
prompt_loglik,extraversion,low,bfi_44,openness,False,3,3,False,"{""openness"": 0.5, ""agreeableness"": 0.5, ""extraversion"": 0.5, ""conscientiousness"": 0.5, ""neuroticism"": 0.5}"
as_loglik,agreeableness,high,bfi_01,extraversion,False,4,4,True,"{""openness"": 0.7, ""agreeableness"": 0.6388888888888888, ""extraversion"": 0.65625, ""conscientiousness"": 0.6388888888888888, ""neuroticism"": 0.40625}"
as_loglik,agreeableness,high,bfi_02,agreeableness,True,3,3,True,"{""openness"": 0.7, ""agreeableness"": 0.6388888888888888, ""extraversion"": 0.65625, ""conscientiousness"": 0.6388888888888888, ""neuroticism"": 0.40625}"
as_loglik,agreeableness,high,bfi_03,conscientiousness,False,4,4,True,"{""openness"": 0.7, ""agreeableness"": 0.6388888888888888, ""extraversion"": 0.65625, ""conscientiousness"": 0.6388888888888888, ""neuroticism"": 0.40625}"
as_loglik,agreeableness,high,bfi_04,neuroticism,False,3,3,True,"{""openness"": 0.7, ""agreeableness"": 0.6388888888888888, ""extraversion"": 0.65625, ""conscientiousness"": 0.6388888888888888, ""neuroticism"": 0.40625}"
as_loglik,agreeableness,high,bfi_05,openness,False,4,4,True,"{""openness"": 0.7, ""agreeableness"": 0.6388888888888888, ""extraversion"": 0.65625, ""conscientiousness"": 0.6388888888888888, ""neuroticism"": 0.40625}"
as_loglik,agreeableness,high,bfi_06,extraversion,True,3,3,True,"{""openness"": 0.7, ""agreeableness"": 0.6388888888888888, ""extraversion"": 0.65625, ""conscientiousness"": 0.6388888888888888, ""neuroticism"": 0.40625}"
as_loglik,agreeableness,high,bfi_07,agreeableness,False,4,4,True,"{""openness"": 0.7, ""agreeableness"": 0.6388888888888888, ""extraversion"": 0.65625, ""conscientiousness"": 0.6388888888888888, ""neuroticism"": 0.40625}"
as_loglik,agreeableness,high,bfi_08,conscientiousness,True,3,3,True,"{""openness"": 0.7, ""agreeableness"": 0.6388888888888888, ""extraversion"": 0.65625, ""conscientiousness"": 0.6388888888888888, ""neuroticism"": 0.40625}"
as_loglik,agreeableness,high,bfi_09,neuroticism,True,4,4,True,"{""openness"": 0.7, ""agreeableness"": 0.6388888888888888, ""extraversion"": 0.65625, ""conscientiousness"": 0.6388888888888888, ""neuroticism"": 0.40625}"
as_loglik,agreeableness,high,bfi_10,openness,False,4,4,True,"{""openness"": 0.7, ""agreeableness"": 0.6388888888888888, ""extraversion"": 0.65625, ""conscientiousness"": 0.6388888888888888, ""neuroticism"": 0.40625}"
as_loglik,agreeableness,high,bfi_11,extraversion,False,4,4,True,"{""openness"": 0.7, ""agreeableness"": 0.6388888888888888, ""extraversion"": 0.65625, ""conscientiousness"": 0.6388888888888888, ""neuroticism"": 0.40625}"
as_loglik,agreeableness,high,bfi_12,agreeableness,True,3,3,True,"{""openness"": 0.7, ""agreeableness"": 0.6388888888888888, ""extraversion"": 0.65625, ""conscientiousness"": 0.6388888888888888, ""neuroticism"": 0.40625}"
as_loglik,agreeableness,high,bfi_13,conscientiousness,False,4,4,True,"{""openness"": 0.7, ""agreeableness"": 0.6388888888888888, ""extraversion"": 0.65625, ""conscientiousness"": 0.6388888888888888, ""neuroticism"": 0.40625}"
as_loglik,agreeableness,high,bfi_14,neuroticism,False,3,3,True,"{""openness"": 0.7, ""agreeableness"": 0.6388888888888888, ""extraversion"": 0.65625, ""conscientiousness"": 0.6388888888888888, ""neuroticism"": 0.40625}"
as_loglik,agreeableness,high,bfi_15,openness,False,4,4,True,"{""openness"": 0.7, ""agreeableness"": 0.6388888888888888, ""extraversion"": 0.65625, ""conscientiousness"": 0.6388888888888888, ""neuroticism"": 0.40625}"
as_loglik,agreeableness,high,bfi_16,extraversion,False,4,4,True,"{""openness"": 0.7, ""agreeableness"": 0.6388888888888888, ""extraversion"": 0.65625, ""conscientiousness"": 0.6388888888888888, ""neuroticism"": 0.40625}"
as_loglik,agreeableness,high,bfi_17,agreeableness,False,4,4,True,"{""openness"": 0.7, ""agreeableness"": 0.6388888888888888, ""extraversion"": 0.65625, ""conscientiousness"": 0.6388888888888888, ""neuroticism"": 0.40625}"
as_loglik,agreeableness,high,bfi_18,conscientiousness,True,3,3,True,"{""openness"": 0.7, ""agreeableness"": 0.6388888888888888, ""extraversion"": 0.65625, ""conscientiousness"": 0.6388888888888888, ""neuroticism"": 0.40625}"
as_loglik,agreeableness,high,bfi_19,neuroticism,False,3,3,True,"{""openness"": 0.7, ""agreeableness"": 0.6388888888888888, ""extraversion"": 0.65625, ""conscientiousness"": 0.6388888888888888, ""neuroticism"": 0.40625}"
as_loglik,agreeableness,high,bfi_20,openness,False,4,4,True,"{""openness"": 0.7, ""agreeableness"": 0.6388888888888888, ""extraversion"": 0.65625, ""conscientiousness"": 0.6388888888888888, ""neuroticism"": 0.40625}"
as_loglik,agreeableness,high,bfi_21,extraversion,True,3,3,True,"{""openness"": 0.7, ""agreeableness"": 0.6388888888888888, ""extraversion"": 0.65625, ""conscientiousness"": 0.6388888888888888, ""neuroticism"": 0.40625}"
as_loglik,agreeableness,high,bfi_22,agreeableness,False,4,4,True,"{""openness"": 0.7, ""agreeableness"": 0.6388888888888888, ""extraversion"": 0.65625, ""conscientiousness"": 0.6388888888888888, ""neuroticism"": 0.40625}"
as_loglik,agreeableness,high,bfi_23,conscientiousness,True,3,3,True,"{""openness"": 0.7, ""agreeableness"": 0.6388888888888888, ""extraversion"": 0.65625, ""conscientiousness"": 0.6388888888888888, ""neuroticism"": 0.40625}"
as_loglik,agreeableness,high,bfi_24,neuroticism,True,4,4,True,"{""openness"": 0.7, ""agreeableness"": 0.6388888888888888, ""extraversion"": 0.65625, ""conscientiousness"": 0.6388888888888888, ""neuroticism"": 0.40625}"
as_loglik,agreeableness,high,bfi_25,openness,False,4,4,True,"{""openness"": 0.7, ""agreeableness"": 0.6388888888888888, ""extraversion"": 0.65625, ""conscientiousness"": 0.6388888888888888, ""neuroticism"": 0.40625}"
as_loglik,agreeableness,high,bfi_26,extraversion,False,4,4,True,"{""openness"": 0.7, ""agreeableness"": 0.6388888888888888, ""extraversion"": 0.65625, ""conscientiousness"": 0.6388888888888888, ""neuroticism"": 0.40625}"
as_loglik,agreeableness,high,bfi_27,agreeableness,True,3,3,True,"{""openness"": 0.7, ""agreeableness"": 0.6388888888888888, ""extraversion"": 0.65625, ""conscientiousness"": 0.6388888888888888, ""neuroticism"": 0.40625}"
as_loglik,agreeableness,high,bfi_28,conscientiousness,False,4,4,True,"{""openness"": 0.7, ""agreeableness"": 0.6388888888888888, ""extraversion"": 0.65625, ""conscientiousness"": 0.6388888888888888, ""neuroticism"": 0.40625}"
as_loglik,agreeableness,high,bfi_29,neuroticism,False,3,3,True,"{""openness"": 0.7, ""agreeableness"": 0.6388888888888888, ""extraversion"": 0.65625, ""conscientiousness"": 0.6388888888888888, ""neuroticism"": 0.40625}"
as_loglik,agreeableness,high,bfi_30,openness,False,4,4,True,"{""openness"": 0.7, ""agreeableness"": 0.6388888888888888, ""extraversion"": 0.65625, ""conscientiousness"": 0.6388888888888888, ""neuroticism"": 0.40625}"
as_loglik,agreeableness,high,bfi_31,extraversion,True,3,3,True,"{""openness"": 0.7, ""agreeableness"": 0.6388888888888888, ""extraversion"": 0.65625, ""conscientiousness"": 0.6388888888888888, ""neuroticism"": 0.40625}"
as_loglik,agreeableness,high,bfi_32,agreeableness,False,4,4,True,"{""openness"": 0.7, ""agreeableness"": 0.6388888888888888, ""extraversion"": 0.65625, ""conscientiousness"": 0.6388888888888888, ""neuroticism"": 0.40625}"
as_loglik,agreeableness,high,bfi_33,conscientiousness,False,4,4,True,"{""openness"": 0.7, ""agreeableness"": 0.6388888888888888, ""extraversion"": 0.65625, ""conscientiousness"": 0.6388888888888888, ""neuroticism"": 0.40625}"
as_loglik,agreeableness,high,bfi_34,neuroticism,True,4,4,True,"{""openness"": 0.7, ""agreeableness"": 0.6388888888888888, ""extraversion"": 0.65625, ""conscientiousness"": 0.6388888888888888, ""neuroticism"": 0.40625}"
as_loglik,agreeableness,high,bfi_35,openness,True,3,3,True,"{""openness"": 0.7, ""agreeableness"": 0.6388888888888888, ""extraversion"": 0.65625, ""conscientiousness"": 0.6388888888888888, ""neuroticism"": 0.40625}"
as_loglik,agreeableness,high,bfi_36,extraversion,False,4,4,True,"{""openness"": 0.7, ""agreeableness"": 0.6388888888888888, ""extraversion"": 0.65625, ""conscientiousness"": 0.6388888888888888, ""neuroticism"": 0.40625}"
as_loglik,agreeableness,high,bfi_37,agreeableness,True,3,3,True,"{""openness"": 0.7, ""agreeableness"": 0.6388888888888888, ""extraversion"": 0.65625, ""conscientiousness"": 0.6388888888888888, ""neuroticism"": 0.40625}"
as_loglik,agreeableness,high,bfi_38,conscientiousness,False,4,4,True,"{""openness"": 0.7, ""agreeableness"": 0.6388888888888888, ""extraversion"": 0.65625, ""conscientiousness"": 0.6388888888888888, ""neuroticism"": 0.40625}"
as_loglik,agreeableness,high,bfi_39,neuroticism,False,3,3,True,"{""openness"": 0.7, ""agreeableness"": 0.6388888888888888, ""extraversion"": 0.65625, ""conscientiousness"": 0.6388888888888888, ""neuroticism"": 0.40625}"
as_loglik,agreeableness,high,bfi_40,openness,False,4,4,True,"{""openness"": 0.7, ""agreeableness"": 0.6388888888888888, ""extraversion"": 0.65625, ""conscientiousness"": 0.6388888888888888, ""neuroticism"": 0.40625}"
as_loglik,agreeableness,high,bfi_41,openness,True,3,3,True,"{""openness"": 0.7, ""agreeableness"": 0.6388888888888888, ""extraversion"": 0.65625, ""conscientiousness"": 0.6388888888888888, ""neuroticism"": 0.40625}"
as_loglik,agreeableness,high,bfi_42,agreeableness,False,4,4,True,"{""openness"": 0.7, ""agreeableness"": 0.6388888888888888, ""extraversion"": 0.65625, ""conscientiousness"": 0.6388888888888888, ""neuroticism"": 0.40625}"
as_loglik,agreeableness,high,bfi_43,conscientiousness,True,3,3,True,"{""openness"": 0.7, ""agreeableness"": 0.6388888888888888, ""extraversion"": 0.65625, ""conscientiousness"": 0.6388888888888888, ""neuroticism"": 0.40625}"
as_loglik,agreeableness,high,bfi_44,openness,False,4,4,True,"{""openness"": 0.7, ""agreeableness"": 0.6388888888888888, ""extraversion"": 0.65625, ""conscientiousness"": 0.6388888888888888, ""neuroticism"": 0.40625}"
as_loglik,agreeableness,low,bfi_01,extraversion,False,3,3,True,"{""openness"": 0.65, ""agreeableness"": 0.5, ""extraversion"": 0.65625, ""conscientiousness"": 0.5833333333333334, ""neuroticism"": 0.46875}"
as_loglik,agreeableness,low,bfi_02,agreeableness,True,3,3,True,"{""openness"": 0.65, ""agreeableness"": 0.5, ""extraversion"": 0.65625, ""conscientiousness"": 0.5833333333333334, ""neuroticism"": 0.46875}"
as_loglik,agreeableness,low,bfi_03,conscientiousness,False,3,3,True,"{""openness"": 0.65, ""agreeableness"": 0.5, ""extraversion"": 0.65625, ""conscientiousness"": 0.5833333333333334, ""neuroticism"": 0.46875}"
as_loglik,agreeableness,low,bfi_04,neuroticism,False,3,3,True,"{""openness"": 0.65, ""agreeableness"": 0.5, ""extraversion"": 0.65625, ""conscientiousness"": 0.5833333333333334, ""neuroticism"": 0.46875}"
as_loglik,agreeableness,low,bfi_05,openness,False,5,5,True,"{""openness"": 0.65, ""agreeableness"": 0.5, ""extraversion"": 0.65625, ""conscientiousness"": 0.5833333333333334, ""neuroticism"": 0.46875}"
as_loglik,agreeableness,low,bfi_06,extraversion,True,3,3,True,"{""openness"": 0.65, ""agreeableness"": 0.5, ""extraversion"": 0.65625, ""conscientiousness"": 0.5833333333333334, ""neuroticism"": 0.46875}"
as_loglik,agreeableness,low,bfi_07,agreeableness,False,3,3,True,"{""openness"": 0.65, ""agreeableness"": 0.5, ""extraversion"": 0.65625, ""conscientiousness"": 0.5833333333333334, ""neuroticism"": 0.46875}"
as_loglik,agreeableness,low,bfi_08,conscientiousness,True,3,3,True,"{""openness"": 0.65, ""agreeableness"": 0.5, ""extraversion"": 0.65625, ""conscientiousness"": 0.5833333333333334, ""neuroticism"": 0.46875}"
as_loglik,agreeableness,low,bfi_09,neuroticism,True,3,3,True,"{""openness"": 0.65, ""agreeableness"": 0.5, ""extraversion"": 0.65625, ""conscientiousness"": 0.5833333333333334, ""neuroticism"": 0.46875}"
as_loglik,agreeableness,low,bfi_10,openness,False,4,4,True,"{""openness"": 0.65, ""agreeableness"": 0.5, ""extraversion"": 0.65625, ""conscientiousness"": 0.5833333333333334, ""neuroticism"": 0.46875}"
as_loglik,agreeableness,low,bfi_11,extraversion,False,5,5,True,"{""openness"": 0.65, ""agreeableness"": 0.5, ""extraversion"": 0.65625, ""conscientiousness"": 0.5833333333333334, ""neuroticism"": 0.46875}"
as_loglik,agreeableness,low,bfi_12,agreeableness,True,3,3,True,"{""openness"": 0.65, ""agreeableness"": 0.5, ""extraversion"": 0.65625, ""conscientiousness"": 0.5833333333333334, ""neuroticism"": 0.46875}"
as_loglik,agreeableness,low,bfi_13,conscientiousness,False,4,4,True,"{""openness"": 0.65, ""agreeableness"": 0.5, ""extraversion"": 0.65625, ""conscientiousness"": 0.5833333333333334, ""neuroticism"": 0.46875}"
as_loglik,agreeableness,low,bfi_14,neuroticism,False,3,3,True,"{""openness"": 0.65, ""agreeableness"": 0.5, ""extraversion"": 0.65625, ""conscientiousness"": 0.5833333333333334, ""neuroticism"": 0.46875}"
as_loglik,agreeableness,low,bfi_15,openness,False,4,4,True,"{""openness"": 0.65, ""agreeableness"": 0.5, ""extraversion"": 0.65625, ""conscientiousness"": 0.5833333333333334, ""neuroticism"": 0.46875}"
as_loglik,agreeableness,low,bfi_16,extraversion,False,3,3,True,"{""openness"": 0.65, ""agreeableness"": 0.5, ""extraversion"": 0.65625, ""conscientiousness"": 0.5833333333333334, ""neuroticism"": 0.46875}"
as_loglik,agreeableness,low,bfi_17,agreeableness,False,3,3,True,"{""openness"": 0.65, ""agreeableness"": 0.5, ""extraversion"": 0.65625, ""conscientiousness"": 0.5833333333333334, ""neuroticism"": 0.46875}"
as_loglik,agreeableness,low,bfi_18,conscientiousness,True,3,3,True,"{""openness"": 0.65, ""agreeableness"": 0.5, ""extraversion"": 0.65625, ""conscientiousness"": 0.5833333333333334, ""neuroticism"": 0.46875}"
as_loglik,agreeableness,low,bfi_19,neuroticism,False,3,3,True,"{""openness"": 0.65, ""agreeableness"": 0.5, ""extraversion"": 0.65625, ""conscientiousness"": 0.5833333333333334, ""neuroticism"": 0.46875}"
as_loglik,agreeableness,low,bfi_20,openness,False,3,3,True,"{""openness"": 0.65, ""agreeableness"": 0.5, ""extraversion"": 0.65625, ""conscientiousness"": 0.5833333333333334, ""neuroticism"": 0.46875}"
as_loglik,agreeableness,low,bfi_21,extraversion,True,3,3,True,"{""openness"": 0.65, ""agreeableness"": 0.5, ""extraversion"": 0.65625, ""conscientiousness"": 0.5833333333333334, ""neuroticism"": 0.46875}"
as_loglik,agreeableness,low,bfi_22,agreeableness,False,3,3,True,"{""openness"": 0.65, ""agreeableness"": 0.5, ""extraversion"": 0.65625, ""conscientiousness"": 0.5833333333333334, ""neuroticism"": 0.46875}"
as_loglik,agreeableness,low,bfi_23,conscientiousness,True,3,3,True,"{""openness"": 0.65, ""agreeableness"": 0.5, ""extraversion"": 0.65625, ""conscientiousness"": 0.5833333333333334, ""neuroticism"": 0.46875}"
as_loglik,agreeableness,low,bfi_24,neuroticism,True,4,4,True,"{""openness"": 0.65, ""agreeableness"": 0.5, ""extraversion"": 0.65625, ""conscientiousness"": 0.5833333333333334, ""neuroticism"": 0.46875}"
as_loglik,agreeableness,low,bfi_25,openness,False,5,5,True,"{""openness"": 0.65, ""agreeableness"": 0.5, ""extraversion"": 0.65625, ""conscientiousness"": 0.5833333333333334, ""neuroticism"": 0.46875}"
as_loglik,agreeableness,low,bfi_26,extraversion,False,5,5,True,"{""openness"": 0.65, ""agreeableness"": 0.5, ""extraversion"": 0.65625, ""conscientiousness"": 0.5833333333333334, ""neuroticism"": 0.46875}"
as_loglik,agreeableness,low,bfi_27,agreeableness,True,3,3,True,"{""openness"": 0.65, ""agreeableness"": 0.5, ""extraversion"": 0.65625, ""conscientiousness"": 0.5833333333333334, ""neuroticism"": 0.46875}"
as_loglik,agreeableness,low,bfi_28,conscientiousness,False,5,5,True,"{""openness"": 0.65, ""agreeableness"": 0.5, ""extraversion"": 0.65625, ""conscientiousness"": 0.5833333333333334, ""neuroticism"": 0.46875}"
as_loglik,agreeableness,low,bfi_29,neuroticism,False,3,3,True,"{""openness"": 0.65, ""agreeableness"": 0.5, ""extraversion"": 0.65625, ""conscientiousness"": 0.5833333333333334, ""neuroticism"": 0.46875}"
as_loglik,agreeableness,low,bfi_30,openness,False,3,3,True,"{""openness"": 0.65, ""agreeableness"": 0.5, ""extraversion"": 0.65625, ""conscientiousness"": 0.5833333333333334, ""neuroticism"": 0.46875}"
as_loglik,agreeableness,low,bfi_31,extraversion,True,3,3,True,"{""openness"": 0.65, ""agreeableness"": 0.5, ""extraversion"": 0.65625, ""conscientiousness"": 0.5833333333333334, ""neuroticism"": 0.46875}"
as_loglik,agreeableness,low,bfi_32,agreeableness,False,3,3,True,"{""openness"": 0.65, ""agreeableness"": 0.5, ""extraversion"": 0.65625, ""conscientiousness"": 0.5833333333333334, ""neuroticism"": 0.46875}"
as_loglik,agreeableness,low,bfi_33,conscientiousness,False,3,3,True,"{""openness"": 0.65, ""agreeableness"": 0.5, ""extraversion"": 0.65625, ""conscientiousness"": 0.5833333333333334, ""neuroticism"": 0.46875}"
as_loglik,agreeableness,low,bfi_34,neuroticism,True,3,3,True,"{""openness"": 0.65, ""agreeableness"": 0.5, ""extraversion"": 0.65625, ""conscientiousness"": 0.5833333333333334, ""neuroticism"": 0.46875}"
as_loglik,agreeableness,low,bfi_35,openness,True,3,3,True,"{""openness"": 0.65, ""agreeableness"": 0.5, ""extraversion"": 0.65625, ""conscientiousness"": 0.5833333333333334, ""neuroticism"": 0.46875}"
as_loglik,agreeableness,low,bfi_36,extraversion,False,4,4,True,"{""openness"": 0.65, ""agreeableness"": 0.5, ""extraversion"": 0.65625, ""conscientiousness"": 0.5833333333333334, ""neuroticism"": 0.46875}"
as_loglik,agreeableness,low,bfi_37,agreeableness,True,3,3,True,"{""openness"": 0.65, ""agreeableness"": 0.5, ""extraversion"": 0.65625, ""conscientiousness"": 0.5833333333333334, ""neuroticism"": 0.46875}"
as_loglik,agreeableness,low,bfi_38,conscientiousness,False,3,3,True,"{""openness"": 0.65, ""agreeableness"": 0.5, ""extraversion"": 0.65625, ""conscientiousness"": 0.5833333333333334, ""neuroticism"": 0.46875}"
as_loglik,agreeableness,low,bfi_39,neuroticism,False,3,3,True,"{""openness"": 0.65, ""agreeableness"": 0.5, ""extraversion"": 0.65625, ""conscientiousness"": 0.5833333333333334, ""neuroticism"": 0.46875}"
as_loglik,agreeableness,low,bfi_40,openness,False,3,3,True,"{""openness"": 0.65, ""agreeableness"": 0.5, ""extraversion"": 0.65625, ""conscientiousness"": 0.5833333333333334, ""neuroticism"": 0.46875}"
as_loglik,agreeableness,low,bfi_41,openness,True,3,3,True,"{""openness"": 0.65, ""agreeableness"": 0.5, ""extraversion"": 0.65625, ""conscientiousness"": 0.5833333333333334, ""neuroticism"": 0.46875}"
as_loglik,agreeableness,low,bfi_42,agreeableness,False,3,3,True,"{""openness"": 0.65, ""agreeableness"": 0.5, ""extraversion"": 0.65625, ""conscientiousness"": 0.5833333333333334, ""neuroticism"": 0.46875}"
as_loglik,agreeableness,low,bfi_43,conscientiousness,True,3,3,True,"{""openness"": 0.65, ""agreeableness"": 0.5, ""extraversion"": 0.65625, ""conscientiousness"": 0.5833333333333334, ""neuroticism"": 0.46875}"
as_loglik,agreeableness,low,bfi_44,openness,False,3,3,True,"{""openness"": 0.65, ""agreeableness"": 0.5, ""extraversion"": 0.65625, ""conscientiousness"": 0.5833333333333334, ""neuroticism"": 0.46875}"
as_loglik,conscientiousness,high,bfi_01,extraversion,False,4,4,True,"{""openness"": 0.7, ""agreeableness"": 0.6388888888888888, ""extraversion"": 0.65625, ""conscientiousness"": 0.6388888888888888, ""neuroticism"": 0.40625}"
as_loglik,conscientiousness,high,bfi_02,agreeableness,True,3,3,True,"{""openness"": 0.7, ""agreeableness"": 0.6388888888888888, ""extraversion"": 0.65625, ""conscientiousness"": 0.6388888888888888, ""neuroticism"": 0.40625}"
as_loglik,conscientiousness,high,bfi_03,conscientiousness,False,4,4,True,"{""openness"": 0.7, ""agreeableness"": 0.6388888888888888, ""extraversion"": 0.65625, ""conscientiousness"": 0.6388888888888888, ""neuroticism"": 0.40625}"
as_loglik,conscientiousness,high,bfi_04,neuroticism,False,3,3,True,"{""openness"": 0.7, ""agreeableness"": 0.6388888888888888, ""extraversion"": 0.65625, ""conscientiousness"": 0.6388888888888888, ""neuroticism"": 0.40625}"
as_loglik,conscientiousness,high,bfi_05,openness,False,4,4,True,"{""openness"": 0.7, ""agreeableness"": 0.6388888888888888, ""extraversion"": 0.65625, ""conscientiousness"": 0.6388888888888888, ""neuroticism"": 0.40625}"
as_loglik,conscientiousness,high,bfi_06,extraversion,True,3,3,True,"{""openness"": 0.7, ""agreeableness"": 0.6388888888888888, ""extraversion"": 0.65625, ""conscientiousness"": 0.6388888888888888, ""neuroticism"": 0.40625}"
as_loglik,conscientiousness,high,bfi_07,agreeableness,False,4,4,True,"{""openness"": 0.7, ""agreeableness"": 0.6388888888888888, ""extraversion"": 0.65625, ""conscientiousness"": 0.6388888888888888, ""neuroticism"": 0.40625}"
as_loglik,conscientiousness,high,bfi_08,conscientiousness,True,3,3,True,"{""openness"": 0.7, ""agreeableness"": 0.6388888888888888, ""extraversion"": 0.65625, ""conscientiousness"": 0.6388888888888888, ""neuroticism"": 0.40625}"
as_loglik,conscientiousness,high,bfi_09,neuroticism,True,4,4,True,"{""openness"": 0.7, ""agreeableness"": 0.6388888888888888, ""extraversion"": 0.65625, ""conscientiousness"": 0.6388888888888888, ""neuroticism"": 0.40625}"
as_loglik,conscientiousness,high,bfi_10,openness,False,4,4,True,"{""openness"": 0.7, ""agreeableness"": 0.6388888888888888, ""extraversion"": 0.65625, ""conscientiousness"": 0.6388888888888888, ""neuroticism"": 0.40625}"
as_loglik,conscientiousness,high,bfi_11,extraversion,False,4,4,True,"{""openness"": 0.7, ""agreeableness"": 0.6388888888888888, ""extraversion"": 0.65625, ""conscientiousness"": 0.6388888888888888, ""neuroticism"": 0.40625}"
as_loglik,conscientiousness,high,bfi_12,agreeableness,True,3,3,True,"{""openness"": 0.7, ""agreeableness"": 0.6388888888888888, ""extraversion"": 0.65625, ""conscientiousness"": 0.6388888888888888, ""neuroticism"": 0.40625}"
as_loglik,conscientiousness,high,bfi_13,conscientiousness,False,4,4,True,"{""openness"": 0.7, ""agreeableness"": 0.6388888888888888, ""extraversion"": 0.65625, ""conscientiousness"": 0.6388888888888888, ""neuroticism"": 0.40625}"
as_loglik,conscientiousness,high,bfi_14,neuroticism,False,3,3,True,"{""openness"": 0.7, ""agreeableness"": 0.6388888888888888, ""extraversion"": 0.65625, ""conscientiousness"": 0.6388888888888888, ""neuroticism"": 0.40625}"
as_loglik,conscientiousness,high,bfi_15,openness,False,4,4,True,"{""openness"": 0.7, ""agreeableness"": 0.6388888888888888, ""extraversion"": 0.65625, ""conscientiousness"": 0.6388888888888888, ""neuroticism"": 0.40625}"
as_loglik,conscientiousness,high,bfi_16,extraversion,False,4,4,True,"{""openness"": 0.7, ""agreeableness"": 0.6388888888888888, ""extraversion"": 0.65625, ""conscientiousness"": 0.6388888888888888, ""neuroticism"": 0.40625}"
as_loglik,conscientiousness,high,bfi_17,agreeableness,False,4,4,True,"{""openness"": 0.7, ""agreeableness"": 0.6388888888888888, ""extraversion"": 0.65625, ""conscientiousness"": 0.6388888888888888, ""neuroticism"": 0.40625}"
as_loglik,conscientiousness,high,bfi_18,conscientiousness,True,3,3,True,"{""openness"": 0.7, ""agreeableness"": 0.6388888888888888, ""extraversion"": 0.65625, ""conscientiousness"": 0.6388888888888888, ""neuroticism"": 0.40625}"
as_loglik,conscientiousness,high,bfi_19,neuroticism,False,3,3,True,"{""openness"": 0.7, ""agreeableness"": 0.6388888888888888, ""extraversion"": 0.65625, ""conscientiousness"": 0.6388888888888888, ""neuroticism"": 0.40625}"
as_loglik,conscientiousness,high,bfi_20,openness,False,4,4,True,"{""openness"": 0.7, ""agreeableness"": 0.6388888888888888, ""extraversion"": 0.65625, ""conscientiousness"": 0.6388888888888888, ""neuroticism"": 0.40625}"
as_loglik,conscientiousness,high,bfi_21,extraversion,True,3,3,True,"{""openness"": 0.7, ""agreeableness"": 0.6388888888888888, ""extraversion"": 0.65625, ""conscientiousness"": 0.6388888888888888, ""neuroticism"": 0.40625}"
as_loglik,conscientiousness,high,bfi_22,agreeableness,False,4,4,True,"{""openness"": 0.7, ""agreeableness"": 0.6388888888888888, ""extraversion"": 0.65625, ""conscientiousness"": 0.6388888888888888, ""neuroticism"": 0.40625}"
as_loglik,conscientiousness,high,bfi_23,conscientiousness,True,3,3,True,"{""openness"": 0.7, ""agreeableness"": 0.6388888888888888, ""extraversion"": 0.65625, ""conscientiousness"": 0.6388888888888888, ""neuroticism"": 0.40625}"
as_loglik,conscientiousness,high,bfi_24,neuroticism,True,4,4,True,"{""openness"": 0.7, ""agreeableness"": 0.6388888888888888, ""extraversion"": 0.65625, ""conscientiousness"": 0.6388888888888888, ""neuroticism"": 0.40625}"
as_loglik,conscientiousness,high,bfi_25,openness,False,4,4,True,"{""openness"": 0.7, ""agreeableness"": 0.6388888888888888, ""extraversion"": 0.65625, ""conscientiousness"": 0.6388888888888888, ""neuroticism"": 0.40625}"
as_loglik,conscientiousness,high,bfi_26,extraversion,False,4,4,True,"{""openness"": 0.7, ""agreeableness"": 0.6388888888888888, ""extraversion"": 0.65625, ""conscientiousness"": 0.6388888888888888, ""neuroticism"": 0.40625}"
as_loglik,conscientiousness,high,bfi_27,agreeableness,True,3,3,True,"{""openness"": 0.7, ""agreeableness"": 0.6388888888888888, ""extraversion"": 0.65625, ""conscientiousness"": 0.6388888888888888, ""neuroticism"": 0.40625}"
as_loglik,conscientiousness,high,bfi_28,conscientiousness,False,4,4,True,"{""openness"": 0.7, ""agreeableness"": 0.6388888888888888, ""extraversion"": 0.65625, ""conscientiousness"": 0.6388888888888888, ""neuroticism"": 0.40625}"
as_loglik,conscientiousness,high,bfi_29,neuroticism,False,3,3,True,"{""openness"": 0.7, ""agreeableness"": 0.6388888888888888, ""extraversion"": 0.65625, ""conscientiousness"": 0.6388888888888888, ""neuroticism"": 0.40625}"
as_loglik,conscientiousness,high,bfi_30,openness,False,4,4,True,"{""openness"": 0.7, ""agreeableness"": 0.6388888888888888, ""extraversion"": 0.65625, ""conscientiousness"": 0.6388888888888888, ""neuroticism"": 0.40625}"
as_loglik,conscientiousness,high,bfi_31,extraversion,True,3,3,True,"{""openness"": 0.7, ""agreeableness"": 0.6388888888888888, ""extraversion"": 0.65625, ""conscientiousness"": 0.6388888888888888, ""neuroticism"": 0.40625}"
as_loglik,conscientiousness,high,bfi_32,agreeableness,False,4,4,True,"{""openness"": 0.7, ""agreeableness"": 0.6388888888888888, ""extraversion"": 0.65625, ""conscientiousness"": 0.6388888888888888, ""neuroticism"": 0.40625}"
as_loglik,conscientiousness,high,bfi_33,conscientiousness,False,4,4,True,"{""openness"": 0.7, ""agreeableness"": 0.6388888888888888, ""extraversion"": 0.65625, ""conscientiousness"": 0.6388888888888888, ""neuroticism"": 0.40625}"
as_loglik,conscientiousness,high,bfi_34,neuroticism,True,4,4,True,"{""openness"": 0.7, ""agreeableness"": 0.6388888888888888, ""extraversion"": 0.65625, ""conscientiousness"": 0.6388888888888888, ""neuroticism"": 0.40625}"
as_loglik,conscientiousness,high,bfi_35,openness,True,3,3,True,"{""openness"": 0.7, ""agreeableness"": 0.6388888888888888, ""extraversion"": 0.65625, ""conscientiousness"": 0.6388888888888888, ""neuroticism"": 0.40625}"
as_loglik,conscientiousness,high,bfi_36,extraversion,False,4,4,True,"{""openness"": 0.7, ""agreeableness"": 0.6388888888888888, ""extraversion"": 0.65625, ""conscientiousness"": 0.6388888888888888, ""neuroticism"": 0.40625}"
as_loglik,conscientiousness,high,bfi_37,agreeableness,True,3,3,True,"{""openness"": 0.7, ""agreeableness"": 0.6388888888888888, ""extraversion"": 0.65625, ""conscientiousness"": 0.6388888888888888, ""neuroticism"": 0.40625}"
as_loglik,conscientiousness,high,bfi_38,conscientiousness,False,4,4,True,"{""openness"": 0.7, ""agreeableness"": 0.6388888888888888, ""extraversion"": 0.65625, ""conscientiousness"": 0.6388888888888888, ""neuroticism"": 0.40625}"
as_loglik,conscientiousness,high,bfi_39,neuroticism,False,3,3,True,"{""openness"": 0.7, ""agreeableness"": 0.6388888888888888, ""extraversion"": 0.65625, ""conscientiousness"": 0.6388888888888888, ""neuroticism"": 0.40625}"
as_loglik,conscientiousness,high,bfi_40,openness,False,4,4,True,"{""openness"": 0.7, ""agreeableness"": 0.6388888888888888, ""extraversion"": 0.65625, ""conscientiousness"": 0.6388888888888888, ""neuroticism"": 0.40625}"
as_loglik,conscientiousness,high,bfi_41,openness,True,3,3,True,"{""openness"": 0.7, ""agreeableness"": 0.6388888888888888, ""extraversion"": 0.65625, ""conscientiousness"": 0.6388888888888888, ""neuroticism"": 0.40625}"
as_loglik,conscientiousness,high,bfi_42,agreeableness,False,4,4,True,"{""openness"": 0.7, ""agreeableness"": 0.6388888888888888, ""extraversion"": 0.65625, ""conscientiousness"": 0.6388888888888888, ""neuroticism"": 0.40625}"
as_loglik,conscientiousness,high,bfi_43,conscientiousness,True,3,3,True,"{""openness"": 0.7, ""agreeableness"": 0.6388888888888888, ""extraversion"": 0.65625, ""conscientiousness"": 0.6388888888888888, ""neuroticism"": 0.40625}"
as_loglik,conscientiousness,high,bfi_44,openness,False,4,4,True,"{""openness"": 0.7, ""agreeableness"": 0.6388888888888888, ""extraversion"": 0.65625, ""conscientiousness"": 0.6388888888888888, ""neuroticism"": 0.40625}"
as_loglik,conscientiousness,low,bfi_01,extraversion,False,3,3,True,"{""openness"": 0.65, ""agreeableness"": 0.5277777777777778, ""extraversion"": 0.625, ""conscientiousness"": 0.5555555555555556, ""neuroticism"": 0.4375}"
as_loglik,conscientiousness,low,bfi_02,agreeableness,True,3,3,True,"{""openness"": 0.65, ""agreeableness"": 0.5277777777777778, ""extraversion"": 0.625, ""conscientiousness"": 0.5555555555555556, ""neuroticism"": 0.4375}"
as_loglik,conscientiousness,low,bfi_03,conscientiousness,False,3,3,True,"{""openness"": 0.65, ""agreeableness"": 0.5277777777777778, ""extraversion"": 0.625, ""conscientiousness"": 0.5555555555555556, ""neuroticism"": 0.4375}"
as_loglik,conscientiousness,low,bfi_04,neuroticism,False,3,3,True,"{""openness"": 0.65, ""agreeableness"": 0.5277777777777778, ""extraversion"": 0.625, ""conscientiousness"": 0.5555555555555556, ""neuroticism"": 0.4375}"
as_loglik,conscientiousness,low,bfi_05,openness,False,4,4,True,"{""openness"": 0.65, ""agreeableness"": 0.5277777777777778, ""extraversion"": 0.625, ""conscientiousness"": 0.5555555555555556, ""neuroticism"": 0.4375}"
as_loglik,conscientiousness,low,bfi_06,extraversion,True,3,3,True,"{""openness"": 0.65, ""agreeableness"": 0.5277777777777778, ""extraversion"": 0.625, ""conscientiousness"": 0.5555555555555556, ""neuroticism"": 0.4375}"
as_loglik,conscientiousness,low,bfi_07,agreeableness,False,4,4,True,"{""openness"": 0.65, ""agreeableness"": 0.5277777777777778, ""extraversion"": 0.625, ""conscientiousness"": 0.5555555555555556, ""neuroticism"": 0.4375}"
as_loglik,conscientiousness,low,bfi_08,conscientiousness,True,3,3,True,"{""openness"": 0.65, ""agreeableness"": 0.5277777777777778, ""extraversion"": 0.625, ""conscientiousness"": 0.5555555555555556, ""neuroticism"": 0.4375}"
as_loglik,conscientiousness,low,bfi_09,neuroticism,True,4,4,True,"{""openness"": 0.65, ""agreeableness"": 0.5277777777777778, ""extraversion"": 0.625, ""conscientiousness"": 0.5555555555555556, ""neuroticism"": 0.4375}"
as_loglik,conscientiousness,low,bfi_10,openness,False,4,4,True,"{""openness"": 0.65, ""agreeableness"": 0.5277777777777778, ""extraversion"": 0.625, ""conscientiousness"": 0.5555555555555556, ""neuroticism"": 0.4375}"
as_loglik,conscientiousness,low,bfi_11,extraversion,False,4,4,True,"{""openness"": 0.65, ""agreeableness"": 0.5277777777777778, ""extraversion"": 0.625, ""conscientiousness"": 0.5555555555555556, ""neuroticism"": 0.4375}"
as_loglik,conscientiousness,low,bfi_12,agreeableness,True,3,3,True,"{""openness"": 0.65, ""agreeableness"": 0.5277777777777778, ""extraversion"": 0.625, ""conscientiousness"": 0.5555555555555556, ""neuroticism"": 0.4375}"
as_loglik,conscientiousness,low,bfi_13,conscientiousness,False,4,4,True,"{""openness"": 0.65, ""agreeableness"": 0.5277777777777778, ""extraversion"": 0.625, ""conscientiousness"": 0.5555555555555556, ""neuroticism"": 0.4375}"
as_loglik,conscientiousness,low,bfi_14,neuroticism,False,3,3,True,"{""openness"": 0.65, ""agreeableness"": 0.5277777777777778, ""extraversion"": 0.625, ""conscientiousness"": 0.5555555555555556, ""neuroticism"": 0.4375}"
as_loglik,conscientiousness,low,bfi_15,openness,False,3,3,True,"{""openness"": 0.65, ""agreeableness"": 0.5277777777777778, ""extraversion"": 0.625, ""conscientiousness"": 0.5555555555555556, ""neuroticism"": 0.4375}"
as_loglik,conscientiousness,low,bfi_16,extraversion,False,4,4,True,"{""openness"": 0.65, ""agreeableness"": 0.5277777777777778, ""extraversion"": 0.625, ""conscientiousness"": 0.5555555555555556, ""neuroticism"": 0.4375}"
as_loglik,conscientiousness,low,bfi_17,agreeableness,False,3,3,True,"{""openness"": 0.65, ""agreeableness"": 0.5277777777777778, ""extraversion"": 0.625, ""conscientiousness"": 0.5555555555555556, ""neuroticism"": 0.4375}"
as_loglik,conscientiousness,low,bfi_18,conscientiousness,True,3,3,True,"{""openness"": 0.65, ""agreeableness"": 0.5277777777777778, ""extraversion"": 0.625, ""conscientiousness"": 0.5555555555555556, ""neuroticism"": 0.4375}"
as_loglik,conscientiousness,low,bfi_19,neuroticism,False,3,3,True,"{""openness"": 0.65, ""agreeableness"": 0.5277777777777778, ""extraversion"": 0.625, ""conscientiousness"": 0.5555555555555556, ""neuroticism"": 0.4375}"
as_loglik,conscientiousness,low,bfi_20,openness,False,4,4,True,"{""openness"": 0.65, ""agreeableness"": 0.5277777777777778, ""extraversion"": 0.625, ""conscientiousness"": 0.5555555555555556, ""neuroticism"": 0.4375}"
as_loglik,conscientiousness,low,bfi_21,extraversion,True,3,3,True,"{""openness"": 0.65, ""agreeableness"": 0.5277777777777778, ""extraversion"": 0.625, ""conscientiousness"": 0.5555555555555556, ""neuroticism"": 0.4375}"
as_loglik,conscientiousness,low,bfi_22,agreeableness,False,3,3,True,"{""openness"": 0.65, ""agreeableness"": 0.5277777777777778, ""extraversion"": 0.625, ""conscientiousness"": 0.5555555555555556, ""neuroticism"": 0.4375}"
as_loglik,conscientiousness,low,bfi_23,conscientiousness,True,3,3,True,"{""openness"": 0.65, ""agreeableness"": 0.5277777777777778, ""extraversion"": 0.625, ""conscientiousness"": 0.5555555555555556, ""neuroticism"": 0.4375}"
as_loglik,conscientiousness,low,bfi_24,neuroticism,True,4,4,True,"{""openness"": 0.65, ""agreeableness"": 0.5277777777777778, ""extraversion"": 0.625, ""conscientiousness"": 0.5555555555555556, ""neuroticism"": 0.4375}"
as_loglik,conscientiousness,low,bfi_25,openness,False,4,4,True,"{""openness"": 0.65, ""agreeableness"": 0.5277777777777778, ""extraversion"": 0.625, ""conscientiousness"": 0.5555555555555556, ""neuroticism"": 0.4375}"
as_loglik,conscientiousness,low,bfi_26,extraversion,False,4,4,True,"{""openness"": 0.65, ""agreeableness"": 0.5277777777777778, ""extraversion"": 0.625, ""conscientiousness"": 0.5555555555555556, ""neuroticism"": 0.4375}"
as_loglik,conscientiousness,low,bfi_27,agreeableness,True,3,3,True,"{""openness"": 0.65, ""agreeableness"": 0.5277777777777778, ""extraversion"": 0.625, ""conscientiousness"": 0.5555555555555556, ""neuroticism"": 0.4375}"
as_loglik,conscientiousness,low,bfi_28,conscientiousness,False,4,4,True,"{""openness"": 0.65, ""agreeableness"": 0.5277777777777778, ""extraversion"": 0.625, ""conscientiousness"": 0.5555555555555556, ""neuroticism"": 0.4375}"
as_loglik,conscientiousness,low,bfi_29,neuroticism,False,3,3,True,"{""openness"": 0.65, ""agreeableness"": 0.5277777777777778, ""extraversion"": 0.625, ""conscientiousness"": 0.5555555555555556, ""neuroticism"": 0.4375}"
as_loglik,conscientiousness,low,bfi_30,openness,False,4,4,True,"{""openness"": 0.65, ""agreeableness"": 0.5277777777777778, ""extraversion"": 0.625, ""conscientiousness"": 0.5555555555555556, ""neuroticism"": 0.4375}"
as_loglik,conscientiousness,low,bfi_31,extraversion,True,3,3,True,"{""openness"": 0.65, ""agreeableness"": 0.5277777777777778, ""extraversion"": 0.625, ""conscientiousness"": 0.5555555555555556, ""neuroticism"": 0.4375}"
as_loglik,conscientiousness,low,bfi_32,agreeableness,False,3,3,True,"{""openness"": 0.65, ""agreeableness"": 0.5277777777777778, ""extraversion"": 0.625, ""conscientiousness"": 0.5555555555555556, ""neuroticism"": 0.4375}"
as_loglik,conscientiousness,low,bfi_33,conscientiousness,False,3,3,True,"{""openness"": 0.65, ""agreeableness"": 0.5277777777777778, ""extraversion"": 0.625, ""conscientiousness"": 0.5555555555555556, ""neuroticism"": 0.4375}"
as_loglik,conscientiousness,low,bfi_34,neuroticism,True,3,3,True,"{""openness"": 0.65, ""agreeableness"": 0.5277777777777778, ""extraversion"": 0.625, ""conscientiousness"": 0.5555555555555556, ""neuroticism"": 0.4375}"
as_loglik,conscientiousness,low,bfi_35,openness,True,3,3,True,"{""openness"": 0.65, ""agreeableness"": 0.5277777777777778, ""extraversion"": 0.625, ""conscientiousness"": 0.5555555555555556, ""neuroticism"": 0.4375}"
as_loglik,conscientiousness,low,bfi_36,extraversion,False,4,4,True,"{""openness"": 0.65, ""agreeableness"": 0.5277777777777778, ""extraversion"": 0.625, ""conscientiousness"": 0.5555555555555556, ""neuroticism"": 0.4375}"
as_loglik,conscientiousness,low,bfi_37,agreeableness,True,3,3,True,"{""openness"": 0.65, ""agreeableness"": 0.5277777777777778, ""extraversion"": 0.625, ""conscientiousness"": 0.5555555555555556, ""neuroticism"": 0.4375}"
as_loglik,conscientiousness,low,bfi_38,conscientiousness,False,3,3,True,"{""openness"": 0.65, ""agreeableness"": 0.5277777777777778, ""extraversion"": 0.625, ""conscientiousness"": 0.5555555555555556, ""neuroticism"": 0.4375}"
as_loglik,conscientiousness,low,bfi_39,neuroticism,False,3,3,True,"{""openness"": 0.65, ""agreeableness"": 0.5277777777777778, ""extraversion"": 0.625, ""conscientiousness"": 0.5555555555555556, ""neuroticism"": 0.4375}"
as_loglik,conscientiousness,low,bfi_40,openness,False,4,4,True,"{""openness"": 0.65, ""agreeableness"": 0.5277777777777778, ""extraversion"": 0.625, ""conscientiousness"": 0.5555555555555556, ""neuroticism"": 0.4375}"
as_loglik,conscientiousness,low,bfi_41,openness,True,3,3,True,"{""openness"": 0.65, ""agreeableness"": 0.5277777777777778, ""extraversion"": 0.625, ""conscientiousness"": 0.5555555555555556, ""neuroticism"": 0.4375}"
as_loglik,conscientiousness,low,bfi_42,agreeableness,False,3,3,True,"{""openness"": 0.65, ""agreeableness"": 0.5277777777777778, ""extraversion"": 0.625, ""conscientiousness"": 0.5555555555555556, ""neuroticism"": 0.4375}"
as_loglik,conscientiousness,low,bfi_43,conscientiousness,True,3,3,True,"{""openness"": 0.65, ""agreeableness"": 0.5277777777777778, ""extraversion"": 0.625, ""conscientiousness"": 0.5555555555555556, ""neuroticism"": 0.4375}"
as_loglik,conscientiousness,low,bfi_44,openness,False,3,3,True,"{""openness"": 0.65, ""agreeableness"": 0.5277777777777778, ""extraversion"": 0.625, ""conscientiousness"": 0.5555555555555556, ""neuroticism"": 0.4375}"
as_loglik,neuroticism,high,bfi_01,extraversion,False,3,3,True,"{""openness"": 0.625, ""agreeableness"": 0.4722222222222222, ""extraversion"": 0.625, ""conscientiousness"": 0.5, ""neuroticism"": 0.59375}"
as_loglik,neuroticism,high,bfi_02,agreeableness,True,3,3,True,"{""openness"": 0.625, ""agreeableness"": 0.4722222222222222, ""extraversion"": 0.625, ""conscientiousness"": 0.5, ""neuroticism"": 0.59375}"
as_loglik,neuroticism,high,bfi_03,conscientiousness,False,3,3,True,"{""openness"": 0.625, ""agreeableness"": 0.4722222222222222, ""extraversion"": 0.625, ""conscientiousness"": 0.5, ""neuroticism"": 0.59375}"
as_loglik,neuroticism,high,bfi_04,neuroticism,False,3,3,True,"{""openness"": 0.625, ""agreeableness"": 0.4722222222222222, ""extraversion"": 0.625, ""conscientiousness"": 0.5, ""neuroticism"": 0.59375}"
as_loglik,neuroticism,high,bfi_05,openness,False,4,4,True,"{""openness"": 0.625, ""agreeableness"": 0.4722222222222222, ""extraversion"": 0.625, ""conscientiousness"": 0.5, ""neuroticism"": 0.59375}"
as_loglik,neuroticism,high,bfi_06,extraversion,True,3,3,True,"{""openness"": 0.625, ""agreeableness"": 0.4722222222222222, ""extraversion"": 0.625, ""conscientiousness"": 0.5, ""neuroticism"": 0.59375}"
as_loglik,neuroticism,high,bfi_07,agreeableness,False,3,3,True,"{""openness"": 0.625, ""agreeableness"": 0.4722222222222222, ""extraversion"": 0.625, ""conscientiousness"": 0.5, ""neuroticism"": 0.59375}"
as_loglik,neuroticism,high,bfi_08,conscientiousness,True,3,3,True,"{""openness"": 0.625, ""agreeableness"": 0.4722222222222222, ""extraversion"": 0.625, ""conscientiousness"": 0.5, ""neuroticism"": 0.59375}"
as_loglik,neuroticism,high,bfi_09,neuroticism,True,3,3,True,"{""openness"": 0.625, ""agreeableness"": 0.4722222222222222, ""extraversion"": 0.625, ""conscientiousness"": 0.5, ""neuroticism"": 0.59375}"
as_loglik,neuroticism,high,bfi_10,openness,False,4,4,True,"{""openness"": 0.625, ""agreeableness"": 0.4722222222222222, ""extraversion"": 0.625, ""conscientiousness"": 0.5, ""neuroticism"": 0.59375}"
as_loglik,neuroticism,high,bfi_11,extraversion,False,5,5,True,"{""openness"": 0.625, ""agreeableness"": 0.4722222222222222, ""extraversion"": 0.625, ""conscientiousness"": 0.5, ""neuroticism"": 0.59375}"
as_loglik,neuroticism,high,bfi_12,agreeableness,True,3,3,True,"{""openness"": 0.625, ""agreeableness"": 0.4722222222222222, ""extraversion"": 0.625, ""conscientiousness"": 0.5, ""neuroticism"": 0.59375}"
as_loglik,neuroticism,high,bfi_13,conscientiousness,False,4,4,True,"{""openness"": 0.625, ""agreeableness"": 0.4722222222222222, ""extraversion"": 0.625, ""conscientiousness"": 0.5, ""neuroticism"": 0.59375}"
as_loglik,neuroticism,high,bfi_14,neuroticism,False,4,4,True,"{""openness"": 0.625, ""agreeableness"": 0.4722222222222222, ""extraversion"": 0.625, ""conscientiousness"": 0.5, ""neuroticism"": 0.59375}"
as_loglik,neuroticism,high,bfi_15,openness,False,4,4,True,"{""openness"": 0.625, ""agreeableness"": 0.4722222222222222, ""extraversion"": 0.625, ""conscientiousness"": 0.5, ""neuroticism"": 0.59375}"
as_loglik,neuroticism,high,bfi_16,extraversion,False,4,4,True,"{""openness"": 0.625, ""agreeableness"": 0.4722222222222222, ""extraversion"": 0.625, ""conscientiousness"": 0.5, ""neuroticism"": 0.59375}"
as_loglik,neuroticism,high,bfi_17,agreeableness,False,3,3,True,"{""openness"": 0.625, ""agreeableness"": 0.4722222222222222, ""extraversion"": 0.625, ""conscientiousness"": 0.5, ""neuroticism"": 0.59375}"
as_loglik,neuroticism,high,bfi_18,conscientiousness,True,4,4,True,"{""openness"": 0.625, ""agreeableness"": 0.4722222222222222, ""extraversion"": 0.625, ""conscientiousness"": 0.5, ""neuroticism"": 0.59375}"
as_loglik,neuroticism,high,bfi_19,neuroticism,False,4,4,True,"{""openness"": 0.625, ""agreeableness"": 0.4722222222222222, ""extraversion"": 0.625, ""conscientiousness"": 0.5, ""neuroticism"": 0.59375}"
as_loglik,neuroticism,high,bfi_20,openness,False,4,4,True,"{""openness"": 0.625, ""agreeableness"": 0.4722222222222222, ""extraversion"": 0.625, ""conscientiousness"": 0.5, ""neuroticism"": 0.59375}"
as_loglik,neuroticism,high,bfi_21,extraversion,True,3,3,True,"{""openness"": 0.625, ""agreeableness"": 0.4722222222222222, ""extraversion"": 0.625, ""conscientiousness"": 0.5, ""neuroticism"": 0.59375}"
as_loglik,neuroticism,high,bfi_22,agreeableness,False,3,3,True,"{""openness"": 0.625, ""agreeableness"": 0.4722222222222222, ""extraversion"": 0.625, ""conscientiousness"": 0.5, ""neuroticism"": 0.59375}"
as_loglik,neuroticism,high,bfi_23,conscientiousness,True,3,3,True,"{""openness"": 0.625, ""agreeableness"": 0.4722222222222222, ""extraversion"": 0.625, ""conscientiousness"": 0.5, ""neuroticism"": 0.59375}"
as_loglik,neuroticism,high,bfi_24,neuroticism,True,3,3,True,"{""openness"": 0.625, ""agreeableness"": 0.4722222222222222, ""extraversion"": 0.625, ""conscientiousness"": 0.5, ""neuroticism"": 0.59375}"
as_loglik,neuroticism,high,bfi_25,openness,False,4,4,True,"{""openness"": 0.625, ""agreeableness"": 0.4722222222222222, ""extraversion"": 0.625, ""conscientiousness"": 0.5, ""neuroticism"": 0.59375}"
as_loglik,neuroticism,high,bfi_26,extraversion,False,4,4,True,"{""openness"": 0.625, ""agreeableness"": 0.4722222222222222, ""extraversion"": 0.625, ""conscientiousness"": 0.5, ""neuroticism"": 0.59375}"
as_loglik,neuroticism,high,bfi_27,agreeableness,True,4,4,True,"{""openness"": 0.625, ""agreeableness"": 0.4722222222222222, ""extraversion"": 0.625, ""conscientiousness"": 0.5, ""neuroticism"": 0.59375}"
as_loglik,neuroticism,high,bfi_28,conscientiousness,False,4,4,True,"{""openness"": 0.625, ""agreeableness"": 0.4722222222222222, ""extraversion"": 0.625, ""conscientiousness"": 0.5, ""neuroticism"": 0.59375}"
as_loglik,neuroticism,high,bfi_29,neuroticism,False,3,3,True,"{""openness"": 0.625, ""agreeableness"": 0.4722222222222222, ""extraversion"": 0.625, ""conscientiousness"": 0.5, ""neuroticism"": 0.59375}"
as_loglik,neuroticism,high,bfi_30,openness,False,3,3,True,"{""openness"": 0.625, ""agreeableness"": 0.4722222222222222, ""extraversion"": 0.625, ""conscientiousness"": 0.5, ""neuroticism"": 0.59375}"
as_loglik,neuroticism,high,bfi_31,extraversion,True,3,3,True,"{""openness"": 0.625, ""agreeableness"": 0.4722222222222222, ""extraversion"": 0.625, ""conscientiousness"": 0.5, ""neuroticism"": 0.59375}"
as_loglik,neuroticism,high,bfi_32,agreeableness,False,3,3,True,"{""openness"": 0.625, ""agreeableness"": 0.4722222222222222, ""extraversion"": 0.625, ""conscientiousness"": 0.5, ""neuroticism"": 0.59375}"
as_loglik,neuroticism,high,bfi_33,conscientiousness,False,3,3,True,"{""openness"": 0.625, ""agreeableness"": 0.4722222222222222, ""extraversion"": 0.625, ""conscientiousness"": 0.5, ""neuroticism"": 0.59375}"
as_loglik,neuroticism,high,bfi_34,neuroticism,True,3,3,True,"{""openness"": 0.625, ""agreeableness"": 0.4722222222222222, ""extraversion"": 0.625, ""conscientiousness"": 0.5, ""neuroticism"": 0.59375}"
as_loglik,neuroticism,high,bfi_35,openness,True,3,3,True,"{""openness"": 0.625, ""agreeableness"": 0.4722222222222222, ""extraversion"": 0.625, ""conscientiousness"": 0.5, ""neuroticism"": 0.59375}"
as_loglik,neuroticism,high,bfi_36,extraversion,False,3,3,True,"{""openness"": 0.625, ""agreeableness"": 0.4722222222222222, ""extraversion"": 0.625, ""conscientiousness"": 0.5, ""neuroticism"": 0.59375}"
as_loglik,neuroticism,high,bfi_37,agreeableness,True,3,3,True,"{""openness"": 0.625, ""agreeableness"": 0.4722222222222222, ""extraversion"": 0.625, ""conscientiousness"": 0.5, ""neuroticism"": 0.59375}"
as_loglik,neuroticism,high,bfi_38,conscientiousness,False,3,3,True,"{""openness"": 0.625, ""agreeableness"": 0.4722222222222222, ""extraversion"": 0.625, ""conscientiousness"": 0.5, ""neuroticism"": 0.59375}"
as_loglik,neuroticism,high,bfi_39,neuroticism,False,4,4,True,"{""openness"": 0.625, ""agreeableness"": 0.4722222222222222, ""extraversion"": 0.625, ""conscientiousness"": 0.5, ""neuroticism"": 0.59375}"
as_loglik,neuroticism,high,bfi_40,openness,False,3,3,True,"{""openness"": 0.625, ""agreeableness"": 0.4722222222222222, ""extraversion"": 0.625, ""conscientiousness"": 0.5, ""neuroticism"": 0.59375}"
as_loglik,neuroticism,high,bfi_41,openness,True,3,3,True,"{""openness"": 0.625, ""agreeableness"": 0.4722222222222222, ""extraversion"": 0.625, ""conscientiousness"": 0.5, ""neuroticism"": 0.59375}"
as_loglik,neuroticism,high,bfi_42,agreeableness,False,3,3,True,"{""openness"": 0.625, ""agreeableness"": 0.4722222222222222, ""extraversion"": 0.625, ""conscientiousness"": 0.5, ""neuroticism"": 0.59375}"
as_loglik,neuroticism,high,bfi_43,conscientiousness,True,4,4,True,"{""openness"": 0.625, ""agreeableness"": 0.4722222222222222, ""extraversion"": 0.625, ""conscientiousness"": 0.5, ""neuroticism"": 0.59375}"
as_loglik,neuroticism,high,bfi_44,openness,False,3,3,True,"{""openness"": 0.625, ""agreeableness"": 0.4722222222222222, ""extraversion"": 0.625, ""conscientiousness"": 0.5, ""neuroticism"": 0.59375}"
as_loglik,neuroticism,low,bfi_01,extraversion,False,4,4,True,"{""openness"": 0.7, ""agreeableness"": 0.6388888888888888, ""extraversion"": 0.65625, ""conscientiousness"": 0.6388888888888888, ""neuroticism"": 0.4375}"
as_loglik,neuroticism,low,bfi_02,agreeableness,True,3,3,True,"{""openness"": 0.7, ""agreeableness"": 0.6388888888888888, ""extraversion"": 0.65625, ""conscientiousness"": 0.6388888888888888, ""neuroticism"": 0.4375}"
as_loglik,neuroticism,low,bfi_03,conscientiousness,False,4,4,True,"{""openness"": 0.7, ""agreeableness"": 0.6388888888888888, ""extraversion"": 0.65625, ""conscientiousness"": 0.6388888888888888, ""neuroticism"": 0.4375}"
as_loglik,neuroticism,low,bfi_04,neuroticism,False,3,3,True,"{""openness"": 0.7, ""agreeableness"": 0.6388888888888888, ""extraversion"": 0.65625, ""conscientiousness"": 0.6388888888888888, ""neuroticism"": 0.4375}"
as_loglik,neuroticism,low,bfi_05,openness,False,4,4,True,"{""openness"": 0.7, ""agreeableness"": 0.6388888888888888, ""extraversion"": 0.65625, ""conscientiousness"": 0.6388888888888888, ""neuroticism"": 0.4375}"
as_loglik,neuroticism,low,bfi_06,extraversion,True,3,3,True,"{""openness"": 0.7, ""agreeableness"": 0.6388888888888888, ""extraversion"": 0.65625, ""conscientiousness"": 0.6388888888888888, ""neuroticism"": 0.4375}"
as_loglik,neuroticism,low,bfi_07,agreeableness,False,4,4,True,"{""openness"": 0.7, ""agreeableness"": 0.6388888888888888, ""extraversion"": 0.65625, ""conscientiousness"": 0.6388888888888888, ""neuroticism"": 0.4375}"
as_loglik,neuroticism,low,bfi_08,conscientiousness,True,3,3,True,"{""openness"": 0.7, ""agreeableness"": 0.6388888888888888, ""extraversion"": 0.65625, ""conscientiousness"": 0.6388888888888888, ""neuroticism"": 0.4375}"
as_loglik,neuroticism,low,bfi_09,neuroticism,True,4,4,True,"{""openness"": 0.7, ""agreeableness"": 0.6388888888888888, ""extraversion"": 0.65625, ""conscientiousness"": 0.6388888888888888, ""neuroticism"": 0.4375}"
as_loglik,neuroticism,low,bfi_10,openness,False,4,4,True,"{""openness"": 0.7, ""agreeableness"": 0.6388888888888888, ""extraversion"": 0.65625, ""conscientiousness"": 0.6388888888888888, ""neuroticism"": 0.4375}"
as_loglik,neuroticism,low,bfi_11,extraversion,False,4,4,True,"{""openness"": 0.7, ""agreeableness"": 0.6388888888888888, ""extraversion"": 0.65625, ""conscientiousness"": 0.6388888888888888, ""neuroticism"": 0.4375}"
as_loglik,neuroticism,low,bfi_12,agreeableness,True,3,3,True,"{""openness"": 0.7, ""agreeableness"": 0.6388888888888888, ""extraversion"": 0.65625, ""conscientiousness"": 0.6388888888888888, ""neuroticism"": 0.4375}"
as_loglik,neuroticism,low,bfi_13,conscientiousness,False,4,4,True,"{""openness"": 0.7, ""agreeableness"": 0.6388888888888888, ""extraversion"": 0.65625, ""conscientiousness"": 0.6388888888888888, ""neuroticism"": 0.4375}"
as_loglik,neuroticism,low,bfi_14,neuroticism,False,3,3,True,"{""openness"": 0.7, ""agreeableness"": 0.6388888888888888, ""extraversion"": 0.65625, ""conscientiousness"": 0.6388888888888888, ""neuroticism"": 0.4375}"
as_loglik,neuroticism,low,bfi_15,openness,False,4,4,True,"{""openness"": 0.7, ""agreeableness"": 0.6388888888888888, ""extraversion"": 0.65625, ""conscientiousness"": 0.6388888888888888, ""neuroticism"": 0.4375}"
as_loglik,neuroticism,low,bfi_16,extraversion,False,4,4,True,"{""openness"": 0.7, ""agreeableness"": 0.6388888888888888, ""extraversion"": 0.65625, ""conscientiousness"": 0.6388888888888888, ""neuroticism"": 0.4375}"
as_loglik,neuroticism,low,bfi_17,agreeableness,False,4,4,True,"{""openness"": 0.7, ""agreeableness"": 0.6388888888888888, ""extraversion"": 0.65625, ""conscientiousness"": 0.6388888888888888, ""neuroticism"": 0.4375}"
as_loglik,neuroticism,low,bfi_18,conscientiousness,True,3,3,True,"{""openness"": 0.7, ""agreeableness"": 0.6388888888888888, ""extraversion"": 0.65625, ""conscientiousness"": 0.6388888888888888, ""neuroticism"": 0.4375}"
as_loglik,neuroticism,low,bfi_19,neuroticism,False,3,3,True,"{""openness"": 0.7, ""agreeableness"": 0.6388888888888888, ""extraversion"": 0.65625, ""conscientiousness"": 0.6388888888888888, ""neuroticism"": 0.4375}"
as_loglik,neuroticism,low,bfi_20,openness,False,4,4,True,"{""openness"": 0.7, ""agreeableness"": 0.6388888888888888, ""extraversion"": 0.65625, ""conscientiousness"": 0.6388888888888888, ""neuroticism"": 0.4375}"
as_loglik,neuroticism,low,bfi_21,extraversion,True,3,3,True,"{""openness"": 0.7, ""agreeableness"": 0.6388888888888888, ""extraversion"": 0.65625, ""conscientiousness"": 0.6388888888888888, ""neuroticism"": 0.4375}"
as_loglik,neuroticism,low,bfi_22,agreeableness,False,4,4,True,"{""openness"": 0.7, ""agreeableness"": 0.6388888888888888, ""extraversion"": 0.65625, ""conscientiousness"": 0.6388888888888888, ""neuroticism"": 0.4375}"
as_loglik,neuroticism,low,bfi_23,conscientiousness,True,3,3,True,"{""openness"": 0.7, ""agreeableness"": 0.6388888888888888, ""extraversion"": 0.65625, ""conscientiousness"": 0.6388888888888888, ""neuroticism"": 0.4375}"
as_loglik,neuroticism,low,bfi_24,neuroticism,True,4,4,True,"{""openness"": 0.7, ""agreeableness"": 0.6388888888888888, ""extraversion"": 0.65625, ""conscientiousness"": 0.6388888888888888, ""neuroticism"": 0.4375}"
as_loglik,neuroticism,low,bfi_25,openness,False,4,4,True,"{""openness"": 0.7, ""agreeableness"": 0.6388888888888888, ""extraversion"": 0.65625, ""conscientiousness"": 0.6388888888888888, ""neuroticism"": 0.4375}"
as_loglik,neuroticism,low,bfi_26,extraversion,False,4,4,True,"{""openness"": 0.7, ""agreeableness"": 0.6388888888888888, ""extraversion"": 0.65625, ""conscientiousness"": 0.6388888888888888, ""neuroticism"": 0.4375}"
as_loglik,neuroticism,low,bfi_27,agreeableness,True,3,3,True,"{""openness"": 0.7, ""agreeableness"": 0.6388888888888888, ""extraversion"": 0.65625, ""conscientiousness"": 0.6388888888888888, ""neuroticism"": 0.4375}"
as_loglik,neuroticism,low,bfi_28,conscientiousness,False,4,4,True,"{""openness"": 0.7, ""agreeableness"": 0.6388888888888888, ""extraversion"": 0.65625, ""conscientiousness"": 0.6388888888888888, ""neuroticism"": 0.4375}"
as_loglik,neuroticism,low,bfi_29,neuroticism,False,4,4,True,"{""openness"": 0.7, ""agreeableness"": 0.6388888888888888, ""extraversion"": 0.65625, ""conscientiousness"": 0.6388888888888888, ""neuroticism"": 0.4375}"
as_loglik,neuroticism,low,bfi_30,openness,False,4,4,True,"{""openness"": 0.7, ""agreeableness"": 0.6388888888888888, ""extraversion"": 0.65625, ""conscientiousness"": 0.6388888888888888, ""neuroticism"": 0.4375}"
as_loglik,neuroticism,low,bfi_31,extraversion,True,3,3,True,"{""openness"": 0.7, ""agreeableness"": 0.6388888888888888, ""extraversion"": 0.65625, ""conscientiousness"": 0.6388888888888888, ""neuroticism"": 0.4375}"
as_loglik,neuroticism,low,bfi_32,agreeableness,False,4,4,True,"{""openness"": 0.7, ""agreeableness"": 0.6388888888888888, ""extraversion"": 0.65625, ""conscientiousness"": 0.6388888888888888, ""neuroticism"": 0.4375}"
as_loglik,neuroticism,low,bfi_33,conscientiousness,False,4,4,True,"{""openness"": 0.7, ""agreeableness"": 0.6388888888888888, ""extraversion"": 0.65625, ""conscientiousness"": 0.6388888888888888, ""neuroticism"": 0.4375}"
as_loglik,neuroticism,low,bfi_34,neuroticism,True,4,4,True,"{""openness"": 0.7, ""agreeableness"": 0.6388888888888888, ""extraversion"": 0.65625, ""conscientiousness"": 0.6388888888888888, ""neuroticism"": 0.4375}"
as_loglik,neuroticism,low,bfi_35,openness,True,3,3,True,"{""openness"": 0.7, ""agreeableness"": 0.6388888888888888, ""extraversion"": 0.65625, ""conscientiousness"": 0.6388888888888888, ""neuroticism"": 0.4375}"
as_loglik,neuroticism,low,bfi_36,extraversion,False,4,4,True,"{""openness"": 0.7, ""agreeableness"": 0.6388888888888888, ""extraversion"": 0.65625, ""conscientiousness"": 0.6388888888888888, ""neuroticism"": 0.4375}"
as_loglik,neuroticism,low,bfi_37,agreeableness,True,3,3,True,"{""openness"": 0.7, ""agreeableness"": 0.6388888888888888, ""extraversion"": 0.65625, ""conscientiousness"": 0.6388888888888888, ""neuroticism"": 0.4375}"
as_loglik,neuroticism,low,bfi_38,conscientiousness,False,4,4,True,"{""openness"": 0.7, ""agreeableness"": 0.6388888888888888, ""extraversion"": 0.65625, ""conscientiousness"": 0.6388888888888888, ""neuroticism"": 0.4375}"
as_loglik,neuroticism,low,bfi_39,neuroticism,False,3,3,True,"{""openness"": 0.7, ""agreeableness"": 0.6388888888888888, ""extraversion"": 0.65625, ""conscientiousness"": 0.6388888888888888, ""neuroticism"": 0.4375}"
as_loglik,neuroticism,low,bfi_40,openness,False,4,4,True,"{""openness"": 0.7, ""agreeableness"": 0.6388888888888888, ""extraversion"": 0.65625, ""conscientiousness"": 0.6388888888888888, ""neuroticism"": 0.4375}"
as_loglik,neuroticism,low,bfi_41,openness,True,3,3,True,"{""openness"": 0.7, ""agreeableness"": 0.6388888888888888, ""extraversion"": 0.65625, ""conscientiousness"": 0.6388888888888888, ""neuroticism"": 0.4375}"
as_loglik,neuroticism,low,bfi_42,agreeableness,False,4,4,True,"{""openness"": 0.7, ""agreeableness"": 0.6388888888888888, ""extraversion"": 0.65625, ""conscientiousness"": 0.6388888888888888, ""neuroticism"": 0.4375}"
as_loglik,neuroticism,low,bfi_43,conscientiousness,True,3,3,True,"{""openness"": 0.7, ""agreeableness"": 0.6388888888888888, ""extraversion"": 0.65625, ""conscientiousness"": 0.6388888888888888, ""neuroticism"": 0.4375}"
as_loglik,neuroticism,low,bfi_44,openness,False,4,4,True,"{""openness"": 0.7, ""agreeableness"": 0.6388888888888888, ""extraversion"": 0.65625, ""conscientiousness"": 0.6388888888888888, ""neuroticism"": 0.4375}"
as_loglik,openness,high,bfi_01,extraversion,False,4,4,True,"{""openness"": 0.7, ""agreeableness"": 0.5833333333333334, ""extraversion"": 0.6875, ""conscientiousness"": 0.6111111111111112, ""neuroticism"": 0.5}"
as_loglik,openness,high,bfi_02,agreeableness,True,4,4,True,"{""openness"": 0.7, ""agreeableness"": 0.5833333333333334, ""extraversion"": 0.6875, ""conscientiousness"": 0.6111111111111112, ""neuroticism"": 0.5}"
as_loglik,openness,high,bfi_03,conscientiousness,False,4,4,True,"{""openness"": 0.7, ""agreeableness"": 0.5833333333333334, ""extraversion"": 0.6875, ""conscientiousness"": 0.6111111111111112, ""neuroticism"": 0.5}"
as_loglik,openness,high,bfi_04,neuroticism,False,3,3,True,"{""openness"": 0.7, ""agreeableness"": 0.5833333333333334, ""extraversion"": 0.6875, ""conscientiousness"": 0.6111111111111112, ""neuroticism"": 0.5}"
as_loglik,openness,high,bfi_05,openness,False,4,4,True,"{""openness"": 0.7, ""agreeableness"": 0.5833333333333334, ""extraversion"": 0.6875, ""conscientiousness"": 0.6111111111111112, ""neuroticism"": 0.5}"
as_loglik,openness,high,bfi_06,extraversion,True,2,2,True,"{""openness"": 0.7, ""agreeableness"": 0.5833333333333334, ""extraversion"": 0.6875, ""conscientiousness"": 0.6111111111111112, ""neuroticism"": 0.5}"
as_loglik,openness,high,bfi_07,agreeableness,False,4,4,True,"{""openness"": 0.7, ""agreeableness"": 0.5833333333333334, ""extraversion"": 0.6875, ""conscientiousness"": 0.6111111111111112, ""neuroticism"": 0.5}"
as_loglik,openness,high,bfi_08,conscientiousness,True,4,4,True,"{""openness"": 0.7, ""agreeableness"": 0.5833333333333334, ""extraversion"": 0.6875, ""conscientiousness"": 0.6111111111111112, ""neuroticism"": 0.5}"
as_loglik,openness,high,bfi_09,neuroticism,True,4,4,True,"{""openness"": 0.7, ""agreeableness"": 0.5833333333333334, ""extraversion"": 0.6875, ""conscientiousness"": 0.6111111111111112, ""neuroticism"": 0.5}"
as_loglik,openness,high,bfi_10,openness,False,4,4,True,"{""openness"": 0.7, ""agreeableness"": 0.5833333333333334, ""extraversion"": 0.6875, ""conscientiousness"": 0.6111111111111112, ""neuroticism"": 0.5}"
as_loglik,openness,high,bfi_11,extraversion,False,4,4,True,"{""openness"": 0.7, ""agreeableness"": 0.5833333333333334, ""extraversion"": 0.6875, ""conscientiousness"": 0.6111111111111112, ""neuroticism"": 0.5}"
as_loglik,openness,high,bfi_12,agreeableness,True,4,4,True,"{""openness"": 0.7, ""agreeableness"": 0.5833333333333334, ""extraversion"": 0.6875, ""conscientiousness"": 0.6111111111111112, ""neuroticism"": 0.5}"
as_loglik,openness,high,bfi_13,conscientiousness,False,4,4,True,"{""openness"": 0.7, ""agreeableness"": 0.5833333333333334, ""extraversion"": 0.6875, ""conscientiousness"": 0.6111111111111112, ""neuroticism"": 0.5}"
as_loglik,openness,high,bfi_14,neuroticism,False,3,3,True,"{""openness"": 0.7, ""agreeableness"": 0.5833333333333334, ""extraversion"": 0.6875, ""conscientiousness"": 0.6111111111111112, ""neuroticism"": 0.5}"
as_loglik,openness,high,bfi_15,openness,False,4,4,True,"{""openness"": 0.7, ""agreeableness"": 0.5833333333333334, ""extraversion"": 0.6875, ""conscientiousness"": 0.6111111111111112, ""neuroticism"": 0.5}"
as_loglik,openness,high,bfi_16,extraversion,False,4,4,True,"{""openness"": 0.7, ""agreeableness"": 0.5833333333333334, ""extraversion"": 0.6875, ""conscientiousness"": 0.6111111111111112, ""neuroticism"": 0.5}"
as_loglik,openness,high,bfi_17,agreeableness,False,4,4,True,"{""openness"": 0.7, ""agreeableness"": 0.5833333333333334, ""extraversion"": 0.6875, ""conscientiousness"": 0.6111111111111112, ""neuroticism"": 0.5}"
as_loglik,openness,high,bfi_18,conscientiousness,True,3,3,True,"{""openness"": 0.7, ""agreeableness"": 0.5833333333333334, ""extraversion"": 0.6875, ""conscientiousness"": 0.6111111111111112, ""neuroticism"": 0.5}"
as_loglik,openness,high,bfi_19,neuroticism,False,4,4,True,"{""openness"": 0.7, ""agreeableness"": 0.5833333333333334, ""extraversion"": 0.6875, ""conscientiousness"": 0.6111111111111112, ""neuroticism"": 0.5}"
as_loglik,openness,high,bfi_20,openness,False,4,4,True,"{""openness"": 0.7, ""agreeableness"": 0.5833333333333334, ""extraversion"": 0.6875, ""conscientiousness"": 0.6111111111111112, ""neuroticism"": 0.5}"
as_loglik,openness,high,bfi_21,extraversion,True,3,3,True,"{""openness"": 0.7, ""agreeableness"": 0.5833333333333334, ""extraversion"": 0.6875, ""conscientiousness"": 0.6111111111111112, ""neuroticism"": 0.5}"
as_loglik,openness,high,bfi_22,agreeableness,False,4,4,True,"{""openness"": 0.7, ""agreeableness"": 0.5833333333333334, ""extraversion"": 0.6875, ""conscientiousness"": 0.6111111111111112, ""neuroticism"": 0.5}"
as_loglik,openness,high,bfi_23,conscientiousness,True,3,3,True,"{""openness"": 0.7, ""agreeableness"": 0.5833333333333334, ""extraversion"": 0.6875, ""conscientiousness"": 0.6111111111111112, ""neuroticism"": 0.5}"
as_loglik,openness,high,bfi_24,neuroticism,True,4,4,True,"{""openness"": 0.7, ""agreeableness"": 0.5833333333333334, ""extraversion"": 0.6875, ""conscientiousness"": 0.6111111111111112, ""neuroticism"": 0.5}"
as_loglik,openness,high,bfi_25,openness,False,4,4,True,"{""openness"": 0.7, ""agreeableness"": 0.5833333333333334, ""extraversion"": 0.6875, ""conscientiousness"": 0.6111111111111112, ""neuroticism"": 0.5}"
as_loglik,openness,high,bfi_26,extraversion,False,4,4,True,"{""openness"": 0.7, ""agreeableness"": 0.5833333333333334, ""extraversion"": 0.6875, ""conscientiousness"": 0.6111111111111112, ""neuroticism"": 0.5}"
as_loglik,openness,high,bfi_27,agreeableness,True,3,3,True,"{""openness"": 0.7, ""agreeableness"": 0.5833333333333334, ""extraversion"": 0.6875, ""conscientiousness"": 0.6111111111111112, ""neuroticism"": 0.5}"
as_loglik,openness,high,bfi_28,conscientiousness,False,4,4,True,"{""openness"": 0.7, ""agreeableness"": 0.5833333333333334, ""extraversion"": 0.6875, ""conscientiousness"": 0.6111111111111112, ""neuroticism"": 0.5}"
as_loglik,openness,high,bfi_29,neuroticism,False,4,4,True,"{""openness"": 0.7, ""agreeableness"": 0.5833333333333334, ""extraversion"": 0.6875, ""conscientiousness"": 0.6111111111111112, ""neuroticism"": 0.5}"
as_loglik,openness,high,bfi_30,openness,False,4,4,True,"{""openness"": 0.7, ""agreeableness"": 0.5833333333333334, ""extraversion"": 0.6875, ""conscientiousness"": 0.6111111111111112, ""neuroticism"": 0.5}"
as_loglik,openness,high,bfi_31,extraversion,True,3,3,True,"{""openness"": 0.7, ""agreeableness"": 0.5833333333333334, ""extraversion"": 0.6875, ""conscientiousness"": 0.6111111111111112, ""neuroticism"": 0.5}"
as_loglik,openness,high,bfi_32,agreeableness,False,4,4,True,"{""openness"": 0.7, ""agreeableness"": 0.5833333333333334, ""extraversion"": 0.6875, ""conscientiousness"": 0.6111111111111112, ""neuroticism"": 0.5}"
as_loglik,openness,high,bfi_33,conscientiousness,False,4,4,True,"{""openness"": 0.7, ""agreeableness"": 0.5833333333333334, ""extraversion"": 0.6875, ""conscientiousness"": 0.6111111111111112, ""neuroticism"": 0.5}"
as_loglik,openness,high,bfi_34,neuroticism,True,4,4,True,"{""openness"": 0.7, ""agreeableness"": 0.5833333333333334, ""extraversion"": 0.6875, ""conscientiousness"": 0.6111111111111112, ""neuroticism"": 0.5}"
as_loglik,openness,high,bfi_35,openness,True,3,3,True,"{""openness"": 0.7, ""agreeableness"": 0.5833333333333334, ""extraversion"": 0.6875, ""conscientiousness"": 0.6111111111111112, ""neuroticism"": 0.5}"
as_loglik,openness,high,bfi_36,extraversion,False,4,4,True,"{""openness"": 0.7, ""agreeableness"": 0.5833333333333334, ""extraversion"": 0.6875, ""conscientiousness"": 0.6111111111111112, ""neuroticism"": 0.5}"
as_loglik,openness,high,bfi_37,agreeableness,True,3,3,True,"{""openness"": 0.7, ""agreeableness"": 0.5833333333333334, ""extraversion"": 0.6875, ""conscientiousness"": 0.6111111111111112, ""neuroticism"": 0.5}"
as_loglik,openness,high,bfi_38,conscientiousness,False,4,4,True,"{""openness"": 0.7, ""agreeableness"": 0.5833333333333334, ""extraversion"": 0.6875, ""conscientiousness"": 0.6111111111111112, ""neuroticism"": 0.5}"
as_loglik,openness,high,bfi_39,neuroticism,False,4,4,True,"{""openness"": 0.7, ""agreeableness"": 0.5833333333333334, ""extraversion"": 0.6875, ""conscientiousness"": 0.6111111111111112, ""neuroticism"": 0.5}"
as_loglik,openness,high,bfi_40,openness,False,4,4,True,"{""openness"": 0.7, ""agreeableness"": 0.5833333333333334, ""extraversion"": 0.6875, ""conscientiousness"": 0.6111111111111112, ""neuroticism"": 0.5}"
as_loglik,openness,high,bfi_41,openness,True,3,3,True,"{""openness"": 0.7, ""agreeableness"": 0.5833333333333334, ""extraversion"": 0.6875, ""conscientiousness"": 0.6111111111111112, ""neuroticism"": 0.5}"
as_loglik,openness,high,bfi_42,agreeableness,False,4,4,True,"{""openness"": 0.7, ""agreeableness"": 0.5833333333333334, ""extraversion"": 0.6875, ""conscientiousness"": 0.6111111111111112, ""neuroticism"": 0.5}"
as_loglik,openness,high,bfi_43,conscientiousness,True,3,3,True,"{""openness"": 0.7, ""agreeableness"": 0.5833333333333334, ""extraversion"": 0.6875, ""conscientiousness"": 0.6111111111111112, ""neuroticism"": 0.5}"
as_loglik,openness,high,bfi_44,openness,False,4,4,True,"{""openness"": 0.7, ""agreeableness"": 0.5833333333333334, ""extraversion"": 0.6875, ""conscientiousness"": 0.6111111111111112, ""neuroticism"": 0.5}"
as_loglik,openness,low,bfi_01,extraversion,False,3,3,True,"{""openness"": 0.5, ""agreeableness"": 0.5277777777777778, ""extraversion"": 0.53125, ""conscientiousness"": 0.5277777777777778, ""neuroticism"": 0.46875}"
as_loglik,openness,low,bfi_02,agreeableness,True,3,3,True,"{""openness"": 0.5, ""agreeableness"": 0.5277777777777778, ""extraversion"": 0.53125, ""conscientiousness"": 0.5277777777777778, ""neuroticism"": 0.46875}"
as_loglik,openness,low,bfi_03,conscientiousness,False,3,3,True,"{""openness"": 0.5, ""agreeableness"": 0.5277777777777778, ""extraversion"": 0.53125, ""conscientiousness"": 0.5277777777777778, ""neuroticism"": 0.46875}"
as_loglik,openness,low,bfi_04,neuroticism,False,3,3,True,"{""openness"": 0.5, ""agreeableness"": 0.5277777777777778, ""extraversion"": 0.53125, ""conscientiousness"": 0.5277777777777778, ""neuroticism"": 0.46875}"
as_loglik,openness,low,bfi_05,openness,False,3,3,True,"{""openness"": 0.5, ""agreeableness"": 0.5277777777777778, ""extraversion"": 0.53125, ""conscientiousness"": 0.5277777777777778, ""neuroticism"": 0.46875}"
as_loglik,openness,low,bfi_06,extraversion,True,3,3,True,"{""openness"": 0.5, ""agreeableness"": 0.5277777777777778, ""extraversion"": 0.53125, ""conscientiousness"": 0.5277777777777778, ""neuroticism"": 0.46875}"
as_loglik,openness,low,bfi_07,agreeableness,False,4,4,True,"{""openness"": 0.5, ""agreeableness"": 0.5277777777777778, ""extraversion"": 0.53125, ""conscientiousness"": 0.5277777777777778, ""neuroticism"": 0.46875}"
as_loglik,openness,low,bfi_08,conscientiousness,True,3,3,True,"{""openness"": 0.5, ""agreeableness"": 0.5277777777777778, ""extraversion"": 0.53125, ""conscientiousness"": 0.5277777777777778, ""neuroticism"": 0.46875}"
as_loglik,openness,low,bfi_09,neuroticism,True,3,3,True,"{""openness"": 0.5, ""agreeableness"": 0.5277777777777778, ""extraversion"": 0.53125, ""conscientiousness"": 0.5277777777777778, ""neuroticism"": 0.46875}"
as_loglik,openness,low,bfi_10,openness,False,3,3,True,"{""openness"": 0.5, ""agreeableness"": 0.5277777777777778, ""extraversion"": 0.53125, ""conscientiousness"": 0.5277777777777778, ""neuroticism"": 0.46875}"
as_loglik,openness,low,bfi_11,extraversion,False,3,3,True,"{""openness"": 0.5, ""agreeableness"": 0.5277777777777778, ""extraversion"": 0.53125, ""conscientiousness"": 0.5277777777777778, ""neuroticism"": 0.46875}"
as_loglik,openness,low,bfi_12,agreeableness,True,3,3,True,"{""openness"": 0.5, ""agreeableness"": 0.5277777777777778, ""extraversion"": 0.53125, ""conscientiousness"": 0.5277777777777778, ""neuroticism"": 0.46875}"
as_loglik,openness,low,bfi_13,conscientiousness,False,3,3,True,"{""openness"": 0.5, ""agreeableness"": 0.5277777777777778, ""extraversion"": 0.53125, ""conscientiousness"": 0.5277777777777778, ""neuroticism"": 0.46875}"
as_loglik,openness,low,bfi_14,neuroticism,False,3,3,True,"{""openness"": 0.5, ""agreeableness"": 0.5277777777777778, ""extraversion"": 0.53125, ""conscientiousness"": 0.5277777777777778, ""neuroticism"": 0.46875}"
as_loglik,openness,low,bfi_15,openness,False,3,3,True,"{""openness"": 0.5, ""agreeableness"": 0.5277777777777778, ""extraversion"": 0.53125, ""conscientiousness"": 0.5277777777777778, ""neuroticism"": 0.46875}"
as_loglik,openness,low,bfi_16,extraversion,False,3,3,True,"{""openness"": 0.5, ""agreeableness"": 0.5277777777777778, ""extraversion"": 0.53125, ""conscientiousness"": 0.5277777777777778, ""neuroticism"": 0.46875}"
as_loglik,openness,low,bfi_17,agreeableness,False,3,3,True,"{""openness"": 0.5, ""agreeableness"": 0.5277777777777778, ""extraversion"": 0.53125, ""conscientiousness"": 0.5277777777777778, ""neuroticism"": 0.46875}"
as_loglik,openness,low,bfi_18,conscientiousness,True,3,3,True,"{""openness"": 0.5, ""agreeableness"": 0.5277777777777778, ""extraversion"": 0.53125, ""conscientiousness"": 0.5277777777777778, ""neuroticism"": 0.46875}"
as_loglik,openness,low,bfi_19,neuroticism,False,3,3,True,"{""openness"": 0.5, ""agreeableness"": 0.5277777777777778, ""extraversion"": 0.53125, ""conscientiousness"": 0.5277777777777778, ""neuroticism"": 0.46875}"
as_loglik,openness,low,bfi_20,openness,False,3,3,True,"{""openness"": 0.5, ""agreeableness"": 0.5277777777777778, ""extraversion"": 0.53125, ""conscientiousness"": 0.5277777777777778, ""neuroticism"": 0.46875}"
as_loglik,openness,low,bfi_21,extraversion,True,3,3,True,"{""openness"": 0.5, ""agreeableness"": 0.5277777777777778, ""extraversion"": 0.53125, ""conscientiousness"": 0.5277777777777778, ""neuroticism"": 0.46875}"
as_loglik,openness,low,bfi_22,agreeableness,False,3,3,True,"{""openness"": 0.5, ""agreeableness"": 0.5277777777777778, ""extraversion"": 0.53125, ""conscientiousness"": 0.5277777777777778, ""neuroticism"": 0.46875}"
as_loglik,openness,low,bfi_23,conscientiousness,True,3,3,True,"{""openness"": 0.5, ""agreeableness"": 0.5277777777777778, ""extraversion"": 0.53125, ""conscientiousness"": 0.5277777777777778, ""neuroticism"": 0.46875}"
as_loglik,openness,low,bfi_24,neuroticism,True,4,4,True,"{""openness"": 0.5, ""agreeableness"": 0.5277777777777778, ""extraversion"": 0.53125, ""conscientiousness"": 0.5277777777777778, ""neuroticism"": 0.46875}"
as_loglik,openness,low,bfi_25,openness,False,3,3,True,"{""openness"": 0.5, ""agreeableness"": 0.5277777777777778, ""extraversion"": 0.53125, ""conscientiousness"": 0.5277777777777778, ""neuroticism"": 0.46875}"
as_loglik,openness,low,bfi_26,extraversion,False,4,4,True,"{""openness"": 0.5, ""agreeableness"": 0.5277777777777778, ""extraversion"": 0.53125, ""conscientiousness"": 0.5277777777777778, ""neuroticism"": 0.46875}"
as_loglik,openness,low,bfi_27,agreeableness,True,3,3,True,"{""openness"": 0.5, ""agreeableness"": 0.5277777777777778, ""extraversion"": 0.53125, ""conscientiousness"": 0.5277777777777778, ""neuroticism"": 0.46875}"
as_loglik,openness,low,bfi_28,conscientiousness,False,4,4,True,"{""openness"": 0.5, ""agreeableness"": 0.5277777777777778, ""extraversion"": 0.53125, ""conscientiousness"": 0.5277777777777778, ""neuroticism"": 0.46875}"
as_loglik,openness,low,bfi_29,neuroticism,False,3,3,True,"{""openness"": 0.5, ""agreeableness"": 0.5277777777777778, ""extraversion"": 0.53125, ""conscientiousness"": 0.5277777777777778, ""neuroticism"": 0.46875}"
as_loglik,openness,low,bfi_30,openness,False,3,3,True,"{""openness"": 0.5, ""agreeableness"": 0.5277777777777778, ""extraversion"": 0.53125, ""conscientiousness"": 0.5277777777777778, ""neuroticism"": 0.46875}"
as_loglik,openness,low,bfi_31,extraversion,True,3,3,True,"{""openness"": 0.5, ""agreeableness"": 0.5277777777777778, ""extraversion"": 0.53125, ""conscientiousness"": 0.5277777777777778, ""neuroticism"": 0.46875}"
as_loglik,openness,low,bfi_32,agreeableness,False,3,3,True,"{""openness"": 0.5, ""agreeableness"": 0.5277777777777778, ""extraversion"": 0.53125, ""conscientiousness"": 0.5277777777777778, ""neuroticism"": 0.46875}"
as_loglik,openness,low,bfi_33,conscientiousness,False,3,3,True,"{""openness"": 0.5, ""agreeableness"": 0.5277777777777778, ""extraversion"": 0.53125, ""conscientiousness"": 0.5277777777777778, ""neuroticism"": 0.46875}"
as_loglik,openness,low,bfi_34,neuroticism,True,3,3,True,"{""openness"": 0.5, ""agreeableness"": 0.5277777777777778, ""extraversion"": 0.53125, ""conscientiousness"": 0.5277777777777778, ""neuroticism"": 0.46875}"
as_loglik,openness,low,bfi_35,openness,True,3,3,True,"{""openness"": 0.5, ""agreeableness"": 0.5277777777777778, ""extraversion"": 0.53125, ""conscientiousness"": 0.5277777777777778, ""neuroticism"": 0.46875}"
as_loglik,openness,low,bfi_36,extraversion,False,3,3,True,"{""openness"": 0.5, ""agreeableness"": 0.5277777777777778, ""extraversion"": 0.53125, ""conscientiousness"": 0.5277777777777778, ""neuroticism"": 0.46875}"
as_loglik,openness,low,bfi_37,agreeableness,True,3,3,True,"{""openness"": 0.5, ""agreeableness"": 0.5277777777777778, ""extraversion"": 0.53125, ""conscientiousness"": 0.5277777777777778, ""neuroticism"": 0.46875}"
as_loglik,openness,low,bfi_38,conscientiousness,False,3,3,True,"{""openness"": 0.5, ""agreeableness"": 0.5277777777777778, ""extraversion"": 0.53125, ""conscientiousness"": 0.5277777777777778, ""neuroticism"": 0.46875}"
as_loglik,openness,low,bfi_39,neuroticism,False,3,3,True,"{""openness"": 0.5, ""agreeableness"": 0.5277777777777778, ""extraversion"": 0.53125, ""conscientiousness"": 0.5277777777777778, ""neuroticism"": 0.46875}"
as_loglik,openness,low,bfi_40,openness,False,3,3,True,"{""openness"": 0.5, ""agreeableness"": 0.5277777777777778, ""extraversion"": 0.53125, ""conscientiousness"": 0.5277777777777778, ""neuroticism"": 0.46875}"
as_loglik,openness,low,bfi_41,openness,True,3,3,True,"{""openness"": 0.5, ""agreeableness"": 0.5277777777777778, ""extraversion"": 0.53125, ""conscientiousness"": 0.5277777777777778, ""neuroticism"": 0.46875}"
as_loglik,openness,low,bfi_42,agreeableness,False,3,3,True,"{""openness"": 0.5, ""agreeableness"": 0.5277777777777778, ""extraversion"": 0.53125, ""conscientiousness"": 0.5277777777777778, ""neuroticism"": 0.46875}"
as_loglik,openness,low,bfi_43,conscientiousness,True,3,3,True,"{""openness"": 0.5, ""agreeableness"": 0.5277777777777778, ""extraversion"": 0.53125, ""conscientiousness"": 0.5277777777777778, ""neuroticism"": 0.46875}"
as_loglik,openness,low,bfi_44,openness,False,3,3,True,"{""openness"": 0.5, ""agreeableness"": 0.5277777777777778, ""extraversion"": 0.53125, ""conscientiousness"": 0.5277777777777778, ""neuroticism"": 0.46875}"
as_loglik,extraversion,high,bfi_01,extraversion,False,4,4,True,"{""openness"": 0.7, ""agreeableness"": 0.6388888888888888, ""extraversion"": 0.65625, ""conscientiousness"": 0.6388888888888888, ""neuroticism"": 0.4375}"
as_loglik,extraversion,high,bfi_02,agreeableness,True,3,3,True,"{""openness"": 0.7, ""agreeableness"": 0.6388888888888888, ""extraversion"": 0.65625, ""conscientiousness"": 0.6388888888888888, ""neuroticism"": 0.4375}"
as_loglik,extraversion,high,bfi_03,conscientiousness,False,4,4,True,"{""openness"": 0.7, ""agreeableness"": 0.6388888888888888, ""extraversion"": 0.65625, ""conscientiousness"": 0.6388888888888888, ""neuroticism"": 0.4375}"
as_loglik,extraversion,high,bfi_04,neuroticism,False,1,1,True,"{""openness"": 0.7, ""agreeableness"": 0.6388888888888888, ""extraversion"": 0.65625, ""conscientiousness"": 0.6388888888888888, ""neuroticism"": 0.4375}"
as_loglik,extraversion,high,bfi_05,openness,False,4,4,True,"{""openness"": 0.7, ""agreeableness"": 0.6388888888888888, ""extraversion"": 0.65625, ""conscientiousness"": 0.6388888888888888, ""neuroticism"": 0.4375}"
as_loglik,extraversion,high,bfi_06,extraversion,True,3,3,True,"{""openness"": 0.7, ""agreeableness"": 0.6388888888888888, ""extraversion"": 0.65625, ""conscientiousness"": 0.6388888888888888, ""neuroticism"": 0.4375}"
as_loglik,extraversion,high,bfi_07,agreeableness,False,4,4,True,"{""openness"": 0.7, ""agreeableness"": 0.6388888888888888, ""extraversion"": 0.65625, ""conscientiousness"": 0.6388888888888888, ""neuroticism"": 0.4375}"
as_loglik,extraversion,high,bfi_08,conscientiousness,True,3,3,True,"{""openness"": 0.7, ""agreeableness"": 0.6388888888888888, ""extraversion"": 0.65625, ""conscientiousness"": 0.6388888888888888, ""neuroticism"": 0.4375}"
as_loglik,extraversion,high,bfi_09,neuroticism,True,4,4,True,"{""openness"": 0.7, ""agreeableness"": 0.6388888888888888, ""extraversion"": 0.65625, ""conscientiousness"": 0.6388888888888888, ""neuroticism"": 0.4375}"
as_loglik,extraversion,high,bfi_10,openness,False,4,4,True,"{""openness"": 0.7, ""agreeableness"": 0.6388888888888888, ""extraversion"": 0.65625, ""conscientiousness"": 0.6388888888888888, ""neuroticism"": 0.4375}"
as_loglik,extraversion,high,bfi_11,extraversion,False,4,4,True,"{""openness"": 0.7, ""agreeableness"": 0.6388888888888888, ""extraversion"": 0.65625, ""conscientiousness"": 0.6388888888888888, ""neuroticism"": 0.4375}"
as_loglik,extraversion,high,bfi_12,agreeableness,True,3,3,True,"{""openness"": 0.7, ""agreeableness"": 0.6388888888888888, ""extraversion"": 0.65625, ""conscientiousness"": 0.6388888888888888, ""neuroticism"": 0.4375}"
as_loglik,extraversion,high,bfi_13,conscientiousness,False,4,4,True,"{""openness"": 0.7, ""agreeableness"": 0.6388888888888888, ""extraversion"": 0.65625, ""conscientiousness"": 0.6388888888888888, ""neuroticism"": 0.4375}"
as_loglik,extraversion,high,bfi_14,neuroticism,False,3,3,True,"{""openness"": 0.7, ""agreeableness"": 0.6388888888888888, ""extraversion"": 0.65625, ""conscientiousness"": 0.6388888888888888, ""neuroticism"": 0.4375}"
as_loglik,extraversion,high,bfi_15,openness,False,4,4,True,"{""openness"": 0.7, ""agreeableness"": 0.6388888888888888, ""extraversion"": 0.65625, ""conscientiousness"": 0.6388888888888888, ""neuroticism"": 0.4375}"
as_loglik,extraversion,high,bfi_16,extraversion,False,4,4,True,"{""openness"": 0.7, ""agreeableness"": 0.6388888888888888, ""extraversion"": 0.65625, ""conscientiousness"": 0.6388888888888888, ""neuroticism"": 0.4375}"
as_loglik,extraversion,high,bfi_17,agreeableness,False,4,4,True,"{""openness"": 0.7, ""agreeableness"": 0.6388888888888888, ""extraversion"": 0.65625, ""conscientiousness"": 0.6388888888888888, ""neuroticism"": 0.4375}"
as_loglik,extraversion,high,bfi_18,conscientiousness,True,3,3,True,"{""openness"": 0.7, ""agreeableness"": 0.6388888888888888, ""extraversion"": 0.65625, ""conscientiousness"": 0.6388888888888888, ""neuroticism"": 0.4375}"
as_loglik,extraversion,high,bfi_19,neuroticism,False,4,4,True,"{""openness"": 0.7, ""agreeableness"": 0.6388888888888888, ""extraversion"": 0.65625, ""conscientiousness"": 0.6388888888888888, ""neuroticism"": 0.4375}"
as_loglik,extraversion,high,bfi_20,openness,False,4,4,True,"{""openness"": 0.7, ""agreeableness"": 0.6388888888888888, ""extraversion"": 0.65625, ""conscientiousness"": 0.6388888888888888, ""neuroticism"": 0.4375}"
as_loglik,extraversion,high,bfi_21,extraversion,True,3,3,True,"{""openness"": 0.7, ""agreeableness"": 0.6388888888888888, ""extraversion"": 0.65625, ""conscientiousness"": 0.6388888888888888, ""neuroticism"": 0.4375}"
as_loglik,extraversion,high,bfi_22,agreeableness,False,4,4,True,"{""openness"": 0.7, ""agreeableness"": 0.6388888888888888, ""extraversion"": 0.65625, ""conscientiousness"": 0.6388888888888888, ""neuroticism"": 0.4375}"
as_loglik,extraversion,high,bfi_23,conscientiousness,True,3,3,True,"{""openness"": 0.7, ""agreeableness"": 0.6388888888888888, ""extraversion"": 0.65625, ""conscientiousness"": 0.6388888888888888, ""neuroticism"": 0.4375}"
as_loglik,extraversion,high,bfi_24,neuroticism,True,4,4,True,"{""openness"": 0.7, ""agreeableness"": 0.6388888888888888, ""extraversion"": 0.65625, ""conscientiousness"": 0.6388888888888888, ""neuroticism"": 0.4375}"
as_loglik,extraversion,high,bfi_25,openness,False,4,4,True,"{""openness"": 0.7, ""agreeableness"": 0.6388888888888888, ""extraversion"": 0.65625, ""conscientiousness"": 0.6388888888888888, ""neuroticism"": 0.4375}"
as_loglik,extraversion,high,bfi_26,extraversion,False,4,4,True,"{""openness"": 0.7, ""agreeableness"": 0.6388888888888888, ""extraversion"": 0.65625, ""conscientiousness"": 0.6388888888888888, ""neuroticism"": 0.4375}"
as_loglik,extraversion,high,bfi_27,agreeableness,True,3,3,True,"{""openness"": 0.7, ""agreeableness"": 0.6388888888888888, ""extraversion"": 0.65625, ""conscientiousness"": 0.6388888888888888, ""neuroticism"": 0.4375}"
as_loglik,extraversion,high,bfi_28,conscientiousness,False,4,4,True,"{""openness"": 0.7, ""agreeableness"": 0.6388888888888888, ""extraversion"": 0.65625, ""conscientiousness"": 0.6388888888888888, ""neuroticism"": 0.4375}"
as_loglik,extraversion,high,bfi_29,neuroticism,False,4,4,True,"{""openness"": 0.7, ""agreeableness"": 0.6388888888888888, ""extraversion"": 0.65625, ""conscientiousness"": 0.6388888888888888, ""neuroticism"": 0.4375}"
as_loglik,extraversion,high,bfi_30,openness,False,4,4,True,"{""openness"": 0.7, ""agreeableness"": 0.6388888888888888, ""extraversion"": 0.65625, ""conscientiousness"": 0.6388888888888888, ""neuroticism"": 0.4375}"
as_loglik,extraversion,high,bfi_31,extraversion,True,3,3,True,"{""openness"": 0.7, ""agreeableness"": 0.6388888888888888, ""extraversion"": 0.65625, ""conscientiousness"": 0.6388888888888888, ""neuroticism"": 0.4375}"
as_loglik,extraversion,high,bfi_32,agreeableness,False,4,4,True,"{""openness"": 0.7, ""agreeableness"": 0.6388888888888888, ""extraversion"": 0.65625, ""conscientiousness"": 0.6388888888888888, ""neuroticism"": 0.4375}"
as_loglik,extraversion,high,bfi_33,conscientiousness,False,4,4,True,"{""openness"": 0.7, ""agreeableness"": 0.6388888888888888, ""extraversion"": 0.65625, ""conscientiousness"": 0.6388888888888888, ""neuroticism"": 0.4375}"
as_loglik,extraversion,high,bfi_34,neuroticism,True,4,4,True,"{""openness"": 0.7, ""agreeableness"": 0.6388888888888888, ""extraversion"": 0.65625, ""conscientiousness"": 0.6388888888888888, ""neuroticism"": 0.4375}"
as_loglik,extraversion,high,bfi_35,openness,True,3,3,True,"{""openness"": 0.7, ""agreeableness"": 0.6388888888888888, ""extraversion"": 0.65625, ""conscientiousness"": 0.6388888888888888, ""neuroticism"": 0.4375}"
as_loglik,extraversion,high,bfi_36,extraversion,False,4,4,True,"{""openness"": 0.7, ""agreeableness"": 0.6388888888888888, ""extraversion"": 0.65625, ""conscientiousness"": 0.6388888888888888, ""neuroticism"": 0.4375}"
as_loglik,extraversion,high,bfi_37,agreeableness,True,3,3,True,"{""openness"": 0.7, ""agreeableness"": 0.6388888888888888, ""extraversion"": 0.65625, ""conscientiousness"": 0.6388888888888888, ""neuroticism"": 0.4375}"
as_loglik,extraversion,high,bfi_38,conscientiousness,False,4,4,True,"{""openness"": 0.7, ""agreeableness"": 0.6388888888888888, ""extraversion"": 0.65625, ""conscientiousness"": 0.6388888888888888, ""neuroticism"": 0.4375}"
as_loglik,extraversion,high,bfi_39,neuroticism,False,4,4,True,"{""openness"": 0.7, ""agreeableness"": 0.6388888888888888, ""extraversion"": 0.65625, ""conscientiousness"": 0.6388888888888888, ""neuroticism"": 0.4375}"
as_loglik,extraversion,high,bfi_40,openness,False,4,4,True,"{""openness"": 0.7, ""agreeableness"": 0.6388888888888888, ""extraversion"": 0.65625, ""conscientiousness"": 0.6388888888888888, ""neuroticism"": 0.4375}"
as_loglik,extraversion,high,bfi_41,openness,True,3,3,True,"{""openness"": 0.7, ""agreeableness"": 0.6388888888888888, ""extraversion"": 0.65625, ""conscientiousness"": 0.6388888888888888, ""neuroticism"": 0.4375}"
as_loglik,extraversion,high,bfi_42,agreeableness,False,4,4,True,"{""openness"": 0.7, ""agreeableness"": 0.6388888888888888, ""extraversion"": 0.65625, ""conscientiousness"": 0.6388888888888888, ""neuroticism"": 0.4375}"
as_loglik,extraversion,high,bfi_43,conscientiousness,True,3,3,True,"{""openness"": 0.7, ""agreeableness"": 0.6388888888888888, ""extraversion"": 0.65625, ""conscientiousness"": 0.6388888888888888, ""neuroticism"": 0.4375}"
as_loglik,extraversion,high,bfi_44,openness,False,4,4,True,"{""openness"": 0.7, ""agreeableness"": 0.6388888888888888, ""extraversion"": 0.65625, ""conscientiousness"": 0.6388888888888888, ""neuroticism"": 0.4375}"
as_loglik,extraversion,low,bfi_01,extraversion,False,3,3,True,"{""openness"": 0.55, ""agreeableness"": 0.5555555555555556, ""extraversion"": 0.5625, ""conscientiousness"": 0.5833333333333334, ""neuroticism"": 0.40625}"
as_loglik,extraversion,low,bfi_02,agreeableness,True,3,3,True,"{""openness"": 0.55, ""agreeableness"": 0.5555555555555556, ""extraversion"": 0.5625, ""conscientiousness"": 0.5833333333333334, ""neuroticism"": 0.40625}"
as_loglik,extraversion,low,bfi_03,conscientiousness,False,3,3,True,"{""openness"": 0.55, ""agreeableness"": 0.5555555555555556, ""extraversion"": 0.5625, ""conscientiousness"": 0.5833333333333334, ""neuroticism"": 0.40625}"
as_loglik,extraversion,low,bfi_04,neuroticism,False,3,3,True,"{""openness"": 0.55, ""agreeableness"": 0.5555555555555556, ""extraversion"": 0.5625, ""conscientiousness"": 0.5833333333333334, ""neuroticism"": 0.40625}"
as_loglik,extraversion,low,bfi_05,openness,False,3,3,True,"{""openness"": 0.55, ""agreeableness"": 0.5555555555555556, ""extraversion"": 0.5625, ""conscientiousness"": 0.5833333333333334, ""neuroticism"": 0.40625}"
as_loglik,extraversion,low,bfi_06,extraversion,True,3,3,True,"{""openness"": 0.55, ""agreeableness"": 0.5555555555555556, ""extraversion"": 0.5625, ""conscientiousness"": 0.5833333333333334, ""neuroticism"": 0.40625}"
as_loglik,extraversion,low,bfi_07,agreeableness,False,4,4,True,"{""openness"": 0.55, ""agreeableness"": 0.5555555555555556, ""extraversion"": 0.5625, ""conscientiousness"": 0.5833333333333334, ""neuroticism"": 0.40625}"
as_loglik,extraversion,low,bfi_08,conscientiousness,True,3,3,True,"{""openness"": 0.55, ""agreeableness"": 0.5555555555555556, ""extraversion"": 0.5625, ""conscientiousness"": 0.5833333333333334, ""neuroticism"": 0.40625}"
as_loglik,extraversion,low,bfi_09,neuroticism,True,4,4,True,"{""openness"": 0.55, ""agreeableness"": 0.5555555555555556, ""extraversion"": 0.5625, ""conscientiousness"": 0.5833333333333334, ""neuroticism"": 0.40625}"
as_loglik,extraversion,low,bfi_10,openness,False,4,4,True,"{""openness"": 0.55, ""agreeableness"": 0.5555555555555556, ""extraversion"": 0.5625, ""conscientiousness"": 0.5833333333333334, ""neuroticism"": 0.40625}"
as_loglik,extraversion,low,bfi_11,extraversion,False,3,3,True,"{""openness"": 0.55, ""agreeableness"": 0.5555555555555556, ""extraversion"": 0.5625, ""conscientiousness"": 0.5833333333333334, ""neuroticism"": 0.40625}"
as_loglik,extraversion,low,bfi_12,agreeableness,True,3,3,True,"{""openness"": 0.55, ""agreeableness"": 0.5555555555555556, ""extraversion"": 0.5625, ""conscientiousness"": 0.5833333333333334, ""neuroticism"": 0.40625}"
as_loglik,extraversion,low,bfi_13,conscientiousness,False,4,4,True,"{""openness"": 0.55, ""agreeableness"": 0.5555555555555556, ""extraversion"": 0.5625, ""conscientiousness"": 0.5833333333333334, ""neuroticism"": 0.40625}"
as_loglik,extraversion,low,bfi_14,neuroticism,False,3,3,True,"{""openness"": 0.55, ""agreeableness"": 0.5555555555555556, ""extraversion"": 0.5625, ""conscientiousness"": 0.5833333333333334, ""neuroticism"": 0.40625}"
as_loglik,extraversion,low,bfi_15,openness,False,3,3,True,"{""openness"": 0.55, ""agreeableness"": 0.5555555555555556, ""extraversion"": 0.5625, ""conscientiousness"": 0.5833333333333334, ""neuroticism"": 0.40625}"
as_loglik,extraversion,low,bfi_16,extraversion,False,3,3,True,"{""openness"": 0.55, ""agreeableness"": 0.5555555555555556, ""extraversion"": 0.5625, ""conscientiousness"": 0.5833333333333334, ""neuroticism"": 0.40625}"
as_loglik,extraversion,low,bfi_17,agreeableness,False,3,3,True,"{""openness"": 0.55, ""agreeableness"": 0.5555555555555556, ""extraversion"": 0.5625, ""conscientiousness"": 0.5833333333333334, ""neuroticism"": 0.40625}"
as_loglik,extraversion,low,bfi_18,conscientiousness,True,3,3,True,"{""openness"": 0.55, ""agreeableness"": 0.5555555555555556, ""extraversion"": 0.5625, ""conscientiousness"": 0.5833333333333334, ""neuroticism"": 0.40625}"
as_loglik,extraversion,low,bfi_19,neuroticism,False,3,3,True,"{""openness"": 0.55, ""agreeableness"": 0.5555555555555556, ""extraversion"": 0.5625, ""conscientiousness"": 0.5833333333333334, ""neuroticism"": 0.40625}"
as_loglik,extraversion,low,bfi_20,openness,False,4,4,True,"{""openness"": 0.55, ""agreeableness"": 0.5555555555555556, ""extraversion"": 0.5625, ""conscientiousness"": 0.5833333333333334, ""neuroticism"": 0.40625}"
as_loglik,extraversion,low,bfi_21,extraversion,True,3,3,True,"{""openness"": 0.55, ""agreeableness"": 0.5555555555555556, ""extraversion"": 0.5625, ""conscientiousness"": 0.5833333333333334, ""neuroticism"": 0.40625}"
as_loglik,extraversion,low,bfi_22,agreeableness,False,3,3,True,"{""openness"": 0.55, ""agreeableness"": 0.5555555555555556, ""extraversion"": 0.5625, ""conscientiousness"": 0.5833333333333334, ""neuroticism"": 0.40625}"
as_loglik,extraversion,low,bfi_23,conscientiousness,True,3,3,True,"{""openness"": 0.55, ""agreeableness"": 0.5555555555555556, ""extraversion"": 0.5625, ""conscientiousness"": 0.5833333333333334, ""neuroticism"": 0.40625}"
as_loglik,extraversion,low,bfi_24,neuroticism,True,4,4,True,"{""openness"": 0.55, ""agreeableness"": 0.5555555555555556, ""extraversion"": 0.5625, ""conscientiousness"": 0.5833333333333334, ""neuroticism"": 0.40625}"
as_loglik,extraversion,low,bfi_25,openness,False,3,3,True,"{""openness"": 0.55, ""agreeableness"": 0.5555555555555556, ""extraversion"": 0.5625, ""conscientiousness"": 0.5833333333333334, ""neuroticism"": 0.40625}"
as_loglik,extraversion,low,bfi_26,extraversion,False,4,4,True,"{""openness"": 0.55, ""agreeableness"": 0.5555555555555556, ""extraversion"": 0.5625, ""conscientiousness"": 0.5833333333333334, ""neuroticism"": 0.40625}"
as_loglik,extraversion,low,bfi_27,agreeableness,True,3,3,True,"{""openness"": 0.55, ""agreeableness"": 0.5555555555555556, ""extraversion"": 0.5625, ""conscientiousness"": 0.5833333333333334, ""neuroticism"": 0.40625}"
as_loglik,extraversion,low,bfi_28,conscientiousness,False,4,4,True,"{""openness"": 0.55, ""agreeableness"": 0.5555555555555556, ""extraversion"": 0.5625, ""conscientiousness"": 0.5833333333333334, ""neuroticism"": 0.40625}"
as_loglik,extraversion,low,bfi_29,neuroticism,False,3,3,True,"{""openness"": 0.55, ""agreeableness"": 0.5555555555555556, ""extraversion"": 0.5625, ""conscientiousness"": 0.5833333333333334, ""neuroticism"": 0.40625}"
as_loglik,extraversion,low,bfi_30,openness,False,3,3,True,"{""openness"": 0.55, ""agreeableness"": 0.5555555555555556, ""extraversion"": 0.5625, ""conscientiousness"": 0.5833333333333334, ""neuroticism"": 0.40625}"
as_loglik,extraversion,low,bfi_31,extraversion,True,3,3,True,"{""openness"": 0.55, ""agreeableness"": 0.5555555555555556, ""extraversion"": 0.5625, ""conscientiousness"": 0.5833333333333334, ""neuroticism"": 0.40625}"
as_loglik,extraversion,low,bfi_32,agreeableness,False,4,4,True,"{""openness"": 0.55, ""agreeableness"": 0.5555555555555556, ""extraversion"": 0.5625, ""conscientiousness"": 0.5833333333333334, ""neuroticism"": 0.40625}"
as_loglik,extraversion,low,bfi_33,conscientiousness,False,3,3,True,"{""openness"": 0.55, ""agreeableness"": 0.5555555555555556, ""extraversion"": 0.5625, ""conscientiousness"": 0.5833333333333334, ""neuroticism"": 0.40625}"
as_loglik,extraversion,low,bfi_34,neuroticism,True,4,4,True,"{""openness"": 0.55, ""agreeableness"": 0.5555555555555556, ""extraversion"": 0.5625, ""conscientiousness"": 0.5833333333333334, ""neuroticism"": 0.40625}"
as_loglik,extraversion,low,bfi_35,openness,True,3,3,True,"{""openness"": 0.55, ""agreeableness"": 0.5555555555555556, ""extraversion"": 0.5625, ""conscientiousness"": 0.5833333333333334, ""neuroticism"": 0.40625}"
as_loglik,extraversion,low,bfi_36,extraversion,False,4,4,True,"{""openness"": 0.55, ""agreeableness"": 0.5555555555555556, ""extraversion"": 0.5625, ""conscientiousness"": 0.5833333333333334, ""neuroticism"": 0.40625}"
as_loglik,extraversion,low,bfi_37,agreeableness,True,3,3,True,"{""openness"": 0.55, ""agreeableness"": 0.5555555555555556, ""extraversion"": 0.5625, ""conscientiousness"": 0.5833333333333334, ""neuroticism"": 0.40625}"
as_loglik,extraversion,low,bfi_38,conscientiousness,False,4,4,True,"{""openness"": 0.55, ""agreeableness"": 0.5555555555555556, ""extraversion"": 0.5625, ""conscientiousness"": 0.5833333333333334, ""neuroticism"": 0.40625}"
as_loglik,extraversion,low,bfi_39,neuroticism,False,3,3,True,"{""openness"": 0.55, ""agreeableness"": 0.5555555555555556, ""extraversion"": 0.5625, ""conscientiousness"": 0.5833333333333334, ""neuroticism"": 0.40625}"
as_loglik,extraversion,low,bfi_40,openness,False,3,3,True,"{""openness"": 0.55, ""agreeableness"": 0.5555555555555556, ""extraversion"": 0.5625, ""conscientiousness"": 0.5833333333333334, ""neuroticism"": 0.40625}"
as_loglik,extraversion,low,bfi_41,openness,True,3,3,True,"{""openness"": 0.55, ""agreeableness"": 0.5555555555555556, ""extraversion"": 0.5625, ""conscientiousness"": 0.5833333333333334, ""neuroticism"": 0.40625}"
as_loglik,extraversion,low,bfi_42,agreeableness,False,3,3,True,"{""openness"": 0.55, ""agreeableness"": 0.5555555555555556, ""extraversion"": 0.5625, ""conscientiousness"": 0.5833333333333334, ""neuroticism"": 0.40625}"
as_loglik,extraversion,low,bfi_43,conscientiousness,True,3,3,True,"{""openness"": 0.55, ""agreeableness"": 0.5555555555555556, ""extraversion"": 0.5625, ""conscientiousness"": 0.5833333333333334, ""neuroticism"": 0.40625}"
as_loglik,extraversion,low,bfi_44,openness,False,3,3,True,"{""openness"": 0.55, ""agreeableness"": 0.5555555555555556, ""extraversion"": 0.5625, ""conscientiousness"": 0.5833333333333334, ""neuroticism"": 0.40625}"
pas_final,agreeableness,high,bfi_01,extraversion,False,3,3,False,"{""openness"": 0.675, ""agreeableness"": 0.5555555555555556, ""extraversion"": 0.625, ""conscientiousness"": 0.5833333333333334, ""neuroticism"": 0.4375}"
pas_final,agreeableness,high,bfi_02,agreeableness,True,3,3,False,"{""openness"": 0.675, ""agreeableness"": 0.5555555555555556, ""extraversion"": 0.625, ""conscientiousness"": 0.5833333333333334, ""neuroticism"": 0.4375}"
pas_final,agreeableness,high,bfi_03,conscientiousness,False,3,3,False,"{""openness"": 0.675, ""agreeableness"": 0.5555555555555556, ""extraversion"": 0.625, ""conscientiousness"": 0.5833333333333334, ""neuroticism"": 0.4375}"
pas_final,agreeableness,high,bfi_04,neuroticism,False,3,3,False,"{""openness"": 0.675, ""agreeableness"": 0.5555555555555556, ""extraversion"": 0.625, ""conscientiousness"": 0.5833333333333334, ""neuroticism"": 0.4375}"
pas_final,agreeableness,high,bfi_05,openness,False,4,4,False,"{""openness"": 0.675, ""agreeableness"": 0.5555555555555556, ""extraversion"": 0.625, ""conscientiousness"": 0.5833333333333334, ""neuroticism"": 0.4375}"
pas_final,agreeableness,high,bfi_06,extraversion,True,3,3,False,"{""openness"": 0.675, ""agreeableness"": 0.5555555555555556, ""extraversion"": 0.625, ""conscientiousness"": 0.5833333333333334, ""neuroticism"": 0.4375}"
pas_final,agreeableness,high,bfi_07,agreeableness,False,4,4,False,"{""openness"": 0.675, ""agreeableness"": 0.5555555555555556, ""extraversion"": 0.625, ""conscientiousness"": 0.5833333333333334, ""neuroticism"": 0.4375}"
pas_final,agreeableness,high,bfi_08,conscientiousness,True,3,3,False,"{""openness"": 0.675, ""agreeableness"": 0.5555555555555556, ""extraversion"": 0.625, ""conscientiousness"": 0.5833333333333334, ""neuroticism"": 0.4375}"
pas_final,agreeableness,high,bfi_09,neuroticism,True,4,4,False,"{""openness"": 0.675, ""agreeableness"": 0.5555555555555556, ""extraversion"": 0.625, ""conscientiousness"": 0.5833333333333334, ""neuroticism"": 0.4375}"
pas_final,agreeableness,high,bfi_10,openness,False,4,4,False,"{""openness"": 0.675, ""agreeableness"": 0.5555555555555556, ""extraversion"": 0.625, ""conscientiousness"": 0.5833333333333334, ""neuroticism"": 0.4375}"
pas_final,agreeableness,high,bfi_11,extraversion,False,4,4,False,"{""openness"": 0.675, ""agreeableness"": 0.5555555555555556, ""extraversion"": 0.625, ""conscientiousness"": 0.5833333333333334, ""neuroticism"": 0.4375}"
pas_final,agreeableness,high,bfi_12,agreeableness,True,3,3,False,"{""openness"": 0.675, ""agreeableness"": 0.5555555555555556, ""extraversion"": 0.625, ""conscientiousness"": 0.5833333333333334, ""neuroticism"": 0.4375}"
pas_final,agreeableness,high,bfi_13,conscientiousness,False,4,4,False,"{""openness"": 0.675, ""agreeableness"": 0.5555555555555556, ""extraversion"": 0.625, ""conscientiousness"": 0.5833333333333334, ""neuroticism"": 0.4375}"
pas_final,agreeableness,high,bfi_14,neuroticism,False,3,3,False,"{""openness"": 0.675, ""agreeableness"": 0.5555555555555556, ""extraversion"": 0.625, ""conscientiousness"": 0.5833333333333334, ""neuroticism"": 0.4375}"
pas_final,agreeableness,high,bfi_15,openness,False,4,4,False,"{""openness"": 0.675, ""agreeableness"": 0.5555555555555556, ""extraversion"": 0.625, ""conscientiousness"": 0.5833333333333334, ""neuroticism"": 0.4375}"
pas_final,agreeableness,high,bfi_16,extraversion,False,4,4,False,"{""openness"": 0.675, ""agreeableness"": 0.5555555555555556, ""extraversion"": 0.625, ""conscientiousness"": 0.5833333333333334, ""neuroticism"": 0.4375}"
pas_final,agreeableness,high,bfi_17,agreeableness,False,3,3,False,"{""openness"": 0.675, ""agreeableness"": 0.5555555555555556, ""extraversion"": 0.625, ""conscientiousness"": 0.5833333333333334, ""neuroticism"": 0.4375}"
pas_final,agreeableness,high,bfi_18,conscientiousness,True,3,3,False,"{""openness"": 0.675, ""agreeableness"": 0.5555555555555556, ""extraversion"": 0.625, ""conscientiousness"": 0.5833333333333334, ""neuroticism"": 0.4375}"
pas_final,agreeableness,high,bfi_19,neuroticism,False,3,3,False,"{""openness"": 0.675, ""agreeableness"": 0.5555555555555556, ""extraversion"": 0.625, ""conscientiousness"": 0.5833333333333334, ""neuroticism"": 0.4375}"
pas_final,agreeableness,high,bfi_20,openness,False,4,4,False,"{""openness"": 0.675, ""agreeableness"": 0.5555555555555556, ""extraversion"": 0.625, ""conscientiousness"": 0.5833333333333334, ""neuroticism"": 0.4375}"
pas_final,agreeableness,high,bfi_21,extraversion,True,3,3,False,"{""openness"": 0.675, ""agreeableness"": 0.5555555555555556, ""extraversion"": 0.625, ""conscientiousness"": 0.5833333333333334, ""neuroticism"": 0.4375}"
pas_final,agreeableness,high,bfi_22,agreeableness,False,3,3,False,"{""openness"": 0.675, ""agreeableness"": 0.5555555555555556, ""extraversion"": 0.625, ""conscientiousness"": 0.5833333333333334, ""neuroticism"": 0.4375}"
pas_final,agreeableness,high,bfi_23,conscientiousness,True,3,3,False,"{""openness"": 0.675, ""agreeableness"": 0.5555555555555556, ""extraversion"": 0.625, ""conscientiousness"": 0.5833333333333334, ""neuroticism"": 0.4375}"
pas_final,agreeableness,high,bfi_24,neuroticism,True,4,4,False,"{""openness"": 0.675, ""agreeableness"": 0.5555555555555556, ""extraversion"": 0.625, ""conscientiousness"": 0.5833333333333334, ""neuroticism"": 0.4375}"
pas_final,agreeableness,high,bfi_25,openness,False,4,4,False,"{""openness"": 0.675, ""agreeableness"": 0.5555555555555556, ""extraversion"": 0.625, ""conscientiousness"": 0.5833333333333334, ""neuroticism"": 0.4375}"
pas_final,agreeableness,high,bfi_26,extraversion,False,4,4,False,"{""openness"": 0.675, ""agreeableness"": 0.5555555555555556, ""extraversion"": 0.625, ""conscientiousness"": 0.5833333333333334, ""neuroticism"": 0.4375}"
pas_final,agreeableness,high,bfi_27,agreeableness,True,3,3,False,"{""openness"": 0.675, ""agreeableness"": 0.5555555555555556, ""extraversion"": 0.625, ""conscientiousness"": 0.5833333333333334, ""neuroticism"": 0.4375}"
pas_final,agreeableness,high,bfi_28,conscientiousness,False,4,4,False,"{""openness"": 0.675, ""agreeableness"": 0.5555555555555556, ""extraversion"": 0.625, ""conscientiousness"": 0.5833333333333334, ""neuroticism"": 0.4375}"
pas_final,agreeableness,high,bfi_29,neuroticism,False,3,3,False,"{""openness"": 0.675, ""agreeableness"": 0.5555555555555556, ""extraversion"": 0.625, ""conscientiousness"": 0.5833333333333334, ""neuroticism"": 0.4375}"
pas_final,agreeableness,high,bfi_30,openness,False,4,4,False,"{""openness"": 0.675, ""agreeableness"": 0.5555555555555556, ""extraversion"": 0.625, ""conscientiousness"": 0.5833333333333334, ""neuroticism"": 0.4375}"
pas_final,agreeableness,high,bfi_31,extraversion,True,3,3,False,"{""openness"": 0.675, ""agreeableness"": 0.5555555555555556, ""extraversion"": 0.625, ""conscientiousness"": 0.5833333333333334, ""neuroticism"": 0.4375}"
pas_final,agreeableness,high,bfi_32,agreeableness,False,4,4,False,"{""openness"": 0.675, ""agreeableness"": 0.5555555555555556, ""extraversion"": 0.625, ""conscientiousness"": 0.5833333333333334, ""neuroticism"": 0.4375}"
pas_final,agreeableness,high,bfi_33,conscientiousness,False,3,3,False,"{""openness"": 0.675, ""agreeableness"": 0.5555555555555556, ""extraversion"": 0.625, ""conscientiousness"": 0.5833333333333334, ""neuroticism"": 0.4375}"
pas_final,agreeableness,high,bfi_34,neuroticism,True,3,3,False,"{""openness"": 0.675, ""agreeableness"": 0.5555555555555556, ""extraversion"": 0.625, ""conscientiousness"": 0.5833333333333334, ""neuroticism"": 0.4375}"
pas_final,agreeableness,high,bfi_35,openness,True,3,3,False,"{""openness"": 0.675, ""agreeableness"": 0.5555555555555556, ""extraversion"": 0.625, ""conscientiousness"": 0.5833333333333334, ""neuroticism"": 0.4375}"
pas_final,agreeableness,high,bfi_36,extraversion,False,4,4,False,"{""openness"": 0.675, ""agreeableness"": 0.5555555555555556, ""extraversion"": 0.625, ""conscientiousness"": 0.5833333333333334, ""neuroticism"": 0.4375}"
pas_final,agreeableness,high,bfi_37,agreeableness,True,3,3,False,"{""openness"": 0.675, ""agreeableness"": 0.5555555555555556, ""extraversion"": 0.625, ""conscientiousness"": 0.5833333333333334, ""neuroticism"": 0.4375}"
pas_final,agreeableness,high,bfi_38,conscientiousness,False,4,4,False,"{""openness"": 0.675, ""agreeableness"": 0.5555555555555556, ""extraversion"": 0.625, ""conscientiousness"": 0.5833333333333334, ""neuroticism"": 0.4375}"
pas_final,agreeableness,high,bfi_39,neuroticism,False,3,3,False,"{""openness"": 0.675, ""agreeableness"": 0.5555555555555556, ""extraversion"": 0.625, ""conscientiousness"": 0.5833333333333334, ""neuroticism"": 0.4375}"
pas_final,agreeableness,high,bfi_40,openness,False,4,4,False,"{""openness"": 0.675, ""agreeableness"": 0.5555555555555556, ""extraversion"": 0.625, ""conscientiousness"": 0.5833333333333334, ""neuroticism"": 0.4375}"
pas_final,agreeableness,high,bfi_41,openness,True,3,3,False,"{""openness"": 0.675, ""agreeableness"": 0.5555555555555556, ""extraversion"": 0.625, ""conscientiousness"": 0.5833333333333334, ""neuroticism"": 0.4375}"
pas_final,agreeableness,high,bfi_42,agreeableness,False,3,3,False,"{""openness"": 0.675, ""agreeableness"": 0.5555555555555556, ""extraversion"": 0.625, ""conscientiousness"": 0.5833333333333334, ""neuroticism"": 0.4375}"
pas_final,agreeableness,high,bfi_43,conscientiousness,True,3,3,False,"{""openness"": 0.675, ""agreeableness"": 0.5555555555555556, ""extraversion"": 0.625, ""conscientiousness"": 0.5833333333333334, ""neuroticism"": 0.4375}"
pas_final,agreeableness,high,bfi_44,openness,False,3,3,False,"{""openness"": 0.675, ""agreeableness"": 0.5555555555555556, ""extraversion"": 0.625, ""conscientiousness"": 0.5833333333333334, ""neuroticism"": 0.4375}"
pas_final,agreeableness,low,bfi_01,extraversion,False,3,3,False,"{""openness"": 0.675, ""agreeableness"": 0.5555555555555556, ""extraversion"": 0.625, ""conscientiousness"": 0.5833333333333334, ""neuroticism"": 0.4375}"
pas_final,agreeableness,low,bfi_02,agreeableness,True,3,3,False,"{""openness"": 0.675, ""agreeableness"": 0.5555555555555556, ""extraversion"": 0.625, ""conscientiousness"": 0.5833333333333334, ""neuroticism"": 0.4375}"
pas_final,agreeableness,low,bfi_03,conscientiousness,False,3,3,False,"{""openness"": 0.675, ""agreeableness"": 0.5555555555555556, ""extraversion"": 0.625, ""conscientiousness"": 0.5833333333333334, ""neuroticism"": 0.4375}"
pas_final,agreeableness,low,bfi_04,neuroticism,False,3,3,False,"{""openness"": 0.675, ""agreeableness"": 0.5555555555555556, ""extraversion"": 0.625, ""conscientiousness"": 0.5833333333333334, ""neuroticism"": 0.4375}"
pas_final,agreeableness,low,bfi_05,openness,False,4,4,False,"{""openness"": 0.675, ""agreeableness"": 0.5555555555555556, ""extraversion"": 0.625, ""conscientiousness"": 0.5833333333333334, ""neuroticism"": 0.4375}"
pas_final,agreeableness,low,bfi_06,extraversion,True,3,3,False,"{""openness"": 0.675, ""agreeableness"": 0.5555555555555556, ""extraversion"": 0.625, ""conscientiousness"": 0.5833333333333334, ""neuroticism"": 0.4375}"
pas_final,agreeableness,low,bfi_07,agreeableness,False,4,4,False,"{""openness"": 0.675, ""agreeableness"": 0.5555555555555556, ""extraversion"": 0.625, ""conscientiousness"": 0.5833333333333334, ""neuroticism"": 0.4375}"
pas_final,agreeableness,low,bfi_08,conscientiousness,True,3,3,False,"{""openness"": 0.675, ""agreeableness"": 0.5555555555555556, ""extraversion"": 0.625, ""conscientiousness"": 0.5833333333333334, ""neuroticism"": 0.4375}"
pas_final,agreeableness,low,bfi_09,neuroticism,True,4,4,False,"{""openness"": 0.675, ""agreeableness"": 0.5555555555555556, ""extraversion"": 0.625, ""conscientiousness"": 0.5833333333333334, ""neuroticism"": 0.4375}"
pas_final,agreeableness,low,bfi_10,openness,False,4,4,False,"{""openness"": 0.675, ""agreeableness"": 0.5555555555555556, ""extraversion"": 0.625, ""conscientiousness"": 0.5833333333333334, ""neuroticism"": 0.4375}"
pas_final,agreeableness,low,bfi_11,extraversion,False,4,4,False,"{""openness"": 0.675, ""agreeableness"": 0.5555555555555556, ""extraversion"": 0.625, ""conscientiousness"": 0.5833333333333334, ""neuroticism"": 0.4375}"
pas_final,agreeableness,low,bfi_12,agreeableness,True,3,3,False,"{""openness"": 0.675, ""agreeableness"": 0.5555555555555556, ""extraversion"": 0.625, ""conscientiousness"": 0.5833333333333334, ""neuroticism"": 0.4375}"
pas_final,agreeableness,low,bfi_13,conscientiousness,False,4,4,False,"{""openness"": 0.675, ""agreeableness"": 0.5555555555555556, ""extraversion"": 0.625, ""conscientiousness"": 0.5833333333333334, ""neuroticism"": 0.4375}"
pas_final,agreeableness,low,bfi_14,neuroticism,False,3,3,False,"{""openness"": 0.675, ""agreeableness"": 0.5555555555555556, ""extraversion"": 0.625, ""conscientiousness"": 0.5833333333333334, ""neuroticism"": 0.4375}"
pas_final,agreeableness,low,bfi_15,openness,False,4,4,False,"{""openness"": 0.675, ""agreeableness"": 0.5555555555555556, ""extraversion"": 0.625, ""conscientiousness"": 0.5833333333333334, ""neuroticism"": 0.4375}"
pas_final,agreeableness,low,bfi_16,extraversion,False,4,4,False,"{""openness"": 0.675, ""agreeableness"": 0.5555555555555556, ""extraversion"": 0.625, ""conscientiousness"": 0.5833333333333334, ""neuroticism"": 0.4375}"
pas_final,agreeableness,low,bfi_17,agreeableness,False,3,3,False,"{""openness"": 0.675, ""agreeableness"": 0.5555555555555556, ""extraversion"": 0.625, ""conscientiousness"": 0.5833333333333334, ""neuroticism"": 0.4375}"
pas_final,agreeableness,low,bfi_18,conscientiousness,True,3,3,False,"{""openness"": 0.675, ""agreeableness"": 0.5555555555555556, ""extraversion"": 0.625, ""conscientiousness"": 0.5833333333333334, ""neuroticism"": 0.4375}"
pas_final,agreeableness,low,bfi_19,neuroticism,False,3,3,False,"{""openness"": 0.675, ""agreeableness"": 0.5555555555555556, ""extraversion"": 0.625, ""conscientiousness"": 0.5833333333333334, ""neuroticism"": 0.4375}"
pas_final,agreeableness,low,bfi_20,openness,False,4,4,False,"{""openness"": 0.675, ""agreeableness"": 0.5555555555555556, ""extraversion"": 0.625, ""conscientiousness"": 0.5833333333333334, ""neuroticism"": 0.4375}"
pas_final,agreeableness,low,bfi_21,extraversion,True,3,3,False,"{""openness"": 0.675, ""agreeableness"": 0.5555555555555556, ""extraversion"": 0.625, ""conscientiousness"": 0.5833333333333334, ""neuroticism"": 0.4375}"
pas_final,agreeableness,low,bfi_22,agreeableness,False,3,3,False,"{""openness"": 0.675, ""agreeableness"": 0.5555555555555556, ""extraversion"": 0.625, ""conscientiousness"": 0.5833333333333334, ""neuroticism"": 0.4375}"
pas_final,agreeableness,low,bfi_23,conscientiousness,True,3,3,False,"{""openness"": 0.675, ""agreeableness"": 0.5555555555555556, ""extraversion"": 0.625, ""conscientiousness"": 0.5833333333333334, ""neuroticism"": 0.4375}"
pas_final,agreeableness,low,bfi_24,neuroticism,True,4,4,False,"{""openness"": 0.675, ""agreeableness"": 0.5555555555555556, ""extraversion"": 0.625, ""conscientiousness"": 0.5833333333333334, ""neuroticism"": 0.4375}"
pas_final,agreeableness,low,bfi_25,openness,False,4,4,False,"{""openness"": 0.675, ""agreeableness"": 0.5555555555555556, ""extraversion"": 0.625, ""conscientiousness"": 0.5833333333333334, ""neuroticism"": 0.4375}"
pas_final,agreeableness,low,bfi_26,extraversion,False,4,4,False,"{""openness"": 0.675, ""agreeableness"": 0.5555555555555556, ""extraversion"": 0.625, ""conscientiousness"": 0.5833333333333334, ""neuroticism"": 0.4375}"
pas_final,agreeableness,low,bfi_27,agreeableness,True,3,3,False,"{""openness"": 0.675, ""agreeableness"": 0.5555555555555556, ""extraversion"": 0.625, ""conscientiousness"": 0.5833333333333334, ""neuroticism"": 0.4375}"
pas_final,agreeableness,low,bfi_28,conscientiousness,False,4,4,False,"{""openness"": 0.675, ""agreeableness"": 0.5555555555555556, ""extraversion"": 0.625, ""conscientiousness"": 0.5833333333333334, ""neuroticism"": 0.4375}"
pas_final,agreeableness,low,bfi_29,neuroticism,False,3,3,False,"{""openness"": 0.675, ""agreeableness"": 0.5555555555555556, ""extraversion"": 0.625, ""conscientiousness"": 0.5833333333333334, ""neuroticism"": 0.4375}"
pas_final,agreeableness,low,bfi_30,openness,False,4,4,False,"{""openness"": 0.675, ""agreeableness"": 0.5555555555555556, ""extraversion"": 0.625, ""conscientiousness"": 0.5833333333333334, ""neuroticism"": 0.4375}"
pas_final,agreeableness,low,bfi_31,extraversion,True,3,3,False,"{""openness"": 0.675, ""agreeableness"": 0.5555555555555556, ""extraversion"": 0.625, ""conscientiousness"": 0.5833333333333334, ""neuroticism"": 0.4375}"
pas_final,agreeableness,low,bfi_32,agreeableness,False,4,4,False,"{""openness"": 0.675, ""agreeableness"": 0.5555555555555556, ""extraversion"": 0.625, ""conscientiousness"": 0.5833333333333334, ""neuroticism"": 0.4375}"
pas_final,agreeableness,low,bfi_33,conscientiousness,False,3,3,False,"{""openness"": 0.675, ""agreeableness"": 0.5555555555555556, ""extraversion"": 0.625, ""conscientiousness"": 0.5833333333333334, ""neuroticism"": 0.4375}"
pas_final,agreeableness,low,bfi_34,neuroticism,True,3,3,False,"{""openness"": 0.675, ""agreeableness"": 0.5555555555555556, ""extraversion"": 0.625, ""conscientiousness"": 0.5833333333333334, ""neuroticism"": 0.4375}"
pas_final,agreeableness,low,bfi_35,openness,True,3,3,False,"{""openness"": 0.675, ""agreeableness"": 0.5555555555555556, ""extraversion"": 0.625, ""conscientiousness"": 0.5833333333333334, ""neuroticism"": 0.4375}"
pas_final,agreeableness,low,bfi_36,extraversion,False,4,4,False,"{""openness"": 0.675, ""agreeableness"": 0.5555555555555556, ""extraversion"": 0.625, ""conscientiousness"": 0.5833333333333334, ""neuroticism"": 0.4375}"
pas_final,agreeableness,low,bfi_37,agreeableness,True,3,3,False,"{""openness"": 0.675, ""agreeableness"": 0.5555555555555556, ""extraversion"": 0.625, ""conscientiousness"": 0.5833333333333334, ""neuroticism"": 0.4375}"
pas_final,agreeableness,low,bfi_38,conscientiousness,False,4,4,False,"{""openness"": 0.675, ""agreeableness"": 0.5555555555555556, ""extraversion"": 0.625, ""conscientiousness"": 0.5833333333333334, ""neuroticism"": 0.4375}"
pas_final,agreeableness,low,bfi_39,neuroticism,False,3,3,False,"{""openness"": 0.675, ""agreeableness"": 0.5555555555555556, ""extraversion"": 0.625, ""conscientiousness"": 0.5833333333333334, ""neuroticism"": 0.4375}"
pas_final,agreeableness,low,bfi_40,openness,False,4,4,False,"{""openness"": 0.675, ""agreeableness"": 0.5555555555555556, ""extraversion"": 0.625, ""conscientiousness"": 0.5833333333333334, ""neuroticism"": 0.4375}"
pas_final,agreeableness,low,bfi_41,openness,True,3,3,False,"{""openness"": 0.675, ""agreeableness"": 0.5555555555555556, ""extraversion"": 0.625, ""conscientiousness"": 0.5833333333333334, ""neuroticism"": 0.4375}"
pas_final,agreeableness,low,bfi_42,agreeableness,False,3,3,False,"{""openness"": 0.675, ""agreeableness"": 0.5555555555555556, ""extraversion"": 0.625, ""conscientiousness"": 0.5833333333333334, ""neuroticism"": 0.4375}"
pas_final,agreeableness,low,bfi_43,conscientiousness,True,3,3,False,"{""openness"": 0.675, ""agreeableness"": 0.5555555555555556, ""extraversion"": 0.625, ""conscientiousness"": 0.5833333333333334, ""neuroticism"": 0.4375}"
pas_final,agreeableness,low,bfi_44,openness,False,3,3,False,"{""openness"": 0.675, ""agreeableness"": 0.5555555555555556, ""extraversion"": 0.625, ""conscientiousness"": 0.5833333333333334, ""neuroticism"": 0.4375}"
pas_final,conscientiousness,high,bfi_01,extraversion,False,3,3,False,"{""openness"": 0.675, ""agreeableness"": 0.5555555555555556, ""extraversion"": 0.625, ""conscientiousness"": 0.5833333333333334, ""neuroticism"": 0.4375}"
pas_final,conscientiousness,high,bfi_02,agreeableness,True,3,3,False,"{""openness"": 0.675, ""agreeableness"": 0.5555555555555556, ""extraversion"": 0.625, ""conscientiousness"": 0.5833333333333334, ""neuroticism"": 0.4375}"
pas_final,conscientiousness,high,bfi_03,conscientiousness,False,3,3,False,"{""openness"": 0.675, ""agreeableness"": 0.5555555555555556, ""extraversion"": 0.625, ""conscientiousness"": 0.5833333333333334, ""neuroticism"": 0.4375}"
pas_final,conscientiousness,high,bfi_04,neuroticism,False,3,3,False,"{""openness"": 0.675, ""agreeableness"": 0.5555555555555556, ""extraversion"": 0.625, ""conscientiousness"": 0.5833333333333334, ""neuroticism"": 0.4375}"
pas_final,conscientiousness,high,bfi_05,openness,False,4,4,False,"{""openness"": 0.675, ""agreeableness"": 0.5555555555555556, ""extraversion"": 0.625, ""conscientiousness"": 0.5833333333333334, ""neuroticism"": 0.4375}"
pas_final,conscientiousness,high,bfi_06,extraversion,True,3,3,False,"{""openness"": 0.675, ""agreeableness"": 0.5555555555555556, ""extraversion"": 0.625, ""conscientiousness"": 0.5833333333333334, ""neuroticism"": 0.4375}"
pas_final,conscientiousness,high,bfi_07,agreeableness,False,4,4,False,"{""openness"": 0.675, ""agreeableness"": 0.5555555555555556, ""extraversion"": 0.625, ""conscientiousness"": 0.5833333333333334, ""neuroticism"": 0.4375}"
pas_final,conscientiousness,high,bfi_08,conscientiousness,True,3,3,False,"{""openness"": 0.675, ""agreeableness"": 0.5555555555555556, ""extraversion"": 0.625, ""conscientiousness"": 0.5833333333333334, ""neuroticism"": 0.4375}"
pas_final,conscientiousness,high,bfi_09,neuroticism,True,4,4,False,"{""openness"": 0.675, ""agreeableness"": 0.5555555555555556, ""extraversion"": 0.625, ""conscientiousness"": 0.5833333333333334, ""neuroticism"": 0.4375}"
pas_final,conscientiousness,high,bfi_10,openness,False,4,4,False,"{""openness"": 0.675, ""agreeableness"": 0.5555555555555556, ""extraversion"": 0.625, ""conscientiousness"": 0.5833333333333334, ""neuroticism"": 0.4375}"
pas_final,conscientiousness,high,bfi_11,extraversion,False,4,4,False,"{""openness"": 0.675, ""agreeableness"": 0.5555555555555556, ""extraversion"": 0.625, ""conscientiousness"": 0.5833333333333334, ""neuroticism"": 0.4375}"
pas_final,conscientiousness,high,bfi_12,agreeableness,True,3,3,False,"{""openness"": 0.675, ""agreeableness"": 0.5555555555555556, ""extraversion"": 0.625, ""conscientiousness"": 0.5833333333333334, ""neuroticism"": 0.4375}"
pas_final,conscientiousness,high,bfi_13,conscientiousness,False,4,4,False,"{""openness"": 0.675, ""agreeableness"": 0.5555555555555556, ""extraversion"": 0.625, ""conscientiousness"": 0.5833333333333334, ""neuroticism"": 0.4375}"
pas_final,conscientiousness,high,bfi_14,neuroticism,False,3,3,False,"{""openness"": 0.675, ""agreeableness"": 0.5555555555555556, ""extraversion"": 0.625, ""conscientiousness"": 0.5833333333333334, ""neuroticism"": 0.4375}"
pas_final,conscientiousness,high,bfi_15,openness,False,4,4,False,"{""openness"": 0.675, ""agreeableness"": 0.5555555555555556, ""extraversion"": 0.625, ""conscientiousness"": 0.5833333333333334, ""neuroticism"": 0.4375}"
pas_final,conscientiousness,high,bfi_16,extraversion,False,4,4,False,"{""openness"": 0.675, ""agreeableness"": 0.5555555555555556, ""extraversion"": 0.625, ""conscientiousness"": 0.5833333333333334, ""neuroticism"": 0.4375}"
pas_final,conscientiousness,high,bfi_17,agreeableness,False,3,3,False,"{""openness"": 0.675, ""agreeableness"": 0.5555555555555556, ""extraversion"": 0.625, ""conscientiousness"": 0.5833333333333334, ""neuroticism"": 0.4375}"
pas_final,conscientiousness,high,bfi_18,conscientiousness,True,3,3,False,"{""openness"": 0.675, ""agreeableness"": 0.5555555555555556, ""extraversion"": 0.625, ""conscientiousness"": 0.5833333333333334, ""neuroticism"": 0.4375}"
pas_final,conscientiousness,high,bfi_19,neuroticism,False,3,3,False,"{""openness"": 0.675, ""agreeableness"": 0.5555555555555556, ""extraversion"": 0.625, ""conscientiousness"": 0.5833333333333334, ""neuroticism"": 0.4375}"
pas_final,conscientiousness,high,bfi_20,openness,False,4,4,False,"{""openness"": 0.675, ""agreeableness"": 0.5555555555555556, ""extraversion"": 0.625, ""conscientiousness"": 0.5833333333333334, ""neuroticism"": 0.4375}"
pas_final,conscientiousness,high,bfi_21,extraversion,True,3,3,False,"{""openness"": 0.675, ""agreeableness"": 0.5555555555555556, ""extraversion"": 0.625, ""conscientiousness"": 0.5833333333333334, ""neuroticism"": 0.4375}"
pas_final,conscientiousness,high,bfi_22,agreeableness,False,3,3,False,"{""openness"": 0.675, ""agreeableness"": 0.5555555555555556, ""extraversion"": 0.625, ""conscientiousness"": 0.5833333333333334, ""neuroticism"": 0.4375}"
pas_final,conscientiousness,high,bfi_23,conscientiousness,True,3,3,False,"{""openness"": 0.675, ""agreeableness"": 0.5555555555555556, ""extraversion"": 0.625, ""conscientiousness"": 0.5833333333333334, ""neuroticism"": 0.4375}"
pas_final,conscientiousness,high,bfi_24,neuroticism,True,4,4,False,"{""openness"": 0.675, ""agreeableness"": 0.5555555555555556, ""extraversion"": 0.625, ""conscientiousness"": 0.5833333333333334, ""neuroticism"": 0.4375}"
pas_final,conscientiousness,high,bfi_25,openness,False,4,4,False,"{""openness"": 0.675, ""agreeableness"": 0.5555555555555556, ""extraversion"": 0.625, ""conscientiousness"": 0.5833333333333334, ""neuroticism"": 0.4375}"
pas_final,conscientiousness,high,bfi_26,extraversion,False,4,4,False,"{""openness"": 0.675, ""agreeableness"": 0.5555555555555556, ""extraversion"": 0.625, ""conscientiousness"": 0.5833333333333334, ""neuroticism"": 0.4375}"
pas_final,conscientiousness,high,bfi_27,agreeableness,True,3,3,False,"{""openness"": 0.675, ""agreeableness"": 0.5555555555555556, ""extraversion"": 0.625, ""conscientiousness"": 0.5833333333333334, ""neuroticism"": 0.4375}"
pas_final,conscientiousness,high,bfi_28,conscientiousness,False,4,4,False,"{""openness"": 0.675, ""agreeableness"": 0.5555555555555556, ""extraversion"": 0.625, ""conscientiousness"": 0.5833333333333334, ""neuroticism"": 0.4375}"
pas_final,conscientiousness,high,bfi_29,neuroticism,False,3,3,False,"{""openness"": 0.675, ""agreeableness"": 0.5555555555555556, ""extraversion"": 0.625, ""conscientiousness"": 0.5833333333333334, ""neuroticism"": 0.4375}"
pas_final,conscientiousness,high,bfi_30,openness,False,4,4,False,"{""openness"": 0.675, ""agreeableness"": 0.5555555555555556, ""extraversion"": 0.625, ""conscientiousness"": 0.5833333333333334, ""neuroticism"": 0.4375}"
pas_final,conscientiousness,high,bfi_31,extraversion,True,3,3,False,"{""openness"": 0.675, ""agreeableness"": 0.5555555555555556, ""extraversion"": 0.625, ""conscientiousness"": 0.5833333333333334, ""neuroticism"": 0.4375}"
pas_final,conscientiousness,high,bfi_32,agreeableness,False,4,4,False,"{""openness"": 0.675, ""agreeableness"": 0.5555555555555556, ""extraversion"": 0.625, ""conscientiousness"": 0.5833333333333334, ""neuroticism"": 0.4375}"
pas_final,conscientiousness,high,bfi_33,conscientiousness,False,3,3,False,"{""openness"": 0.675, ""agreeableness"": 0.5555555555555556, ""extraversion"": 0.625, ""conscientiousness"": 0.5833333333333334, ""neuroticism"": 0.4375}"
pas_final,conscientiousness,high,bfi_34,neuroticism,True,3,3,False,"{""openness"": 0.675, ""agreeableness"": 0.5555555555555556, ""extraversion"": 0.625, ""conscientiousness"": 0.5833333333333334, ""neuroticism"": 0.4375}"
pas_final,conscientiousness,high,bfi_35,openness,True,3,3,False,"{""openness"": 0.675, ""agreeableness"": 0.5555555555555556, ""extraversion"": 0.625, ""conscientiousness"": 0.5833333333333334, ""neuroticism"": 0.4375}"
pas_final,conscientiousness,high,bfi_36,extraversion,False,4,4,False,"{""openness"": 0.675, ""agreeableness"": 0.5555555555555556, ""extraversion"": 0.625, ""conscientiousness"": 0.5833333333333334, ""neuroticism"": 0.4375}"
pas_final,conscientiousness,high,bfi_37,agreeableness,True,3,3,False,"{""openness"": 0.675, ""agreeableness"": 0.5555555555555556, ""extraversion"": 0.625, ""conscientiousness"": 0.5833333333333334, ""neuroticism"": 0.4375}"
pas_final,conscientiousness,high,bfi_38,conscientiousness,False,4,4,False,"{""openness"": 0.675, ""agreeableness"": 0.5555555555555556, ""extraversion"": 0.625, ""conscientiousness"": 0.5833333333333334, ""neuroticism"": 0.4375}"
pas_final,conscientiousness,high,bfi_39,neuroticism,False,3,3,False,"{""openness"": 0.675, ""agreeableness"": 0.5555555555555556, ""extraversion"": 0.625, ""conscientiousness"": 0.5833333333333334, ""neuroticism"": 0.4375}"
pas_final,conscientiousness,high,bfi_40,openness,False,4,4,False,"{""openness"": 0.675, ""agreeableness"": 0.5555555555555556, ""extraversion"": 0.625, ""conscientiousness"": 0.5833333333333334, ""neuroticism"": 0.4375}"
pas_final,conscientiousness,high,bfi_41,openness,True,3,3,False,"{""openness"": 0.675, ""agreeableness"": 0.5555555555555556, ""extraversion"": 0.625, ""conscientiousness"": 0.5833333333333334, ""neuroticism"": 0.4375}"
pas_final,conscientiousness,high,bfi_42,agreeableness,False,3,3,False,"{""openness"": 0.675, ""agreeableness"": 0.5555555555555556, ""extraversion"": 0.625, ""conscientiousness"": 0.5833333333333334, ""neuroticism"": 0.4375}"
pas_final,conscientiousness,high,bfi_43,conscientiousness,True,3,3,False,"{""openness"": 0.675, ""agreeableness"": 0.5555555555555556, ""extraversion"": 0.625, ""conscientiousness"": 0.5833333333333334, ""neuroticism"": 0.4375}"
pas_final,conscientiousness,high,bfi_44,openness,False,3,3,False,"{""openness"": 0.675, ""agreeableness"": 0.5555555555555556, ""extraversion"": 0.625, ""conscientiousness"": 0.5833333333333334, ""neuroticism"": 0.4375}"
pas_final,conscientiousness,low,bfi_01,extraversion,False,3,3,False,"{""openness"": 0.675, ""agreeableness"": 0.5555555555555556, ""extraversion"": 0.625, ""conscientiousness"": 0.5833333333333334, ""neuroticism"": 0.4375}"
pas_final,conscientiousness,low,bfi_02,agreeableness,True,3,3,False,"{""openness"": 0.675, ""agreeableness"": 0.5555555555555556, ""extraversion"": 0.625, ""conscientiousness"": 0.5833333333333334, ""neuroticism"": 0.4375}"
pas_final,conscientiousness,low,bfi_03,conscientiousness,False,3,3,False,"{""openness"": 0.675, ""agreeableness"": 0.5555555555555556, ""extraversion"": 0.625, ""conscientiousness"": 0.5833333333333334, ""neuroticism"": 0.4375}"
pas_final,conscientiousness,low,bfi_04,neuroticism,False,3,3,False,"{""openness"": 0.675, ""agreeableness"": 0.5555555555555556, ""extraversion"": 0.625, ""conscientiousness"": 0.5833333333333334, ""neuroticism"": 0.4375}"
pas_final,conscientiousness,low,bfi_05,openness,False,4,4,False,"{""openness"": 0.675, ""agreeableness"": 0.5555555555555556, ""extraversion"": 0.625, ""conscientiousness"": 0.5833333333333334, ""neuroticism"": 0.4375}"
pas_final,conscientiousness,low,bfi_06,extraversion,True,3,3,False,"{""openness"": 0.675, ""agreeableness"": 0.5555555555555556, ""extraversion"": 0.625, ""conscientiousness"": 0.5833333333333334, ""neuroticism"": 0.4375}"
pas_final,conscientiousness,low,bfi_07,agreeableness,False,4,4,False,"{""openness"": 0.675, ""agreeableness"": 0.5555555555555556, ""extraversion"": 0.625, ""conscientiousness"": 0.5833333333333334, ""neuroticism"": 0.4375}"
pas_final,conscientiousness,low,bfi_08,conscientiousness,True,3,3,False,"{""openness"": 0.675, ""agreeableness"": 0.5555555555555556, ""extraversion"": 0.625, ""conscientiousness"": 0.5833333333333334, ""neuroticism"": 0.4375}"
pas_final,conscientiousness,low,bfi_09,neuroticism,True,4,4,False,"{""openness"": 0.675, ""agreeableness"": 0.5555555555555556, ""extraversion"": 0.625, ""conscientiousness"": 0.5833333333333334, ""neuroticism"": 0.4375}"
pas_final,conscientiousness,low,bfi_10,openness,False,4,4,False,"{""openness"": 0.675, ""agreeableness"": 0.5555555555555556, ""extraversion"": 0.625, ""conscientiousness"": 0.5833333333333334, ""neuroticism"": 0.4375}"
pas_final,conscientiousness,low,bfi_11,extraversion,False,4,4,False,"{""openness"": 0.675, ""agreeableness"": 0.5555555555555556, ""extraversion"": 0.625, ""conscientiousness"": 0.5833333333333334, ""neuroticism"": 0.4375}"
pas_final,conscientiousness,low,bfi_12,agreeableness,True,3,3,False,"{""openness"": 0.675, ""agreeableness"": 0.5555555555555556, ""extraversion"": 0.625, ""conscientiousness"": 0.5833333333333334, ""neuroticism"": 0.4375}"
pas_final,conscientiousness,low,bfi_13,conscientiousness,False,4,4,False,"{""openness"": 0.675, ""agreeableness"": 0.5555555555555556, ""extraversion"": 0.625, ""conscientiousness"": 0.5833333333333334, ""neuroticism"": 0.4375}"
pas_final,conscientiousness,low,bfi_14,neuroticism,False,3,3,False,"{""openness"": 0.675, ""agreeableness"": 0.5555555555555556, ""extraversion"": 0.625, ""conscientiousness"": 0.5833333333333334, ""neuroticism"": 0.4375}"
pas_final,conscientiousness,low,bfi_15,openness,False,4,4,False,"{""openness"": 0.675, ""agreeableness"": 0.5555555555555556, ""extraversion"": 0.625, ""conscientiousness"": 0.5833333333333334, ""neuroticism"": 0.4375}"
pas_final,conscientiousness,low,bfi_16,extraversion,False,4,4,False,"{""openness"": 0.675, ""agreeableness"": 0.5555555555555556, ""extraversion"": 0.625, ""conscientiousness"": 0.5833333333333334, ""neuroticism"": 0.4375}"
pas_final,conscientiousness,low,bfi_17,agreeableness,False,3,3,False,"{""openness"": 0.675, ""agreeableness"": 0.5555555555555556, ""extraversion"": 0.625, ""conscientiousness"": 0.5833333333333334, ""neuroticism"": 0.4375}"
pas_final,conscientiousness,low,bfi_18,conscientiousness,True,3,3,False,"{""openness"": 0.675, ""agreeableness"": 0.5555555555555556, ""extraversion"": 0.625, ""conscientiousness"": 0.5833333333333334, ""neuroticism"": 0.4375}"
pas_final,conscientiousness,low,bfi_19,neuroticism,False,3,3,False,"{""openness"": 0.675, ""agreeableness"": 0.5555555555555556, ""extraversion"": 0.625, ""conscientiousness"": 0.5833333333333334, ""neuroticism"": 0.4375}"
pas_final,conscientiousness,low,bfi_20,openness,False,4,4,False,"{""openness"": 0.675, ""agreeableness"": 0.5555555555555556, ""extraversion"": 0.625, ""conscientiousness"": 0.5833333333333334, ""neuroticism"": 0.4375}"
pas_final,conscientiousness,low,bfi_21,extraversion,True,3,3,False,"{""openness"": 0.675, ""agreeableness"": 0.5555555555555556, ""extraversion"": 0.625, ""conscientiousness"": 0.5833333333333334, ""neuroticism"": 0.4375}"
pas_final,conscientiousness,low,bfi_22,agreeableness,False,3,3,False,"{""openness"": 0.675, ""agreeableness"": 0.5555555555555556, ""extraversion"": 0.625, ""conscientiousness"": 0.5833333333333334, ""neuroticism"": 0.4375}"
pas_final,conscientiousness,low,bfi_23,conscientiousness,True,3,3,False,"{""openness"": 0.675, ""agreeableness"": 0.5555555555555556, ""extraversion"": 0.625, ""conscientiousness"": 0.5833333333333334, ""neuroticism"": 0.4375}"
pas_final,conscientiousness,low,bfi_24,neuroticism,True,4,4,False,"{""openness"": 0.675, ""agreeableness"": 0.5555555555555556, ""extraversion"": 0.625, ""conscientiousness"": 0.5833333333333334, ""neuroticism"": 0.4375}"
pas_final,conscientiousness,low,bfi_25,openness,False,4,4,False,"{""openness"": 0.675, ""agreeableness"": 0.5555555555555556, ""extraversion"": 0.625, ""conscientiousness"": 0.5833333333333334, ""neuroticism"": 0.4375}"
pas_final,conscientiousness,low,bfi_26,extraversion,False,4,4,False,"{""openness"": 0.675, ""agreeableness"": 0.5555555555555556, ""extraversion"": 0.625, ""conscientiousness"": 0.5833333333333334, ""neuroticism"": 0.4375}"
pas_final,conscientiousness,low,bfi_27,agreeableness,True,3,3,False,"{""openness"": 0.675, ""agreeableness"": 0.5555555555555556, ""extraversion"": 0.625, ""conscientiousness"": 0.5833333333333334, ""neuroticism"": 0.4375}"
pas_final,conscientiousness,low,bfi_28,conscientiousness,False,4,4,False,"{""openness"": 0.675, ""agreeableness"": 0.5555555555555556, ""extraversion"": 0.625, ""conscientiousness"": 0.5833333333333334, ""neuroticism"": 0.4375}"
pas_final,conscientiousness,low,bfi_29,neuroticism,False,3,3,False,"{""openness"": 0.675, ""agreeableness"": 0.5555555555555556, ""extraversion"": 0.625, ""conscientiousness"": 0.5833333333333334, ""neuroticism"": 0.4375}"
pas_final,conscientiousness,low,bfi_30,openness,False,4,4,False,"{""openness"": 0.675, ""agreeableness"": 0.5555555555555556, ""extraversion"": 0.625, ""conscientiousness"": 0.5833333333333334, ""neuroticism"": 0.4375}"
pas_final,conscientiousness,low,bfi_31,extraversion,True,3,3,False,"{""openness"": 0.675, ""agreeableness"": 0.5555555555555556, ""extraversion"": 0.625, ""conscientiousness"": 0.5833333333333334, ""neuroticism"": 0.4375}"
pas_final,conscientiousness,low,bfi_32,agreeableness,False,4,4,False,"{""openness"": 0.675, ""agreeableness"": 0.5555555555555556, ""extraversion"": 0.625, ""conscientiousness"": 0.5833333333333334, ""neuroticism"": 0.4375}"
pas_final,conscientiousness,low,bfi_33,conscientiousness,False,3,3,False,"{""openness"": 0.675, ""agreeableness"": 0.5555555555555556, ""extraversion"": 0.625, ""conscientiousness"": 0.5833333333333334, ""neuroticism"": 0.4375}"
pas_final,conscientiousness,low,bfi_34,neuroticism,True,3,3,False,"{""openness"": 0.675, ""agreeableness"": 0.5555555555555556, ""extraversion"": 0.625, ""conscientiousness"": 0.5833333333333334, ""neuroticism"": 0.4375}"
pas_final,conscientiousness,low,bfi_35,openness,True,3,3,False,"{""openness"": 0.675, ""agreeableness"": 0.5555555555555556, ""extraversion"": 0.625, ""conscientiousness"": 0.5833333333333334, ""neuroticism"": 0.4375}"
pas_final,conscientiousness,low,bfi_36,extraversion,False,4,4,False,"{""openness"": 0.675, ""agreeableness"": 0.5555555555555556, ""extraversion"": 0.625, ""conscientiousness"": 0.5833333333333334, ""neuroticism"": 0.4375}"
pas_final,conscientiousness,low,bfi_37,agreeableness,True,3,3,False,"{""openness"": 0.675, ""agreeableness"": 0.5555555555555556, ""extraversion"": 0.625, ""conscientiousness"": 0.5833333333333334, ""neuroticism"": 0.4375}"
pas_final,conscientiousness,low,bfi_38,conscientiousness,False,4,4,False,"{""openness"": 0.675, ""agreeableness"": 0.5555555555555556, ""extraversion"": 0.625, ""conscientiousness"": 0.5833333333333334, ""neuroticism"": 0.4375}"
pas_final,conscientiousness,low,bfi_39,neuroticism,False,3,3,False,"{""openness"": 0.675, ""agreeableness"": 0.5555555555555556, ""extraversion"": 0.625, ""conscientiousness"": 0.5833333333333334, ""neuroticism"": 0.4375}"
pas_final,conscientiousness,low,bfi_40,openness,False,4,4,False,"{""openness"": 0.675, ""agreeableness"": 0.5555555555555556, ""extraversion"": 0.625, ""conscientiousness"": 0.5833333333333334, ""neuroticism"": 0.4375}"
pas_final,conscientiousness,low,bfi_41,openness,True,3,3,False,"{""openness"": 0.675, ""agreeableness"": 0.5555555555555556, ""extraversion"": 0.625, ""conscientiousness"": 0.5833333333333334, ""neuroticism"": 0.4375}"
pas_final,conscientiousness,low,bfi_42,agreeableness,False,3,3,False,"{""openness"": 0.675, ""agreeableness"": 0.5555555555555556, ""extraversion"": 0.625, ""conscientiousness"": 0.5833333333333334, ""neuroticism"": 0.4375}"
pas_final,conscientiousness,low,bfi_43,conscientiousness,True,3,3,False,"{""openness"": 0.675, ""agreeableness"": 0.5555555555555556, ""extraversion"": 0.625, ""conscientiousness"": 0.5833333333333334, ""neuroticism"": 0.4375}"
pas_final,conscientiousness,low,bfi_44,openness,False,3,3,False,"{""openness"": 0.675, ""agreeableness"": 0.5555555555555556, ""extraversion"": 0.625, ""conscientiousness"": 0.5833333333333334, ""neuroticism"": 0.4375}"
pas_final,neuroticism,high,bfi_01,extraversion,False,3,3,False,"{""openness"": 0.675, ""agreeableness"": 0.5555555555555556, ""extraversion"": 0.625, ""conscientiousness"": 0.5833333333333334, ""neuroticism"": 0.4375}"
pas_final,neuroticism,high,bfi_02,agreeableness,True,3,3,False,"{""openness"": 0.675, ""agreeableness"": 0.5555555555555556, ""extraversion"": 0.625, ""conscientiousness"": 0.5833333333333334, ""neuroticism"": 0.4375}"
pas_final,neuroticism,high,bfi_03,conscientiousness,False,3,3,False,"{""openness"": 0.675, ""agreeableness"": 0.5555555555555556, ""extraversion"": 0.625, ""conscientiousness"": 0.5833333333333334, ""neuroticism"": 0.4375}"
pas_final,neuroticism,high,bfi_04,neuroticism,False,3,3,False,"{""openness"": 0.675, ""agreeableness"": 0.5555555555555556, ""extraversion"": 0.625, ""conscientiousness"": 0.5833333333333334, ""neuroticism"": 0.4375}"
pas_final,neuroticism,high,bfi_05,openness,False,4,4,False,"{""openness"": 0.675, ""agreeableness"": 0.5555555555555556, ""extraversion"": 0.625, ""conscientiousness"": 0.5833333333333334, ""neuroticism"": 0.4375}"
pas_final,neuroticism,high,bfi_06,extraversion,True,3,3,False,"{""openness"": 0.675, ""agreeableness"": 0.5555555555555556, ""extraversion"": 0.625, ""conscientiousness"": 0.5833333333333334, ""neuroticism"": 0.4375}"
pas_final,neuroticism,high,bfi_07,agreeableness,False,4,4,False,"{""openness"": 0.675, ""agreeableness"": 0.5555555555555556, ""extraversion"": 0.625, ""conscientiousness"": 0.5833333333333334, ""neuroticism"": 0.4375}"
pas_final,neuroticism,high,bfi_08,conscientiousness,True,3,3,False,"{""openness"": 0.675, ""agreeableness"": 0.5555555555555556, ""extraversion"": 0.625, ""conscientiousness"": 0.5833333333333334, ""neuroticism"": 0.4375}"
pas_final,neuroticism,high,bfi_09,neuroticism,True,4,4,False,"{""openness"": 0.675, ""agreeableness"": 0.5555555555555556, ""extraversion"": 0.625, ""conscientiousness"": 0.5833333333333334, ""neuroticism"": 0.4375}"
pas_final,neuroticism,high,bfi_10,openness,False,4,4,False,"{""openness"": 0.675, ""agreeableness"": 0.5555555555555556, ""extraversion"": 0.625, ""conscientiousness"": 0.5833333333333334, ""neuroticism"": 0.4375}"
pas_final,neuroticism,high,bfi_11,extraversion,False,4,4,False,"{""openness"": 0.675, ""agreeableness"": 0.5555555555555556, ""extraversion"": 0.625, ""conscientiousness"": 0.5833333333333334, ""neuroticism"": 0.4375}"
pas_final,neuroticism,high,bfi_12,agreeableness,True,3,3,False,"{""openness"": 0.675, ""agreeableness"": 0.5555555555555556, ""extraversion"": 0.625, ""conscientiousness"": 0.5833333333333334, ""neuroticism"": 0.4375}"
pas_final,neuroticism,high,bfi_13,conscientiousness,False,4,4,False,"{""openness"": 0.675, ""agreeableness"": 0.5555555555555556, ""extraversion"": 0.625, ""conscientiousness"": 0.5833333333333334, ""neuroticism"": 0.4375}"
pas_final,neuroticism,high,bfi_14,neuroticism,False,3,3,False,"{""openness"": 0.675, ""agreeableness"": 0.5555555555555556, ""extraversion"": 0.625, ""conscientiousness"": 0.5833333333333334, ""neuroticism"": 0.4375}"
pas_final,neuroticism,high,bfi_15,openness,False,4,4,False,"{""openness"": 0.675, ""agreeableness"": 0.5555555555555556, ""extraversion"": 0.625, ""conscientiousness"": 0.5833333333333334, ""neuroticism"": 0.4375}"
pas_final,neuroticism,high,bfi_16,extraversion,False,4,4,False,"{""openness"": 0.675, ""agreeableness"": 0.5555555555555556, ""extraversion"": 0.625, ""conscientiousness"": 0.5833333333333334, ""neuroticism"": 0.4375}"
pas_final,neuroticism,high,bfi_17,agreeableness,False,3,3,False,"{""openness"": 0.675, ""agreeableness"": 0.5555555555555556, ""extraversion"": 0.625, ""conscientiousness"": 0.5833333333333334, ""neuroticism"": 0.4375}"
pas_final,neuroticism,high,bfi_18,conscientiousness,True,3,3,False,"{""openness"": 0.675, ""agreeableness"": 0.5555555555555556, ""extraversion"": 0.625, ""conscientiousness"": 0.5833333333333334, ""neuroticism"": 0.4375}"
pas_final,neuroticism,high,bfi_19,neuroticism,False,3,3,False,"{""openness"": 0.675, ""agreeableness"": 0.5555555555555556, ""extraversion"": 0.625, ""conscientiousness"": 0.5833333333333334, ""neuroticism"": 0.4375}"
pas_final,neuroticism,high,bfi_20,openness,False,4,4,False,"{""openness"": 0.675, ""agreeableness"": 0.5555555555555556, ""extraversion"": 0.625, ""conscientiousness"": 0.5833333333333334, ""neuroticism"": 0.4375}"
pas_final,neuroticism,high,bfi_21,extraversion,True,3,3,False,"{""openness"": 0.675, ""agreeableness"": 0.5555555555555556, ""extraversion"": 0.625, ""conscientiousness"": 0.5833333333333334, ""neuroticism"": 0.4375}"
pas_final,neuroticism,high,bfi_22,agreeableness,False,3,3,False,"{""openness"": 0.675, ""agreeableness"": 0.5555555555555556, ""extraversion"": 0.625, ""conscientiousness"": 0.5833333333333334, ""neuroticism"": 0.4375}"
pas_final,neuroticism,high,bfi_23,conscientiousness,True,3,3,False,"{""openness"": 0.675, ""agreeableness"": 0.5555555555555556, ""extraversion"": 0.625, ""conscientiousness"": 0.5833333333333334, ""neuroticism"": 0.4375}"
pas_final,neuroticism,high,bfi_24,neuroticism,True,4,4,False,"{""openness"": 0.675, ""agreeableness"": 0.5555555555555556, ""extraversion"": 0.625, ""conscientiousness"": 0.5833333333333334, ""neuroticism"": 0.4375}"
pas_final,neuroticism,high,bfi_25,openness,False,4,4,False,"{""openness"": 0.675, ""agreeableness"": 0.5555555555555556, ""extraversion"": 0.625, ""conscientiousness"": 0.5833333333333334, ""neuroticism"": 0.4375}"
pas_final,neuroticism,high,bfi_26,extraversion,False,4,4,False,"{""openness"": 0.675, ""agreeableness"": 0.5555555555555556, ""extraversion"": 0.625, ""conscientiousness"": 0.5833333333333334, ""neuroticism"": 0.4375}"
pas_final,neuroticism,high,bfi_27,agreeableness,True,3,3,False,"{""openness"": 0.675, ""agreeableness"": 0.5555555555555556, ""extraversion"": 0.625, ""conscientiousness"": 0.5833333333333334, ""neuroticism"": 0.4375}"
pas_final,neuroticism,high,bfi_28,conscientiousness,False,4,4,False,"{""openness"": 0.675, ""agreeableness"": 0.5555555555555556, ""extraversion"": 0.625, ""conscientiousness"": 0.5833333333333334, ""neuroticism"": 0.4375}"
pas_final,neuroticism,high,bfi_29,neuroticism,False,3,3,False,"{""openness"": 0.675, ""agreeableness"": 0.5555555555555556, ""extraversion"": 0.625, ""conscientiousness"": 0.5833333333333334, ""neuroticism"": 0.4375}"
pas_final,neuroticism,high,bfi_30,openness,False,4,4,False,"{""openness"": 0.675, ""agreeableness"": 0.5555555555555556, ""extraversion"": 0.625, ""conscientiousness"": 0.5833333333333334, ""neuroticism"": 0.4375}"
pas_final,neuroticism,high,bfi_31,extraversion,True,3,3,False,"{""openness"": 0.675, ""agreeableness"": 0.5555555555555556, ""extraversion"": 0.625, ""conscientiousness"": 0.5833333333333334, ""neuroticism"": 0.4375}"
pas_final,neuroticism,high,bfi_32,agreeableness,False,4,4,False,"{""openness"": 0.675, ""agreeableness"": 0.5555555555555556, ""extraversion"": 0.625, ""conscientiousness"": 0.5833333333333334, ""neuroticism"": 0.4375}"
pas_final,neuroticism,high,bfi_33,conscientiousness,False,3,3,False,"{""openness"": 0.675, ""agreeableness"": 0.5555555555555556, ""extraversion"": 0.625, ""conscientiousness"": 0.5833333333333334, ""neuroticism"": 0.4375}"
pas_final,neuroticism,high,bfi_34,neuroticism,True,3,3,False,"{""openness"": 0.675, ""agreeableness"": 0.5555555555555556, ""extraversion"": 0.625, ""conscientiousness"": 0.5833333333333334, ""neuroticism"": 0.4375}"
pas_final,neuroticism,high,bfi_35,openness,True,3,3,False,"{""openness"": 0.675, ""agreeableness"": 0.5555555555555556, ""extraversion"": 0.625, ""conscientiousness"": 0.5833333333333334, ""neuroticism"": 0.4375}"
pas_final,neuroticism,high,bfi_36,extraversion,False,4,4,False,"{""openness"": 0.675, ""agreeableness"": 0.5555555555555556, ""extraversion"": 0.625, ""conscientiousness"": 0.5833333333333334, ""neuroticism"": 0.4375}"
pas_final,neuroticism,high,bfi_37,agreeableness,True,3,3,False,"{""openness"": 0.675, ""agreeableness"": 0.5555555555555556, ""extraversion"": 0.625, ""conscientiousness"": 0.5833333333333334, ""neuroticism"": 0.4375}"
pas_final,neuroticism,high,bfi_38,conscientiousness,False,4,4,False,"{""openness"": 0.675, ""agreeableness"": 0.5555555555555556, ""extraversion"": 0.625, ""conscientiousness"": 0.5833333333333334, ""neuroticism"": 0.4375}"
pas_final,neuroticism,high,bfi_39,neuroticism,False,3,3,False,"{""openness"": 0.675, ""agreeableness"": 0.5555555555555556, ""extraversion"": 0.625, ""conscientiousness"": 0.5833333333333334, ""neuroticism"": 0.4375}"
pas_final,neuroticism,high,bfi_40,openness,False,4,4,False,"{""openness"": 0.675, ""agreeableness"": 0.5555555555555556, ""extraversion"": 0.625, ""conscientiousness"": 0.5833333333333334, ""neuroticism"": 0.4375}"
pas_final,neuroticism,high,bfi_41,openness,True,3,3,False,"{""openness"": 0.675, ""agreeableness"": 0.5555555555555556, ""extraversion"": 0.625, ""conscientiousness"": 0.5833333333333334, ""neuroticism"": 0.4375}"
pas_final,neuroticism,high,bfi_42,agreeableness,False,3,3,False,"{""openness"": 0.675, ""agreeableness"": 0.5555555555555556, ""extraversion"": 0.625, ""conscientiousness"": 0.5833333333333334, ""neuroticism"": 0.4375}"
pas_final,neuroticism,high,bfi_43,conscientiousness,True,3,3,False,"{""openness"": 0.675, ""agreeableness"": 0.5555555555555556, ""extraversion"": 0.625, ""conscientiousness"": 0.5833333333333334, ""neuroticism"": 0.4375}"
pas_final,neuroticism,high,bfi_44,openness,False,3,3,False,"{""openness"": 0.675, ""agreeableness"": 0.5555555555555556, ""extraversion"": 0.625, ""conscientiousness"": 0.5833333333333334, ""neuroticism"": 0.4375}"
pas_final,neuroticism,low,bfi_01,extraversion,False,3,3,False,"{""openness"": 0.675, ""agreeableness"": 0.5555555555555556, ""extraversion"": 0.625, ""conscientiousness"": 0.5833333333333334, ""neuroticism"": 0.4375}"
pas_final,neuroticism,low,bfi_02,agreeableness,True,3,3,False,"{""openness"": 0.675, ""agreeableness"": 0.5555555555555556, ""extraversion"": 0.625, ""conscientiousness"": 0.5833333333333334, ""neuroticism"": 0.4375}"
pas_final,neuroticism,low,bfi_03,conscientiousness,False,3,3,False,"{""openness"": 0.675, ""agreeableness"": 0.5555555555555556, ""extraversion"": 0.625, ""conscientiousness"": 0.5833333333333334, ""neuroticism"": 0.4375}"
pas_final,neuroticism,low,bfi_04,neuroticism,False,3,3,False,"{""openness"": 0.675, ""agreeableness"": 0.5555555555555556, ""extraversion"": 0.625, ""conscientiousness"": 0.5833333333333334, ""neuroticism"": 0.4375}"
pas_final,neuroticism,low,bfi_05,openness,False,4,4,False,"{""openness"": 0.675, ""agreeableness"": 0.5555555555555556, ""extraversion"": 0.625, ""conscientiousness"": 0.5833333333333334, ""neuroticism"": 0.4375}"
pas_final,neuroticism,low,bfi_06,extraversion,True,3,3,False,"{""openness"": 0.675, ""agreeableness"": 0.5555555555555556, ""extraversion"": 0.625, ""conscientiousness"": 0.5833333333333334, ""neuroticism"": 0.4375}"
pas_final,neuroticism,low,bfi_07,agreeableness,False,4,4,False,"{""openness"": 0.675, ""agreeableness"": 0.5555555555555556, ""extraversion"": 0.625, ""conscientiousness"": 0.5833333333333334, ""neuroticism"": 0.4375}"
pas_final,neuroticism,low,bfi_08,conscientiousness,True,3,3,False,"{""openness"": 0.675, ""agreeableness"": 0.5555555555555556, ""extraversion"": 0.625, ""conscientiousness"": 0.5833333333333334, ""neuroticism"": 0.4375}"
pas_final,neuroticism,low,bfi_09,neuroticism,True,4,4,False,"{""openness"": 0.675, ""agreeableness"": 0.5555555555555556, ""extraversion"": 0.625, ""conscientiousness"": 0.5833333333333334, ""neuroticism"": 0.4375}"
pas_final,neuroticism,low,bfi_10,openness,False,4,4,False,"{""openness"": 0.675, ""agreeableness"": 0.5555555555555556, ""extraversion"": 0.625, ""conscientiousness"": 0.5833333333333334, ""neuroticism"": 0.4375}"
pas_final,neuroticism,low,bfi_11,extraversion,False,4,4,False,"{""openness"": 0.675, ""agreeableness"": 0.5555555555555556, ""extraversion"": 0.625, ""conscientiousness"": 0.5833333333333334, ""neuroticism"": 0.4375}"
pas_final,neuroticism,low,bfi_12,agreeableness,True,3,3,False,"{""openness"": 0.675, ""agreeableness"": 0.5555555555555556, ""extraversion"": 0.625, ""conscientiousness"": 0.5833333333333334, ""neuroticism"": 0.4375}"
pas_final,neuroticism,low,bfi_13,conscientiousness,False,4,4,False,"{""openness"": 0.675, ""agreeableness"": 0.5555555555555556, ""extraversion"": 0.625, ""conscientiousness"": 0.5833333333333334, ""neuroticism"": 0.4375}"
pas_final,neuroticism,low,bfi_14,neuroticism,False,3,3,False,"{""openness"": 0.675, ""agreeableness"": 0.5555555555555556, ""extraversion"": 0.625, ""conscientiousness"": 0.5833333333333334, ""neuroticism"": 0.4375}"
pas_final,neuroticism,low,bfi_15,openness,False,4,4,False,"{""openness"": 0.675, ""agreeableness"": 0.5555555555555556, ""extraversion"": 0.625, ""conscientiousness"": 0.5833333333333334, ""neuroticism"": 0.4375}"
pas_final,neuroticism,low,bfi_16,extraversion,False,4,4,False,"{""openness"": 0.675, ""agreeableness"": 0.5555555555555556, ""extraversion"": 0.625, ""conscientiousness"": 0.5833333333333334, ""neuroticism"": 0.4375}"
pas_final,neuroticism,low,bfi_17,agreeableness,False,3,3,False,"{""openness"": 0.675, ""agreeableness"": 0.5555555555555556, ""extraversion"": 0.625, ""conscientiousness"": 0.5833333333333334, ""neuroticism"": 0.4375}"
pas_final,neuroticism,low,bfi_18,conscientiousness,True,3,3,False,"{""openness"": 0.675, ""agreeableness"": 0.5555555555555556, ""extraversion"": 0.625, ""conscientiousness"": 0.5833333333333334, ""neuroticism"": 0.4375}"
pas_final,neuroticism,low,bfi_19,neuroticism,False,3,3,False,"{""openness"": 0.675, ""agreeableness"": 0.5555555555555556, ""extraversion"": 0.625, ""conscientiousness"": 0.5833333333333334, ""neuroticism"": 0.4375}"
pas_final,neuroticism,low,bfi_20,openness,False,4,4,False,"{""openness"": 0.675, ""agreeableness"": 0.5555555555555556, ""extraversion"": 0.625, ""conscientiousness"": 0.5833333333333334, ""neuroticism"": 0.4375}"
pas_final,neuroticism,low,bfi_21,extraversion,True,3,3,False,"{""openness"": 0.675, ""agreeableness"": 0.5555555555555556, ""extraversion"": 0.625, ""conscientiousness"": 0.5833333333333334, ""neuroticism"": 0.4375}"
pas_final,neuroticism,low,bfi_22,agreeableness,False,3,3,False,"{""openness"": 0.675, ""agreeableness"": 0.5555555555555556, ""extraversion"": 0.625, ""conscientiousness"": 0.5833333333333334, ""neuroticism"": 0.4375}"
pas_final,neuroticism,low,bfi_23,conscientiousness,True,3,3,False,"{""openness"": 0.675, ""agreeableness"": 0.5555555555555556, ""extraversion"": 0.625, ""conscientiousness"": 0.5833333333333334, ""neuroticism"": 0.4375}"
pas_final,neuroticism,low,bfi_24,neuroticism,True,4,4,False,"{""openness"": 0.675, ""agreeableness"": 0.5555555555555556, ""extraversion"": 0.625, ""conscientiousness"": 0.5833333333333334, ""neuroticism"": 0.4375}"
pas_final,neuroticism,low,bfi_25,openness,False,4,4,False,"{""openness"": 0.675, ""agreeableness"": 0.5555555555555556, ""extraversion"": 0.625, ""conscientiousness"": 0.5833333333333334, ""neuroticism"": 0.4375}"
pas_final,neuroticism,low,bfi_26,extraversion,False,4,4,False,"{""openness"": 0.675, ""agreeableness"": 0.5555555555555556, ""extraversion"": 0.625, ""conscientiousness"": 0.5833333333333334, ""neuroticism"": 0.4375}"
pas_final,neuroticism,low,bfi_27,agreeableness,True,3,3,False,"{""openness"": 0.675, ""agreeableness"": 0.5555555555555556, ""extraversion"": 0.625, ""conscientiousness"": 0.5833333333333334, ""neuroticism"": 0.4375}"
pas_final,neuroticism,low,bfi_28,conscientiousness,False,4,4,False,"{""openness"": 0.675, ""agreeableness"": 0.5555555555555556, ""extraversion"": 0.625, ""conscientiousness"": 0.5833333333333334, ""neuroticism"": 0.4375}"
pas_final,neuroticism,low,bfi_29,neuroticism,False,3,3,False,"{""openness"": 0.675, ""agreeableness"": 0.5555555555555556, ""extraversion"": 0.625, ""conscientiousness"": 0.5833333333333334, ""neuroticism"": 0.4375}"
pas_final,neuroticism,low,bfi_30,openness,False,4,4,False,"{""openness"": 0.675, ""agreeableness"": 0.5555555555555556, ""extraversion"": 0.625, ""conscientiousness"": 0.5833333333333334, ""neuroticism"": 0.4375}"
pas_final,neuroticism,low,bfi_31,extraversion,True,3,3,False,"{""openness"": 0.675, ""agreeableness"": 0.5555555555555556, ""extraversion"": 0.625, ""conscientiousness"": 0.5833333333333334, ""neuroticism"": 0.4375}"
pas_final,neuroticism,low,bfi_32,agreeableness,False,4,4,False,"{""openness"": 0.675, ""agreeableness"": 0.5555555555555556, ""extraversion"": 0.625, ""conscientiousness"": 0.5833333333333334, ""neuroticism"": 0.4375}"
pas_final,neuroticism,low,bfi_33,conscientiousness,False,3,3,False,"{""openness"": 0.675, ""agreeableness"": 0.5555555555555556, ""extraversion"": 0.625, ""conscientiousness"": 0.5833333333333334, ""neuroticism"": 0.4375}"
pas_final,neuroticism,low,bfi_34,neuroticism,True,3,3,False,"{""openness"": 0.675, ""agreeableness"": 0.5555555555555556, ""extraversion"": 0.625, ""conscientiousness"": 0.5833333333333334, ""neuroticism"": 0.4375}"
pas_final,neuroticism,low,bfi_35,openness,True,3,3,False,"{""openness"": 0.675, ""agreeableness"": 0.5555555555555556, ""extraversion"": 0.625, ""conscientiousness"": 0.5833333333333334, ""neuroticism"": 0.4375}"
pas_final,neuroticism,low,bfi_36,extraversion,False,4,4,False,"{""openness"": 0.675, ""agreeableness"": 0.5555555555555556, ""extraversion"": 0.625, ""conscientiousness"": 0.5833333333333334, ""neuroticism"": 0.4375}"
pas_final,neuroticism,low,bfi_37,agreeableness,True,3,3,False,"{""openness"": 0.675, ""agreeableness"": 0.5555555555555556, ""extraversion"": 0.625, ""conscientiousness"": 0.5833333333333334, ""neuroticism"": 0.4375}"
pas_final,neuroticism,low,bfi_38,conscientiousness,False,4,4,False,"{""openness"": 0.675, ""agreeableness"": 0.5555555555555556, ""extraversion"": 0.625, ""conscientiousness"": 0.5833333333333334, ""neuroticism"": 0.4375}"
pas_final,neuroticism,low,bfi_39,neuroticism,False,3,3,False,"{""openness"": 0.675, ""agreeableness"": 0.5555555555555556, ""extraversion"": 0.625, ""conscientiousness"": 0.5833333333333334, ""neuroticism"": 0.4375}"
pas_final,neuroticism,low,bfi_40,openness,False,4,4,False,"{""openness"": 0.675, ""agreeableness"": 0.5555555555555556, ""extraversion"": 0.625, ""conscientiousness"": 0.5833333333333334, ""neuroticism"": 0.4375}"
pas_final,neuroticism,low,bfi_41,openness,True,3,3,False,"{""openness"": 0.675, ""agreeableness"": 0.5555555555555556, ""extraversion"": 0.625, ""conscientiousness"": 0.5833333333333334, ""neuroticism"": 0.4375}"
pas_final,neuroticism,low,bfi_42,agreeableness,False,3,3,False,"{""openness"": 0.675, ""agreeableness"": 0.5555555555555556, ""extraversion"": 0.625, ""conscientiousness"": 0.5833333333333334, ""neuroticism"": 0.4375}"
pas_final,neuroticism,low,bfi_43,conscientiousness,True,3,3,False,"{""openness"": 0.675, ""agreeableness"": 0.5555555555555556, ""extraversion"": 0.625, ""conscientiousness"": 0.5833333333333334, ""neuroticism"": 0.4375}"
pas_final,neuroticism,low,bfi_44,openness,False,3,3,False,"{""openness"": 0.675, ""agreeableness"": 0.5555555555555556, ""extraversion"": 0.625, ""conscientiousness"": 0.5833333333333334, ""neuroticism"": 0.4375}"
pas_final,openness,high,bfi_01,extraversion,False,3,3,False,"{""openness"": 0.675, ""agreeableness"": 0.5555555555555556, ""extraversion"": 0.625, ""conscientiousness"": 0.5833333333333334, ""neuroticism"": 0.4375}"
pas_final,openness,high,bfi_02,agreeableness,True,3,3,False,"{""openness"": 0.675, ""agreeableness"": 0.5555555555555556, ""extraversion"": 0.625, ""conscientiousness"": 0.5833333333333334, ""neuroticism"": 0.4375}"
pas_final,openness,high,bfi_03,conscientiousness,False,3,3,False,"{""openness"": 0.675, ""agreeableness"": 0.5555555555555556, ""extraversion"": 0.625, ""conscientiousness"": 0.5833333333333334, ""neuroticism"": 0.4375}"
pas_final,openness,high,bfi_04,neuroticism,False,3,3,False,"{""openness"": 0.675, ""agreeableness"": 0.5555555555555556, ""extraversion"": 0.625, ""conscientiousness"": 0.5833333333333334, ""neuroticism"": 0.4375}"
pas_final,openness,high,bfi_05,openness,False,4,4,False,"{""openness"": 0.675, ""agreeableness"": 0.5555555555555556, ""extraversion"": 0.625, ""conscientiousness"": 0.5833333333333334, ""neuroticism"": 0.4375}"
pas_final,openness,high,bfi_06,extraversion,True,3,3,False,"{""openness"": 0.675, ""agreeableness"": 0.5555555555555556, ""extraversion"": 0.625, ""conscientiousness"": 0.5833333333333334, ""neuroticism"": 0.4375}"
pas_final,openness,high,bfi_07,agreeableness,False,4,4,False,"{""openness"": 0.675, ""agreeableness"": 0.5555555555555556, ""extraversion"": 0.625, ""conscientiousness"": 0.5833333333333334, ""neuroticism"": 0.4375}"
pas_final,openness,high,bfi_08,conscientiousness,True,3,3,False,"{""openness"": 0.675, ""agreeableness"": 0.5555555555555556, ""extraversion"": 0.625, ""conscientiousness"": 0.5833333333333334, ""neuroticism"": 0.4375}"
pas_final,openness,high,bfi_09,neuroticism,True,4,4,False,"{""openness"": 0.675, ""agreeableness"": 0.5555555555555556, ""extraversion"": 0.625, ""conscientiousness"": 0.5833333333333334, ""neuroticism"": 0.4375}"
pas_final,openness,high,bfi_10,openness,False,4,4,False,"{""openness"": 0.675, ""agreeableness"": 0.5555555555555556, ""extraversion"": 0.625, ""conscientiousness"": 0.5833333333333334, ""neuroticism"": 0.4375}"
pas_final,openness,high,bfi_11,extraversion,False,4,4,False,"{""openness"": 0.675, ""agreeableness"": 0.5555555555555556, ""extraversion"": 0.625, ""conscientiousness"": 0.5833333333333334, ""neuroticism"": 0.4375}"
pas_final,openness,high,bfi_12,agreeableness,True,3,3,False,"{""openness"": 0.675, ""agreeableness"": 0.5555555555555556, ""extraversion"": 0.625, ""conscientiousness"": 0.5833333333333334, ""neuroticism"": 0.4375}"
pas_final,openness,high,bfi_13,conscientiousness,False,4,4,False,"{""openness"": 0.675, ""agreeableness"": 0.5555555555555556, ""extraversion"": 0.625, ""conscientiousness"": 0.5833333333333334, ""neuroticism"": 0.4375}"
pas_final,openness,high,bfi_14,neuroticism,False,3,3,False,"{""openness"": 0.675, ""agreeableness"": 0.5555555555555556, ""extraversion"": 0.625, ""conscientiousness"": 0.5833333333333334, ""neuroticism"": 0.4375}"
pas_final,openness,high,bfi_15,openness,False,4,4,False,"{""openness"": 0.675, ""agreeableness"": 0.5555555555555556, ""extraversion"": 0.625, ""conscientiousness"": 0.5833333333333334, ""neuroticism"": 0.4375}"
pas_final,openness,high,bfi_16,extraversion,False,4,4,False,"{""openness"": 0.675, ""agreeableness"": 0.5555555555555556, ""extraversion"": 0.625, ""conscientiousness"": 0.5833333333333334, ""neuroticism"": 0.4375}"
pas_final,openness,high,bfi_17,agreeableness,False,3,3,False,"{""openness"": 0.675, ""agreeableness"": 0.5555555555555556, ""extraversion"": 0.625, ""conscientiousness"": 0.5833333333333334, ""neuroticism"": 0.4375}"
pas_final,openness,high,bfi_18,conscientiousness,True,3,3,False,"{""openness"": 0.675, ""agreeableness"": 0.5555555555555556, ""extraversion"": 0.625, ""conscientiousness"": 0.5833333333333334, ""neuroticism"": 0.4375}"
pas_final,openness,high,bfi_19,neuroticism,False,3,3,False,"{""openness"": 0.675, ""agreeableness"": 0.5555555555555556, ""extraversion"": 0.625, ""conscientiousness"": 0.5833333333333334, ""neuroticism"": 0.4375}"
pas_final,openness,high,bfi_20,openness,False,4,4,False,"{""openness"": 0.675, ""agreeableness"": 0.5555555555555556, ""extraversion"": 0.625, ""conscientiousness"": 0.5833333333333334, ""neuroticism"": 0.4375}"
pas_final,openness,high,bfi_21,extraversion,True,3,3,False,"{""openness"": 0.675, ""agreeableness"": 0.5555555555555556, ""extraversion"": 0.625, ""conscientiousness"": 0.5833333333333334, ""neuroticism"": 0.4375}"
pas_final,openness,high,bfi_22,agreeableness,False,3,3,False,"{""openness"": 0.675, ""agreeableness"": 0.5555555555555556, ""extraversion"": 0.625, ""conscientiousness"": 0.5833333333333334, ""neuroticism"": 0.4375}"
pas_final,openness,high,bfi_23,conscientiousness,True,3,3,False,"{""openness"": 0.675, ""agreeableness"": 0.5555555555555556, ""extraversion"": 0.625, ""conscientiousness"": 0.5833333333333334, ""neuroticism"": 0.4375}"
pas_final,openness,high,bfi_24,neuroticism,True,4,4,False,"{""openness"": 0.675, ""agreeableness"": 0.5555555555555556, ""extraversion"": 0.625, ""conscientiousness"": 0.5833333333333334, ""neuroticism"": 0.4375}"
pas_final,openness,high,bfi_25,openness,False,4,4,False,"{""openness"": 0.675, ""agreeableness"": 0.5555555555555556, ""extraversion"": 0.625, ""conscientiousness"": 0.5833333333333334, ""neuroticism"": 0.4375}"
pas_final,openness,high,bfi_26,extraversion,False,4,4,False,"{""openness"": 0.675, ""agreeableness"": 0.5555555555555556, ""extraversion"": 0.625, ""conscientiousness"": 0.5833333333333334, ""neuroticism"": 0.4375}"
pas_final,openness,high,bfi_27,agreeableness,True,3,3,False,"{""openness"": 0.675, ""agreeableness"": 0.5555555555555556, ""extraversion"": 0.625, ""conscientiousness"": 0.5833333333333334, ""neuroticism"": 0.4375}"
pas_final,openness,high,bfi_28,conscientiousness,False,4,4,False,"{""openness"": 0.675, ""agreeableness"": 0.5555555555555556, ""extraversion"": 0.625, ""conscientiousness"": 0.5833333333333334, ""neuroticism"": 0.4375}"
pas_final,openness,high,bfi_29,neuroticism,False,3,3,False,"{""openness"": 0.675, ""agreeableness"": 0.5555555555555556, ""extraversion"": 0.625, ""conscientiousness"": 0.5833333333333334, ""neuroticism"": 0.4375}"
pas_final,openness,high,bfi_30,openness,False,4,4,False,"{""openness"": 0.675, ""agreeableness"": 0.5555555555555556, ""extraversion"": 0.625, ""conscientiousness"": 0.5833333333333334, ""neuroticism"": 0.4375}"
pas_final,openness,high,bfi_31,extraversion,True,3,3,False,"{""openness"": 0.675, ""agreeableness"": 0.5555555555555556, ""extraversion"": 0.625, ""conscientiousness"": 0.5833333333333334, ""neuroticism"": 0.4375}"
pas_final,openness,high,bfi_32,agreeableness,False,4,4,False,"{""openness"": 0.675, ""agreeableness"": 0.5555555555555556, ""extraversion"": 0.625, ""conscientiousness"": 0.5833333333333334, ""neuroticism"": 0.4375}"
pas_final,openness,high,bfi_33,conscientiousness,False,3,3,False,"{""openness"": 0.675, ""agreeableness"": 0.5555555555555556, ""extraversion"": 0.625, ""conscientiousness"": 0.5833333333333334, ""neuroticism"": 0.4375}"
pas_final,openness,high,bfi_34,neuroticism,True,3,3,False,"{""openness"": 0.675, ""agreeableness"": 0.5555555555555556, ""extraversion"": 0.625, ""conscientiousness"": 0.5833333333333334, ""neuroticism"": 0.4375}"
pas_final,openness,high,bfi_35,openness,True,3,3,False,"{""openness"": 0.675, ""agreeableness"": 0.5555555555555556, ""extraversion"": 0.625, ""conscientiousness"": 0.5833333333333334, ""neuroticism"": 0.4375}"
pas_final,openness,high,bfi_36,extraversion,False,4,4,False,"{""openness"": 0.675, ""agreeableness"": 0.5555555555555556, ""extraversion"": 0.625, ""conscientiousness"": 0.5833333333333334, ""neuroticism"": 0.4375}"
pas_final,openness,high,bfi_37,agreeableness,True,3,3,False,"{""openness"": 0.675, ""agreeableness"": 0.5555555555555556, ""extraversion"": 0.625, ""conscientiousness"": 0.5833333333333334, ""neuroticism"": 0.4375}"
pas_final,openness,high,bfi_38,conscientiousness,False,4,4,False,"{""openness"": 0.675, ""agreeableness"": 0.5555555555555556, ""extraversion"": 0.625, ""conscientiousness"": 0.5833333333333334, ""neuroticism"": 0.4375}"
pas_final,openness,high,bfi_39,neuroticism,False,3,3,False,"{""openness"": 0.675, ""agreeableness"": 0.5555555555555556, ""extraversion"": 0.625, ""conscientiousness"": 0.5833333333333334, ""neuroticism"": 0.4375}"
pas_final,openness,high,bfi_40,openness,False,4,4,False,"{""openness"": 0.675, ""agreeableness"": 0.5555555555555556, ""extraversion"": 0.625, ""conscientiousness"": 0.5833333333333334, ""neuroticism"": 0.4375}"
pas_final,openness,high,bfi_41,openness,True,3,3,False,"{""openness"": 0.675, ""agreeableness"": 0.5555555555555556, ""extraversion"": 0.625, ""conscientiousness"": 0.5833333333333334, ""neuroticism"": 0.4375}"
pas_final,openness,high,bfi_42,agreeableness,False,3,3,False,"{""openness"": 0.675, ""agreeableness"": 0.5555555555555556, ""extraversion"": 0.625, ""conscientiousness"": 0.5833333333333334, ""neuroticism"": 0.4375}"
pas_final,openness,high,bfi_43,conscientiousness,True,3,3,False,"{""openness"": 0.675, ""agreeableness"": 0.5555555555555556, ""extraversion"": 0.625, ""conscientiousness"": 0.5833333333333334, ""neuroticism"": 0.4375}"
pas_final,openness,high,bfi_44,openness,False,3,3,False,"{""openness"": 0.675, ""agreeableness"": 0.5555555555555556, ""extraversion"": 0.625, ""conscientiousness"": 0.5833333333333334, ""neuroticism"": 0.4375}"
pas_final,openness,low,bfi_01,extraversion,False,3,3,False,"{""openness"": 0.675, ""agreeableness"": 0.5555555555555556, ""extraversion"": 0.625, ""conscientiousness"": 0.5833333333333334, ""neuroticism"": 0.4375}"
pas_final,openness,low,bfi_02,agreeableness,True,3,3,False,"{""openness"": 0.675, ""agreeableness"": 0.5555555555555556, ""extraversion"": 0.625, ""conscientiousness"": 0.5833333333333334, ""neuroticism"": 0.4375}"
pas_final,openness,low,bfi_03,conscientiousness,False,3,3,False,"{""openness"": 0.675, ""agreeableness"": 0.5555555555555556, ""extraversion"": 0.625, ""conscientiousness"": 0.5833333333333334, ""neuroticism"": 0.4375}"
pas_final,openness,low,bfi_04,neuroticism,False,3,3,False,"{""openness"": 0.675, ""agreeableness"": 0.5555555555555556, ""extraversion"": 0.625, ""conscientiousness"": 0.5833333333333334, ""neuroticism"": 0.4375}"
pas_final,openness,low,bfi_05,openness,False,4,4,False,"{""openness"": 0.675, ""agreeableness"": 0.5555555555555556, ""extraversion"": 0.625, ""conscientiousness"": 0.5833333333333334, ""neuroticism"": 0.4375}"
pas_final,openness,low,bfi_06,extraversion,True,3,3,False,"{""openness"": 0.675, ""agreeableness"": 0.5555555555555556, ""extraversion"": 0.625, ""conscientiousness"": 0.5833333333333334, ""neuroticism"": 0.4375}"
pas_final,openness,low,bfi_07,agreeableness,False,4,4,False,"{""openness"": 0.675, ""agreeableness"": 0.5555555555555556, ""extraversion"": 0.625, ""conscientiousness"": 0.5833333333333334, ""neuroticism"": 0.4375}"
pas_final,openness,low,bfi_08,conscientiousness,True,3,3,False,"{""openness"": 0.675, ""agreeableness"": 0.5555555555555556, ""extraversion"": 0.625, ""conscientiousness"": 0.5833333333333334, ""neuroticism"": 0.4375}"
pas_final,openness,low,bfi_09,neuroticism,True,4,4,False,"{""openness"": 0.675, ""agreeableness"": 0.5555555555555556, ""extraversion"": 0.625, ""conscientiousness"": 0.5833333333333334, ""neuroticism"": 0.4375}"
pas_final,openness,low,bfi_10,openness,False,4,4,False,"{""openness"": 0.675, ""agreeableness"": 0.5555555555555556, ""extraversion"": 0.625, ""conscientiousness"": 0.5833333333333334, ""neuroticism"": 0.4375}"
pas_final,openness,low,bfi_11,extraversion,False,4,4,False,"{""openness"": 0.675, ""agreeableness"": 0.5555555555555556, ""extraversion"": 0.625, ""conscientiousness"": 0.5833333333333334, ""neuroticism"": 0.4375}"
pas_final,openness,low,bfi_12,agreeableness,True,3,3,False,"{""openness"": 0.675, ""agreeableness"": 0.5555555555555556, ""extraversion"": 0.625, ""conscientiousness"": 0.5833333333333334, ""neuroticism"": 0.4375}"
pas_final,openness,low,bfi_13,conscientiousness,False,4,4,False,"{""openness"": 0.675, ""agreeableness"": 0.5555555555555556, ""extraversion"": 0.625, ""conscientiousness"": 0.5833333333333334, ""neuroticism"": 0.4375}"
pas_final,openness,low,bfi_14,neuroticism,False,3,3,False,"{""openness"": 0.675, ""agreeableness"": 0.5555555555555556, ""extraversion"": 0.625, ""conscientiousness"": 0.5833333333333334, ""neuroticism"": 0.4375}"
pas_final,openness,low,bfi_15,openness,False,4,4,False,"{""openness"": 0.675, ""agreeableness"": 0.5555555555555556, ""extraversion"": 0.625, ""conscientiousness"": 0.5833333333333334, ""neuroticism"": 0.4375}"
pas_final,openness,low,bfi_16,extraversion,False,4,4,False,"{""openness"": 0.675, ""agreeableness"": 0.5555555555555556, ""extraversion"": 0.625, ""conscientiousness"": 0.5833333333333334, ""neuroticism"": 0.4375}"
pas_final,openness,low,bfi_17,agreeableness,False,3,3,False,"{""openness"": 0.675, ""agreeableness"": 0.5555555555555556, ""extraversion"": 0.625, ""conscientiousness"": 0.5833333333333334, ""neuroticism"": 0.4375}"
pas_final,openness,low,bfi_18,conscientiousness,True,3,3,False,"{""openness"": 0.675, ""agreeableness"": 0.5555555555555556, ""extraversion"": 0.625, ""conscientiousness"": 0.5833333333333334, ""neuroticism"": 0.4375}"
pas_final,openness,low,bfi_19,neuroticism,False,3,3,False,"{""openness"": 0.675, ""agreeableness"": 0.5555555555555556, ""extraversion"": 0.625, ""conscientiousness"": 0.5833333333333334, ""neuroticism"": 0.4375}"
pas_final,openness,low,bfi_20,openness,False,4,4,False,"{""openness"": 0.675, ""agreeableness"": 0.5555555555555556, ""extraversion"": 0.625, ""conscientiousness"": 0.5833333333333334, ""neuroticism"": 0.4375}"
pas_final,openness,low,bfi_21,extraversion,True,3,3,False,"{""openness"": 0.675, ""agreeableness"": 0.5555555555555556, ""extraversion"": 0.625, ""conscientiousness"": 0.5833333333333334, ""neuroticism"": 0.4375}"
pas_final,openness,low,bfi_22,agreeableness,False,3,3,False,"{""openness"": 0.675, ""agreeableness"": 0.5555555555555556, ""extraversion"": 0.625, ""conscientiousness"": 0.5833333333333334, ""neuroticism"": 0.4375}"
pas_final,openness,low,bfi_23,conscientiousness,True,3,3,False,"{""openness"": 0.675, ""agreeableness"": 0.5555555555555556, ""extraversion"": 0.625, ""conscientiousness"": 0.5833333333333334, ""neuroticism"": 0.4375}"
pas_final,openness,low,bfi_24,neuroticism,True,4,4,False,"{""openness"": 0.675, ""agreeableness"": 0.5555555555555556, ""extraversion"": 0.625, ""conscientiousness"": 0.5833333333333334, ""neuroticism"": 0.4375}"
pas_final,openness,low,bfi_25,openness,False,4,4,False,"{""openness"": 0.675, ""agreeableness"": 0.5555555555555556, ""extraversion"": 0.625, ""conscientiousness"": 0.5833333333333334, ""neuroticism"": 0.4375}"
pas_final,openness,low,bfi_26,extraversion,False,4,4,False,"{""openness"": 0.675, ""agreeableness"": 0.5555555555555556, ""extraversion"": 0.625, ""conscientiousness"": 0.5833333333333334, ""neuroticism"": 0.4375}"
pas_final,openness,low,bfi_27,agreeableness,True,3,3,False,"{""openness"": 0.675, ""agreeableness"": 0.5555555555555556, ""extraversion"": 0.625, ""conscientiousness"": 0.5833333333333334, ""neuroticism"": 0.4375}"
pas_final,openness,low,bfi_28,conscientiousness,False,4,4,False,"{""openness"": 0.675, ""agreeableness"": 0.5555555555555556, ""extraversion"": 0.625, ""conscientiousness"": 0.5833333333333334, ""neuroticism"": 0.4375}"
pas_final,openness,low,bfi_29,neuroticism,False,3,3,False,"{""openness"": 0.675, ""agreeableness"": 0.5555555555555556, ""extraversion"": 0.625, ""conscientiousness"": 0.5833333333333334, ""neuroticism"": 0.4375}"
pas_final,openness,low,bfi_30,openness,False,4,4,False,"{""openness"": 0.675, ""agreeableness"": 0.5555555555555556, ""extraversion"": 0.625, ""conscientiousness"": 0.5833333333333334, ""neuroticism"": 0.4375}"
pas_final,openness,low,bfi_31,extraversion,True,3,3,False,"{""openness"": 0.675, ""agreeableness"": 0.5555555555555556, ""extraversion"": 0.625, ""conscientiousness"": 0.5833333333333334, ""neuroticism"": 0.4375}"
pas_final,openness,low,bfi_32,agreeableness,False,4,4,False,"{""openness"": 0.675, ""agreeableness"": 0.5555555555555556, ""extraversion"": 0.625, ""conscientiousness"": 0.5833333333333334, ""neuroticism"": 0.4375}"
pas_final,openness,low,bfi_33,conscientiousness,False,3,3,False,"{""openness"": 0.675, ""agreeableness"": 0.5555555555555556, ""extraversion"": 0.625, ""conscientiousness"": 0.5833333333333334, ""neuroticism"": 0.4375}"
pas_final,openness,low,bfi_34,neuroticism,True,3,3,False,"{""openness"": 0.675, ""agreeableness"": 0.5555555555555556, ""extraversion"": 0.625, ""conscientiousness"": 0.5833333333333334, ""neuroticism"": 0.4375}"
pas_final,openness,low,bfi_35,openness,True,3,3,False,"{""openness"": 0.675, ""agreeableness"": 0.5555555555555556, ""extraversion"": 0.625, ""conscientiousness"": 0.5833333333333334, ""neuroticism"": 0.4375}"
pas_final,openness,low,bfi_36,extraversion,False,4,4,False,"{""openness"": 0.675, ""agreeableness"": 0.5555555555555556, ""extraversion"": 0.625, ""conscientiousness"": 0.5833333333333334, ""neuroticism"": 0.4375}"
pas_final,openness,low,bfi_37,agreeableness,True,3,3,False,"{""openness"": 0.675, ""agreeableness"": 0.5555555555555556, ""extraversion"": 0.625, ""conscientiousness"": 0.5833333333333334, ""neuroticism"": 0.4375}"
pas_final,openness,low,bfi_38,conscientiousness,False,4,4,False,"{""openness"": 0.675, ""agreeableness"": 0.5555555555555556, ""extraversion"": 0.625, ""conscientiousness"": 0.5833333333333334, ""neuroticism"": 0.4375}"
pas_final,openness,low,bfi_39,neuroticism,False,3,3,False,"{""openness"": 0.675, ""agreeableness"": 0.5555555555555556, ""extraversion"": 0.625, ""conscientiousness"": 0.5833333333333334, ""neuroticism"": 0.4375}"
pas_final,openness,low,bfi_40,openness,False,4,4,False,"{""openness"": 0.675, ""agreeableness"": 0.5555555555555556, ""extraversion"": 0.625, ""conscientiousness"": 0.5833333333333334, ""neuroticism"": 0.4375}"
pas_final,openness,low,bfi_41,openness,True,3,3,False,"{""openness"": 0.675, ""agreeableness"": 0.5555555555555556, ""extraversion"": 0.625, ""conscientiousness"": 0.5833333333333334, ""neuroticism"": 0.4375}"
pas_final,openness,low,bfi_42,agreeableness,False,3,3,False,"{""openness"": 0.675, ""agreeableness"": 0.5555555555555556, ""extraversion"": 0.625, ""conscientiousness"": 0.5833333333333334, ""neuroticism"": 0.4375}"
pas_final,openness,low,bfi_43,conscientiousness,True,3,3,False,"{""openness"": 0.675, ""agreeableness"": 0.5555555555555556, ""extraversion"": 0.625, ""conscientiousness"": 0.5833333333333334, ""neuroticism"": 0.4375}"
pas_final,openness,low,bfi_44,openness,False,3,3,False,"{""openness"": 0.675, ""agreeableness"": 0.5555555555555556, ""extraversion"": 0.625, ""conscientiousness"": 0.5833333333333334, ""neuroticism"": 0.4375}"
pas_final,extraversion,high,bfi_01,extraversion,False,3,3,False,"{""openness"": 0.675, ""agreeableness"": 0.5555555555555556, ""extraversion"": 0.625, ""conscientiousness"": 0.5833333333333334, ""neuroticism"": 0.4375}"
pas_final,extraversion,high,bfi_02,agreeableness,True,3,3,False,"{""openness"": 0.675, ""agreeableness"": 0.5555555555555556, ""extraversion"": 0.625, ""conscientiousness"": 0.5833333333333334, ""neuroticism"": 0.4375}"
pas_final,extraversion,high,bfi_03,conscientiousness,False,3,3,False,"{""openness"": 0.675, ""agreeableness"": 0.5555555555555556, ""extraversion"": 0.625, ""conscientiousness"": 0.5833333333333334, ""neuroticism"": 0.4375}"
pas_final,extraversion,high,bfi_04,neuroticism,False,3,3,False,"{""openness"": 0.675, ""agreeableness"": 0.5555555555555556, ""extraversion"": 0.625, ""conscientiousness"": 0.5833333333333334, ""neuroticism"": 0.4375}"
pas_final,extraversion,high,bfi_05,openness,False,4,4,False,"{""openness"": 0.675, ""agreeableness"": 0.5555555555555556, ""extraversion"": 0.625, ""conscientiousness"": 0.5833333333333334, ""neuroticism"": 0.4375}"
pas_final,extraversion,high,bfi_06,extraversion,True,3,3,False,"{""openness"": 0.675, ""agreeableness"": 0.5555555555555556, ""extraversion"": 0.625, ""conscientiousness"": 0.5833333333333334, ""neuroticism"": 0.4375}"
pas_final,extraversion,high,bfi_07,agreeableness,False,4,4,False,"{""openness"": 0.675, ""agreeableness"": 0.5555555555555556, ""extraversion"": 0.625, ""conscientiousness"": 0.5833333333333334, ""neuroticism"": 0.4375}"
pas_final,extraversion,high,bfi_08,conscientiousness,True,3,3,False,"{""openness"": 0.675, ""agreeableness"": 0.5555555555555556, ""extraversion"": 0.625, ""conscientiousness"": 0.5833333333333334, ""neuroticism"": 0.4375}"
pas_final,extraversion,high,bfi_09,neuroticism,True,4,4,False,"{""openness"": 0.675, ""agreeableness"": 0.5555555555555556, ""extraversion"": 0.625, ""conscientiousness"": 0.5833333333333334, ""neuroticism"": 0.4375}"
pas_final,extraversion,high,bfi_10,openness,False,4,4,False,"{""openness"": 0.675, ""agreeableness"": 0.5555555555555556, ""extraversion"": 0.625, ""conscientiousness"": 0.5833333333333334, ""neuroticism"": 0.4375}"
pas_final,extraversion,high,bfi_11,extraversion,False,4,4,False,"{""openness"": 0.675, ""agreeableness"": 0.5555555555555556, ""extraversion"": 0.625, ""conscientiousness"": 0.5833333333333334, ""neuroticism"": 0.4375}"
pas_final,extraversion,high,bfi_12,agreeableness,True,3,3,False,"{""openness"": 0.675, ""agreeableness"": 0.5555555555555556, ""extraversion"": 0.625, ""conscientiousness"": 0.5833333333333334, ""neuroticism"": 0.4375}"
pas_final,extraversion,high,bfi_13,conscientiousness,False,4,4,False,"{""openness"": 0.675, ""agreeableness"": 0.5555555555555556, ""extraversion"": 0.625, ""conscientiousness"": 0.5833333333333334, ""neuroticism"": 0.4375}"
pas_final,extraversion,high,bfi_14,neuroticism,False,3,3,False,"{""openness"": 0.675, ""agreeableness"": 0.5555555555555556, ""extraversion"": 0.625, ""conscientiousness"": 0.5833333333333334, ""neuroticism"": 0.4375}"
pas_final,extraversion,high,bfi_15,openness,False,4,4,False,"{""openness"": 0.675, ""agreeableness"": 0.5555555555555556, ""extraversion"": 0.625, ""conscientiousness"": 0.5833333333333334, ""neuroticism"": 0.4375}"
pas_final,extraversion,high,bfi_16,extraversion,False,4,4,False,"{""openness"": 0.675, ""agreeableness"": 0.5555555555555556, ""extraversion"": 0.625, ""conscientiousness"": 0.5833333333333334, ""neuroticism"": 0.4375}"
pas_final,extraversion,high,bfi_17,agreeableness,False,3,3,False,"{""openness"": 0.675, ""agreeableness"": 0.5555555555555556, ""extraversion"": 0.625, ""conscientiousness"": 0.5833333333333334, ""neuroticism"": 0.4375}"
pas_final,extraversion,high,bfi_18,conscientiousness,True,3,3,False,"{""openness"": 0.675, ""agreeableness"": 0.5555555555555556, ""extraversion"": 0.625, ""conscientiousness"": 0.5833333333333334, ""neuroticism"": 0.4375}"
pas_final,extraversion,high,bfi_19,neuroticism,False,3,3,False,"{""openness"": 0.675, ""agreeableness"": 0.5555555555555556, ""extraversion"": 0.625, ""conscientiousness"": 0.5833333333333334, ""neuroticism"": 0.4375}"
pas_final,extraversion,high,bfi_20,openness,False,4,4,False,"{""openness"": 0.675, ""agreeableness"": 0.5555555555555556, ""extraversion"": 0.625, ""conscientiousness"": 0.5833333333333334, ""neuroticism"": 0.4375}"
pas_final,extraversion,high,bfi_21,extraversion,True,3,3,False,"{""openness"": 0.675, ""agreeableness"": 0.5555555555555556, ""extraversion"": 0.625, ""conscientiousness"": 0.5833333333333334, ""neuroticism"": 0.4375}"
pas_final,extraversion,high,bfi_22,agreeableness,False,3,3,False,"{""openness"": 0.675, ""agreeableness"": 0.5555555555555556, ""extraversion"": 0.625, ""conscientiousness"": 0.5833333333333334, ""neuroticism"": 0.4375}"
pas_final,extraversion,high,bfi_23,conscientiousness,True,3,3,False,"{""openness"": 0.675, ""agreeableness"": 0.5555555555555556, ""extraversion"": 0.625, ""conscientiousness"": 0.5833333333333334, ""neuroticism"": 0.4375}"
pas_final,extraversion,high,bfi_24,neuroticism,True,4,4,False,"{""openness"": 0.675, ""agreeableness"": 0.5555555555555556, ""extraversion"": 0.625, ""conscientiousness"": 0.5833333333333334, ""neuroticism"": 0.4375}"
pas_final,extraversion,high,bfi_25,openness,False,4,4,False,"{""openness"": 0.675, ""agreeableness"": 0.5555555555555556, ""extraversion"": 0.625, ""conscientiousness"": 0.5833333333333334, ""neuroticism"": 0.4375}"
pas_final,extraversion,high,bfi_26,extraversion,False,4,4,False,"{""openness"": 0.675, ""agreeableness"": 0.5555555555555556, ""extraversion"": 0.625, ""conscientiousness"": 0.5833333333333334, ""neuroticism"": 0.4375}"
pas_final,extraversion,high,bfi_27,agreeableness,True,3,3,False,"{""openness"": 0.675, ""agreeableness"": 0.5555555555555556, ""extraversion"": 0.625, ""conscientiousness"": 0.5833333333333334, ""neuroticism"": 0.4375}"
pas_final,extraversion,high,bfi_28,conscientiousness,False,4,4,False,"{""openness"": 0.675, ""agreeableness"": 0.5555555555555556, ""extraversion"": 0.625, ""conscientiousness"": 0.5833333333333334, ""neuroticism"": 0.4375}"
pas_final,extraversion,high,bfi_29,neuroticism,False,3,3,False,"{""openness"": 0.675, ""agreeableness"": 0.5555555555555556, ""extraversion"": 0.625, ""conscientiousness"": 0.5833333333333334, ""neuroticism"": 0.4375}"
pas_final,extraversion,high,bfi_30,openness,False,4,4,False,"{""openness"": 0.675, ""agreeableness"": 0.5555555555555556, ""extraversion"": 0.625, ""conscientiousness"": 0.5833333333333334, ""neuroticism"": 0.4375}"
pas_final,extraversion,high,bfi_31,extraversion,True,3,3,False,"{""openness"": 0.675, ""agreeableness"": 0.5555555555555556, ""extraversion"": 0.625, ""conscientiousness"": 0.5833333333333334, ""neuroticism"": 0.4375}"
pas_final,extraversion,high,bfi_32,agreeableness,False,4,4,False,"{""openness"": 0.675, ""agreeableness"": 0.5555555555555556, ""extraversion"": 0.625, ""conscientiousness"": 0.5833333333333334, ""neuroticism"": 0.4375}"
pas_final,extraversion,high,bfi_33,conscientiousness,False,3,3,False,"{""openness"": 0.675, ""agreeableness"": 0.5555555555555556, ""extraversion"": 0.625, ""conscientiousness"": 0.5833333333333334, ""neuroticism"": 0.4375}"
pas_final,extraversion,high,bfi_34,neuroticism,True,3,3,False,"{""openness"": 0.675, ""agreeableness"": 0.5555555555555556, ""extraversion"": 0.625, ""conscientiousness"": 0.5833333333333334, ""neuroticism"": 0.4375}"
pas_final,extraversion,high,bfi_35,openness,True,3,3,False,"{""openness"": 0.675, ""agreeableness"": 0.5555555555555556, ""extraversion"": 0.625, ""conscientiousness"": 0.5833333333333334, ""neuroticism"": 0.4375}"
pas_final,extraversion,high,bfi_36,extraversion,False,4,4,False,"{""openness"": 0.675, ""agreeableness"": 0.5555555555555556, ""extraversion"": 0.625, ""conscientiousness"": 0.5833333333333334, ""neuroticism"": 0.4375}"
pas_final,extraversion,high,bfi_37,agreeableness,True,3,3,False,"{""openness"": 0.675, ""agreeableness"": 0.5555555555555556, ""extraversion"": 0.625, ""conscientiousness"": 0.5833333333333334, ""neuroticism"": 0.4375}"
pas_final,extraversion,high,bfi_38,conscientiousness,False,4,4,False,"{""openness"": 0.675, ""agreeableness"": 0.5555555555555556, ""extraversion"": 0.625, ""conscientiousness"": 0.5833333333333334, ""neuroticism"": 0.4375}"
pas_final,extraversion,high,bfi_39,neuroticism,False,3,3,False,"{""openness"": 0.675, ""agreeableness"": 0.5555555555555556, ""extraversion"": 0.625, ""conscientiousness"": 0.5833333333333334, ""neuroticism"": 0.4375}"
pas_final,extraversion,high,bfi_40,openness,False,4,4,False,"{""openness"": 0.675, ""agreeableness"": 0.5555555555555556, ""extraversion"": 0.625, ""conscientiousness"": 0.5833333333333334, ""neuroticism"": 0.4375}"
pas_final,extraversion,high,bfi_41,openness,True,3,3,False,"{""openness"": 0.675, ""agreeableness"": 0.5555555555555556, ""extraversion"": 0.625, ""conscientiousness"": 0.5833333333333334, ""neuroticism"": 0.4375}"
pas_final,extraversion,high,bfi_42,agreeableness,False,3,3,False,"{""openness"": 0.675, ""agreeableness"": 0.5555555555555556, ""extraversion"": 0.625, ""conscientiousness"": 0.5833333333333334, ""neuroticism"": 0.4375}"
pas_final,extraversion,high,bfi_43,conscientiousness,True,3,3,False,"{""openness"": 0.675, ""agreeableness"": 0.5555555555555556, ""extraversion"": 0.625, ""conscientiousness"": 0.5833333333333334, ""neuroticism"": 0.4375}"
pas_final,extraversion,high,bfi_44,openness,False,3,3,False,"{""openness"": 0.675, ""agreeableness"": 0.5555555555555556, ""extraversion"": 0.625, ""conscientiousness"": 0.5833333333333334, ""neuroticism"": 0.4375}"
pas_final,extraversion,low,bfi_01,extraversion,False,3,3,False,"{""openness"": 0.675, ""agreeableness"": 0.5555555555555556, ""extraversion"": 0.625, ""conscientiousness"": 0.5833333333333334, ""neuroticism"": 0.4375}"
pas_final,extraversion,low,bfi_02,agreeableness,True,3,3,False,"{""openness"": 0.675, ""agreeableness"": 0.5555555555555556, ""extraversion"": 0.625, ""conscientiousness"": 0.5833333333333334, ""neuroticism"": 0.4375}"
pas_final,extraversion,low,bfi_03,conscientiousness,False,3,3,False,"{""openness"": 0.675, ""agreeableness"": 0.5555555555555556, ""extraversion"": 0.625, ""conscientiousness"": 0.5833333333333334, ""neuroticism"": 0.4375}"
pas_final,extraversion,low,bfi_04,neuroticism,False,3,3,False,"{""openness"": 0.675, ""agreeableness"": 0.5555555555555556, ""extraversion"": 0.625, ""conscientiousness"": 0.5833333333333334, ""neuroticism"": 0.4375}"
pas_final,extraversion,low,bfi_05,openness,False,4,4,False,"{""openness"": 0.675, ""agreeableness"": 0.5555555555555556, ""extraversion"": 0.625, ""conscientiousness"": 0.5833333333333334, ""neuroticism"": 0.4375}"
pas_final,extraversion,low,bfi_06,extraversion,True,3,3,False,"{""openness"": 0.675, ""agreeableness"": 0.5555555555555556, ""extraversion"": 0.625, ""conscientiousness"": 0.5833333333333334, ""neuroticism"": 0.4375}"
pas_final,extraversion,low,bfi_07,agreeableness,False,4,4,False,"{""openness"": 0.675, ""agreeableness"": 0.5555555555555556, ""extraversion"": 0.625, ""conscientiousness"": 0.5833333333333334, ""neuroticism"": 0.4375}"
pas_final,extraversion,low,bfi_08,conscientiousness,True,3,3,False,"{""openness"": 0.675, ""agreeableness"": 0.5555555555555556, ""extraversion"": 0.625, ""conscientiousness"": 0.5833333333333334, ""neuroticism"": 0.4375}"
pas_final,extraversion,low,bfi_09,neuroticism,True,4,4,False,"{""openness"": 0.675, ""agreeableness"": 0.5555555555555556, ""extraversion"": 0.625, ""conscientiousness"": 0.5833333333333334, ""neuroticism"": 0.4375}"
pas_final,extraversion,low,bfi_10,openness,False,4,4,False,"{""openness"": 0.675, ""agreeableness"": 0.5555555555555556, ""extraversion"": 0.625, ""conscientiousness"": 0.5833333333333334, ""neuroticism"": 0.4375}"
pas_final,extraversion,low,bfi_11,extraversion,False,4,4,False,"{""openness"": 0.675, ""agreeableness"": 0.5555555555555556, ""extraversion"": 0.625, ""conscientiousness"": 0.5833333333333334, ""neuroticism"": 0.4375}"
pas_final,extraversion,low,bfi_12,agreeableness,True,3,3,False,"{""openness"": 0.675, ""agreeableness"": 0.5555555555555556, ""extraversion"": 0.625, ""conscientiousness"": 0.5833333333333334, ""neuroticism"": 0.4375}"
pas_final,extraversion,low,bfi_13,conscientiousness,False,4,4,False,"{""openness"": 0.675, ""agreeableness"": 0.5555555555555556, ""extraversion"": 0.625, ""conscientiousness"": 0.5833333333333334, ""neuroticism"": 0.4375}"
pas_final,extraversion,low,bfi_14,neuroticism,False,3,3,False,"{""openness"": 0.675, ""agreeableness"": 0.5555555555555556, ""extraversion"": 0.625, ""conscientiousness"": 0.5833333333333334, ""neuroticism"": 0.4375}"
pas_final,extraversion,low,bfi_15,openness,False,4,4,False,"{""openness"": 0.675, ""agreeableness"": 0.5555555555555556, ""extraversion"": 0.625, ""conscientiousness"": 0.5833333333333334, ""neuroticism"": 0.4375}"
pas_final,extraversion,low,bfi_16,extraversion,False,4,4,False,"{""openness"": 0.675, ""agreeableness"": 0.5555555555555556, ""extraversion"": 0.625, ""conscientiousness"": 0.5833333333333334, ""neuroticism"": 0.4375}"
pas_final,extraversion,low,bfi_17,agreeableness,False,3,3,False,"{""openness"": 0.675, ""agreeableness"": 0.5555555555555556, ""extraversion"": 0.625, ""conscientiousness"": 0.5833333333333334, ""neuroticism"": 0.4375}"
pas_final,extraversion,low,bfi_18,conscientiousness,True,3,3,False,"{""openness"": 0.675, ""agreeableness"": 0.5555555555555556, ""extraversion"": 0.625, ""conscientiousness"": 0.5833333333333334, ""neuroticism"": 0.4375}"
pas_final,extraversion,low,bfi_19,neuroticism,False,3,3,False,"{""openness"": 0.675, ""agreeableness"": 0.5555555555555556, ""extraversion"": 0.625, ""conscientiousness"": 0.5833333333333334, ""neuroticism"": 0.4375}"
pas_final,extraversion,low,bfi_20,openness,False,4,4,False,"{""openness"": 0.675, ""agreeableness"": 0.5555555555555556, ""extraversion"": 0.625, ""conscientiousness"": 0.5833333333333334, ""neuroticism"": 0.4375}"
pas_final,extraversion,low,bfi_21,extraversion,True,3,3,False,"{""openness"": 0.675, ""agreeableness"": 0.5555555555555556, ""extraversion"": 0.625, ""conscientiousness"": 0.5833333333333334, ""neuroticism"": 0.4375}"
pas_final,extraversion,low,bfi_22,agreeableness,False,3,3,False,"{""openness"": 0.675, ""agreeableness"": 0.5555555555555556, ""extraversion"": 0.625, ""conscientiousness"": 0.5833333333333334, ""neuroticism"": 0.4375}"
pas_final,extraversion,low,bfi_23,conscientiousness,True,3,3,False,"{""openness"": 0.675, ""agreeableness"": 0.5555555555555556, ""extraversion"": 0.625, ""conscientiousness"": 0.5833333333333334, ""neuroticism"": 0.4375}"
pas_final,extraversion,low,bfi_24,neuroticism,True,4,4,False,"{""openness"": 0.675, ""agreeableness"": 0.5555555555555556, ""extraversion"": 0.625, ""conscientiousness"": 0.5833333333333334, ""neuroticism"": 0.4375}"
pas_final,extraversion,low,bfi_25,openness,False,4,4,False,"{""openness"": 0.675, ""agreeableness"": 0.5555555555555556, ""extraversion"": 0.625, ""conscientiousness"": 0.5833333333333334, ""neuroticism"": 0.4375}"
pas_final,extraversion,low,bfi_26,extraversion,False,4,4,False,"{""openness"": 0.675, ""agreeableness"": 0.5555555555555556, ""extraversion"": 0.625, ""conscientiousness"": 0.5833333333333334, ""neuroticism"": 0.4375}"
pas_final,extraversion,low,bfi_27,agreeableness,True,3,3,False,"{""openness"": 0.675, ""agreeableness"": 0.5555555555555556, ""extraversion"": 0.625, ""conscientiousness"": 0.5833333333333334, ""neuroticism"": 0.4375}"
pas_final,extraversion,low,bfi_28,conscientiousness,False,4,4,False,"{""openness"": 0.675, ""agreeableness"": 0.5555555555555556, ""extraversion"": 0.625, ""conscientiousness"": 0.5833333333333334, ""neuroticism"": 0.4375}"
pas_final,extraversion,low,bfi_29,neuroticism,False,3,3,False,"{""openness"": 0.675, ""agreeableness"": 0.5555555555555556, ""extraversion"": 0.625, ""conscientiousness"": 0.5833333333333334, ""neuroticism"": 0.4375}"
pas_final,extraversion,low,bfi_30,openness,False,4,4,False,"{""openness"": 0.675, ""agreeableness"": 0.5555555555555556, ""extraversion"": 0.625, ""conscientiousness"": 0.5833333333333334, ""neuroticism"": 0.4375}"
pas_final,extraversion,low,bfi_31,extraversion,True,3,3,False,"{""openness"": 0.675, ""agreeableness"": 0.5555555555555556, ""extraversion"": 0.625, ""conscientiousness"": 0.5833333333333334, ""neuroticism"": 0.4375}"
pas_final,extraversion,low,bfi_32,agreeableness,False,4,4,False,"{""openness"": 0.675, ""agreeableness"": 0.5555555555555556, ""extraversion"": 0.625, ""conscientiousness"": 0.5833333333333334, ""neuroticism"": 0.4375}"
pas_final,extraversion,low,bfi_33,conscientiousness,False,3,3,False,"{""openness"": 0.675, ""agreeableness"": 0.5555555555555556, ""extraversion"": 0.625, ""conscientiousness"": 0.5833333333333334, ""neuroticism"": 0.4375}"
pas_final,extraversion,low,bfi_34,neuroticism,True,3,3,False,"{""openness"": 0.675, ""agreeableness"": 0.5555555555555556, ""extraversion"": 0.625, ""conscientiousness"": 0.5833333333333334, ""neuroticism"": 0.4375}"
pas_final,extraversion,low,bfi_35,openness,True,3,3,False,"{""openness"": 0.675, ""agreeableness"": 0.5555555555555556, ""extraversion"": 0.625, ""conscientiousness"": 0.5833333333333334, ""neuroticism"": 0.4375}"
pas_final,extraversion,low,bfi_36,extraversion,False,4,4,False,"{""openness"": 0.675, ""agreeableness"": 0.5555555555555556, ""extraversion"": 0.625, ""conscientiousness"": 0.5833333333333334, ""neuroticism"": 0.4375}"
pas_final,extraversion,low,bfi_37,agreeableness,True,3,3,False,"{""openness"": 0.675, ""agreeableness"": 0.5555555555555556, ""extraversion"": 0.625, ""conscientiousness"": 0.5833333333333334, ""neuroticism"": 0.4375}"
pas_final,extraversion,low,bfi_38,conscientiousness,False,4,4,False,"{""openness"": 0.675, ""agreeableness"": 0.5555555555555556, ""extraversion"": 0.625, ""conscientiousness"": 0.5833333333333334, ""neuroticism"": 0.4375}"
pas_final,extraversion,low,bfi_39,neuroticism,False,3,3,False,"{""openness"": 0.675, ""agreeableness"": 0.5555555555555556, ""extraversion"": 0.625, ""conscientiousness"": 0.5833333333333334, ""neuroticism"": 0.4375}"
pas_final,extraversion,low,bfi_40,openness,False,4,4,False,"{""openness"": 0.675, ""agreeableness"": 0.5555555555555556, ""extraversion"": 0.625, ""conscientiousness"": 0.5833333333333334, ""neuroticism"": 0.4375}"
pas_final,extraversion,low,bfi_41,openness,True,3,3,False,"{""openness"": 0.675, ""agreeableness"": 0.5555555555555556, ""extraversion"": 0.625, ""conscientiousness"": 0.5833333333333334, ""neuroticism"": 0.4375}"
pas_final,extraversion,low,bfi_42,agreeableness,False,3,3,False,"{""openness"": 0.675, ""agreeableness"": 0.5555555555555556, ""extraversion"": 0.625, ""conscientiousness"": 0.5833333333333334, ""neuroticism"": 0.4375}"
pas_final,extraversion,low,bfi_43,conscientiousness,True,3,3,False,"{""openness"": 0.675, ""agreeableness"": 0.5555555555555556, ""extraversion"": 0.625, ""conscientiousness"": 0.5833333333333334, ""neuroticism"": 0.4375}"
pas_final,extraversion,low,bfi_44,openness,False,3,3,False,"{""openness"": 0.675, ""agreeableness"": 0.5555555555555556, ""extraversion"": 0.625, ""conscientiousness"": 0.5833333333333334, ""neuroticism"": 0.4375}"
as_pas_final,agreeableness,high,bfi_01,extraversion,False,4,4,True,"{""openness"": 0.7, ""agreeableness"": 0.6388888888888888, ""extraversion"": 0.65625, ""conscientiousness"": 0.6388888888888888, ""neuroticism"": 0.40625}"
as_pas_final,agreeableness,high,bfi_02,agreeableness,True,3,3,True,"{""openness"": 0.7, ""agreeableness"": 0.6388888888888888, ""extraversion"": 0.65625, ""conscientiousness"": 0.6388888888888888, ""neuroticism"": 0.40625}"
as_pas_final,agreeableness,high,bfi_03,conscientiousness,False,4,4,True,"{""openness"": 0.7, ""agreeableness"": 0.6388888888888888, ""extraversion"": 0.65625, ""conscientiousness"": 0.6388888888888888, ""neuroticism"": 0.40625}"
as_pas_final,agreeableness,high,bfi_04,neuroticism,False,3,3,True,"{""openness"": 0.7, ""agreeableness"": 0.6388888888888888, ""extraversion"": 0.65625, ""conscientiousness"": 0.6388888888888888, ""neuroticism"": 0.40625}"
as_pas_final,agreeableness,high,bfi_05,openness,False,4,4,True,"{""openness"": 0.7, ""agreeableness"": 0.6388888888888888, ""extraversion"": 0.65625, ""conscientiousness"": 0.6388888888888888, ""neuroticism"": 0.40625}"
as_pas_final,agreeableness,high,bfi_06,extraversion,True,3,3,True,"{""openness"": 0.7, ""agreeableness"": 0.6388888888888888, ""extraversion"": 0.65625, ""conscientiousness"": 0.6388888888888888, ""neuroticism"": 0.40625}"
as_pas_final,agreeableness,high,bfi_07,agreeableness,False,4,4,True,"{""openness"": 0.7, ""agreeableness"": 0.6388888888888888, ""extraversion"": 0.65625, ""conscientiousness"": 0.6388888888888888, ""neuroticism"": 0.40625}"
as_pas_final,agreeableness,high,bfi_08,conscientiousness,True,3,3,True,"{""openness"": 0.7, ""agreeableness"": 0.6388888888888888, ""extraversion"": 0.65625, ""conscientiousness"": 0.6388888888888888, ""neuroticism"": 0.40625}"
as_pas_final,agreeableness,high,bfi_09,neuroticism,True,4,4,True,"{""openness"": 0.7, ""agreeableness"": 0.6388888888888888, ""extraversion"": 0.65625, ""conscientiousness"": 0.6388888888888888, ""neuroticism"": 0.40625}"
as_pas_final,agreeableness,high,bfi_10,openness,False,4,4,True,"{""openness"": 0.7, ""agreeableness"": 0.6388888888888888, ""extraversion"": 0.65625, ""conscientiousness"": 0.6388888888888888, ""neuroticism"": 0.40625}"
as_pas_final,agreeableness,high,bfi_11,extraversion,False,4,4,True,"{""openness"": 0.7, ""agreeableness"": 0.6388888888888888, ""extraversion"": 0.65625, ""conscientiousness"": 0.6388888888888888, ""neuroticism"": 0.40625}"
as_pas_final,agreeableness,high,bfi_12,agreeableness,True,3,3,True,"{""openness"": 0.7, ""agreeableness"": 0.6388888888888888, ""extraversion"": 0.65625, ""conscientiousness"": 0.6388888888888888, ""neuroticism"": 0.40625}"
as_pas_final,agreeableness,high,bfi_13,conscientiousness,False,4,4,True,"{""openness"": 0.7, ""agreeableness"": 0.6388888888888888, ""extraversion"": 0.65625, ""conscientiousness"": 0.6388888888888888, ""neuroticism"": 0.40625}"
as_pas_final,agreeableness,high,bfi_14,neuroticism,False,3,3,True,"{""openness"": 0.7, ""agreeableness"": 0.6388888888888888, ""extraversion"": 0.65625, ""conscientiousness"": 0.6388888888888888, ""neuroticism"": 0.40625}"
as_pas_final,agreeableness,high,bfi_15,openness,False,4,4,True,"{""openness"": 0.7, ""agreeableness"": 0.6388888888888888, ""extraversion"": 0.65625, ""conscientiousness"": 0.6388888888888888, ""neuroticism"": 0.40625}"
as_pas_final,agreeableness,high,bfi_16,extraversion,False,4,4,True,"{""openness"": 0.7, ""agreeableness"": 0.6388888888888888, ""extraversion"": 0.65625, ""conscientiousness"": 0.6388888888888888, ""neuroticism"": 0.40625}"
as_pas_final,agreeableness,high,bfi_17,agreeableness,False,4,4,True,"{""openness"": 0.7, ""agreeableness"": 0.6388888888888888, ""extraversion"": 0.65625, ""conscientiousness"": 0.6388888888888888, ""neuroticism"": 0.40625}"
as_pas_final,agreeableness,high,bfi_18,conscientiousness,True,3,3,True,"{""openness"": 0.7, ""agreeableness"": 0.6388888888888888, ""extraversion"": 0.65625, ""conscientiousness"": 0.6388888888888888, ""neuroticism"": 0.40625}"
as_pas_final,agreeableness,high,bfi_19,neuroticism,False,3,3,True,"{""openness"": 0.7, ""agreeableness"": 0.6388888888888888, ""extraversion"": 0.65625, ""conscientiousness"": 0.6388888888888888, ""neuroticism"": 0.40625}"
as_pas_final,agreeableness,high,bfi_20,openness,False,4,4,True,"{""openness"": 0.7, ""agreeableness"": 0.6388888888888888, ""extraversion"": 0.65625, ""conscientiousness"": 0.6388888888888888, ""neuroticism"": 0.40625}"
as_pas_final,agreeableness,high,bfi_21,extraversion,True,3,3,True,"{""openness"": 0.7, ""agreeableness"": 0.6388888888888888, ""extraversion"": 0.65625, ""conscientiousness"": 0.6388888888888888, ""neuroticism"": 0.40625}"
as_pas_final,agreeableness,high,bfi_22,agreeableness,False,4,4,True,"{""openness"": 0.7, ""agreeableness"": 0.6388888888888888, ""extraversion"": 0.65625, ""conscientiousness"": 0.6388888888888888, ""neuroticism"": 0.40625}"
as_pas_final,agreeableness,high,bfi_23,conscientiousness,True,3,3,True,"{""openness"": 0.7, ""agreeableness"": 0.6388888888888888, ""extraversion"": 0.65625, ""conscientiousness"": 0.6388888888888888, ""neuroticism"": 0.40625}"
as_pas_final,agreeableness,high,bfi_24,neuroticism,True,4,4,True,"{""openness"": 0.7, ""agreeableness"": 0.6388888888888888, ""extraversion"": 0.65625, ""conscientiousness"": 0.6388888888888888, ""neuroticism"": 0.40625}"
as_pas_final,agreeableness,high,bfi_25,openness,False,4,4,True,"{""openness"": 0.7, ""agreeableness"": 0.6388888888888888, ""extraversion"": 0.65625, ""conscientiousness"": 0.6388888888888888, ""neuroticism"": 0.40625}"
as_pas_final,agreeableness,high,bfi_26,extraversion,False,4,4,True,"{""openness"": 0.7, ""agreeableness"": 0.6388888888888888, ""extraversion"": 0.65625, ""conscientiousness"": 0.6388888888888888, ""neuroticism"": 0.40625}"
as_pas_final,agreeableness,high,bfi_27,agreeableness,True,3,3,True,"{""openness"": 0.7, ""agreeableness"": 0.6388888888888888, ""extraversion"": 0.65625, ""conscientiousness"": 0.6388888888888888, ""neuroticism"": 0.40625}"
as_pas_final,agreeableness,high,bfi_28,conscientiousness,False,4,4,True,"{""openness"": 0.7, ""agreeableness"": 0.6388888888888888, ""extraversion"": 0.65625, ""conscientiousness"": 0.6388888888888888, ""neuroticism"": 0.40625}"
as_pas_final,agreeableness,high,bfi_29,neuroticism,False,3,3,True,"{""openness"": 0.7, ""agreeableness"": 0.6388888888888888, ""extraversion"": 0.65625, ""conscientiousness"": 0.6388888888888888, ""neuroticism"": 0.40625}"
as_pas_final,agreeableness,high,bfi_30,openness,False,4,4,True,"{""openness"": 0.7, ""agreeableness"": 0.6388888888888888, ""extraversion"": 0.65625, ""conscientiousness"": 0.6388888888888888, ""neuroticism"": 0.40625}"
as_pas_final,agreeableness,high,bfi_31,extraversion,True,3,3,True,"{""openness"": 0.7, ""agreeableness"": 0.6388888888888888, ""extraversion"": 0.65625, ""conscientiousness"": 0.6388888888888888, ""neuroticism"": 0.40625}"
as_pas_final,agreeableness,high,bfi_32,agreeableness,False,4,4,True,"{""openness"": 0.7, ""agreeableness"": 0.6388888888888888, ""extraversion"": 0.65625, ""conscientiousness"": 0.6388888888888888, ""neuroticism"": 0.40625}"
as_pas_final,agreeableness,high,bfi_33,conscientiousness,False,4,4,True,"{""openness"": 0.7, ""agreeableness"": 0.6388888888888888, ""extraversion"": 0.65625, ""conscientiousness"": 0.6388888888888888, ""neuroticism"": 0.40625}"
as_pas_final,agreeableness,high,bfi_34,neuroticism,True,4,4,True,"{""openness"": 0.7, ""agreeableness"": 0.6388888888888888, ""extraversion"": 0.65625, ""conscientiousness"": 0.6388888888888888, ""neuroticism"": 0.40625}"
as_pas_final,agreeableness,high,bfi_35,openness,True,3,3,True,"{""openness"": 0.7, ""agreeableness"": 0.6388888888888888, ""extraversion"": 0.65625, ""conscientiousness"": 0.6388888888888888, ""neuroticism"": 0.40625}"
as_pas_final,agreeableness,high,bfi_36,extraversion,False,4,4,True,"{""openness"": 0.7, ""agreeableness"": 0.6388888888888888, ""extraversion"": 0.65625, ""conscientiousness"": 0.6388888888888888, ""neuroticism"": 0.40625}"
as_pas_final,agreeableness,high,bfi_37,agreeableness,True,3,3,True,"{""openness"": 0.7, ""agreeableness"": 0.6388888888888888, ""extraversion"": 0.65625, ""conscientiousness"": 0.6388888888888888, ""neuroticism"": 0.40625}"
as_pas_final,agreeableness,high,bfi_38,conscientiousness,False,4,4,True,"{""openness"": 0.7, ""agreeableness"": 0.6388888888888888, ""extraversion"": 0.65625, ""conscientiousness"": 0.6388888888888888, ""neuroticism"": 0.40625}"
as_pas_final,agreeableness,high,bfi_39,neuroticism,False,3,3,True,"{""openness"": 0.7, ""agreeableness"": 0.6388888888888888, ""extraversion"": 0.65625, ""conscientiousness"": 0.6388888888888888, ""neuroticism"": 0.40625}"
as_pas_final,agreeableness,high,bfi_40,openness,False,4,4,True,"{""openness"": 0.7, ""agreeableness"": 0.6388888888888888, ""extraversion"": 0.65625, ""conscientiousness"": 0.6388888888888888, ""neuroticism"": 0.40625}"
as_pas_final,agreeableness,high,bfi_41,openness,True,3,3,True,"{""openness"": 0.7, ""agreeableness"": 0.6388888888888888, ""extraversion"": 0.65625, ""conscientiousness"": 0.6388888888888888, ""neuroticism"": 0.40625}"
as_pas_final,agreeableness,high,bfi_42,agreeableness,False,4,4,True,"{""openness"": 0.7, ""agreeableness"": 0.6388888888888888, ""extraversion"": 0.65625, ""conscientiousness"": 0.6388888888888888, ""neuroticism"": 0.40625}"
as_pas_final,agreeableness,high,bfi_43,conscientiousness,True,3,3,True,"{""openness"": 0.7, ""agreeableness"": 0.6388888888888888, ""extraversion"": 0.65625, ""conscientiousness"": 0.6388888888888888, ""neuroticism"": 0.40625}"
as_pas_final,agreeableness,high,bfi_44,openness,False,4,4,True,"{""openness"": 0.7, ""agreeableness"": 0.6388888888888888, ""extraversion"": 0.65625, ""conscientiousness"": 0.6388888888888888, ""neuroticism"": 0.40625}"
as_pas_final,agreeableness,low,bfi_01,extraversion,False,3,3,True,"{""openness"": 0.65, ""agreeableness"": 0.5, ""extraversion"": 0.65625, ""conscientiousness"": 0.5833333333333334, ""neuroticism"": 0.46875}"
as_pas_final,agreeableness,low,bfi_02,agreeableness,True,3,3,True,"{""openness"": 0.65, ""agreeableness"": 0.5, ""extraversion"": 0.65625, ""conscientiousness"": 0.5833333333333334, ""neuroticism"": 0.46875}"
as_pas_final,agreeableness,low,bfi_03,conscientiousness,False,3,3,True,"{""openness"": 0.65, ""agreeableness"": 0.5, ""extraversion"": 0.65625, ""conscientiousness"": 0.5833333333333334, ""neuroticism"": 0.46875}"
as_pas_final,agreeableness,low,bfi_04,neuroticism,False,3,3,True,"{""openness"": 0.65, ""agreeableness"": 0.5, ""extraversion"": 0.65625, ""conscientiousness"": 0.5833333333333334, ""neuroticism"": 0.46875}"
as_pas_final,agreeableness,low,bfi_05,openness,False,5,5,True,"{""openness"": 0.65, ""agreeableness"": 0.5, ""extraversion"": 0.65625, ""conscientiousness"": 0.5833333333333334, ""neuroticism"": 0.46875}"
as_pas_final,agreeableness,low,bfi_06,extraversion,True,3,3,True,"{""openness"": 0.65, ""agreeableness"": 0.5, ""extraversion"": 0.65625, ""conscientiousness"": 0.5833333333333334, ""neuroticism"": 0.46875}"
as_pas_final,agreeableness,low,bfi_07,agreeableness,False,3,3,True,"{""openness"": 0.65, ""agreeableness"": 0.5, ""extraversion"": 0.65625, ""conscientiousness"": 0.5833333333333334, ""neuroticism"": 0.46875}"
as_pas_final,agreeableness,low,bfi_08,conscientiousness,True,3,3,True,"{""openness"": 0.65, ""agreeableness"": 0.5, ""extraversion"": 0.65625, ""conscientiousness"": 0.5833333333333334, ""neuroticism"": 0.46875}"
as_pas_final,agreeableness,low,bfi_09,neuroticism,True,3,3,True,"{""openness"": 0.65, ""agreeableness"": 0.5, ""extraversion"": 0.65625, ""conscientiousness"": 0.5833333333333334, ""neuroticism"": 0.46875}"
as_pas_final,agreeableness,low,bfi_10,openness,False,4,4,True,"{""openness"": 0.65, ""agreeableness"": 0.5, ""extraversion"": 0.65625, ""conscientiousness"": 0.5833333333333334, ""neuroticism"": 0.46875}"
as_pas_final,agreeableness,low,bfi_11,extraversion,False,5,5,True,"{""openness"": 0.65, ""agreeableness"": 0.5, ""extraversion"": 0.65625, ""conscientiousness"": 0.5833333333333334, ""neuroticism"": 0.46875}"
as_pas_final,agreeableness,low,bfi_12,agreeableness,True,3,3,True,"{""openness"": 0.65, ""agreeableness"": 0.5, ""extraversion"": 0.65625, ""conscientiousness"": 0.5833333333333334, ""neuroticism"": 0.46875}"
as_pas_final,agreeableness,low,bfi_13,conscientiousness,False,4,4,True,"{""openness"": 0.65, ""agreeableness"": 0.5, ""extraversion"": 0.65625, ""conscientiousness"": 0.5833333333333334, ""neuroticism"": 0.46875}"
as_pas_final,agreeableness,low,bfi_14,neuroticism,False,3,3,True,"{""openness"": 0.65, ""agreeableness"": 0.5, ""extraversion"": 0.65625, ""conscientiousness"": 0.5833333333333334, ""neuroticism"": 0.46875}"
as_pas_final,agreeableness,low,bfi_15,openness,False,4,4,True,"{""openness"": 0.65, ""agreeableness"": 0.5, ""extraversion"": 0.65625, ""conscientiousness"": 0.5833333333333334, ""neuroticism"": 0.46875}"
as_pas_final,agreeableness,low,bfi_16,extraversion,False,3,3,True,"{""openness"": 0.65, ""agreeableness"": 0.5, ""extraversion"": 0.65625, ""conscientiousness"": 0.5833333333333334, ""neuroticism"": 0.46875}"
as_pas_final,agreeableness,low,bfi_17,agreeableness,False,3,3,True,"{""openness"": 0.65, ""agreeableness"": 0.5, ""extraversion"": 0.65625, ""conscientiousness"": 0.5833333333333334, ""neuroticism"": 0.46875}"
as_pas_final,agreeableness,low,bfi_18,conscientiousness,True,3,3,True,"{""openness"": 0.65, ""agreeableness"": 0.5, ""extraversion"": 0.65625, ""conscientiousness"": 0.5833333333333334, ""neuroticism"": 0.46875}"
as_pas_final,agreeableness,low,bfi_19,neuroticism,False,3,3,True,"{""openness"": 0.65, ""agreeableness"": 0.5, ""extraversion"": 0.65625, ""conscientiousness"": 0.5833333333333334, ""neuroticism"": 0.46875}"
as_pas_final,agreeableness,low,bfi_20,openness,False,3,3,True,"{""openness"": 0.65, ""agreeableness"": 0.5, ""extraversion"": 0.65625, ""conscientiousness"": 0.5833333333333334, ""neuroticism"": 0.46875}"
as_pas_final,agreeableness,low,bfi_21,extraversion,True,3,3,True,"{""openness"": 0.65, ""agreeableness"": 0.5, ""extraversion"": 0.65625, ""conscientiousness"": 0.5833333333333334, ""neuroticism"": 0.46875}"
as_pas_final,agreeableness,low,bfi_22,agreeableness,False,3,3,True,"{""openness"": 0.65, ""agreeableness"": 0.5, ""extraversion"": 0.65625, ""conscientiousness"": 0.5833333333333334, ""neuroticism"": 0.46875}"
as_pas_final,agreeableness,low,bfi_23,conscientiousness,True,3,3,True,"{""openness"": 0.65, ""agreeableness"": 0.5, ""extraversion"": 0.65625, ""conscientiousness"": 0.5833333333333334, ""neuroticism"": 0.46875}"
as_pas_final,agreeableness,low,bfi_24,neuroticism,True,4,4,True,"{""openness"": 0.65, ""agreeableness"": 0.5, ""extraversion"": 0.65625, ""conscientiousness"": 0.5833333333333334, ""neuroticism"": 0.46875}"
as_pas_final,agreeableness,low,bfi_25,openness,False,5,5,True,"{""openness"": 0.65, ""agreeableness"": 0.5, ""extraversion"": 0.65625, ""conscientiousness"": 0.5833333333333334, ""neuroticism"": 0.46875}"
as_pas_final,agreeableness,low,bfi_26,extraversion,False,5,5,True,"{""openness"": 0.65, ""agreeableness"": 0.5, ""extraversion"": 0.65625, ""conscientiousness"": 0.5833333333333334, ""neuroticism"": 0.46875}"
as_pas_final,agreeableness,low,bfi_27,agreeableness,True,3,3,True,"{""openness"": 0.65, ""agreeableness"": 0.5, ""extraversion"": 0.65625, ""conscientiousness"": 0.5833333333333334, ""neuroticism"": 0.46875}"
as_pas_final,agreeableness,low,bfi_28,conscientiousness,False,5,5,True,"{""openness"": 0.65, ""agreeableness"": 0.5, ""extraversion"": 0.65625, ""conscientiousness"": 0.5833333333333334, ""neuroticism"": 0.46875}"
as_pas_final,agreeableness,low,bfi_29,neuroticism,False,3,3,True,"{""openness"": 0.65, ""agreeableness"": 0.5, ""extraversion"": 0.65625, ""conscientiousness"": 0.5833333333333334, ""neuroticism"": 0.46875}"
as_pas_final,agreeableness,low,bfi_30,openness,False,3,3,True,"{""openness"": 0.65, ""agreeableness"": 0.5, ""extraversion"": 0.65625, ""conscientiousness"": 0.5833333333333334, ""neuroticism"": 0.46875}"
as_pas_final,agreeableness,low,bfi_31,extraversion,True,3,3,True,"{""openness"": 0.65, ""agreeableness"": 0.5, ""extraversion"": 0.65625, ""conscientiousness"": 0.5833333333333334, ""neuroticism"": 0.46875}"
as_pas_final,agreeableness,low,bfi_32,agreeableness,False,3,3,True,"{""openness"": 0.65, ""agreeableness"": 0.5, ""extraversion"": 0.65625, ""conscientiousness"": 0.5833333333333334, ""neuroticism"": 0.46875}"
as_pas_final,agreeableness,low,bfi_33,conscientiousness,False,3,3,True,"{""openness"": 0.65, ""agreeableness"": 0.5, ""extraversion"": 0.65625, ""conscientiousness"": 0.5833333333333334, ""neuroticism"": 0.46875}"
as_pas_final,agreeableness,low,bfi_34,neuroticism,True,3,3,True,"{""openness"": 0.65, ""agreeableness"": 0.5, ""extraversion"": 0.65625, ""conscientiousness"": 0.5833333333333334, ""neuroticism"": 0.46875}"
as_pas_final,agreeableness,low,bfi_35,openness,True,3,3,True,"{""openness"": 0.65, ""agreeableness"": 0.5, ""extraversion"": 0.65625, ""conscientiousness"": 0.5833333333333334, ""neuroticism"": 0.46875}"
as_pas_final,agreeableness,low,bfi_36,extraversion,False,4,4,True,"{""openness"": 0.65, ""agreeableness"": 0.5, ""extraversion"": 0.65625, ""conscientiousness"": 0.5833333333333334, ""neuroticism"": 0.46875}"
as_pas_final,agreeableness,low,bfi_37,agreeableness,True,3,3,True,"{""openness"": 0.65, ""agreeableness"": 0.5, ""extraversion"": 0.65625, ""conscientiousness"": 0.5833333333333334, ""neuroticism"": 0.46875}"
as_pas_final,agreeableness,low,bfi_38,conscientiousness,False,3,3,True,"{""openness"": 0.65, ""agreeableness"": 0.5, ""extraversion"": 0.65625, ""conscientiousness"": 0.5833333333333334, ""neuroticism"": 0.46875}"
as_pas_final,agreeableness,low,bfi_39,neuroticism,False,3,3,True,"{""openness"": 0.65, ""agreeableness"": 0.5, ""extraversion"": 0.65625, ""conscientiousness"": 0.5833333333333334, ""neuroticism"": 0.46875}"
as_pas_final,agreeableness,low,bfi_40,openness,False,3,3,True,"{""openness"": 0.65, ""agreeableness"": 0.5, ""extraversion"": 0.65625, ""conscientiousness"": 0.5833333333333334, ""neuroticism"": 0.46875}"
as_pas_final,agreeableness,low,bfi_41,openness,True,3,3,True,"{""openness"": 0.65, ""agreeableness"": 0.5, ""extraversion"": 0.65625, ""conscientiousness"": 0.5833333333333334, ""neuroticism"": 0.46875}"
as_pas_final,agreeableness,low,bfi_42,agreeableness,False,3,3,True,"{""openness"": 0.65, ""agreeableness"": 0.5, ""extraversion"": 0.65625, ""conscientiousness"": 0.5833333333333334, ""neuroticism"": 0.46875}"
as_pas_final,agreeableness,low,bfi_43,conscientiousness,True,3,3,True,"{""openness"": 0.65, ""agreeableness"": 0.5, ""extraversion"": 0.65625, ""conscientiousness"": 0.5833333333333334, ""neuroticism"": 0.46875}"
as_pas_final,agreeableness,low,bfi_44,openness,False,3,3,True,"{""openness"": 0.65, ""agreeableness"": 0.5, ""extraversion"": 0.65625, ""conscientiousness"": 0.5833333333333334, ""neuroticism"": 0.46875}"
as_pas_final,conscientiousness,high,bfi_01,extraversion,False,4,4,True,"{""openness"": 0.7, ""agreeableness"": 0.6388888888888888, ""extraversion"": 0.65625, ""conscientiousness"": 0.6388888888888888, ""neuroticism"": 0.40625}"
as_pas_final,conscientiousness,high,bfi_02,agreeableness,True,3,3,True,"{""openness"": 0.7, ""agreeableness"": 0.6388888888888888, ""extraversion"": 0.65625, ""conscientiousness"": 0.6388888888888888, ""neuroticism"": 0.40625}"
as_pas_final,conscientiousness,high,bfi_03,conscientiousness,False,4,4,True,"{""openness"": 0.7, ""agreeableness"": 0.6388888888888888, ""extraversion"": 0.65625, ""conscientiousness"": 0.6388888888888888, ""neuroticism"": 0.40625}"
as_pas_final,conscientiousness,high,bfi_04,neuroticism,False,3,3,True,"{""openness"": 0.7, ""agreeableness"": 0.6388888888888888, ""extraversion"": 0.65625, ""conscientiousness"": 0.6388888888888888, ""neuroticism"": 0.40625}"
as_pas_final,conscientiousness,high,bfi_05,openness,False,4,4,True,"{""openness"": 0.7, ""agreeableness"": 0.6388888888888888, ""extraversion"": 0.65625, ""conscientiousness"": 0.6388888888888888, ""neuroticism"": 0.40625}"
as_pas_final,conscientiousness,high,bfi_06,extraversion,True,3,3,True,"{""openness"": 0.7, ""agreeableness"": 0.6388888888888888, ""extraversion"": 0.65625, ""conscientiousness"": 0.6388888888888888, ""neuroticism"": 0.40625}"
as_pas_final,conscientiousness,high,bfi_07,agreeableness,False,4,4,True,"{""openness"": 0.7, ""agreeableness"": 0.6388888888888888, ""extraversion"": 0.65625, ""conscientiousness"": 0.6388888888888888, ""neuroticism"": 0.40625}"
as_pas_final,conscientiousness,high,bfi_08,conscientiousness,True,3,3,True,"{""openness"": 0.7, ""agreeableness"": 0.6388888888888888, ""extraversion"": 0.65625, ""conscientiousness"": 0.6388888888888888, ""neuroticism"": 0.40625}"
as_pas_final,conscientiousness,high,bfi_09,neuroticism,True,4,4,True,"{""openness"": 0.7, ""agreeableness"": 0.6388888888888888, ""extraversion"": 0.65625, ""conscientiousness"": 0.6388888888888888, ""neuroticism"": 0.40625}"
as_pas_final,conscientiousness,high,bfi_10,openness,False,4,4,True,"{""openness"": 0.7, ""agreeableness"": 0.6388888888888888, ""extraversion"": 0.65625, ""conscientiousness"": 0.6388888888888888, ""neuroticism"": 0.40625}"
as_pas_final,conscientiousness,high,bfi_11,extraversion,False,4,4,True,"{""openness"": 0.7, ""agreeableness"": 0.6388888888888888, ""extraversion"": 0.65625, ""conscientiousness"": 0.6388888888888888, ""neuroticism"": 0.40625}"
as_pas_final,conscientiousness,high,bfi_12,agreeableness,True,3,3,True,"{""openness"": 0.7, ""agreeableness"": 0.6388888888888888, ""extraversion"": 0.65625, ""conscientiousness"": 0.6388888888888888, ""neuroticism"": 0.40625}"
as_pas_final,conscientiousness,high,bfi_13,conscientiousness,False,4,4,True,"{""openness"": 0.7, ""agreeableness"": 0.6388888888888888, ""extraversion"": 0.65625, ""conscientiousness"": 0.6388888888888888, ""neuroticism"": 0.40625}"
as_pas_final,conscientiousness,high,bfi_14,neuroticism,False,3,3,True,"{""openness"": 0.7, ""agreeableness"": 0.6388888888888888, ""extraversion"": 0.65625, ""conscientiousness"": 0.6388888888888888, ""neuroticism"": 0.40625}"
as_pas_final,conscientiousness,high,bfi_15,openness,False,4,4,True,"{""openness"": 0.7, ""agreeableness"": 0.6388888888888888, ""extraversion"": 0.65625, ""conscientiousness"": 0.6388888888888888, ""neuroticism"": 0.40625}"
as_pas_final,conscientiousness,high,bfi_16,extraversion,False,4,4,True,"{""openness"": 0.7, ""agreeableness"": 0.6388888888888888, ""extraversion"": 0.65625, ""conscientiousness"": 0.6388888888888888, ""neuroticism"": 0.40625}"
as_pas_final,conscientiousness,high,bfi_17,agreeableness,False,4,4,True,"{""openness"": 0.7, ""agreeableness"": 0.6388888888888888, ""extraversion"": 0.65625, ""conscientiousness"": 0.6388888888888888, ""neuroticism"": 0.40625}"
as_pas_final,conscientiousness,high,bfi_18,conscientiousness,True,3,3,True,"{""openness"": 0.7, ""agreeableness"": 0.6388888888888888, ""extraversion"": 0.65625, ""conscientiousness"": 0.6388888888888888, ""neuroticism"": 0.40625}"
as_pas_final,conscientiousness,high,bfi_19,neuroticism,False,3,3,True,"{""openness"": 0.7, ""agreeableness"": 0.6388888888888888, ""extraversion"": 0.65625, ""conscientiousness"": 0.6388888888888888, ""neuroticism"": 0.40625}"
as_pas_final,conscientiousness,high,bfi_20,openness,False,4,4,True,"{""openness"": 0.7, ""agreeableness"": 0.6388888888888888, ""extraversion"": 0.65625, ""conscientiousness"": 0.6388888888888888, ""neuroticism"": 0.40625}"
as_pas_final,conscientiousness,high,bfi_21,extraversion,True,3,3,True,"{""openness"": 0.7, ""agreeableness"": 0.6388888888888888, ""extraversion"": 0.65625, ""conscientiousness"": 0.6388888888888888, ""neuroticism"": 0.40625}"
as_pas_final,conscientiousness,high,bfi_22,agreeableness,False,4,4,True,"{""openness"": 0.7, ""agreeableness"": 0.6388888888888888, ""extraversion"": 0.65625, ""conscientiousness"": 0.6388888888888888, ""neuroticism"": 0.40625}"
as_pas_final,conscientiousness,high,bfi_23,conscientiousness,True,3,3,True,"{""openness"": 0.7, ""agreeableness"": 0.6388888888888888, ""extraversion"": 0.65625, ""conscientiousness"": 0.6388888888888888, ""neuroticism"": 0.40625}"
as_pas_final,conscientiousness,high,bfi_24,neuroticism,True,4,4,True,"{""openness"": 0.7, ""agreeableness"": 0.6388888888888888, ""extraversion"": 0.65625, ""conscientiousness"": 0.6388888888888888, ""neuroticism"": 0.40625}"
as_pas_final,conscientiousness,high,bfi_25,openness,False,4,4,True,"{""openness"": 0.7, ""agreeableness"": 0.6388888888888888, ""extraversion"": 0.65625, ""conscientiousness"": 0.6388888888888888, ""neuroticism"": 0.40625}"
as_pas_final,conscientiousness,high,bfi_26,extraversion,False,4,4,True,"{""openness"": 0.7, ""agreeableness"": 0.6388888888888888, ""extraversion"": 0.65625, ""conscientiousness"": 0.6388888888888888, ""neuroticism"": 0.40625}"
as_pas_final,conscientiousness,high,bfi_27,agreeableness,True,3,3,True,"{""openness"": 0.7, ""agreeableness"": 0.6388888888888888, ""extraversion"": 0.65625, ""conscientiousness"": 0.6388888888888888, ""neuroticism"": 0.40625}"
as_pas_final,conscientiousness,high,bfi_28,conscientiousness,False,4,4,True,"{""openness"": 0.7, ""agreeableness"": 0.6388888888888888, ""extraversion"": 0.65625, ""conscientiousness"": 0.6388888888888888, ""neuroticism"": 0.40625}"
as_pas_final,conscientiousness,high,bfi_29,neuroticism,False,3,3,True,"{""openness"": 0.7, ""agreeableness"": 0.6388888888888888, ""extraversion"": 0.65625, ""conscientiousness"": 0.6388888888888888, ""neuroticism"": 0.40625}"
as_pas_final,conscientiousness,high,bfi_30,openness,False,4,4,True,"{""openness"": 0.7, ""agreeableness"": 0.6388888888888888, ""extraversion"": 0.65625, ""conscientiousness"": 0.6388888888888888, ""neuroticism"": 0.40625}"
as_pas_final,conscientiousness,high,bfi_31,extraversion,True,3,3,True,"{""openness"": 0.7, ""agreeableness"": 0.6388888888888888, ""extraversion"": 0.65625, ""conscientiousness"": 0.6388888888888888, ""neuroticism"": 0.40625}"
as_pas_final,conscientiousness,high,bfi_32,agreeableness,False,4,4,True,"{""openness"": 0.7, ""agreeableness"": 0.6388888888888888, ""extraversion"": 0.65625, ""conscientiousness"": 0.6388888888888888, ""neuroticism"": 0.40625}"
as_pas_final,conscientiousness,high,bfi_33,conscientiousness,False,4,4,True,"{""openness"": 0.7, ""agreeableness"": 0.6388888888888888, ""extraversion"": 0.65625, ""conscientiousness"": 0.6388888888888888, ""neuroticism"": 0.40625}"
as_pas_final,conscientiousness,high,bfi_34,neuroticism,True,4,4,True,"{""openness"": 0.7, ""agreeableness"": 0.6388888888888888, ""extraversion"": 0.65625, ""conscientiousness"": 0.6388888888888888, ""neuroticism"": 0.40625}"
as_pas_final,conscientiousness,high,bfi_35,openness,True,3,3,True,"{""openness"": 0.7, ""agreeableness"": 0.6388888888888888, ""extraversion"": 0.65625, ""conscientiousness"": 0.6388888888888888, ""neuroticism"": 0.40625}"
as_pas_final,conscientiousness,high,bfi_36,extraversion,False,4,4,True,"{""openness"": 0.7, ""agreeableness"": 0.6388888888888888, ""extraversion"": 0.65625, ""conscientiousness"": 0.6388888888888888, ""neuroticism"": 0.40625}"
as_pas_final,conscientiousness,high,bfi_37,agreeableness,True,3,3,True,"{""openness"": 0.7, ""agreeableness"": 0.6388888888888888, ""extraversion"": 0.65625, ""conscientiousness"": 0.6388888888888888, ""neuroticism"": 0.40625}"
as_pas_final,conscientiousness,high,bfi_38,conscientiousness,False,4,4,True,"{""openness"": 0.7, ""agreeableness"": 0.6388888888888888, ""extraversion"": 0.65625, ""conscientiousness"": 0.6388888888888888, ""neuroticism"": 0.40625}"
as_pas_final,conscientiousness,high,bfi_39,neuroticism,False,3,3,True,"{""openness"": 0.7, ""agreeableness"": 0.6388888888888888, ""extraversion"": 0.65625, ""conscientiousness"": 0.6388888888888888, ""neuroticism"": 0.40625}"
as_pas_final,conscientiousness,high,bfi_40,openness,False,4,4,True,"{""openness"": 0.7, ""agreeableness"": 0.6388888888888888, ""extraversion"": 0.65625, ""conscientiousness"": 0.6388888888888888, ""neuroticism"": 0.40625}"
as_pas_final,conscientiousness,high,bfi_41,openness,True,3,3,True,"{""openness"": 0.7, ""agreeableness"": 0.6388888888888888, ""extraversion"": 0.65625, ""conscientiousness"": 0.6388888888888888, ""neuroticism"": 0.40625}"
as_pas_final,conscientiousness,high,bfi_42,agreeableness,False,4,4,True,"{""openness"": 0.7, ""agreeableness"": 0.6388888888888888, ""extraversion"": 0.65625, ""conscientiousness"": 0.6388888888888888, ""neuroticism"": 0.40625}"
as_pas_final,conscientiousness,high,bfi_43,conscientiousness,True,3,3,True,"{""openness"": 0.7, ""agreeableness"": 0.6388888888888888, ""extraversion"": 0.65625, ""conscientiousness"": 0.6388888888888888, ""neuroticism"": 0.40625}"
as_pas_final,conscientiousness,high,bfi_44,openness,False,4,4,True,"{""openness"": 0.7, ""agreeableness"": 0.6388888888888888, ""extraversion"": 0.65625, ""conscientiousness"": 0.6388888888888888, ""neuroticism"": 0.40625}"
as_pas_final,conscientiousness,low,bfi_01,extraversion,False,3,3,True,"{""openness"": 0.65, ""agreeableness"": 0.5277777777777778, ""extraversion"": 0.625, ""conscientiousness"": 0.5555555555555556, ""neuroticism"": 0.4375}"
as_pas_final,conscientiousness,low,bfi_02,agreeableness,True,3,3,True,"{""openness"": 0.65, ""agreeableness"": 0.5277777777777778, ""extraversion"": 0.625, ""conscientiousness"": 0.5555555555555556, ""neuroticism"": 0.4375}"
as_pas_final,conscientiousness,low,bfi_03,conscientiousness,False,3,3,True,"{""openness"": 0.65, ""agreeableness"": 0.5277777777777778, ""extraversion"": 0.625, ""conscientiousness"": 0.5555555555555556, ""neuroticism"": 0.4375}"
as_pas_final,conscientiousness,low,bfi_04,neuroticism,False,3,3,True,"{""openness"": 0.65, ""agreeableness"": 0.5277777777777778, ""extraversion"": 0.625, ""conscientiousness"": 0.5555555555555556, ""neuroticism"": 0.4375}"
as_pas_final,conscientiousness,low,bfi_05,openness,False,4,4,True,"{""openness"": 0.65, ""agreeableness"": 0.5277777777777778, ""extraversion"": 0.625, ""conscientiousness"": 0.5555555555555556, ""neuroticism"": 0.4375}"
as_pas_final,conscientiousness,low,bfi_06,extraversion,True,3,3,True,"{""openness"": 0.65, ""agreeableness"": 0.5277777777777778, ""extraversion"": 0.625, ""conscientiousness"": 0.5555555555555556, ""neuroticism"": 0.4375}"
as_pas_final,conscientiousness,low,bfi_07,agreeableness,False,4,4,True,"{""openness"": 0.65, ""agreeableness"": 0.5277777777777778, ""extraversion"": 0.625, ""conscientiousness"": 0.5555555555555556, ""neuroticism"": 0.4375}"
as_pas_final,conscientiousness,low,bfi_08,conscientiousness,True,3,3,True,"{""openness"": 0.65, ""agreeableness"": 0.5277777777777778, ""extraversion"": 0.625, ""conscientiousness"": 0.5555555555555556, ""neuroticism"": 0.4375}"
as_pas_final,conscientiousness,low,bfi_09,neuroticism,True,4,4,True,"{""openness"": 0.65, ""agreeableness"": 0.5277777777777778, ""extraversion"": 0.625, ""conscientiousness"": 0.5555555555555556, ""neuroticism"": 0.4375}"
as_pas_final,conscientiousness,low,bfi_10,openness,False,4,4,True,"{""openness"": 0.65, ""agreeableness"": 0.5277777777777778, ""extraversion"": 0.625, ""conscientiousness"": 0.5555555555555556, ""neuroticism"": 0.4375}"
as_pas_final,conscientiousness,low,bfi_11,extraversion,False,4,4,True,"{""openness"": 0.65, ""agreeableness"": 0.5277777777777778, ""extraversion"": 0.625, ""conscientiousness"": 0.5555555555555556, ""neuroticism"": 0.4375}"
as_pas_final,conscientiousness,low,bfi_12,agreeableness,True,3,3,True,"{""openness"": 0.65, ""agreeableness"": 0.5277777777777778, ""extraversion"": 0.625, ""conscientiousness"": 0.5555555555555556, ""neuroticism"": 0.4375}"
as_pas_final,conscientiousness,low,bfi_13,conscientiousness,False,4,4,True,"{""openness"": 0.65, ""agreeableness"": 0.5277777777777778, ""extraversion"": 0.625, ""conscientiousness"": 0.5555555555555556, ""neuroticism"": 0.4375}"
as_pas_final,conscientiousness,low,bfi_14,neuroticism,False,3,3,True,"{""openness"": 0.65, ""agreeableness"": 0.5277777777777778, ""extraversion"": 0.625, ""conscientiousness"": 0.5555555555555556, ""neuroticism"": 0.4375}"
as_pas_final,conscientiousness,low,bfi_15,openness,False,3,3,True,"{""openness"": 0.65, ""agreeableness"": 0.5277777777777778, ""extraversion"": 0.625, ""conscientiousness"": 0.5555555555555556, ""neuroticism"": 0.4375}"
as_pas_final,conscientiousness,low,bfi_16,extraversion,False,4,4,True,"{""openness"": 0.65, ""agreeableness"": 0.5277777777777778, ""extraversion"": 0.625, ""conscientiousness"": 0.5555555555555556, ""neuroticism"": 0.4375}"
as_pas_final,conscientiousness,low,bfi_17,agreeableness,False,3,3,True,"{""openness"": 0.65, ""agreeableness"": 0.5277777777777778, ""extraversion"": 0.625, ""conscientiousness"": 0.5555555555555556, ""neuroticism"": 0.4375}"
as_pas_final,conscientiousness,low,bfi_18,conscientiousness,True,3,3,True,"{""openness"": 0.65, ""agreeableness"": 0.5277777777777778, ""extraversion"": 0.625, ""conscientiousness"": 0.5555555555555556, ""neuroticism"": 0.4375}"
as_pas_final,conscientiousness,low,bfi_19,neuroticism,False,3,3,True,"{""openness"": 0.65, ""agreeableness"": 0.5277777777777778, ""extraversion"": 0.625, ""conscientiousness"": 0.5555555555555556, ""neuroticism"": 0.4375}"
as_pas_final,conscientiousness,low,bfi_20,openness,False,4,4,True,"{""openness"": 0.65, ""agreeableness"": 0.5277777777777778, ""extraversion"": 0.625, ""conscientiousness"": 0.5555555555555556, ""neuroticism"": 0.4375}"
as_pas_final,conscientiousness,low,bfi_21,extraversion,True,3,3,True,"{""openness"": 0.65, ""agreeableness"": 0.5277777777777778, ""extraversion"": 0.625, ""conscientiousness"": 0.5555555555555556, ""neuroticism"": 0.4375}"
as_pas_final,conscientiousness,low,bfi_22,agreeableness,False,3,3,True,"{""openness"": 0.65, ""agreeableness"": 0.5277777777777778, ""extraversion"": 0.625, ""conscientiousness"": 0.5555555555555556, ""neuroticism"": 0.4375}"
as_pas_final,conscientiousness,low,bfi_23,conscientiousness,True,3,3,True,"{""openness"": 0.65, ""agreeableness"": 0.5277777777777778, ""extraversion"": 0.625, ""conscientiousness"": 0.5555555555555556, ""neuroticism"": 0.4375}"
as_pas_final,conscientiousness,low,bfi_24,neuroticism,True,4,4,True,"{""openness"": 0.65, ""agreeableness"": 0.5277777777777778, ""extraversion"": 0.625, ""conscientiousness"": 0.5555555555555556, ""neuroticism"": 0.4375}"
as_pas_final,conscientiousness,low,bfi_25,openness,False,4,4,True,"{""openness"": 0.65, ""agreeableness"": 0.5277777777777778, ""extraversion"": 0.625, ""conscientiousness"": 0.5555555555555556, ""neuroticism"": 0.4375}"
as_pas_final,conscientiousness,low,bfi_26,extraversion,False,4,4,True,"{""openness"": 0.65, ""agreeableness"": 0.5277777777777778, ""extraversion"": 0.625, ""conscientiousness"": 0.5555555555555556, ""neuroticism"": 0.4375}"
as_pas_final,conscientiousness,low,bfi_27,agreeableness,True,3,3,True,"{""openness"": 0.65, ""agreeableness"": 0.5277777777777778, ""extraversion"": 0.625, ""conscientiousness"": 0.5555555555555556, ""neuroticism"": 0.4375}"
as_pas_final,conscientiousness,low,bfi_28,conscientiousness,False,4,4,True,"{""openness"": 0.65, ""agreeableness"": 0.5277777777777778, ""extraversion"": 0.625, ""conscientiousness"": 0.5555555555555556, ""neuroticism"": 0.4375}"
as_pas_final,conscientiousness,low,bfi_29,neuroticism,False,3,3,True,"{""openness"": 0.65, ""agreeableness"": 0.5277777777777778, ""extraversion"": 0.625, ""conscientiousness"": 0.5555555555555556, ""neuroticism"": 0.4375}"
as_pas_final,conscientiousness,low,bfi_30,openness,False,4,4,True,"{""openness"": 0.65, ""agreeableness"": 0.5277777777777778, ""extraversion"": 0.625, ""conscientiousness"": 0.5555555555555556, ""neuroticism"": 0.4375}"
as_pas_final,conscientiousness,low,bfi_31,extraversion,True,3,3,True,"{""openness"": 0.65, ""agreeableness"": 0.5277777777777778, ""extraversion"": 0.625, ""conscientiousness"": 0.5555555555555556, ""neuroticism"": 0.4375}"
as_pas_final,conscientiousness,low,bfi_32,agreeableness,False,3,3,True,"{""openness"": 0.65, ""agreeableness"": 0.5277777777777778, ""extraversion"": 0.625, ""conscientiousness"": 0.5555555555555556, ""neuroticism"": 0.4375}"
as_pas_final,conscientiousness,low,bfi_33,conscientiousness,False,3,3,True,"{""openness"": 0.65, ""agreeableness"": 0.5277777777777778, ""extraversion"": 0.625, ""conscientiousness"": 0.5555555555555556, ""neuroticism"": 0.4375}"
as_pas_final,conscientiousness,low,bfi_34,neuroticism,True,3,3,True,"{""openness"": 0.65, ""agreeableness"": 0.5277777777777778, ""extraversion"": 0.625, ""conscientiousness"": 0.5555555555555556, ""neuroticism"": 0.4375}"
as_pas_final,conscientiousness,low,bfi_35,openness,True,3,3,True,"{""openness"": 0.65, ""agreeableness"": 0.5277777777777778, ""extraversion"": 0.625, ""conscientiousness"": 0.5555555555555556, ""neuroticism"": 0.4375}"
as_pas_final,conscientiousness,low,bfi_36,extraversion,False,4,4,True,"{""openness"": 0.65, ""agreeableness"": 0.5277777777777778, ""extraversion"": 0.625, ""conscientiousness"": 0.5555555555555556, ""neuroticism"": 0.4375}"
as_pas_final,conscientiousness,low,bfi_37,agreeableness,True,3,3,True,"{""openness"": 0.65, ""agreeableness"": 0.5277777777777778, ""extraversion"": 0.625, ""conscientiousness"": 0.5555555555555556, ""neuroticism"": 0.4375}"
as_pas_final,conscientiousness,low,bfi_38,conscientiousness,False,3,3,True,"{""openness"": 0.65, ""agreeableness"": 0.5277777777777778, ""extraversion"": 0.625, ""conscientiousness"": 0.5555555555555556, ""neuroticism"": 0.4375}"
as_pas_final,conscientiousness,low,bfi_39,neuroticism,False,3,3,True,"{""openness"": 0.65, ""agreeableness"": 0.5277777777777778, ""extraversion"": 0.625, ""conscientiousness"": 0.5555555555555556, ""neuroticism"": 0.4375}"
as_pas_final,conscientiousness,low,bfi_40,openness,False,4,4,True,"{""openness"": 0.65, ""agreeableness"": 0.5277777777777778, ""extraversion"": 0.625, ""conscientiousness"": 0.5555555555555556, ""neuroticism"": 0.4375}"
as_pas_final,conscientiousness,low,bfi_41,openness,True,3,3,True,"{""openness"": 0.65, ""agreeableness"": 0.5277777777777778, ""extraversion"": 0.625, ""conscientiousness"": 0.5555555555555556, ""neuroticism"": 0.4375}"
as_pas_final,conscientiousness,low,bfi_42,agreeableness,False,3,3,True,"{""openness"": 0.65, ""agreeableness"": 0.5277777777777778, ""extraversion"": 0.625, ""conscientiousness"": 0.5555555555555556, ""neuroticism"": 0.4375}"
as_pas_final,conscientiousness,low,bfi_43,conscientiousness,True,3,3,True,"{""openness"": 0.65, ""agreeableness"": 0.5277777777777778, ""extraversion"": 0.625, ""conscientiousness"": 0.5555555555555556, ""neuroticism"": 0.4375}"
as_pas_final,conscientiousness,low,bfi_44,openness,False,3,3,True,"{""openness"": 0.65, ""agreeableness"": 0.5277777777777778, ""extraversion"": 0.625, ""conscientiousness"": 0.5555555555555556, ""neuroticism"": 0.4375}"
as_pas_final,neuroticism,high,bfi_01,extraversion,False,3,3,True,"{""openness"": 0.625, ""agreeableness"": 0.4722222222222222, ""extraversion"": 0.625, ""conscientiousness"": 0.5, ""neuroticism"": 0.59375}"
as_pas_final,neuroticism,high,bfi_02,agreeableness,True,3,3,True,"{""openness"": 0.625, ""agreeableness"": 0.4722222222222222, ""extraversion"": 0.625, ""conscientiousness"": 0.5, ""neuroticism"": 0.59375}"
as_pas_final,neuroticism,high,bfi_03,conscientiousness,False,3,3,True,"{""openness"": 0.625, ""agreeableness"": 0.4722222222222222, ""extraversion"": 0.625, ""conscientiousness"": 0.5, ""neuroticism"": 0.59375}"
as_pas_final,neuroticism,high,bfi_04,neuroticism,False,3,3,True,"{""openness"": 0.625, ""agreeableness"": 0.4722222222222222, ""extraversion"": 0.625, ""conscientiousness"": 0.5, ""neuroticism"": 0.59375}"
as_pas_final,neuroticism,high,bfi_05,openness,False,4,4,True,"{""openness"": 0.625, ""agreeableness"": 0.4722222222222222, ""extraversion"": 0.625, ""conscientiousness"": 0.5, ""neuroticism"": 0.59375}"
as_pas_final,neuroticism,high,bfi_06,extraversion,True,3,3,True,"{""openness"": 0.625, ""agreeableness"": 0.4722222222222222, ""extraversion"": 0.625, ""conscientiousness"": 0.5, ""neuroticism"": 0.59375}"
as_pas_final,neuroticism,high,bfi_07,agreeableness,False,3,3,True,"{""openness"": 0.625, ""agreeableness"": 0.4722222222222222, ""extraversion"": 0.625, ""conscientiousness"": 0.5, ""neuroticism"": 0.59375}"
as_pas_final,neuroticism,high,bfi_08,conscientiousness,True,3,3,True,"{""openness"": 0.625, ""agreeableness"": 0.4722222222222222, ""extraversion"": 0.625, ""conscientiousness"": 0.5, ""neuroticism"": 0.59375}"
as_pas_final,neuroticism,high,bfi_09,neuroticism,True,3,3,True,"{""openness"": 0.625, ""agreeableness"": 0.4722222222222222, ""extraversion"": 0.625, ""conscientiousness"": 0.5, ""neuroticism"": 0.59375}"
as_pas_final,neuroticism,high,bfi_10,openness,False,4,4,True,"{""openness"": 0.625, ""agreeableness"": 0.4722222222222222, ""extraversion"": 0.625, ""conscientiousness"": 0.5, ""neuroticism"": 0.59375}"
as_pas_final,neuroticism,high,bfi_11,extraversion,False,5,5,True,"{""openness"": 0.625, ""agreeableness"": 0.4722222222222222, ""extraversion"": 0.625, ""conscientiousness"": 0.5, ""neuroticism"": 0.59375}"
as_pas_final,neuroticism,high,bfi_12,agreeableness,True,3,3,True,"{""openness"": 0.625, ""agreeableness"": 0.4722222222222222, ""extraversion"": 0.625, ""conscientiousness"": 0.5, ""neuroticism"": 0.59375}"
as_pas_final,neuroticism,high,bfi_13,conscientiousness,False,4,4,True,"{""openness"": 0.625, ""agreeableness"": 0.4722222222222222, ""extraversion"": 0.625, ""conscientiousness"": 0.5, ""neuroticism"": 0.59375}"
as_pas_final,neuroticism,high,bfi_14,neuroticism,False,4,4,True,"{""openness"": 0.625, ""agreeableness"": 0.4722222222222222, ""extraversion"": 0.625, ""conscientiousness"": 0.5, ""neuroticism"": 0.59375}"
as_pas_final,neuroticism,high,bfi_15,openness,False,4,4,True,"{""openness"": 0.625, ""agreeableness"": 0.4722222222222222, ""extraversion"": 0.625, ""conscientiousness"": 0.5, ""neuroticism"": 0.59375}"
as_pas_final,neuroticism,high,bfi_16,extraversion,False,4,4,True,"{""openness"": 0.625, ""agreeableness"": 0.4722222222222222, ""extraversion"": 0.625, ""conscientiousness"": 0.5, ""neuroticism"": 0.59375}"
as_pas_final,neuroticism,high,bfi_17,agreeableness,False,3,3,True,"{""openness"": 0.625, ""agreeableness"": 0.4722222222222222, ""extraversion"": 0.625, ""conscientiousness"": 0.5, ""neuroticism"": 0.59375}"
as_pas_final,neuroticism,high,bfi_18,conscientiousness,True,4,4,True,"{""openness"": 0.625, ""agreeableness"": 0.4722222222222222, ""extraversion"": 0.625, ""conscientiousness"": 0.5, ""neuroticism"": 0.59375}"
as_pas_final,neuroticism,high,bfi_19,neuroticism,False,4,4,True,"{""openness"": 0.625, ""agreeableness"": 0.4722222222222222, ""extraversion"": 0.625, ""conscientiousness"": 0.5, ""neuroticism"": 0.59375}"
as_pas_final,neuroticism,high,bfi_20,openness,False,4,4,True,"{""openness"": 0.625, ""agreeableness"": 0.4722222222222222, ""extraversion"": 0.625, ""conscientiousness"": 0.5, ""neuroticism"": 0.59375}"
as_pas_final,neuroticism,high,bfi_21,extraversion,True,3,3,True,"{""openness"": 0.625, ""agreeableness"": 0.4722222222222222, ""extraversion"": 0.625, ""conscientiousness"": 0.5, ""neuroticism"": 0.59375}"
as_pas_final,neuroticism,high,bfi_22,agreeableness,False,3,3,True,"{""openness"": 0.625, ""agreeableness"": 0.4722222222222222, ""extraversion"": 0.625, ""conscientiousness"": 0.5, ""neuroticism"": 0.59375}"
as_pas_final,neuroticism,high,bfi_23,conscientiousness,True,3,3,True,"{""openness"": 0.625, ""agreeableness"": 0.4722222222222222, ""extraversion"": 0.625, ""conscientiousness"": 0.5, ""neuroticism"": 0.59375}"
as_pas_final,neuroticism,high,bfi_24,neuroticism,True,3,3,True,"{""openness"": 0.625, ""agreeableness"": 0.4722222222222222, ""extraversion"": 0.625, ""conscientiousness"": 0.5, ""neuroticism"": 0.59375}"
as_pas_final,neuroticism,high,bfi_25,openness,False,4,4,True,"{""openness"": 0.625, ""agreeableness"": 0.4722222222222222, ""extraversion"": 0.625, ""conscientiousness"": 0.5, ""neuroticism"": 0.59375}"
as_pas_final,neuroticism,high,bfi_26,extraversion,False,4,4,True,"{""openness"": 0.625, ""agreeableness"": 0.4722222222222222, ""extraversion"": 0.625, ""conscientiousness"": 0.5, ""neuroticism"": 0.59375}"
as_pas_final,neuroticism,high,bfi_27,agreeableness,True,4,4,True,"{""openness"": 0.625, ""agreeableness"": 0.4722222222222222, ""extraversion"": 0.625, ""conscientiousness"": 0.5, ""neuroticism"": 0.59375}"
as_pas_final,neuroticism,high,bfi_28,conscientiousness,False,4,4,True,"{""openness"": 0.625, ""agreeableness"": 0.4722222222222222, ""extraversion"": 0.625, ""conscientiousness"": 0.5, ""neuroticism"": 0.59375}"
as_pas_final,neuroticism,high,bfi_29,neuroticism,False,3,3,True,"{""openness"": 0.625, ""agreeableness"": 0.4722222222222222, ""extraversion"": 0.625, ""conscientiousness"": 0.5, ""neuroticism"": 0.59375}"
as_pas_final,neuroticism,high,bfi_30,openness,False,3,3,True,"{""openness"": 0.625, ""agreeableness"": 0.4722222222222222, ""extraversion"": 0.625, ""conscientiousness"": 0.5, ""neuroticism"": 0.59375}"
as_pas_final,neuroticism,high,bfi_31,extraversion,True,3,3,True,"{""openness"": 0.625, ""agreeableness"": 0.4722222222222222, ""extraversion"": 0.625, ""conscientiousness"": 0.5, ""neuroticism"": 0.59375}"
as_pas_final,neuroticism,high,bfi_32,agreeableness,False,3,3,True,"{""openness"": 0.625, ""agreeableness"": 0.4722222222222222, ""extraversion"": 0.625, ""conscientiousness"": 0.5, ""neuroticism"": 0.59375}"
as_pas_final,neuroticism,high,bfi_33,conscientiousness,False,3,3,True,"{""openness"": 0.625, ""agreeableness"": 0.4722222222222222, ""extraversion"": 0.625, ""conscientiousness"": 0.5, ""neuroticism"": 0.59375}"
as_pas_final,neuroticism,high,bfi_34,neuroticism,True,3,3,True,"{""openness"": 0.625, ""agreeableness"": 0.4722222222222222, ""extraversion"": 0.625, ""conscientiousness"": 0.5, ""neuroticism"": 0.59375}"
as_pas_final,neuroticism,high,bfi_35,openness,True,3,3,True,"{""openness"": 0.625, ""agreeableness"": 0.4722222222222222, ""extraversion"": 0.625, ""conscientiousness"": 0.5, ""neuroticism"": 0.59375}"
as_pas_final,neuroticism,high,bfi_36,extraversion,False,3,3,True,"{""openness"": 0.625, ""agreeableness"": 0.4722222222222222, ""extraversion"": 0.625, ""conscientiousness"": 0.5, ""neuroticism"": 0.59375}"
as_pas_final,neuroticism,high,bfi_37,agreeableness,True,3,3,True,"{""openness"": 0.625, ""agreeableness"": 0.4722222222222222, ""extraversion"": 0.625, ""conscientiousness"": 0.5, ""neuroticism"": 0.59375}"
as_pas_final,neuroticism,high,bfi_38,conscientiousness,False,3,3,True,"{""openness"": 0.625, ""agreeableness"": 0.4722222222222222, ""extraversion"": 0.625, ""conscientiousness"": 0.5, ""neuroticism"": 0.59375}"
as_pas_final,neuroticism,high,bfi_39,neuroticism,False,4,4,True,"{""openness"": 0.625, ""agreeableness"": 0.4722222222222222, ""extraversion"": 0.625, ""conscientiousness"": 0.5, ""neuroticism"": 0.59375}"
as_pas_final,neuroticism,high,bfi_40,openness,False,3,3,True,"{""openness"": 0.625, ""agreeableness"": 0.4722222222222222, ""extraversion"": 0.625, ""conscientiousness"": 0.5, ""neuroticism"": 0.59375}"
as_pas_final,neuroticism,high,bfi_41,openness,True,3,3,True,"{""openness"": 0.625, ""agreeableness"": 0.4722222222222222, ""extraversion"": 0.625, ""conscientiousness"": 0.5, ""neuroticism"": 0.59375}"
as_pas_final,neuroticism,high,bfi_42,agreeableness,False,3,3,True,"{""openness"": 0.625, ""agreeableness"": 0.4722222222222222, ""extraversion"": 0.625, ""conscientiousness"": 0.5, ""neuroticism"": 0.59375}"
as_pas_final,neuroticism,high,bfi_43,conscientiousness,True,4,4,True,"{""openness"": 0.625, ""agreeableness"": 0.4722222222222222, ""extraversion"": 0.625, ""conscientiousness"": 0.5, ""neuroticism"": 0.59375}"
as_pas_final,neuroticism,high,bfi_44,openness,False,3,3,True,"{""openness"": 0.625, ""agreeableness"": 0.4722222222222222, ""extraversion"": 0.625, ""conscientiousness"": 0.5, ""neuroticism"": 0.59375}"
as_pas_final,neuroticism,low,bfi_01,extraversion,False,4,4,True,"{""openness"": 0.7, ""agreeableness"": 0.6388888888888888, ""extraversion"": 0.65625, ""conscientiousness"": 0.6388888888888888, ""neuroticism"": 0.4375}"
as_pas_final,neuroticism,low,bfi_02,agreeableness,True,3,3,True,"{""openness"": 0.7, ""agreeableness"": 0.6388888888888888, ""extraversion"": 0.65625, ""conscientiousness"": 0.6388888888888888, ""neuroticism"": 0.4375}"
as_pas_final,neuroticism,low,bfi_03,conscientiousness,False,4,4,True,"{""openness"": 0.7, ""agreeableness"": 0.6388888888888888, ""extraversion"": 0.65625, ""conscientiousness"": 0.6388888888888888, ""neuroticism"": 0.4375}"
as_pas_final,neuroticism,low,bfi_04,neuroticism,False,3,3,True,"{""openness"": 0.7, ""agreeableness"": 0.6388888888888888, ""extraversion"": 0.65625, ""conscientiousness"": 0.6388888888888888, ""neuroticism"": 0.4375}"
as_pas_final,neuroticism,low,bfi_05,openness,False,4,4,True,"{""openness"": 0.7, ""agreeableness"": 0.6388888888888888, ""extraversion"": 0.65625, ""conscientiousness"": 0.6388888888888888, ""neuroticism"": 0.4375}"
as_pas_final,neuroticism,low,bfi_06,extraversion,True,3,3,True,"{""openness"": 0.7, ""agreeableness"": 0.6388888888888888, ""extraversion"": 0.65625, ""conscientiousness"": 0.6388888888888888, ""neuroticism"": 0.4375}"
as_pas_final,neuroticism,low,bfi_07,agreeableness,False,4,4,True,"{""openness"": 0.7, ""agreeableness"": 0.6388888888888888, ""extraversion"": 0.65625, ""conscientiousness"": 0.6388888888888888, ""neuroticism"": 0.4375}"
as_pas_final,neuroticism,low,bfi_08,conscientiousness,True,3,3,True,"{""openness"": 0.7, ""agreeableness"": 0.6388888888888888, ""extraversion"": 0.65625, ""conscientiousness"": 0.6388888888888888, ""neuroticism"": 0.4375}"
as_pas_final,neuroticism,low,bfi_09,neuroticism,True,4,4,True,"{""openness"": 0.7, ""agreeableness"": 0.6388888888888888, ""extraversion"": 0.65625, ""conscientiousness"": 0.6388888888888888, ""neuroticism"": 0.4375}"
as_pas_final,neuroticism,low,bfi_10,openness,False,4,4,True,"{""openness"": 0.7, ""agreeableness"": 0.6388888888888888, ""extraversion"": 0.65625, ""conscientiousness"": 0.6388888888888888, ""neuroticism"": 0.4375}"
as_pas_final,neuroticism,low,bfi_11,extraversion,False,4,4,True,"{""openness"": 0.7, ""agreeableness"": 0.6388888888888888, ""extraversion"": 0.65625, ""conscientiousness"": 0.6388888888888888, ""neuroticism"": 0.4375}"
as_pas_final,neuroticism,low,bfi_12,agreeableness,True,3,3,True,"{""openness"": 0.7, ""agreeableness"": 0.6388888888888888, ""extraversion"": 0.65625, ""conscientiousness"": 0.6388888888888888, ""neuroticism"": 0.4375}"
as_pas_final,neuroticism,low,bfi_13,conscientiousness,False,4,4,True,"{""openness"": 0.7, ""agreeableness"": 0.6388888888888888, ""extraversion"": 0.65625, ""conscientiousness"": 0.6388888888888888, ""neuroticism"": 0.4375}"
as_pas_final,neuroticism,low,bfi_14,neuroticism,False,3,3,True,"{""openness"": 0.7, ""agreeableness"": 0.6388888888888888, ""extraversion"": 0.65625, ""conscientiousness"": 0.6388888888888888, ""neuroticism"": 0.4375}"
as_pas_final,neuroticism,low,bfi_15,openness,False,4,4,True,"{""openness"": 0.7, ""agreeableness"": 0.6388888888888888, ""extraversion"": 0.65625, ""conscientiousness"": 0.6388888888888888, ""neuroticism"": 0.4375}"
as_pas_final,neuroticism,low,bfi_16,extraversion,False,4,4,True,"{""openness"": 0.7, ""agreeableness"": 0.6388888888888888, ""extraversion"": 0.65625, ""conscientiousness"": 0.6388888888888888, ""neuroticism"": 0.4375}"
as_pas_final,neuroticism,low,bfi_17,agreeableness,False,4,4,True,"{""openness"": 0.7, ""agreeableness"": 0.6388888888888888, ""extraversion"": 0.65625, ""conscientiousness"": 0.6388888888888888, ""neuroticism"": 0.4375}"
as_pas_final,neuroticism,low,bfi_18,conscientiousness,True,3,3,True,"{""openness"": 0.7, ""agreeableness"": 0.6388888888888888, ""extraversion"": 0.65625, ""conscientiousness"": 0.6388888888888888, ""neuroticism"": 0.4375}"
as_pas_final,neuroticism,low,bfi_19,neuroticism,False,3,3,True,"{""openness"": 0.7, ""agreeableness"": 0.6388888888888888, ""extraversion"": 0.65625, ""conscientiousness"": 0.6388888888888888, ""neuroticism"": 0.4375}"
as_pas_final,neuroticism,low,bfi_20,openness,False,4,4,True,"{""openness"": 0.7, ""agreeableness"": 0.6388888888888888, ""extraversion"": 0.65625, ""conscientiousness"": 0.6388888888888888, ""neuroticism"": 0.4375}"
as_pas_final,neuroticism,low,bfi_21,extraversion,True,3,3,True,"{""openness"": 0.7, ""agreeableness"": 0.6388888888888888, ""extraversion"": 0.65625, ""conscientiousness"": 0.6388888888888888, ""neuroticism"": 0.4375}"
as_pas_final,neuroticism,low,bfi_22,agreeableness,False,4,4,True,"{""openness"": 0.7, ""agreeableness"": 0.6388888888888888, ""extraversion"": 0.65625, ""conscientiousness"": 0.6388888888888888, ""neuroticism"": 0.4375}"
as_pas_final,neuroticism,low,bfi_23,conscientiousness,True,3,3,True,"{""openness"": 0.7, ""agreeableness"": 0.6388888888888888, ""extraversion"": 0.65625, ""conscientiousness"": 0.6388888888888888, ""neuroticism"": 0.4375}"
as_pas_final,neuroticism,low,bfi_24,neuroticism,True,4,4,True,"{""openness"": 0.7, ""agreeableness"": 0.6388888888888888, ""extraversion"": 0.65625, ""conscientiousness"": 0.6388888888888888, ""neuroticism"": 0.4375}"
as_pas_final,neuroticism,low,bfi_25,openness,False,4,4,True,"{""openness"": 0.7, ""agreeableness"": 0.6388888888888888, ""extraversion"": 0.65625, ""conscientiousness"": 0.6388888888888888, ""neuroticism"": 0.4375}"
as_pas_final,neuroticism,low,bfi_26,extraversion,False,4,4,True,"{""openness"": 0.7, ""agreeableness"": 0.6388888888888888, ""extraversion"": 0.65625, ""conscientiousness"": 0.6388888888888888, ""neuroticism"": 0.4375}"
as_pas_final,neuroticism,low,bfi_27,agreeableness,True,3,3,True,"{""openness"": 0.7, ""agreeableness"": 0.6388888888888888, ""extraversion"": 0.65625, ""conscientiousness"": 0.6388888888888888, ""neuroticism"": 0.4375}"
as_pas_final,neuroticism,low,bfi_28,conscientiousness,False,4,4,True,"{""openness"": 0.7, ""agreeableness"": 0.6388888888888888, ""extraversion"": 0.65625, ""conscientiousness"": 0.6388888888888888, ""neuroticism"": 0.4375}"
as_pas_final,neuroticism,low,bfi_29,neuroticism,False,4,4,True,"{""openness"": 0.7, ""agreeableness"": 0.6388888888888888, ""extraversion"": 0.65625, ""conscientiousness"": 0.6388888888888888, ""neuroticism"": 0.4375}"
as_pas_final,neuroticism,low,bfi_30,openness,False,4,4,True,"{""openness"": 0.7, ""agreeableness"": 0.6388888888888888, ""extraversion"": 0.65625, ""conscientiousness"": 0.6388888888888888, ""neuroticism"": 0.4375}"
as_pas_final,neuroticism,low,bfi_31,extraversion,True,3,3,True,"{""openness"": 0.7, ""agreeableness"": 0.6388888888888888, ""extraversion"": 0.65625, ""conscientiousness"": 0.6388888888888888, ""neuroticism"": 0.4375}"
as_pas_final,neuroticism,low,bfi_32,agreeableness,False,4,4,True,"{""openness"": 0.7, ""agreeableness"": 0.6388888888888888, ""extraversion"": 0.65625, ""conscientiousness"": 0.6388888888888888, ""neuroticism"": 0.4375}"
as_pas_final,neuroticism,low,bfi_33,conscientiousness,False,4,4,True,"{""openness"": 0.7, ""agreeableness"": 0.6388888888888888, ""extraversion"": 0.65625, ""conscientiousness"": 0.6388888888888888, ""neuroticism"": 0.4375}"
as_pas_final,neuroticism,low,bfi_34,neuroticism,True,4,4,True,"{""openness"": 0.7, ""agreeableness"": 0.6388888888888888, ""extraversion"": 0.65625, ""conscientiousness"": 0.6388888888888888, ""neuroticism"": 0.4375}"
as_pas_final,neuroticism,low,bfi_35,openness,True,3,3,True,"{""openness"": 0.7, ""agreeableness"": 0.6388888888888888, ""extraversion"": 0.65625, ""conscientiousness"": 0.6388888888888888, ""neuroticism"": 0.4375}"
as_pas_final,neuroticism,low,bfi_36,extraversion,False,4,4,True,"{""openness"": 0.7, ""agreeableness"": 0.6388888888888888, ""extraversion"": 0.65625, ""conscientiousness"": 0.6388888888888888, ""neuroticism"": 0.4375}"
as_pas_final,neuroticism,low,bfi_37,agreeableness,True,3,3,True,"{""openness"": 0.7, ""agreeableness"": 0.6388888888888888, ""extraversion"": 0.65625, ""conscientiousness"": 0.6388888888888888, ""neuroticism"": 0.4375}"
as_pas_final,neuroticism,low,bfi_38,conscientiousness,False,4,4,True,"{""openness"": 0.7, ""agreeableness"": 0.6388888888888888, ""extraversion"": 0.65625, ""conscientiousness"": 0.6388888888888888, ""neuroticism"": 0.4375}"
as_pas_final,neuroticism,low,bfi_39,neuroticism,False,3,3,True,"{""openness"": 0.7, ""agreeableness"": 0.6388888888888888, ""extraversion"": 0.65625, ""conscientiousness"": 0.6388888888888888, ""neuroticism"": 0.4375}"
as_pas_final,neuroticism,low,bfi_40,openness,False,4,4,True,"{""openness"": 0.7, ""agreeableness"": 0.6388888888888888, ""extraversion"": 0.65625, ""conscientiousness"": 0.6388888888888888, ""neuroticism"": 0.4375}"
as_pas_final,neuroticism,low,bfi_41,openness,True,3,3,True,"{""openness"": 0.7, ""agreeableness"": 0.6388888888888888, ""extraversion"": 0.65625, ""conscientiousness"": 0.6388888888888888, ""neuroticism"": 0.4375}"
as_pas_final,neuroticism,low,bfi_42,agreeableness,False,4,4,True,"{""openness"": 0.7, ""agreeableness"": 0.6388888888888888, ""extraversion"": 0.65625, ""conscientiousness"": 0.6388888888888888, ""neuroticism"": 0.4375}"
as_pas_final,neuroticism,low,bfi_43,conscientiousness,True,3,3,True,"{""openness"": 0.7, ""agreeableness"": 0.6388888888888888, ""extraversion"": 0.65625, ""conscientiousness"": 0.6388888888888888, ""neuroticism"": 0.4375}"
as_pas_final,neuroticism,low,bfi_44,openness,False,4,4,True,"{""openness"": 0.7, ""agreeableness"": 0.6388888888888888, ""extraversion"": 0.65625, ""conscientiousness"": 0.6388888888888888, ""neuroticism"": 0.4375}"
as_pas_final,openness,high,bfi_01,extraversion,False,4,4,True,"{""openness"": 0.7, ""agreeableness"": 0.5833333333333334, ""extraversion"": 0.6875, ""conscientiousness"": 0.6111111111111112, ""neuroticism"": 0.5}"
as_pas_final,openness,high,bfi_02,agreeableness,True,4,4,True,"{""openness"": 0.7, ""agreeableness"": 0.5833333333333334, ""extraversion"": 0.6875, ""conscientiousness"": 0.6111111111111112, ""neuroticism"": 0.5}"
as_pas_final,openness,high,bfi_03,conscientiousness,False,4,4,True,"{""openness"": 0.7, ""agreeableness"": 0.5833333333333334, ""extraversion"": 0.6875, ""conscientiousness"": 0.6111111111111112, ""neuroticism"": 0.5}"
as_pas_final,openness,high,bfi_04,neuroticism,False,3,3,True,"{""openness"": 0.7, ""agreeableness"": 0.5833333333333334, ""extraversion"": 0.6875, ""conscientiousness"": 0.6111111111111112, ""neuroticism"": 0.5}"
as_pas_final,openness,high,bfi_05,openness,False,4,4,True,"{""openness"": 0.7, ""agreeableness"": 0.5833333333333334, ""extraversion"": 0.6875, ""conscientiousness"": 0.6111111111111112, ""neuroticism"": 0.5}"
as_pas_final,openness,high,bfi_06,extraversion,True,2,2,True,"{""openness"": 0.7, ""agreeableness"": 0.5833333333333334, ""extraversion"": 0.6875, ""conscientiousness"": 0.6111111111111112, ""neuroticism"": 0.5}"
as_pas_final,openness,high,bfi_07,agreeableness,False,4,4,True,"{""openness"": 0.7, ""agreeableness"": 0.5833333333333334, ""extraversion"": 0.6875, ""conscientiousness"": 0.6111111111111112, ""neuroticism"": 0.5}"
as_pas_final,openness,high,bfi_08,conscientiousness,True,4,4,True,"{""openness"": 0.7, ""agreeableness"": 0.5833333333333334, ""extraversion"": 0.6875, ""conscientiousness"": 0.6111111111111112, ""neuroticism"": 0.5}"
as_pas_final,openness,high,bfi_09,neuroticism,True,4,4,True,"{""openness"": 0.7, ""agreeableness"": 0.5833333333333334, ""extraversion"": 0.6875, ""conscientiousness"": 0.6111111111111112, ""neuroticism"": 0.5}"
as_pas_final,openness,high,bfi_10,openness,False,4,4,True,"{""openness"": 0.7, ""agreeableness"": 0.5833333333333334, ""extraversion"": 0.6875, ""conscientiousness"": 0.6111111111111112, ""neuroticism"": 0.5}"
as_pas_final,openness,high,bfi_11,extraversion,False,4,4,True,"{""openness"": 0.7, ""agreeableness"": 0.5833333333333334, ""extraversion"": 0.6875, ""conscientiousness"": 0.6111111111111112, ""neuroticism"": 0.5}"
as_pas_final,openness,high,bfi_12,agreeableness,True,4,4,True,"{""openness"": 0.7, ""agreeableness"": 0.5833333333333334, ""extraversion"": 0.6875, ""conscientiousness"": 0.6111111111111112, ""neuroticism"": 0.5}"
as_pas_final,openness,high,bfi_13,conscientiousness,False,4,4,True,"{""openness"": 0.7, ""agreeableness"": 0.5833333333333334, ""extraversion"": 0.6875, ""conscientiousness"": 0.6111111111111112, ""neuroticism"": 0.5}"
as_pas_final,openness,high,bfi_14,neuroticism,False,3,3,True,"{""openness"": 0.7, ""agreeableness"": 0.5833333333333334, ""extraversion"": 0.6875, ""conscientiousness"": 0.6111111111111112, ""neuroticism"": 0.5}"
as_pas_final,openness,high,bfi_15,openness,False,4,4,True,"{""openness"": 0.7, ""agreeableness"": 0.5833333333333334, ""extraversion"": 0.6875, ""conscientiousness"": 0.6111111111111112, ""neuroticism"": 0.5}"
as_pas_final,openness,high,bfi_16,extraversion,False,4,4,True,"{""openness"": 0.7, ""agreeableness"": 0.5833333333333334, ""extraversion"": 0.6875, ""conscientiousness"": 0.6111111111111112, ""neuroticism"": 0.5}"
as_pas_final,openness,high,bfi_17,agreeableness,False,4,4,True,"{""openness"": 0.7, ""agreeableness"": 0.5833333333333334, ""extraversion"": 0.6875, ""conscientiousness"": 0.6111111111111112, ""neuroticism"": 0.5}"
as_pas_final,openness,high,bfi_18,conscientiousness,True,3,3,True,"{""openness"": 0.7, ""agreeableness"": 0.5833333333333334, ""extraversion"": 0.6875, ""conscientiousness"": 0.6111111111111112, ""neuroticism"": 0.5}"
as_pas_final,openness,high,bfi_19,neuroticism,False,4,4,True,"{""openness"": 0.7, ""agreeableness"": 0.5833333333333334, ""extraversion"": 0.6875, ""conscientiousness"": 0.6111111111111112, ""neuroticism"": 0.5}"
as_pas_final,openness,high,bfi_20,openness,False,4,4,True,"{""openness"": 0.7, ""agreeableness"": 0.5833333333333334, ""extraversion"": 0.6875, ""conscientiousness"": 0.6111111111111112, ""neuroticism"": 0.5}"
as_pas_final,openness,high,bfi_21,extraversion,True,3,3,True,"{""openness"": 0.7, ""agreeableness"": 0.5833333333333334, ""extraversion"": 0.6875, ""conscientiousness"": 0.6111111111111112, ""neuroticism"": 0.5}"
as_pas_final,openness,high,bfi_22,agreeableness,False,4,4,True,"{""openness"": 0.7, ""agreeableness"": 0.5833333333333334, ""extraversion"": 0.6875, ""conscientiousness"": 0.6111111111111112, ""neuroticism"": 0.5}"
as_pas_final,openness,high,bfi_23,conscientiousness,True,3,3,True,"{""openness"": 0.7, ""agreeableness"": 0.5833333333333334, ""extraversion"": 0.6875, ""conscientiousness"": 0.6111111111111112, ""neuroticism"": 0.5}"
as_pas_final,openness,high,bfi_24,neuroticism,True,4,4,True,"{""openness"": 0.7, ""agreeableness"": 0.5833333333333334, ""extraversion"": 0.6875, ""conscientiousness"": 0.6111111111111112, ""neuroticism"": 0.5}"
as_pas_final,openness,high,bfi_25,openness,False,4,4,True,"{""openness"": 0.7, ""agreeableness"": 0.5833333333333334, ""extraversion"": 0.6875, ""conscientiousness"": 0.6111111111111112, ""neuroticism"": 0.5}"
as_pas_final,openness,high,bfi_26,extraversion,False,4,4,True,"{""openness"": 0.7, ""agreeableness"": 0.5833333333333334, ""extraversion"": 0.6875, ""conscientiousness"": 0.6111111111111112, ""neuroticism"": 0.5}"
as_pas_final,openness,high,bfi_27,agreeableness,True,3,3,True,"{""openness"": 0.7, ""agreeableness"": 0.5833333333333334, ""extraversion"": 0.6875, ""conscientiousness"": 0.6111111111111112, ""neuroticism"": 0.5}"
as_pas_final,openness,high,bfi_28,conscientiousness,False,4,4,True,"{""openness"": 0.7, ""agreeableness"": 0.5833333333333334, ""extraversion"": 0.6875, ""conscientiousness"": 0.6111111111111112, ""neuroticism"": 0.5}"
as_pas_final,openness,high,bfi_29,neuroticism,False,4,4,True,"{""openness"": 0.7, ""agreeableness"": 0.5833333333333334, ""extraversion"": 0.6875, ""conscientiousness"": 0.6111111111111112, ""neuroticism"": 0.5}"
as_pas_final,openness,high,bfi_30,openness,False,4,4,True,"{""openness"": 0.7, ""agreeableness"": 0.5833333333333334, ""extraversion"": 0.6875, ""conscientiousness"": 0.6111111111111112, ""neuroticism"": 0.5}"
as_pas_final,openness,high,bfi_31,extraversion,True,3,3,True,"{""openness"": 0.7, ""agreeableness"": 0.5833333333333334, ""extraversion"": 0.6875, ""conscientiousness"": 0.6111111111111112, ""neuroticism"": 0.5}"
as_pas_final,openness,high,bfi_32,agreeableness,False,4,4,True,"{""openness"": 0.7, ""agreeableness"": 0.5833333333333334, ""extraversion"": 0.6875, ""conscientiousness"": 0.6111111111111112, ""neuroticism"": 0.5}"
as_pas_final,openness,high,bfi_33,conscientiousness,False,4,4,True,"{""openness"": 0.7, ""agreeableness"": 0.5833333333333334, ""extraversion"": 0.6875, ""conscientiousness"": 0.6111111111111112, ""neuroticism"": 0.5}"
as_pas_final,openness,high,bfi_34,neuroticism,True,4,4,True,"{""openness"": 0.7, ""agreeableness"": 0.5833333333333334, ""extraversion"": 0.6875, ""conscientiousness"": 0.6111111111111112, ""neuroticism"": 0.5}"
as_pas_final,openness,high,bfi_35,openness,True,3,3,True,"{""openness"": 0.7, ""agreeableness"": 0.5833333333333334, ""extraversion"": 0.6875, ""conscientiousness"": 0.6111111111111112, ""neuroticism"": 0.5}"
as_pas_final,openness,high,bfi_36,extraversion,False,4,4,True,"{""openness"": 0.7, ""agreeableness"": 0.5833333333333334, ""extraversion"": 0.6875, ""conscientiousness"": 0.6111111111111112, ""neuroticism"": 0.5}"
as_pas_final,openness,high,bfi_37,agreeableness,True,3,3,True,"{""openness"": 0.7, ""agreeableness"": 0.5833333333333334, ""extraversion"": 0.6875, ""conscientiousness"": 0.6111111111111112, ""neuroticism"": 0.5}"
as_pas_final,openness,high,bfi_38,conscientiousness,False,4,4,True,"{""openness"": 0.7, ""agreeableness"": 0.5833333333333334, ""extraversion"": 0.6875, ""conscientiousness"": 0.6111111111111112, ""neuroticism"": 0.5}"
as_pas_final,openness,high,bfi_39,neuroticism,False,4,4,True,"{""openness"": 0.7, ""agreeableness"": 0.5833333333333334, ""extraversion"": 0.6875, ""conscientiousness"": 0.6111111111111112, ""neuroticism"": 0.5}"
as_pas_final,openness,high,bfi_40,openness,False,4,4,True,"{""openness"": 0.7, ""agreeableness"": 0.5833333333333334, ""extraversion"": 0.6875, ""conscientiousness"": 0.6111111111111112, ""neuroticism"": 0.5}"
as_pas_final,openness,high,bfi_41,openness,True,3,3,True,"{""openness"": 0.7, ""agreeableness"": 0.5833333333333334, ""extraversion"": 0.6875, ""conscientiousness"": 0.6111111111111112, ""neuroticism"": 0.5}"
as_pas_final,openness,high,bfi_42,agreeableness,False,4,4,True,"{""openness"": 0.7, ""agreeableness"": 0.5833333333333334, ""extraversion"": 0.6875, ""conscientiousness"": 0.6111111111111112, ""neuroticism"": 0.5}"
as_pas_final,openness,high,bfi_43,conscientiousness,True,3,3,True,"{""openness"": 0.7, ""agreeableness"": 0.5833333333333334, ""extraversion"": 0.6875, ""conscientiousness"": 0.6111111111111112, ""neuroticism"": 0.5}"
as_pas_final,openness,high,bfi_44,openness,False,4,4,True,"{""openness"": 0.7, ""agreeableness"": 0.5833333333333334, ""extraversion"": 0.6875, ""conscientiousness"": 0.6111111111111112, ""neuroticism"": 0.5}"
as_pas_final,openness,low,bfi_01,extraversion,False,3,3,True,"{""openness"": 0.5, ""agreeableness"": 0.5277777777777778, ""extraversion"": 0.53125, ""conscientiousness"": 0.5277777777777778, ""neuroticism"": 0.46875}"
as_pas_final,openness,low,bfi_02,agreeableness,True,3,3,True,"{""openness"": 0.5, ""agreeableness"": 0.5277777777777778, ""extraversion"": 0.53125, ""conscientiousness"": 0.5277777777777778, ""neuroticism"": 0.46875}"
as_pas_final,openness,low,bfi_03,conscientiousness,False,3,3,True,"{""openness"": 0.5, ""agreeableness"": 0.5277777777777778, ""extraversion"": 0.53125, ""conscientiousness"": 0.5277777777777778, ""neuroticism"": 0.46875}"
as_pas_final,openness,low,bfi_04,neuroticism,False,3,3,True,"{""openness"": 0.5, ""agreeableness"": 0.5277777777777778, ""extraversion"": 0.53125, ""conscientiousness"": 0.5277777777777778, ""neuroticism"": 0.46875}"
as_pas_final,openness,low,bfi_05,openness,False,3,3,True,"{""openness"": 0.5, ""agreeableness"": 0.5277777777777778, ""extraversion"": 0.53125, ""conscientiousness"": 0.5277777777777778, ""neuroticism"": 0.46875}"
as_pas_final,openness,low,bfi_06,extraversion,True,3,3,True,"{""openness"": 0.5, ""agreeableness"": 0.5277777777777778, ""extraversion"": 0.53125, ""conscientiousness"": 0.5277777777777778, ""neuroticism"": 0.46875}"
as_pas_final,openness,low,bfi_07,agreeableness,False,4,4,True,"{""openness"": 0.5, ""agreeableness"": 0.5277777777777778, ""extraversion"": 0.53125, ""conscientiousness"": 0.5277777777777778, ""neuroticism"": 0.46875}"
as_pas_final,openness,low,bfi_08,conscientiousness,True,3,3,True,"{""openness"": 0.5, ""agreeableness"": 0.5277777777777778, ""extraversion"": 0.53125, ""conscientiousness"": 0.5277777777777778, ""neuroticism"": 0.46875}"
as_pas_final,openness,low,bfi_09,neuroticism,True,3,3,True,"{""openness"": 0.5, ""agreeableness"": 0.5277777777777778, ""extraversion"": 0.53125, ""conscientiousness"": 0.5277777777777778, ""neuroticism"": 0.46875}"
as_pas_final,openness,low,bfi_10,openness,False,3,3,True,"{""openness"": 0.5, ""agreeableness"": 0.5277777777777778, ""extraversion"": 0.53125, ""conscientiousness"": 0.5277777777777778, ""neuroticism"": 0.46875}"
as_pas_final,openness,low,bfi_11,extraversion,False,3,3,True,"{""openness"": 0.5, ""agreeableness"": 0.5277777777777778, ""extraversion"": 0.53125, ""conscientiousness"": 0.5277777777777778, ""neuroticism"": 0.46875}"
as_pas_final,openness,low,bfi_12,agreeableness,True,3,3,True,"{""openness"": 0.5, ""agreeableness"": 0.5277777777777778, ""extraversion"": 0.53125, ""conscientiousness"": 0.5277777777777778, ""neuroticism"": 0.46875}"
as_pas_final,openness,low,bfi_13,conscientiousness,False,3,3,True,"{""openness"": 0.5, ""agreeableness"": 0.5277777777777778, ""extraversion"": 0.53125, ""conscientiousness"": 0.5277777777777778, ""neuroticism"": 0.46875}"
as_pas_final,openness,low,bfi_14,neuroticism,False,3,3,True,"{""openness"": 0.5, ""agreeableness"": 0.5277777777777778, ""extraversion"": 0.53125, ""conscientiousness"": 0.5277777777777778, ""neuroticism"": 0.46875}"
as_pas_final,openness,low,bfi_15,openness,False,3,3,True,"{""openness"": 0.5, ""agreeableness"": 0.5277777777777778, ""extraversion"": 0.53125, ""conscientiousness"": 0.5277777777777778, ""neuroticism"": 0.46875}"
as_pas_final,openness,low,bfi_16,extraversion,False,3,3,True,"{""openness"": 0.5, ""agreeableness"": 0.5277777777777778, ""extraversion"": 0.53125, ""conscientiousness"": 0.5277777777777778, ""neuroticism"": 0.46875}"
as_pas_final,openness,low,bfi_17,agreeableness,False,3,3,True,"{""openness"": 0.5, ""agreeableness"": 0.5277777777777778, ""extraversion"": 0.53125, ""conscientiousness"": 0.5277777777777778, ""neuroticism"": 0.46875}"
as_pas_final,openness,low,bfi_18,conscientiousness,True,3,3,True,"{""openness"": 0.5, ""agreeableness"": 0.5277777777777778, ""extraversion"": 0.53125, ""conscientiousness"": 0.5277777777777778, ""neuroticism"": 0.46875}"
as_pas_final,openness,low,bfi_19,neuroticism,False,3,3,True,"{""openness"": 0.5, ""agreeableness"": 0.5277777777777778, ""extraversion"": 0.53125, ""conscientiousness"": 0.5277777777777778, ""neuroticism"": 0.46875}"
as_pas_final,openness,low,bfi_20,openness,False,3,3,True,"{""openness"": 0.5, ""agreeableness"": 0.5277777777777778, ""extraversion"": 0.53125, ""conscientiousness"": 0.5277777777777778, ""neuroticism"": 0.46875}"
as_pas_final,openness,low,bfi_21,extraversion,True,3,3,True,"{""openness"": 0.5, ""agreeableness"": 0.5277777777777778, ""extraversion"": 0.53125, ""conscientiousness"": 0.5277777777777778, ""neuroticism"": 0.46875}"
as_pas_final,openness,low,bfi_22,agreeableness,False,3,3,True,"{""openness"": 0.5, ""agreeableness"": 0.5277777777777778, ""extraversion"": 0.53125, ""conscientiousness"": 0.5277777777777778, ""neuroticism"": 0.46875}"
as_pas_final,openness,low,bfi_23,conscientiousness,True,3,3,True,"{""openness"": 0.5, ""agreeableness"": 0.5277777777777778, ""extraversion"": 0.53125, ""conscientiousness"": 0.5277777777777778, ""neuroticism"": 0.46875}"
as_pas_final,openness,low,bfi_24,neuroticism,True,4,4,True,"{""openness"": 0.5, ""agreeableness"": 0.5277777777777778, ""extraversion"": 0.53125, ""conscientiousness"": 0.5277777777777778, ""neuroticism"": 0.46875}"
as_pas_final,openness,low,bfi_25,openness,False,3,3,True,"{""openness"": 0.5, ""agreeableness"": 0.5277777777777778, ""extraversion"": 0.53125, ""conscientiousness"": 0.5277777777777778, ""neuroticism"": 0.46875}"
as_pas_final,openness,low,bfi_26,extraversion,False,4,4,True,"{""openness"": 0.5, ""agreeableness"": 0.5277777777777778, ""extraversion"": 0.53125, ""conscientiousness"": 0.5277777777777778, ""neuroticism"": 0.46875}"
as_pas_final,openness,low,bfi_27,agreeableness,True,3,3,True,"{""openness"": 0.5, ""agreeableness"": 0.5277777777777778, ""extraversion"": 0.53125, ""conscientiousness"": 0.5277777777777778, ""neuroticism"": 0.46875}"
as_pas_final,openness,low,bfi_28,conscientiousness,False,4,4,True,"{""openness"": 0.5, ""agreeableness"": 0.5277777777777778, ""extraversion"": 0.53125, ""conscientiousness"": 0.5277777777777778, ""neuroticism"": 0.46875}"
as_pas_final,openness,low,bfi_29,neuroticism,False,3,3,True,"{""openness"": 0.5, ""agreeableness"": 0.5277777777777778, ""extraversion"": 0.53125, ""conscientiousness"": 0.5277777777777778, ""neuroticism"": 0.46875}"
as_pas_final,openness,low,bfi_30,openness,False,3,3,True,"{""openness"": 0.5, ""agreeableness"": 0.5277777777777778, ""extraversion"": 0.53125, ""conscientiousness"": 0.5277777777777778, ""neuroticism"": 0.46875}"
as_pas_final,openness,low,bfi_31,extraversion,True,3,3,True,"{""openness"": 0.5, ""agreeableness"": 0.5277777777777778, ""extraversion"": 0.53125, ""conscientiousness"": 0.5277777777777778, ""neuroticism"": 0.46875}"
as_pas_final,openness,low,bfi_32,agreeableness,False,3,3,True,"{""openness"": 0.5, ""agreeableness"": 0.5277777777777778, ""extraversion"": 0.53125, ""conscientiousness"": 0.5277777777777778, ""neuroticism"": 0.46875}"
as_pas_final,openness,low,bfi_33,conscientiousness,False,3,3,True,"{""openness"": 0.5, ""agreeableness"": 0.5277777777777778, ""extraversion"": 0.53125, ""conscientiousness"": 0.5277777777777778, ""neuroticism"": 0.46875}"
as_pas_final,openness,low,bfi_34,neuroticism,True,3,3,True,"{""openness"": 0.5, ""agreeableness"": 0.5277777777777778, ""extraversion"": 0.53125, ""conscientiousness"": 0.5277777777777778, ""neuroticism"": 0.46875}"
as_pas_final,openness,low,bfi_35,openness,True,3,3,True,"{""openness"": 0.5, ""agreeableness"": 0.5277777777777778, ""extraversion"": 0.53125, ""conscientiousness"": 0.5277777777777778, ""neuroticism"": 0.46875}"
as_pas_final,openness,low,bfi_36,extraversion,False,3,3,True,"{""openness"": 0.5, ""agreeableness"": 0.5277777777777778, ""extraversion"": 0.53125, ""conscientiousness"": 0.5277777777777778, ""neuroticism"": 0.46875}"
as_pas_final,openness,low,bfi_37,agreeableness,True,3,3,True,"{""openness"": 0.5, ""agreeableness"": 0.5277777777777778, ""extraversion"": 0.53125, ""conscientiousness"": 0.5277777777777778, ""neuroticism"": 0.46875}"
as_pas_final,openness,low,bfi_38,conscientiousness,False,3,3,True,"{""openness"": 0.5, ""agreeableness"": 0.5277777777777778, ""extraversion"": 0.53125, ""conscientiousness"": 0.5277777777777778, ""neuroticism"": 0.46875}"
as_pas_final,openness,low,bfi_39,neuroticism,False,3,3,True,"{""openness"": 0.5, ""agreeableness"": 0.5277777777777778, ""extraversion"": 0.53125, ""conscientiousness"": 0.5277777777777778, ""neuroticism"": 0.46875}"
as_pas_final,openness,low,bfi_40,openness,False,3,3,True,"{""openness"": 0.5, ""agreeableness"": 0.5277777777777778, ""extraversion"": 0.53125, ""conscientiousness"": 0.5277777777777778, ""neuroticism"": 0.46875}"
as_pas_final,openness,low,bfi_41,openness,True,3,3,True,"{""openness"": 0.5, ""agreeableness"": 0.5277777777777778, ""extraversion"": 0.53125, ""conscientiousness"": 0.5277777777777778, ""neuroticism"": 0.46875}"
as_pas_final,openness,low,bfi_42,agreeableness,False,3,3,True,"{""openness"": 0.5, ""agreeableness"": 0.5277777777777778, ""extraversion"": 0.53125, ""conscientiousness"": 0.5277777777777778, ""neuroticism"": 0.46875}"
as_pas_final,openness,low,bfi_43,conscientiousness,True,3,3,True,"{""openness"": 0.5, ""agreeableness"": 0.5277777777777778, ""extraversion"": 0.53125, ""conscientiousness"": 0.5277777777777778, ""neuroticism"": 0.46875}"
as_pas_final,openness,low,bfi_44,openness,False,3,3,True,"{""openness"": 0.5, ""agreeableness"": 0.5277777777777778, ""extraversion"": 0.53125, ""conscientiousness"": 0.5277777777777778, ""neuroticism"": 0.46875}"
as_pas_final,extraversion,high,bfi_01,extraversion,False,4,4,True,"{""openness"": 0.7, ""agreeableness"": 0.6388888888888888, ""extraversion"": 0.65625, ""conscientiousness"": 0.6388888888888888, ""neuroticism"": 0.4375}"
as_pas_final,extraversion,high,bfi_02,agreeableness,True,3,3,True,"{""openness"": 0.7, ""agreeableness"": 0.6388888888888888, ""extraversion"": 0.65625, ""conscientiousness"": 0.6388888888888888, ""neuroticism"": 0.4375}"
as_pas_final,extraversion,high,bfi_03,conscientiousness,False,4,4,True,"{""openness"": 0.7, ""agreeableness"": 0.6388888888888888, ""extraversion"": 0.65625, ""conscientiousness"": 0.6388888888888888, ""neuroticism"": 0.4375}"
as_pas_final,extraversion,high,bfi_04,neuroticism,False,1,1,True,"{""openness"": 0.7, ""agreeableness"": 0.6388888888888888, ""extraversion"": 0.65625, ""conscientiousness"": 0.6388888888888888, ""neuroticism"": 0.4375}"
as_pas_final,extraversion,high,bfi_05,openness,False,4,4,True,"{""openness"": 0.7, ""agreeableness"": 0.6388888888888888, ""extraversion"": 0.65625, ""conscientiousness"": 0.6388888888888888, ""neuroticism"": 0.4375}"
as_pas_final,extraversion,high,bfi_06,extraversion,True,3,3,True,"{""openness"": 0.7, ""agreeableness"": 0.6388888888888888, ""extraversion"": 0.65625, ""conscientiousness"": 0.6388888888888888, ""neuroticism"": 0.4375}"
as_pas_final,extraversion,high,bfi_07,agreeableness,False,4,4,True,"{""openness"": 0.7, ""agreeableness"": 0.6388888888888888, ""extraversion"": 0.65625, ""conscientiousness"": 0.6388888888888888, ""neuroticism"": 0.4375}"
as_pas_final,extraversion,high,bfi_08,conscientiousness,True,3,3,True,"{""openness"": 0.7, ""agreeableness"": 0.6388888888888888, ""extraversion"": 0.65625, ""conscientiousness"": 0.6388888888888888, ""neuroticism"": 0.4375}"
as_pas_final,extraversion,high,bfi_09,neuroticism,True,4,4,True,"{""openness"": 0.7, ""agreeableness"": 0.6388888888888888, ""extraversion"": 0.65625, ""conscientiousness"": 0.6388888888888888, ""neuroticism"": 0.4375}"
as_pas_final,extraversion,high,bfi_10,openness,False,4,4,True,"{""openness"": 0.7, ""agreeableness"": 0.6388888888888888, ""extraversion"": 0.65625, ""conscientiousness"": 0.6388888888888888, ""neuroticism"": 0.4375}"
as_pas_final,extraversion,high,bfi_11,extraversion,False,4,4,True,"{""openness"": 0.7, ""agreeableness"": 0.6388888888888888, ""extraversion"": 0.65625, ""conscientiousness"": 0.6388888888888888, ""neuroticism"": 0.4375}"
as_pas_final,extraversion,high,bfi_12,agreeableness,True,3,3,True,"{""openness"": 0.7, ""agreeableness"": 0.6388888888888888, ""extraversion"": 0.65625, ""conscientiousness"": 0.6388888888888888, ""neuroticism"": 0.4375}"
as_pas_final,extraversion,high,bfi_13,conscientiousness,False,4,4,True,"{""openness"": 0.7, ""agreeableness"": 0.6388888888888888, ""extraversion"": 0.65625, ""conscientiousness"": 0.6388888888888888, ""neuroticism"": 0.4375}"
as_pas_final,extraversion,high,bfi_14,neuroticism,False,3,3,True,"{""openness"": 0.7, ""agreeableness"": 0.6388888888888888, ""extraversion"": 0.65625, ""conscientiousness"": 0.6388888888888888, ""neuroticism"": 0.4375}"
as_pas_final,extraversion,high,bfi_15,openness,False,4,4,True,"{""openness"": 0.7, ""agreeableness"": 0.6388888888888888, ""extraversion"": 0.65625, ""conscientiousness"": 0.6388888888888888, ""neuroticism"": 0.4375}"
as_pas_final,extraversion,high,bfi_16,extraversion,False,4,4,True,"{""openness"": 0.7, ""agreeableness"": 0.6388888888888888, ""extraversion"": 0.65625, ""conscientiousness"": 0.6388888888888888, ""neuroticism"": 0.4375}"
as_pas_final,extraversion,high,bfi_17,agreeableness,False,4,4,True,"{""openness"": 0.7, ""agreeableness"": 0.6388888888888888, ""extraversion"": 0.65625, ""conscientiousness"": 0.6388888888888888, ""neuroticism"": 0.4375}"
as_pas_final,extraversion,high,bfi_18,conscientiousness,True,3,3,True,"{""openness"": 0.7, ""agreeableness"": 0.6388888888888888, ""extraversion"": 0.65625, ""conscientiousness"": 0.6388888888888888, ""neuroticism"": 0.4375}"
as_pas_final,extraversion,high,bfi_19,neuroticism,False,4,4,True,"{""openness"": 0.7, ""agreeableness"": 0.6388888888888888, ""extraversion"": 0.65625, ""conscientiousness"": 0.6388888888888888, ""neuroticism"": 0.4375}"
as_pas_final,extraversion,high,bfi_20,openness,False,4,4,True,"{""openness"": 0.7, ""agreeableness"": 0.6388888888888888, ""extraversion"": 0.65625, ""conscientiousness"": 0.6388888888888888, ""neuroticism"": 0.4375}"
as_pas_final,extraversion,high,bfi_21,extraversion,True,3,3,True,"{""openness"": 0.7, ""agreeableness"": 0.6388888888888888, ""extraversion"": 0.65625, ""conscientiousness"": 0.6388888888888888, ""neuroticism"": 0.4375}"
as_pas_final,extraversion,high,bfi_22,agreeableness,False,4,4,True,"{""openness"": 0.7, ""agreeableness"": 0.6388888888888888, ""extraversion"": 0.65625, ""conscientiousness"": 0.6388888888888888, ""neuroticism"": 0.4375}"
as_pas_final,extraversion,high,bfi_23,conscientiousness,True,3,3,True,"{""openness"": 0.7, ""agreeableness"": 0.6388888888888888, ""extraversion"": 0.65625, ""conscientiousness"": 0.6388888888888888, ""neuroticism"": 0.4375}"
as_pas_final,extraversion,high,bfi_24,neuroticism,True,4,4,True,"{""openness"": 0.7, ""agreeableness"": 0.6388888888888888, ""extraversion"": 0.65625, ""conscientiousness"": 0.6388888888888888, ""neuroticism"": 0.4375}"
as_pas_final,extraversion,high,bfi_25,openness,False,4,4,True,"{""openness"": 0.7, ""agreeableness"": 0.6388888888888888, ""extraversion"": 0.65625, ""conscientiousness"": 0.6388888888888888, ""neuroticism"": 0.4375}"
as_pas_final,extraversion,high,bfi_26,extraversion,False,4,4,True,"{""openness"": 0.7, ""agreeableness"": 0.6388888888888888, ""extraversion"": 0.65625, ""conscientiousness"": 0.6388888888888888, ""neuroticism"": 0.4375}"
as_pas_final,extraversion,high,bfi_27,agreeableness,True,3,3,True,"{""openness"": 0.7, ""agreeableness"": 0.6388888888888888, ""extraversion"": 0.65625, ""conscientiousness"": 0.6388888888888888, ""neuroticism"": 0.4375}"
as_pas_final,extraversion,high,bfi_28,conscientiousness,False,4,4,True,"{""openness"": 0.7, ""agreeableness"": 0.6388888888888888, ""extraversion"": 0.65625, ""conscientiousness"": 0.6388888888888888, ""neuroticism"": 0.4375}"
as_pas_final,extraversion,high,bfi_29,neuroticism,False,4,4,True,"{""openness"": 0.7, ""agreeableness"": 0.6388888888888888, ""extraversion"": 0.65625, ""conscientiousness"": 0.6388888888888888, ""neuroticism"": 0.4375}"
as_pas_final,extraversion,high,bfi_30,openness,False,4,4,True,"{""openness"": 0.7, ""agreeableness"": 0.6388888888888888, ""extraversion"": 0.65625, ""conscientiousness"": 0.6388888888888888, ""neuroticism"": 0.4375}"
as_pas_final,extraversion,high,bfi_31,extraversion,True,3,3,True,"{""openness"": 0.7, ""agreeableness"": 0.6388888888888888, ""extraversion"": 0.65625, ""conscientiousness"": 0.6388888888888888, ""neuroticism"": 0.4375}"
as_pas_final,extraversion,high,bfi_32,agreeableness,False,4,4,True,"{""openness"": 0.7, ""agreeableness"": 0.6388888888888888, ""extraversion"": 0.65625, ""conscientiousness"": 0.6388888888888888, ""neuroticism"": 0.4375}"
as_pas_final,extraversion,high,bfi_33,conscientiousness,False,4,4,True,"{""openness"": 0.7, ""agreeableness"": 0.6388888888888888, ""extraversion"": 0.65625, ""conscientiousness"": 0.6388888888888888, ""neuroticism"": 0.4375}"
as_pas_final,extraversion,high,bfi_34,neuroticism,True,4,4,True,"{""openness"": 0.7, ""agreeableness"": 0.6388888888888888, ""extraversion"": 0.65625, ""conscientiousness"": 0.6388888888888888, ""neuroticism"": 0.4375}"
as_pas_final,extraversion,high,bfi_35,openness,True,3,3,True,"{""openness"": 0.7, ""agreeableness"": 0.6388888888888888, ""extraversion"": 0.65625, ""conscientiousness"": 0.6388888888888888, ""neuroticism"": 0.4375}"
as_pas_final,extraversion,high,bfi_36,extraversion,False,4,4,True,"{""openness"": 0.7, ""agreeableness"": 0.6388888888888888, ""extraversion"": 0.65625, ""conscientiousness"": 0.6388888888888888, ""neuroticism"": 0.4375}"
as_pas_final,extraversion,high,bfi_37,agreeableness,True,3,3,True,"{""openness"": 0.7, ""agreeableness"": 0.6388888888888888, ""extraversion"": 0.65625, ""conscientiousness"": 0.6388888888888888, ""neuroticism"": 0.4375}"
as_pas_final,extraversion,high,bfi_38,conscientiousness,False,4,4,True,"{""openness"": 0.7, ""agreeableness"": 0.6388888888888888, ""extraversion"": 0.65625, ""conscientiousness"": 0.6388888888888888, ""neuroticism"": 0.4375}"
as_pas_final,extraversion,high,bfi_39,neuroticism,False,4,4,True,"{""openness"": 0.7, ""agreeableness"": 0.6388888888888888, ""extraversion"": 0.65625, ""conscientiousness"": 0.6388888888888888, ""neuroticism"": 0.4375}"
as_pas_final,extraversion,high,bfi_40,openness,False,4,4,True,"{""openness"": 0.7, ""agreeableness"": 0.6388888888888888, ""extraversion"": 0.65625, ""conscientiousness"": 0.6388888888888888, ""neuroticism"": 0.4375}"
as_pas_final,extraversion,high,bfi_41,openness,True,3,3,True,"{""openness"": 0.7, ""agreeableness"": 0.6388888888888888, ""extraversion"": 0.65625, ""conscientiousness"": 0.6388888888888888, ""neuroticism"": 0.4375}"
as_pas_final,extraversion,high,bfi_42,agreeableness,False,4,4,True,"{""openness"": 0.7, ""agreeableness"": 0.6388888888888888, ""extraversion"": 0.65625, ""conscientiousness"": 0.6388888888888888, ""neuroticism"": 0.4375}"
as_pas_final,extraversion,high,bfi_43,conscientiousness,True,3,3,True,"{""openness"": 0.7, ""agreeableness"": 0.6388888888888888, ""extraversion"": 0.65625, ""conscientiousness"": 0.6388888888888888, ""neuroticism"": 0.4375}"
as_pas_final,extraversion,high,bfi_44,openness,False,4,4,True,"{""openness"": 0.7, ""agreeableness"": 0.6388888888888888, ""extraversion"": 0.65625, ""conscientiousness"": 0.6388888888888888, ""neuroticism"": 0.4375}"
as_pas_final,extraversion,low,bfi_01,extraversion,False,3,3,True,"{""openness"": 0.55, ""agreeableness"": 0.5555555555555556, ""extraversion"": 0.5625, ""conscientiousness"": 0.5833333333333334, ""neuroticism"": 0.40625}"
as_pas_final,extraversion,low,bfi_02,agreeableness,True,3,3,True,"{""openness"": 0.55, ""agreeableness"": 0.5555555555555556, ""extraversion"": 0.5625, ""conscientiousness"": 0.5833333333333334, ""neuroticism"": 0.40625}"
as_pas_final,extraversion,low,bfi_03,conscientiousness,False,3,3,True,"{""openness"": 0.55, ""agreeableness"": 0.5555555555555556, ""extraversion"": 0.5625, ""conscientiousness"": 0.5833333333333334, ""neuroticism"": 0.40625}"
as_pas_final,extraversion,low,bfi_04,neuroticism,False,3,3,True,"{""openness"": 0.55, ""agreeableness"": 0.5555555555555556, ""extraversion"": 0.5625, ""conscientiousness"": 0.5833333333333334, ""neuroticism"": 0.40625}"
as_pas_final,extraversion,low,bfi_05,openness,False,3,3,True,"{""openness"": 0.55, ""agreeableness"": 0.5555555555555556, ""extraversion"": 0.5625, ""conscientiousness"": 0.5833333333333334, ""neuroticism"": 0.40625}"
as_pas_final,extraversion,low,bfi_06,extraversion,True,3,3,True,"{""openness"": 0.55, ""agreeableness"": 0.5555555555555556, ""extraversion"": 0.5625, ""conscientiousness"": 0.5833333333333334, ""neuroticism"": 0.40625}"
as_pas_final,extraversion,low,bfi_07,agreeableness,False,4,4,True,"{""openness"": 0.55, ""agreeableness"": 0.5555555555555556, ""extraversion"": 0.5625, ""conscientiousness"": 0.5833333333333334, ""neuroticism"": 0.40625}"
as_pas_final,extraversion,low,bfi_08,conscientiousness,True,3,3,True,"{""openness"": 0.55, ""agreeableness"": 0.5555555555555556, ""extraversion"": 0.5625, ""conscientiousness"": 0.5833333333333334, ""neuroticism"": 0.40625}"
as_pas_final,extraversion,low,bfi_09,neuroticism,True,4,4,True,"{""openness"": 0.55, ""agreeableness"": 0.5555555555555556, ""extraversion"": 0.5625, ""conscientiousness"": 0.5833333333333334, ""neuroticism"": 0.40625}"
as_pas_final,extraversion,low,bfi_10,openness,False,4,4,True,"{""openness"": 0.55, ""agreeableness"": 0.5555555555555556, ""extraversion"": 0.5625, ""conscientiousness"": 0.5833333333333334, ""neuroticism"": 0.40625}"
as_pas_final,extraversion,low,bfi_11,extraversion,False,3,3,True,"{""openness"": 0.55, ""agreeableness"": 0.5555555555555556, ""extraversion"": 0.5625, ""conscientiousness"": 0.5833333333333334, ""neuroticism"": 0.40625}"
as_pas_final,extraversion,low,bfi_12,agreeableness,True,3,3,True,"{""openness"": 0.55, ""agreeableness"": 0.5555555555555556, ""extraversion"": 0.5625, ""conscientiousness"": 0.5833333333333334, ""neuroticism"": 0.40625}"
as_pas_final,extraversion,low,bfi_13,conscientiousness,False,4,4,True,"{""openness"": 0.55, ""agreeableness"": 0.5555555555555556, ""extraversion"": 0.5625, ""conscientiousness"": 0.5833333333333334, ""neuroticism"": 0.40625}"
as_pas_final,extraversion,low,bfi_14,neuroticism,False,3,3,True,"{""openness"": 0.55, ""agreeableness"": 0.5555555555555556, ""extraversion"": 0.5625, ""conscientiousness"": 0.5833333333333334, ""neuroticism"": 0.40625}"
as_pas_final,extraversion,low,bfi_15,openness,False,3,3,True,"{""openness"": 0.55, ""agreeableness"": 0.5555555555555556, ""extraversion"": 0.5625, ""conscientiousness"": 0.5833333333333334, ""neuroticism"": 0.40625}"
as_pas_final,extraversion,low,bfi_16,extraversion,False,3,3,True,"{""openness"": 0.55, ""agreeableness"": 0.5555555555555556, ""extraversion"": 0.5625, ""conscientiousness"": 0.5833333333333334, ""neuroticism"": 0.40625}"
as_pas_final,extraversion,low,bfi_17,agreeableness,False,3,3,True,"{""openness"": 0.55, ""agreeableness"": 0.5555555555555556, ""extraversion"": 0.5625, ""conscientiousness"": 0.5833333333333334, ""neuroticism"": 0.40625}"
as_pas_final,extraversion,low,bfi_18,conscientiousness,True,3,3,True,"{""openness"": 0.55, ""agreeableness"": 0.5555555555555556, ""extraversion"": 0.5625, ""conscientiousness"": 0.5833333333333334, ""neuroticism"": 0.40625}"
as_pas_final,extraversion,low,bfi_19,neuroticism,False,3,3,True,"{""openness"": 0.55, ""agreeableness"": 0.5555555555555556, ""extraversion"": 0.5625, ""conscientiousness"": 0.5833333333333334, ""neuroticism"": 0.40625}"
as_pas_final,extraversion,low,bfi_20,openness,False,4,4,True,"{""openness"": 0.55, ""agreeableness"": 0.5555555555555556, ""extraversion"": 0.5625, ""conscientiousness"": 0.5833333333333334, ""neuroticism"": 0.40625}"
as_pas_final,extraversion,low,bfi_21,extraversion,True,3,3,True,"{""openness"": 0.55, ""agreeableness"": 0.5555555555555556, ""extraversion"": 0.5625, ""conscientiousness"": 0.5833333333333334, ""neuroticism"": 0.40625}"
as_pas_final,extraversion,low,bfi_22,agreeableness,False,3,3,True,"{""openness"": 0.55, ""agreeableness"": 0.5555555555555556, ""extraversion"": 0.5625, ""conscientiousness"": 0.5833333333333334, ""neuroticism"": 0.40625}"
as_pas_final,extraversion,low,bfi_23,conscientiousness,True,3,3,True,"{""openness"": 0.55, ""agreeableness"": 0.5555555555555556, ""extraversion"": 0.5625, ""conscientiousness"": 0.5833333333333334, ""neuroticism"": 0.40625}"
as_pas_final,extraversion,low,bfi_24,neuroticism,True,4,4,True,"{""openness"": 0.55, ""agreeableness"": 0.5555555555555556, ""extraversion"": 0.5625, ""conscientiousness"": 0.5833333333333334, ""neuroticism"": 0.40625}"
as_pas_final,extraversion,low,bfi_25,openness,False,3,3,True,"{""openness"": 0.55, ""agreeableness"": 0.5555555555555556, ""extraversion"": 0.5625, ""conscientiousness"": 0.5833333333333334, ""neuroticism"": 0.40625}"
as_pas_final,extraversion,low,bfi_26,extraversion,False,4,4,True,"{""openness"": 0.55, ""agreeableness"": 0.5555555555555556, ""extraversion"": 0.5625, ""conscientiousness"": 0.5833333333333334, ""neuroticism"": 0.40625}"
as_pas_final,extraversion,low,bfi_27,agreeableness,True,3,3,True,"{""openness"": 0.55, ""agreeableness"": 0.5555555555555556, ""extraversion"": 0.5625, ""conscientiousness"": 0.5833333333333334, ""neuroticism"": 0.40625}"
as_pas_final,extraversion,low,bfi_28,conscientiousness,False,4,4,True,"{""openness"": 0.55, ""agreeableness"": 0.5555555555555556, ""extraversion"": 0.5625, ""conscientiousness"": 0.5833333333333334, ""neuroticism"": 0.40625}"
as_pas_final,extraversion,low,bfi_29,neuroticism,False,3,3,True,"{""openness"": 0.55, ""agreeableness"": 0.5555555555555556, ""extraversion"": 0.5625, ""conscientiousness"": 0.5833333333333334, ""neuroticism"": 0.40625}"
as_pas_final,extraversion,low,bfi_30,openness,False,3,3,True,"{""openness"": 0.55, ""agreeableness"": 0.5555555555555556, ""extraversion"": 0.5625, ""conscientiousness"": 0.5833333333333334, ""neuroticism"": 0.40625}"
as_pas_final,extraversion,low,bfi_31,extraversion,True,3,3,True,"{""openness"": 0.55, ""agreeableness"": 0.5555555555555556, ""extraversion"": 0.5625, ""conscientiousness"": 0.5833333333333334, ""neuroticism"": 0.40625}"
as_pas_final,extraversion,low,bfi_32,agreeableness,False,4,4,True,"{""openness"": 0.55, ""agreeableness"": 0.5555555555555556, ""extraversion"": 0.5625, ""conscientiousness"": 0.5833333333333334, ""neuroticism"": 0.40625}"
as_pas_final,extraversion,low,bfi_33,conscientiousness,False,3,3,True,"{""openness"": 0.55, ""agreeableness"": 0.5555555555555556, ""extraversion"": 0.5625, ""conscientiousness"": 0.5833333333333334, ""neuroticism"": 0.40625}"
as_pas_final,extraversion,low,bfi_34,neuroticism,True,4,4,True,"{""openness"": 0.55, ""agreeableness"": 0.5555555555555556, ""extraversion"": 0.5625, ""conscientiousness"": 0.5833333333333334, ""neuroticism"": 0.40625}"
as_pas_final,extraversion,low,bfi_35,openness,True,3,3,True,"{""openness"": 0.55, ""agreeableness"": 0.5555555555555556, ""extraversion"": 0.5625, ""conscientiousness"": 0.5833333333333334, ""neuroticism"": 0.40625}"
as_pas_final,extraversion,low,bfi_36,extraversion,False,4,4,True,"{""openness"": 0.55, ""agreeableness"": 0.5555555555555556, ""extraversion"": 0.5625, ""conscientiousness"": 0.5833333333333334, ""neuroticism"": 0.40625}"
as_pas_final,extraversion,low,bfi_37,agreeableness,True,3,3,True,"{""openness"": 0.55, ""agreeableness"": 0.5555555555555556, ""extraversion"": 0.5625, ""conscientiousness"": 0.5833333333333334, ""neuroticism"": 0.40625}"
as_pas_final,extraversion,low,bfi_38,conscientiousness,False,4,4,True,"{""openness"": 0.55, ""agreeableness"": 0.5555555555555556, ""extraversion"": 0.5625, ""conscientiousness"": 0.5833333333333334, ""neuroticism"": 0.40625}"
as_pas_final,extraversion,low,bfi_39,neuroticism,False,3,3,True,"{""openness"": 0.55, ""agreeableness"": 0.5555555555555556, ""extraversion"": 0.5625, ""conscientiousness"": 0.5833333333333334, ""neuroticism"": 0.40625}"
as_pas_final,extraversion,low,bfi_40,openness,False,3,3,True,"{""openness"": 0.55, ""agreeableness"": 0.5555555555555556, ""extraversion"": 0.5625, ""conscientiousness"": 0.5833333333333334, ""neuroticism"": 0.40625}"
as_pas_final,extraversion,low,bfi_41,openness,True,3,3,True,"{""openness"": 0.55, ""agreeableness"": 0.5555555555555556, ""extraversion"": 0.5625, ""conscientiousness"": 0.5833333333333334, ""neuroticism"": 0.40625}"
as_pas_final,extraversion,low,bfi_42,agreeableness,False,3,3,True,"{""openness"": 0.55, ""agreeableness"": 0.5555555555555556, ""extraversion"": 0.5625, ""conscientiousness"": 0.5833333333333334, ""neuroticism"": 0.40625}"
as_pas_final,extraversion,low,bfi_43,conscientiousness,True,3,3,True,"{""openness"": 0.55, ""agreeableness"": 0.5555555555555556, ""extraversion"": 0.5625, ""conscientiousness"": 0.5833333333333334, ""neuroticism"": 0.40625}"
as_pas_final,extraversion,low,bfi_44,openness,False,3,3,True,"{""openness"": 0.55, ""agreeableness"": 0.5555555555555556, ""extraversion"": 0.5625, ""conscientiousness"": 0.5833333333333334, ""neuroticism"": 0.40625}"
prompt_as_pas_final,agreeableness,high,bfi_01,extraversion,False,4,4,True,"{""openness"": 0.7, ""agreeableness"": 0.6666666666666666, ""extraversion"": 0.59375, ""conscientiousness"": 0.6388888888888888, ""neuroticism"": 0.40625}"
prompt_as_pas_final,agreeableness,high,bfi_02,agreeableness,True,4,4,True,"{""openness"": 0.7, ""agreeableness"": 0.6666666666666666, ""extraversion"": 0.59375, ""conscientiousness"": 0.6388888888888888, ""neuroticism"": 0.40625}"
prompt_as_pas_final,agreeableness,high,bfi_03,conscientiousness,False,4,4,True,"{""openness"": 0.7, ""agreeableness"": 0.6666666666666666, ""extraversion"": 0.59375, ""conscientiousness"": 0.6388888888888888, ""neuroticism"": 0.40625}"
prompt_as_pas_final,agreeableness,high,bfi_04,neuroticism,False,1,1,True,"{""openness"": 0.7, ""agreeableness"": 0.6666666666666666, ""extraversion"": 0.59375, ""conscientiousness"": 0.6388888888888888, ""neuroticism"": 0.40625}"
prompt_as_pas_final,agreeableness,high,bfi_05,openness,False,4,4,True,"{""openness"": 0.7, ""agreeableness"": 0.6666666666666666, ""extraversion"": 0.59375, ""conscientiousness"": 0.6388888888888888, ""neuroticism"": 0.40625}"
prompt_as_pas_final,agreeableness,high,bfi_06,extraversion,True,3,3,True,"{""openness"": 0.7, ""agreeableness"": 0.6666666666666666, ""extraversion"": 0.59375, ""conscientiousness"": 0.6388888888888888, ""neuroticism"": 0.40625}"
prompt_as_pas_final,agreeableness,high,bfi_07,agreeableness,False,4,4,True,"{""openness"": 0.7, ""agreeableness"": 0.6666666666666666, ""extraversion"": 0.59375, ""conscientiousness"": 0.6388888888888888, ""neuroticism"": 0.40625}"
prompt_as_pas_final,agreeableness,high,bfi_08,conscientiousness,True,3,3,True,"{""openness"": 0.7, ""agreeableness"": 0.6666666666666666, ""extraversion"": 0.59375, ""conscientiousness"": 0.6388888888888888, ""neuroticism"": 0.40625}"
prompt_as_pas_final,agreeableness,high,bfi_09,neuroticism,True,4,4,True,"{""openness"": 0.7, ""agreeableness"": 0.6666666666666666, ""extraversion"": 0.59375, ""conscientiousness"": 0.6388888888888888, ""neuroticism"": 0.40625}"
prompt_as_pas_final,agreeableness,high,bfi_10,openness,False,4,4,True,"{""openness"": 0.7, ""agreeableness"": 0.6666666666666666, ""extraversion"": 0.59375, ""conscientiousness"": 0.6388888888888888, ""neuroticism"": 0.40625}"
prompt_as_pas_final,agreeableness,high,bfi_11,extraversion,False,4,4,True,"{""openness"": 0.7, ""agreeableness"": 0.6666666666666666, ""extraversion"": 0.59375, ""conscientiousness"": 0.6388888888888888, ""neuroticism"": 0.40625}"
prompt_as_pas_final,agreeableness,high,bfi_12,agreeableness,True,3,3,True,"{""openness"": 0.7, ""agreeableness"": 0.6666666666666666, ""extraversion"": 0.59375, ""conscientiousness"": 0.6388888888888888, ""neuroticism"": 0.40625}"
prompt_as_pas_final,agreeableness,high,bfi_13,conscientiousness,False,4,4,True,"{""openness"": 0.7, ""agreeableness"": 0.6666666666666666, ""extraversion"": 0.59375, ""conscientiousness"": 0.6388888888888888, ""neuroticism"": 0.40625}"
prompt_as_pas_final,agreeableness,high,bfi_14,neuroticism,False,3,3,True,"{""openness"": 0.7, ""agreeableness"": 0.6666666666666666, ""extraversion"": 0.59375, ""conscientiousness"": 0.6388888888888888, ""neuroticism"": 0.40625}"
prompt_as_pas_final,agreeableness,high,bfi_15,openness,False,4,4,True,"{""openness"": 0.7, ""agreeableness"": 0.6666666666666666, ""extraversion"": 0.59375, ""conscientiousness"": 0.6388888888888888, ""neuroticism"": 0.40625}"
prompt_as_pas_final,agreeableness,high,bfi_16,extraversion,False,4,4,True,"{""openness"": 0.7, ""agreeableness"": 0.6666666666666666, ""extraversion"": 0.59375, ""conscientiousness"": 0.6388888888888888, ""neuroticism"": 0.40625}"
prompt_as_pas_final,agreeableness,high,bfi_17,agreeableness,False,4,4,True,"{""openness"": 0.7, ""agreeableness"": 0.6666666666666666, ""extraversion"": 0.59375, ""conscientiousness"": 0.6388888888888888, ""neuroticism"": 0.40625}"
prompt_as_pas_final,agreeableness,high,bfi_18,conscientiousness,True,3,3,True,"{""openness"": 0.7, ""agreeableness"": 0.6666666666666666, ""extraversion"": 0.59375, ""conscientiousness"": 0.6388888888888888, ""neuroticism"": 0.40625}"
prompt_as_pas_final,agreeableness,high,bfi_19,neuroticism,False,4,4,True,"{""openness"": 0.7, ""agreeableness"": 0.6666666666666666, ""extraversion"": 0.59375, ""conscientiousness"": 0.6388888888888888, ""neuroticism"": 0.40625}"
prompt_as_pas_final,agreeableness,high,bfi_20,openness,False,4,4,True,"{""openness"": 0.7, ""agreeableness"": 0.6666666666666666, ""extraversion"": 0.59375, ""conscientiousness"": 0.6388888888888888, ""neuroticism"": 0.40625}"
prompt_as_pas_final,agreeableness,high,bfi_21,extraversion,True,4,4,True,"{""openness"": 0.7, ""agreeableness"": 0.6666666666666666, ""extraversion"": 0.59375, ""conscientiousness"": 0.6388888888888888, ""neuroticism"": 0.40625}"
prompt_as_pas_final,agreeableness,high,bfi_22,agreeableness,False,4,4,True,"{""openness"": 0.7, ""agreeableness"": 0.6666666666666666, ""extraversion"": 0.59375, ""conscientiousness"": 0.6388888888888888, ""neuroticism"": 0.40625}"
prompt_as_pas_final,agreeableness,high,bfi_23,conscientiousness,True,3,3,True,"{""openness"": 0.7, ""agreeableness"": 0.6666666666666666, ""extraversion"": 0.59375, ""conscientiousness"": 0.6388888888888888, ""neuroticism"": 0.40625}"
prompt_as_pas_final,agreeableness,high,bfi_24,neuroticism,True,4,4,True,"{""openness"": 0.7, ""agreeableness"": 0.6666666666666666, ""extraversion"": 0.59375, ""conscientiousness"": 0.6388888888888888, ""neuroticism"": 0.40625}"
prompt_as_pas_final,agreeableness,high,bfi_25,openness,False,4,4,True,"{""openness"": 0.7, ""agreeableness"": 0.6666666666666666, ""extraversion"": 0.59375, ""conscientiousness"": 0.6388888888888888, ""neuroticism"": 0.40625}"
prompt_as_pas_final,agreeableness,high,bfi_26,extraversion,False,4,4,True,"{""openness"": 0.7, ""agreeableness"": 0.6666666666666666, ""extraversion"": 0.59375, ""conscientiousness"": 0.6388888888888888, ""neuroticism"": 0.40625}"
prompt_as_pas_final,agreeableness,high,bfi_27,agreeableness,True,3,3,True,"{""openness"": 0.7, ""agreeableness"": 0.6666666666666666, ""extraversion"": 0.59375, ""conscientiousness"": 0.6388888888888888, ""neuroticism"": 0.40625}"
prompt_as_pas_final,agreeableness,high,bfi_28,conscientiousness,False,4,4,True,"{""openness"": 0.7, ""agreeableness"": 0.6666666666666666, ""extraversion"": 0.59375, ""conscientiousness"": 0.6388888888888888, ""neuroticism"": 0.40625}"
prompt_as_pas_final,agreeableness,high,bfi_29,neuroticism,False,4,4,True,"{""openness"": 0.7, ""agreeableness"": 0.6666666666666666, ""extraversion"": 0.59375, ""conscientiousness"": 0.6388888888888888, ""neuroticism"": 0.40625}"
prompt_as_pas_final,agreeableness,high,bfi_30,openness,False,4,4,True,"{""openness"": 0.7, ""agreeableness"": 0.6666666666666666, ""extraversion"": 0.59375, ""conscientiousness"": 0.6388888888888888, ""neuroticism"": 0.40625}"
prompt_as_pas_final,agreeableness,high,bfi_31,extraversion,True,4,4,True,"{""openness"": 0.7, ""agreeableness"": 0.6666666666666666, ""extraversion"": 0.59375, ""conscientiousness"": 0.6388888888888888, ""neuroticism"": 0.40625}"
prompt_as_pas_final,agreeableness,high,bfi_32,agreeableness,False,4,4,True,"{""openness"": 0.7, ""agreeableness"": 0.6666666666666666, ""extraversion"": 0.59375, ""conscientiousness"": 0.6388888888888888, ""neuroticism"": 0.40625}"
prompt_as_pas_final,agreeableness,high,bfi_33,conscientiousness,False,4,4,True,"{""openness"": 0.7, ""agreeableness"": 0.6666666666666666, ""extraversion"": 0.59375, ""conscientiousness"": 0.6388888888888888, ""neuroticism"": 0.40625}"
prompt_as_pas_final,agreeableness,high,bfi_34,neuroticism,True,4,4,True,"{""openness"": 0.7, ""agreeableness"": 0.6666666666666666, ""extraversion"": 0.59375, ""conscientiousness"": 0.6388888888888888, ""neuroticism"": 0.40625}"
prompt_as_pas_final,agreeableness,high,bfi_35,openness,True,3,3,True,"{""openness"": 0.7, ""agreeableness"": 0.6666666666666666, ""extraversion"": 0.59375, ""conscientiousness"": 0.6388888888888888, ""neuroticism"": 0.40625}"
prompt_as_pas_final,agreeableness,high,bfi_36,extraversion,False,4,4,True,"{""openness"": 0.7, ""agreeableness"": 0.6666666666666666, ""extraversion"": 0.59375, ""conscientiousness"": 0.6388888888888888, ""neuroticism"": 0.40625}"
prompt_as_pas_final,agreeableness,high,bfi_37,agreeableness,True,1,1,True,"{""openness"": 0.7, ""agreeableness"": 0.6666666666666666, ""extraversion"": 0.59375, ""conscientiousness"": 0.6388888888888888, ""neuroticism"": 0.40625}"
prompt_as_pas_final,agreeableness,high,bfi_38,conscientiousness,False,4,4,True,"{""openness"": 0.7, ""agreeableness"": 0.6666666666666666, ""extraversion"": 0.59375, ""conscientiousness"": 0.6388888888888888, ""neuroticism"": 0.40625}"
prompt_as_pas_final,agreeableness,high,bfi_39,neuroticism,False,3,3,True,"{""openness"": 0.7, ""agreeableness"": 0.6666666666666666, ""extraversion"": 0.59375, ""conscientiousness"": 0.6388888888888888, ""neuroticism"": 0.40625}"
prompt_as_pas_final,agreeableness,high,bfi_40,openness,False,4,4,True,"{""openness"": 0.7, ""agreeableness"": 0.6666666666666666, ""extraversion"": 0.59375, ""conscientiousness"": 0.6388888888888888, ""neuroticism"": 0.40625}"
prompt_as_pas_final,agreeableness,high,bfi_41,openness,True,3,3,True,"{""openness"": 0.7, ""agreeableness"": 0.6666666666666666, ""extraversion"": 0.59375, ""conscientiousness"": 0.6388888888888888, ""neuroticism"": 0.40625}"
prompt_as_pas_final,agreeableness,high,bfi_42,agreeableness,False,4,4,True,"{""openness"": 0.7, ""agreeableness"": 0.6666666666666666, ""extraversion"": 0.59375, ""conscientiousness"": 0.6388888888888888, ""neuroticism"": 0.40625}"
prompt_as_pas_final,agreeableness,high,bfi_43,conscientiousness,True,3,3,True,"{""openness"": 0.7, ""agreeableness"": 0.6666666666666666, ""extraversion"": 0.59375, ""conscientiousness"": 0.6388888888888888, ""neuroticism"": 0.40625}"
prompt_as_pas_final,agreeableness,high,bfi_44,openness,False,4,4,True,"{""openness"": 0.7, ""agreeableness"": 0.6666666666666666, ""extraversion"": 0.59375, ""conscientiousness"": 0.6388888888888888, ""neuroticism"": 0.40625}"
prompt_as_pas_final,agreeableness,low,bfi_01,extraversion,False,4,4,True,"{""openness"": 0.6, ""agreeableness"": 0.5277777777777778, ""extraversion"": 0.625, ""conscientiousness"": 0.3888888888888889, ""neuroticism"": 0.53125}"
prompt_as_pas_final,agreeableness,low,bfi_02,agreeableness,True,5,5,True,"{""openness"": 0.6, ""agreeableness"": 0.5277777777777778, ""extraversion"": 0.625, ""conscientiousness"": 0.3888888888888889, ""neuroticism"": 0.53125}"
prompt_as_pas_final,agreeableness,low,bfi_03,conscientiousness,False,4,4,True,"{""openness"": 0.6, ""agreeableness"": 0.5277777777777778, ""extraversion"": 0.625, ""conscientiousness"": 0.3888888888888889, ""neuroticism"": 0.53125}"
prompt_as_pas_final,agreeableness,low,bfi_04,neuroticism,False,3,3,True,"{""openness"": 0.6, ""agreeableness"": 0.5277777777777778, ""extraversion"": 0.625, ""conscientiousness"": 0.3888888888888889, ""neuroticism"": 0.53125}"
prompt_as_pas_final,agreeableness,low,bfi_05,openness,False,5,5,True,"{""openness"": 0.6, ""agreeableness"": 0.5277777777777778, ""extraversion"": 0.625, ""conscientiousness"": 0.3888888888888889, ""neuroticism"": 0.53125}"
prompt_as_pas_final,agreeableness,low,bfi_06,extraversion,True,5,5,True,"{""openness"": 0.6, ""agreeableness"": 0.5277777777777778, ""extraversion"": 0.625, ""conscientiousness"": 0.3888888888888889, ""neuroticism"": 0.53125}"
prompt_as_pas_final,agreeableness,low,bfi_07,agreeableness,False,5,5,True,"{""openness"": 0.6, ""agreeableness"": 0.5277777777777778, ""extraversion"": 0.625, ""conscientiousness"": 0.3888888888888889, ""neuroticism"": 0.53125}"
prompt_as_pas_final,agreeableness,low,bfi_08,conscientiousness,True,3,3,True,"{""openness"": 0.6, ""agreeableness"": 0.5277777777777778, ""extraversion"": 0.625, ""conscientiousness"": 0.3888888888888889, ""neuroticism"": 0.53125}"
prompt_as_pas_final,agreeableness,low,bfi_09,neuroticism,True,5,5,True,"{""openness"": 0.6, ""agreeableness"": 0.5277777777777778, ""extraversion"": 0.625, ""conscientiousness"": 0.3888888888888889, ""neuroticism"": 0.53125}"
prompt_as_pas_final,agreeableness,low,bfi_10,openness,False,3,3,True,"{""openness"": 0.6, ""agreeableness"": 0.5277777777777778, ""extraversion"": 0.625, ""conscientiousness"": 0.3888888888888889, ""neuroticism"": 0.53125}"
prompt_as_pas_final,agreeableness,low,bfi_11,extraversion,False,3,3,True,"{""openness"": 0.6, ""agreeableness"": 0.5277777777777778, ""extraversion"": 0.625, ""conscientiousness"": 0.3888888888888889, ""neuroticism"": 0.53125}"
prompt_as_pas_final,agreeableness,low,bfi_12,agreeableness,True,5,5,True,"{""openness"": 0.6, ""agreeableness"": 0.5277777777777778, ""extraversion"": 0.625, ""conscientiousness"": 0.3888888888888889, ""neuroticism"": 0.53125}"
prompt_as_pas_final,agreeableness,low,bfi_13,conscientiousness,False,3,3,True,"{""openness"": 0.6, ""agreeableness"": 0.5277777777777778, ""extraversion"": 0.625, ""conscientiousness"": 0.3888888888888889, ""neuroticism"": 0.53125}"
prompt_as_pas_final,agreeableness,low,bfi_14,neuroticism,False,5,5,True,"{""openness"": 0.6, ""agreeableness"": 0.5277777777777778, ""extraversion"": 0.625, ""conscientiousness"": 0.3888888888888889, ""neuroticism"": 0.53125}"
prompt_as_pas_final,agreeableness,low,bfi_15,openness,False,5,5,True,"{""openness"": 0.6, ""agreeableness"": 0.5277777777777778, ""extraversion"": 0.625, ""conscientiousness"": 0.3888888888888889, ""neuroticism"": 0.53125}"
prompt_as_pas_final,agreeableness,low,bfi_16,extraversion,False,4,4,True,"{""openness"": 0.6, ""agreeableness"": 0.5277777777777778, ""extraversion"": 0.625, ""conscientiousness"": 0.3888888888888889, ""neuroticism"": 0.53125}"
prompt_as_pas_final,agreeableness,low,bfi_17,agreeableness,False,5,5,True,"{""openness"": 0.6, ""agreeableness"": 0.5277777777777778, ""extraversion"": 0.625, ""conscientiousness"": 0.3888888888888889, ""neuroticism"": 0.53125}"
prompt_as_pas_final,agreeableness,low,bfi_18,conscientiousness,True,5,5,True,"{""openness"": 0.6, ""agreeableness"": 0.5277777777777778, ""extraversion"": 0.625, ""conscientiousness"": 0.3888888888888889, ""neuroticism"": 0.53125}"
prompt_as_pas_final,agreeableness,low,bfi_19,neuroticism,False,4,4,True,"{""openness"": 0.6, ""agreeableness"": 0.5277777777777778, ""extraversion"": 0.625, ""conscientiousness"": 0.3888888888888889, ""neuroticism"": 0.53125}"
prompt_as_pas_final,agreeableness,low,bfi_20,openness,False,4,4,True,"{""openness"": 0.6, ""agreeableness"": 0.5277777777777778, ""extraversion"": 0.625, ""conscientiousness"": 0.3888888888888889, ""neuroticism"": 0.53125}"
prompt_as_pas_final,agreeableness,low,bfi_21,extraversion,True,3,3,True,"{""openness"": 0.6, ""agreeableness"": 0.5277777777777778, ""extraversion"": 0.625, ""conscientiousness"": 0.3888888888888889, ""neuroticism"": 0.53125}"
prompt_as_pas_final,agreeableness,low,bfi_22,agreeableness,False,5,5,True,"{""openness"": 0.6, ""agreeableness"": 0.5277777777777778, ""extraversion"": 0.625, ""conscientiousness"": 0.3888888888888889, ""neuroticism"": 0.53125}"
prompt_as_pas_final,agreeableness,low,bfi_23,conscientiousness,True,5,5,True,"{""openness"": 0.6, ""agreeableness"": 0.5277777777777778, ""extraversion"": 0.625, ""conscientiousness"": 0.3888888888888889, ""neuroticism"": 0.53125}"
prompt_as_pas_final,agreeableness,low,bfi_24,neuroticism,True,5,5,True,"{""openness"": 0.6, ""agreeableness"": 0.5277777777777778, ""extraversion"": 0.625, ""conscientiousness"": 0.3888888888888889, ""neuroticism"": 0.53125}"
prompt_as_pas_final,agreeableness,low,bfi_25,openness,False,3,3,True,"{""openness"": 0.6, ""agreeableness"": 0.5277777777777778, ""extraversion"": 0.625, ""conscientiousness"": 0.3888888888888889, ""neuroticism"": 0.53125}"
prompt_as_pas_final,agreeableness,low,bfi_26,extraversion,False,5,5,True,"{""openness"": 0.6, ""agreeableness"": 0.5277777777777778, ""extraversion"": 0.625, ""conscientiousness"": 0.3888888888888889, ""neuroticism"": 0.53125}"
prompt_as_pas_final,agreeableness,low,bfi_27,agreeableness,True,5,5,True,"{""openness"": 0.6, ""agreeableness"": 0.5277777777777778, ""extraversion"": 0.625, ""conscientiousness"": 0.3888888888888889, ""neuroticism"": 0.53125}"
prompt_as_pas_final,agreeableness,low,bfi_28,conscientiousness,False,3,3,True,"{""openness"": 0.6, ""agreeableness"": 0.5277777777777778, ""extraversion"": 0.625, ""conscientiousness"": 0.3888888888888889, ""neuroticism"": 0.53125}"
prompt_as_pas_final,agreeableness,low,bfi_29,neuroticism,False,5,5,True,"{""openness"": 0.6, ""agreeableness"": 0.5277777777777778, ""extraversion"": 0.625, ""conscientiousness"": 0.3888888888888889, ""neuroticism"": 0.53125}"
prompt_as_pas_final,agreeableness,low,bfi_30,openness,False,3,3,True,"{""openness"": 0.6, ""agreeableness"": 0.5277777777777778, ""extraversion"": 0.625, ""conscientiousness"": 0.3888888888888889, ""neuroticism"": 0.53125}"
prompt_as_pas_final,agreeableness,low,bfi_31,extraversion,True,3,3,True,"{""openness"": 0.6, ""agreeableness"": 0.5277777777777778, ""extraversion"": 0.625, ""conscientiousness"": 0.3888888888888889, ""neuroticism"": 0.53125}"
prompt_as_pas_final,agreeableness,low,bfi_32,agreeableness,False,5,5,True,"{""openness"": 0.6, ""agreeableness"": 0.5277777777777778, ""extraversion"": 0.625, ""conscientiousness"": 0.3888888888888889, ""neuroticism"": 0.53125}"
prompt_as_pas_final,agreeableness,low,bfi_33,conscientiousness,False,3,3,True,"{""openness"": 0.6, ""agreeableness"": 0.5277777777777778, ""extraversion"": 0.625, ""conscientiousness"": 0.3888888888888889, ""neuroticism"": 0.53125}"
prompt_as_pas_final,agreeableness,low,bfi_34,neuroticism,True,3,3,True,"{""openness"": 0.6, ""agreeableness"": 0.5277777777777778, ""extraversion"": 0.625, ""conscientiousness"": 0.3888888888888889, ""neuroticism"": 0.53125}"
prompt_as_pas_final,agreeableness,low,bfi_35,openness,True,3,3,True,"{""openness"": 0.6, ""agreeableness"": 0.5277777777777778, ""extraversion"": 0.625, ""conscientiousness"": 0.3888888888888889, ""neuroticism"": 0.53125}"
prompt_as_pas_final,agreeableness,low,bfi_36,extraversion,False,5,5,True,"{""openness"": 0.6, ""agreeableness"": 0.5277777777777778, ""extraversion"": 0.625, ""conscientiousness"": 0.3888888888888889, ""neuroticism"": 0.53125}"
prompt_as_pas_final,agreeableness,low,bfi_37,agreeableness,True,5,5,True,"{""openness"": 0.6, ""agreeableness"": 0.5277777777777778, ""extraversion"": 0.625, ""conscientiousness"": 0.3888888888888889, ""neuroticism"": 0.53125}"
prompt_as_pas_final,agreeableness,low,bfi_38,conscientiousness,False,3,3,True,"{""openness"": 0.6, ""agreeableness"": 0.5277777777777778, ""extraversion"": 0.625, ""conscientiousness"": 0.3888888888888889, ""neuroticism"": 0.53125}"
prompt_as_pas_final,agreeableness,low,bfi_39,neuroticism,False,3,3,True,"{""openness"": 0.6, ""agreeableness"": 0.5277777777777778, ""extraversion"": 0.625, ""conscientiousness"": 0.3888888888888889, ""neuroticism"": 0.53125}"
prompt_as_pas_final,agreeableness,low,bfi_40,openness,False,4,4,True,"{""openness"": 0.6, ""agreeableness"": 0.5277777777777778, ""extraversion"": 0.625, ""conscientiousness"": 0.3888888888888889, ""neuroticism"": 0.53125}"
prompt_as_pas_final,agreeableness,low,bfi_41,openness,True,5,5,True,"{""openness"": 0.6, ""agreeableness"": 0.5277777777777778, ""extraversion"": 0.625, ""conscientiousness"": 0.3888888888888889, ""neuroticism"": 0.53125}"
prompt_as_pas_final,agreeableness,low,bfi_42,agreeableness,False,4,4,True,"{""openness"": 0.6, ""agreeableness"": 0.5277777777777778, ""extraversion"": 0.625, ""conscientiousness"": 0.3888888888888889, ""neuroticism"": 0.53125}"
prompt_as_pas_final,agreeableness,low,bfi_43,conscientiousness,True,4,4,True,"{""openness"": 0.6, ""agreeableness"": 0.5277777777777778, ""extraversion"": 0.625, ""conscientiousness"": 0.3888888888888889, ""neuroticism"": 0.53125}"
prompt_as_pas_final,agreeableness,low,bfi_44,openness,False,3,3,True,"{""openness"": 0.6, ""agreeableness"": 0.5277777777777778, ""extraversion"": 0.625, ""conscientiousness"": 0.3888888888888889, ""neuroticism"": 0.53125}"
prompt_as_pas_final,conscientiousness,high,bfi_01,extraversion,False,3,3,True,"{""openness"": 0.575, ""agreeableness"": 0.5277777777777778, ""extraversion"": 0.5, ""conscientiousness"": 0.7222222222222222, ""neuroticism"": 0.40625}"
prompt_as_pas_final,conscientiousness,high,bfi_02,agreeableness,True,4,4,True,"{""openness"": 0.575, ""agreeableness"": 0.5277777777777778, ""extraversion"": 0.5, ""conscientiousness"": 0.7222222222222222, ""neuroticism"": 0.40625}"
prompt_as_pas_final,conscientiousness,high,bfi_03,conscientiousness,False,5,5,True,"{""openness"": 0.575, ""agreeableness"": 0.5277777777777778, ""extraversion"": 0.5, ""conscientiousness"": 0.7222222222222222, ""neuroticism"": 0.40625}"
prompt_as_pas_final,conscientiousness,high,bfi_04,neuroticism,False,1,1,True,"{""openness"": 0.575, ""agreeableness"": 0.5277777777777778, ""extraversion"": 0.5, ""conscientiousness"": 0.7222222222222222, ""neuroticism"": 0.40625}"
prompt_as_pas_final,conscientiousness,high,bfi_05,openness,False,5,5,True,"{""openness"": 0.575, ""agreeableness"": 0.5277777777777778, ""extraversion"": 0.5, ""conscientiousness"": 0.7222222222222222, ""neuroticism"": 0.40625}"
prompt_as_pas_final,conscientiousness,high,bfi_06,extraversion,True,3,3,True,"{""openness"": 0.575, ""agreeableness"": 0.5277777777777778, ""extraversion"": 0.5, ""conscientiousness"": 0.7222222222222222, ""neuroticism"": 0.40625}"
prompt_as_pas_final,conscientiousness,high,bfi_07,agreeableness,False,5,5,True,"{""openness"": 0.575, ""agreeableness"": 0.5277777777777778, ""extraversion"": 0.5, ""conscientiousness"": 0.7222222222222222, ""neuroticism"": 0.40625}"
prompt_as_pas_final,conscientiousness,high,bfi_08,conscientiousness,True,1,1,True,"{""openness"": 0.575, ""agreeableness"": 0.5277777777777778, ""extraversion"": 0.5, ""conscientiousness"": 0.7222222222222222, ""neuroticism"": 0.40625}"
prompt_as_pas_final,conscientiousness,high,bfi_09,neuroticism,True,3,3,True,"{""openness"": 0.575, ""agreeableness"": 0.5277777777777778, ""extraversion"": 0.5, ""conscientiousness"": 0.7222222222222222, ""neuroticism"": 0.40625}"
prompt_as_pas_final,conscientiousness,high,bfi_10,openness,False,3,3,True,"{""openness"": 0.575, ""agreeableness"": 0.5277777777777778, ""extraversion"": 0.5, ""conscientiousness"": 0.7222222222222222, ""neuroticism"": 0.40625}"
prompt_as_pas_final,conscientiousness,high,bfi_11,extraversion,False,3,3,True,"{""openness"": 0.575, ""agreeableness"": 0.5277777777777778, ""extraversion"": 0.5, ""conscientiousness"": 0.7222222222222222, ""neuroticism"": 0.40625}"
prompt_as_pas_final,conscientiousness,high,bfi_12,agreeableness,True,3,3,True,"{""openness"": 0.575, ""agreeableness"": 0.5277777777777778, ""extraversion"": 0.5, ""conscientiousness"": 0.7222222222222222, ""neuroticism"": 0.40625}"
prompt_as_pas_final,conscientiousness,high,bfi_13,conscientiousness,False,5,5,True,"{""openness"": 0.575, ""agreeableness"": 0.5277777777777778, ""extraversion"": 0.5, ""conscientiousness"": 0.7222222222222222, ""neuroticism"": 0.40625}"
prompt_as_pas_final,conscientiousness,high,bfi_14,neuroticism,False,3,3,True,"{""openness"": 0.575, ""agreeableness"": 0.5277777777777778, ""extraversion"": 0.5, ""conscientiousness"": 0.7222222222222222, ""neuroticism"": 0.40625}"
prompt_as_pas_final,conscientiousness,high,bfi_15,openness,False,5,5,True,"{""openness"": 0.575, ""agreeableness"": 0.5277777777777778, ""extraversion"": 0.5, ""conscientiousness"": 0.7222222222222222, ""neuroticism"": 0.40625}"
prompt_as_pas_final,conscientiousness,high,bfi_16,extraversion,False,3,3,True,"{""openness"": 0.575, ""agreeableness"": 0.5277777777777778, ""extraversion"": 0.5, ""conscientiousness"": 0.7222222222222222, ""neuroticism"": 0.40625}"
prompt_as_pas_final,conscientiousness,high,bfi_17,agreeableness,False,3,3,True,"{""openness"": 0.575, ""agreeableness"": 0.5277777777777778, ""extraversion"": 0.5, ""conscientiousness"": 0.7222222222222222, ""neuroticism"": 0.40625}"
prompt_as_pas_final,conscientiousness,high,bfi_18,conscientiousness,True,3,3,True,"{""openness"": 0.575, ""agreeableness"": 0.5277777777777778, ""extraversion"": 0.5, ""conscientiousness"": 0.7222222222222222, ""neuroticism"": 0.40625}"
prompt_as_pas_final,conscientiousness,high,bfi_19,neuroticism,False,5,5,True,"{""openness"": 0.575, ""agreeableness"": 0.5277777777777778, ""extraversion"": 0.5, ""conscientiousness"": 0.7222222222222222, ""neuroticism"": 0.40625}"
prompt_as_pas_final,conscientiousness,high,bfi_20,openness,False,3,3,True,"{""openness"": 0.575, ""agreeableness"": 0.5277777777777778, ""extraversion"": 0.5, ""conscientiousness"": 0.7222222222222222, ""neuroticism"": 0.40625}"
prompt_as_pas_final,conscientiousness,high,bfi_21,extraversion,True,3,3,True,"{""openness"": 0.575, ""agreeableness"": 0.5277777777777778, ""extraversion"": 0.5, ""conscientiousness"": 0.7222222222222222, ""neuroticism"": 0.40625}"
prompt_as_pas_final,conscientiousness,high,bfi_22,agreeableness,False,3,3,True,"{""openness"": 0.575, ""agreeableness"": 0.5277777777777778, ""extraversion"": 0.5, ""conscientiousness"": 0.7222222222222222, ""neuroticism"": 0.40625}"
prompt_as_pas_final,conscientiousness,high,bfi_23,conscientiousness,True,5,5,True,"{""openness"": 0.575, ""agreeableness"": 0.5277777777777778, ""extraversion"": 0.5, ""conscientiousness"": 0.7222222222222222, ""neuroticism"": 0.40625}"
prompt_as_pas_final,conscientiousness,high,bfi_24,neuroticism,True,4,4,True,"{""openness"": 0.575, ""agreeableness"": 0.5277777777777778, ""extraversion"": 0.5, ""conscientiousness"": 0.7222222222222222, ""neuroticism"": 0.40625}"
prompt_as_pas_final,conscientiousness,high,bfi_25,openness,False,1,1,True,"{""openness"": 0.575, ""agreeableness"": 0.5277777777777778, ""extraversion"": 0.5, ""conscientiousness"": 0.7222222222222222, ""neuroticism"": 0.40625}"
prompt_as_pas_final,conscientiousness,high,bfi_26,extraversion,False,3,3,True,"{""openness"": 0.575, ""agreeableness"": 0.5277777777777778, ""extraversion"": 0.5, ""conscientiousness"": 0.7222222222222222, ""neuroticism"": 0.40625}"
prompt_as_pas_final,conscientiousness,high,bfi_27,agreeableness,True,3,3,True,"{""openness"": 0.575, ""agreeableness"": 0.5277777777777778, ""extraversion"": 0.5, ""conscientiousness"": 0.7222222222222222, ""neuroticism"": 0.40625}"
prompt_as_pas_final,conscientiousness,high,bfi_28,conscientiousness,False,5,5,True,"{""openness"": 0.575, ""agreeableness"": 0.5277777777777778, ""extraversion"": 0.5, ""conscientiousness"": 0.7222222222222222, ""neuroticism"": 0.40625}"
prompt_as_pas_final,conscientiousness,high,bfi_29,neuroticism,False,3,3,True,"{""openness"": 0.575, ""agreeableness"": 0.5277777777777778, ""extraversion"": 0.5, ""conscientiousness"": 0.7222222222222222, ""neuroticism"": 0.40625}"
prompt_as_pas_final,conscientiousness,high,bfi_30,openness,False,3,3,True,"{""openness"": 0.575, ""agreeableness"": 0.5277777777777778, ""extraversion"": 0.5, ""conscientiousness"": 0.7222222222222222, ""neuroticism"": 0.40625}"
prompt_as_pas_final,conscientiousness,high,bfi_31,extraversion,True,3,3,True,"{""openness"": 0.575, ""agreeableness"": 0.5277777777777778, ""extraversion"": 0.5, ""conscientiousness"": 0.7222222222222222, ""neuroticism"": 0.40625}"
prompt_as_pas_final,conscientiousness,high,bfi_32,agreeableness,False,3,3,True,"{""openness"": 0.575, ""agreeableness"": 0.5277777777777778, ""extraversion"": 0.5, ""conscientiousness"": 0.7222222222222222, ""neuroticism"": 0.40625}"
prompt_as_pas_final,conscientiousness,high,bfi_33,conscientiousness,False,3,3,True,"{""openness"": 0.575, ""agreeableness"": 0.5277777777777778, ""extraversion"": 0.5, ""conscientiousness"": 0.7222222222222222, ""neuroticism"": 0.40625}"
prompt_as_pas_final,conscientiousness,high,bfi_34,neuroticism,True,5,5,True,"{""openness"": 0.575, ""agreeableness"": 0.5277777777777778, ""extraversion"": 0.5, ""conscientiousness"": 0.7222222222222222, ""neuroticism"": 0.40625}"
prompt_as_pas_final,conscientiousness,high,bfi_35,openness,True,3,3,True,"{""openness"": 0.575, ""agreeableness"": 0.5277777777777778, ""extraversion"": 0.5, ""conscientiousness"": 0.7222222222222222, ""neuroticism"": 0.40625}"
prompt_as_pas_final,conscientiousness,high,bfi_36,extraversion,False,3,3,True,"{""openness"": 0.575, ""agreeableness"": 0.5277777777777778, ""extraversion"": 0.5, ""conscientiousness"": 0.7222222222222222, ""neuroticism"": 0.40625}"
prompt_as_pas_final,conscientiousness,high,bfi_37,agreeableness,True,3,3,True,"{""openness"": 0.575, ""agreeableness"": 0.5277777777777778, ""extraversion"": 0.5, ""conscientiousness"": 0.7222222222222222, ""neuroticism"": 0.40625}"
prompt_as_pas_final,conscientiousness,high,bfi_38,conscientiousness,False,5,5,True,"{""openness"": 0.575, ""agreeableness"": 0.5277777777777778, ""extraversion"": 0.5, ""conscientiousness"": 0.7222222222222222, ""neuroticism"": 0.40625}"
prompt_as_pas_final,conscientiousness,high,bfi_39,neuroticism,False,3,3,True,"{""openness"": 0.575, ""agreeableness"": 0.5277777777777778, ""extraversion"": 0.5, ""conscientiousness"": 0.7222222222222222, ""neuroticism"": 0.40625}"
prompt_as_pas_final,conscientiousness,high,bfi_40,openness,False,4,4,True,"{""openness"": 0.575, ""agreeableness"": 0.5277777777777778, ""extraversion"": 0.5, ""conscientiousness"": 0.7222222222222222, ""neuroticism"": 0.40625}"
prompt_as_pas_final,conscientiousness,high,bfi_41,openness,True,3,3,True,"{""openness"": 0.575, ""agreeableness"": 0.5277777777777778, ""extraversion"": 0.5, ""conscientiousness"": 0.7222222222222222, ""neuroticism"": 0.40625}"
prompt_as_pas_final,conscientiousness,high,bfi_42,agreeableness,False,3,3,True,"{""openness"": 0.575, ""agreeableness"": 0.5277777777777778, ""extraversion"": 0.5, ""conscientiousness"": 0.7222222222222222, ""neuroticism"": 0.40625}"
prompt_as_pas_final,conscientiousness,high,bfi_43,conscientiousness,True,3,3,True,"{""openness"": 0.575, ""agreeableness"": 0.5277777777777778, ""extraversion"": 0.5, ""conscientiousness"": 0.7222222222222222, ""neuroticism"": 0.40625}"
prompt_as_pas_final,conscientiousness,high,bfi_44,openness,False,3,3,True,"{""openness"": 0.575, ""agreeableness"": 0.5277777777777778, ""extraversion"": 0.5, ""conscientiousness"": 0.7222222222222222, ""neuroticism"": 0.40625}"
prompt_as_pas_final,conscientiousness,low,bfi_01,extraversion,False,4,4,True,"{""openness"": 0.625, ""agreeableness"": 0.5277777777777778, ""extraversion"": 0.5625, ""conscientiousness"": 0.5, ""neuroticism"": 0.5625}"
prompt_as_pas_final,conscientiousness,low,bfi_02,agreeableness,True,4,4,True,"{""openness"": 0.625, ""agreeableness"": 0.5277777777777778, ""extraversion"": 0.5625, ""conscientiousness"": 0.5, ""neuroticism"": 0.5625}"
prompt_as_pas_final,conscientiousness,low,bfi_03,conscientiousness,False,4,4,True,"{""openness"": 0.625, ""agreeableness"": 0.5277777777777778, ""extraversion"": 0.5625, ""conscientiousness"": 0.5, ""neuroticism"": 0.5625}"
prompt_as_pas_final,conscientiousness,low,bfi_04,neuroticism,False,4,4,True,"{""openness"": 0.625, ""agreeableness"": 0.5277777777777778, ""extraversion"": 0.5625, ""conscientiousness"": 0.5, ""neuroticism"": 0.5625}"
prompt_as_pas_final,conscientiousness,low,bfi_05,openness,False,4,4,True,"{""openness"": 0.625, ""agreeableness"": 0.5277777777777778, ""extraversion"": 0.5625, ""conscientiousness"": 0.5, ""neuroticism"": 0.5625}"
prompt_as_pas_final,conscientiousness,low,bfi_06,extraversion,True,4,4,True,"{""openness"": 0.625, ""agreeableness"": 0.5277777777777778, ""extraversion"": 0.5625, ""conscientiousness"": 0.5, ""neuroticism"": 0.5625}"
prompt_as_pas_final,conscientiousness,low,bfi_07,agreeableness,False,4,4,True,"{""openness"": 0.625, ""agreeableness"": 0.5277777777777778, ""extraversion"": 0.5625, ""conscientiousness"": 0.5, ""neuroticism"": 0.5625}"
prompt_as_pas_final,conscientiousness,low,bfi_08,conscientiousness,True,4,4,True,"{""openness"": 0.625, ""agreeableness"": 0.5277777777777778, ""extraversion"": 0.5625, ""conscientiousness"": 0.5, ""neuroticism"": 0.5625}"
prompt_as_pas_final,conscientiousness,low,bfi_09,neuroticism,True,4,4,True,"{""openness"": 0.625, ""agreeableness"": 0.5277777777777778, ""extraversion"": 0.5625, ""conscientiousness"": 0.5, ""neuroticism"": 0.5625}"
prompt_as_pas_final,conscientiousness,low,bfi_10,openness,False,4,4,True,"{""openness"": 0.625, ""agreeableness"": 0.5277777777777778, ""extraversion"": 0.5625, ""conscientiousness"": 0.5, ""neuroticism"": 0.5625}"
prompt_as_pas_final,conscientiousness,low,bfi_11,extraversion,False,4,4,True,"{""openness"": 0.625, ""agreeableness"": 0.5277777777777778, ""extraversion"": 0.5625, ""conscientiousness"": 0.5, ""neuroticism"": 0.5625}"
prompt_as_pas_final,conscientiousness,low,bfi_12,agreeableness,True,4,4,True,"{""openness"": 0.625, ""agreeableness"": 0.5277777777777778, ""extraversion"": 0.5625, ""conscientiousness"": 0.5, ""neuroticism"": 0.5625}"
prompt_as_pas_final,conscientiousness,low,bfi_13,conscientiousness,False,4,4,True,"{""openness"": 0.625, ""agreeableness"": 0.5277777777777778, ""extraversion"": 0.5625, ""conscientiousness"": 0.5, ""neuroticism"": 0.5625}"
prompt_as_pas_final,conscientiousness,low,bfi_14,neuroticism,False,4,4,True,"{""openness"": 0.625, ""agreeableness"": 0.5277777777777778, ""extraversion"": 0.5625, ""conscientiousness"": 0.5, ""neuroticism"": 0.5625}"
prompt_as_pas_final,conscientiousness,low,bfi_15,openness,False,3,3,True,"{""openness"": 0.625, ""agreeableness"": 0.5277777777777778, ""extraversion"": 0.5625, ""conscientiousness"": 0.5, ""neuroticism"": 0.5625}"
prompt_as_pas_final,conscientiousness,low,bfi_16,extraversion,False,4,4,True,"{""openness"": 0.625, ""agreeableness"": 0.5277777777777778, ""extraversion"": 0.5625, ""conscientiousness"": 0.5, ""neuroticism"": 0.5625}"
prompt_as_pas_final,conscientiousness,low,bfi_17,agreeableness,False,4,4,True,"{""openness"": 0.625, ""agreeableness"": 0.5277777777777778, ""extraversion"": 0.5625, ""conscientiousness"": 0.5, ""neuroticism"": 0.5625}"
prompt_as_pas_final,conscientiousness,low,bfi_18,conscientiousness,True,4,4,True,"{""openness"": 0.625, ""agreeableness"": 0.5277777777777778, ""extraversion"": 0.5625, ""conscientiousness"": 0.5, ""neuroticism"": 0.5625}"
prompt_as_pas_final,conscientiousness,low,bfi_19,neuroticism,False,4,4,True,"{""openness"": 0.625, ""agreeableness"": 0.5277777777777778, ""extraversion"": 0.5625, ""conscientiousness"": 0.5, ""neuroticism"": 0.5625}"
prompt_as_pas_final,conscientiousness,low,bfi_20,openness,False,4,4,True,"{""openness"": 0.625, ""agreeableness"": 0.5277777777777778, ""extraversion"": 0.5625, ""conscientiousness"": 0.5, ""neuroticism"": 0.5625}"
prompt_as_pas_final,conscientiousness,low,bfi_21,extraversion,True,4,4,True,"{""openness"": 0.625, ""agreeableness"": 0.5277777777777778, ""extraversion"": 0.5625, ""conscientiousness"": 0.5, ""neuroticism"": 0.5625}"
prompt_as_pas_final,conscientiousness,low,bfi_22,agreeableness,False,4,4,True,"{""openness"": 0.625, ""agreeableness"": 0.5277777777777778, ""extraversion"": 0.5625, ""conscientiousness"": 0.5, ""neuroticism"": 0.5625}"
prompt_as_pas_final,conscientiousness,low,bfi_23,conscientiousness,True,4,4,True,"{""openness"": 0.625, ""agreeableness"": 0.5277777777777778, ""extraversion"": 0.5625, ""conscientiousness"": 0.5, ""neuroticism"": 0.5625}"
prompt_as_pas_final,conscientiousness,low,bfi_24,neuroticism,True,4,4,True,"{""openness"": 0.625, ""agreeableness"": 0.5277777777777778, ""extraversion"": 0.5625, ""conscientiousness"": 0.5, ""neuroticism"": 0.5625}"
prompt_as_pas_final,conscientiousness,low,bfi_25,openness,False,4,4,True,"{""openness"": 0.625, ""agreeableness"": 0.5277777777777778, ""extraversion"": 0.5625, ""conscientiousness"": 0.5, ""neuroticism"": 0.5625}"
prompt_as_pas_final,conscientiousness,low,bfi_26,extraversion,False,4,4,True,"{""openness"": 0.625, ""agreeableness"": 0.5277777777777778, ""extraversion"": 0.5625, ""conscientiousness"": 0.5, ""neuroticism"": 0.5625}"
prompt_as_pas_final,conscientiousness,low,bfi_27,agreeableness,True,4,4,True,"{""openness"": 0.625, ""agreeableness"": 0.5277777777777778, ""extraversion"": 0.5625, ""conscientiousness"": 0.5, ""neuroticism"": 0.5625}"
prompt_as_pas_final,conscientiousness,low,bfi_28,conscientiousness,False,4,4,True,"{""openness"": 0.625, ""agreeableness"": 0.5277777777777778, ""extraversion"": 0.5625, ""conscientiousness"": 0.5, ""neuroticism"": 0.5625}"
prompt_as_pas_final,conscientiousness,low,bfi_29,neuroticism,False,4,4,True,"{""openness"": 0.625, ""agreeableness"": 0.5277777777777778, ""extraversion"": 0.5625, ""conscientiousness"": 0.5, ""neuroticism"": 0.5625}"
prompt_as_pas_final,conscientiousness,low,bfi_30,openness,False,4,4,True,"{""openness"": 0.625, ""agreeableness"": 0.5277777777777778, ""extraversion"": 0.5625, ""conscientiousness"": 0.5, ""neuroticism"": 0.5625}"
prompt_as_pas_final,conscientiousness,low,bfi_31,extraversion,True,4,4,True,"{""openness"": 0.625, ""agreeableness"": 0.5277777777777778, ""extraversion"": 0.5625, ""conscientiousness"": 0.5, ""neuroticism"": 0.5625}"
prompt_as_pas_final,conscientiousness,low,bfi_32,agreeableness,False,4,4,True,"{""openness"": 0.625, ""agreeableness"": 0.5277777777777778, ""extraversion"": 0.5625, ""conscientiousness"": 0.5, ""neuroticism"": 0.5625}"
prompt_as_pas_final,conscientiousness,low,bfi_33,conscientiousness,False,3,3,True,"{""openness"": 0.625, ""agreeableness"": 0.5277777777777778, ""extraversion"": 0.5625, ""conscientiousness"": 0.5, ""neuroticism"": 0.5625}"
prompt_as_pas_final,conscientiousness,low,bfi_34,neuroticism,True,4,4,True,"{""openness"": 0.625, ""agreeableness"": 0.5277777777777778, ""extraversion"": 0.5625, ""conscientiousness"": 0.5, ""neuroticism"": 0.5625}"
prompt_as_pas_final,conscientiousness,low,bfi_35,openness,True,4,4,True,"{""openness"": 0.625, ""agreeableness"": 0.5277777777777778, ""extraversion"": 0.5625, ""conscientiousness"": 0.5, ""neuroticism"": 0.5625}"
prompt_as_pas_final,conscientiousness,low,bfi_36,extraversion,False,4,4,True,"{""openness"": 0.625, ""agreeableness"": 0.5277777777777778, ""extraversion"": 0.5625, ""conscientiousness"": 0.5, ""neuroticism"": 0.5625}"
prompt_as_pas_final,conscientiousness,low,bfi_37,agreeableness,True,4,4,True,"{""openness"": 0.625, ""agreeableness"": 0.5277777777777778, ""extraversion"": 0.5625, ""conscientiousness"": 0.5, ""neuroticism"": 0.5625}"
prompt_as_pas_final,conscientiousness,low,bfi_38,conscientiousness,False,4,4,True,"{""openness"": 0.625, ""agreeableness"": 0.5277777777777778, ""extraversion"": 0.5625, ""conscientiousness"": 0.5, ""neuroticism"": 0.5625}"
prompt_as_pas_final,conscientiousness,low,bfi_39,neuroticism,False,4,4,True,"{""openness"": 0.625, ""agreeableness"": 0.5277777777777778, ""extraversion"": 0.5625, ""conscientiousness"": 0.5, ""neuroticism"": 0.5625}"
prompt_as_pas_final,conscientiousness,low,bfi_40,openness,False,4,4,True,"{""openness"": 0.625, ""agreeableness"": 0.5277777777777778, ""extraversion"": 0.5625, ""conscientiousness"": 0.5, ""neuroticism"": 0.5625}"
prompt_as_pas_final,conscientiousness,low,bfi_41,openness,True,4,4,True,"{""openness"": 0.625, ""agreeableness"": 0.5277777777777778, ""extraversion"": 0.5625, ""conscientiousness"": 0.5, ""neuroticism"": 0.5625}"
prompt_as_pas_final,conscientiousness,low,bfi_42,agreeableness,False,4,4,True,"{""openness"": 0.625, ""agreeableness"": 0.5277777777777778, ""extraversion"": 0.5625, ""conscientiousness"": 0.5, ""neuroticism"": 0.5625}"
prompt_as_pas_final,conscientiousness,low,bfi_43,conscientiousness,True,4,4,True,"{""openness"": 0.625, ""agreeableness"": 0.5277777777777778, ""extraversion"": 0.5625, ""conscientiousness"": 0.5, ""neuroticism"": 0.5625}"
prompt_as_pas_final,conscientiousness,low,bfi_44,openness,False,4,4,True,"{""openness"": 0.625, ""agreeableness"": 0.5277777777777778, ""extraversion"": 0.5625, ""conscientiousness"": 0.5, ""neuroticism"": 0.5625}"
prompt_as_pas_final,neuroticism,high,bfi_01,extraversion,False,5,5,True,"{""openness"": 0.65, ""agreeableness"": 0.5, ""extraversion"": 0.5625, ""conscientiousness"": 0.3333333333333333, ""neuroticism"": 0.6875}"
prompt_as_pas_final,neuroticism,high,bfi_02,agreeableness,True,5,5,True,"{""openness"": 0.65, ""agreeableness"": 0.5, ""extraversion"": 0.5625, ""conscientiousness"": 0.3333333333333333, ""neuroticism"": 0.6875}"
prompt_as_pas_final,neuroticism,high,bfi_03,conscientiousness,False,5,5,True,"{""openness"": 0.65, ""agreeableness"": 0.5, ""extraversion"": 0.5625, ""conscientiousness"": 0.3333333333333333, ""neuroticism"": 0.6875}"
prompt_as_pas_final,neuroticism,high,bfi_04,neuroticism,False,5,5,True,"{""openness"": 0.65, ""agreeableness"": 0.5, ""extraversion"": 0.5625, ""conscientiousness"": 0.3333333333333333, ""neuroticism"": 0.6875}"
prompt_as_pas_final,neuroticism,high,bfi_05,openness,False,5,5,True,"{""openness"": 0.65, ""agreeableness"": 0.5, ""extraversion"": 0.5625, ""conscientiousness"": 0.3333333333333333, ""neuroticism"": 0.6875}"
prompt_as_pas_final,neuroticism,high,bfi_06,extraversion,True,5,5,True,"{""openness"": 0.65, ""agreeableness"": 0.5, ""extraversion"": 0.5625, ""conscientiousness"": 0.3333333333333333, ""neuroticism"": 0.6875}"
prompt_as_pas_final,neuroticism,high,bfi_07,agreeableness,False,5,5,True,"{""openness"": 0.65, ""agreeableness"": 0.5, ""extraversion"": 0.5625, ""conscientiousness"": 0.3333333333333333, ""neuroticism"": 0.6875}"
prompt_as_pas_final,neuroticism,high,bfi_08,conscientiousness,True,5,5,True,"{""openness"": 0.65, ""agreeableness"": 0.5, ""extraversion"": 0.5625, ""conscientiousness"": 0.3333333333333333, ""neuroticism"": 0.6875}"
prompt_as_pas_final,neuroticism,high,bfi_09,neuroticism,True,5,5,True,"{""openness"": 0.65, ""agreeableness"": 0.5, ""extraversion"": 0.5625, ""conscientiousness"": 0.3333333333333333, ""neuroticism"": 0.6875}"
prompt_as_pas_final,neuroticism,high,bfi_10,openness,False,3,3,True,"{""openness"": 0.65, ""agreeableness"": 0.5, ""extraversion"": 0.5625, ""conscientiousness"": 0.3333333333333333, ""neuroticism"": 0.6875}"
prompt_as_pas_final,neuroticism,high,bfi_11,extraversion,False,5,5,True,"{""openness"": 0.65, ""agreeableness"": 0.5, ""extraversion"": 0.5625, ""conscientiousness"": 0.3333333333333333, ""neuroticism"": 0.6875}"
prompt_as_pas_final,neuroticism,high,bfi_12,agreeableness,True,5,5,True,"{""openness"": 0.65, ""agreeableness"": 0.5, ""extraversion"": 0.5625, ""conscientiousness"": 0.3333333333333333, ""neuroticism"": 0.6875}"
prompt_as_pas_final,neuroticism,high,bfi_13,conscientiousness,False,1,1,True,"{""openness"": 0.65, ""agreeableness"": 0.5, ""extraversion"": 0.5625, ""conscientiousness"": 0.3333333333333333, ""neuroticism"": 0.6875}"
prompt_as_pas_final,neuroticism,high,bfi_14,neuroticism,False,5,5,True,"{""openness"": 0.65, ""agreeableness"": 0.5, ""extraversion"": 0.5625, ""conscientiousness"": 0.3333333333333333, ""neuroticism"": 0.6875}"
prompt_as_pas_final,neuroticism,high,bfi_15,openness,False,5,5,True,"{""openness"": 0.65, ""agreeableness"": 0.5, ""extraversion"": 0.5625, ""conscientiousness"": 0.3333333333333333, ""neuroticism"": 0.6875}"
prompt_as_pas_final,neuroticism,high,bfi_16,extraversion,False,3,3,True,"{""openness"": 0.65, ""agreeableness"": 0.5, ""extraversion"": 0.5625, ""conscientiousness"": 0.3333333333333333, ""neuroticism"": 0.6875}"
prompt_as_pas_final,neuroticism,high,bfi_17,agreeableness,False,5,5,True,"{""openness"": 0.65, ""agreeableness"": 0.5, ""extraversion"": 0.5625, ""conscientiousness"": 0.3333333333333333, ""neuroticism"": 0.6875}"
prompt_as_pas_final,neuroticism,high,bfi_18,conscientiousness,True,5,5,True,"{""openness"": 0.65, ""agreeableness"": 0.5, ""extraversion"": 0.5625, ""conscientiousness"": 0.3333333333333333, ""neuroticism"": 0.6875}"
prompt_as_pas_final,neuroticism,high,bfi_19,neuroticism,False,5,5,True,"{""openness"": 0.65, ""agreeableness"": 0.5, ""extraversion"": 0.5625, ""conscientiousness"": 0.3333333333333333, ""neuroticism"": 0.6875}"
prompt_as_pas_final,neuroticism,high,bfi_20,openness,False,5,5,True,"{""openness"": 0.65, ""agreeableness"": 0.5, ""extraversion"": 0.5625, ""conscientiousness"": 0.3333333333333333, ""neuroticism"": 0.6875}"
prompt_as_pas_final,neuroticism,high,bfi_21,extraversion,True,5,5,True,"{""openness"": 0.65, ""agreeableness"": 0.5, ""extraversion"": 0.5625, ""conscientiousness"": 0.3333333333333333, ""neuroticism"": 0.6875}"
prompt_as_pas_final,neuroticism,high,bfi_22,agreeableness,False,5,5,True,"{""openness"": 0.65, ""agreeableness"": 0.5, ""extraversion"": 0.5625, ""conscientiousness"": 0.3333333333333333, ""neuroticism"": 0.6875}"
prompt_as_pas_final,neuroticism,high,bfi_23,conscientiousness,True,5,5,True,"{""openness"": 0.65, ""agreeableness"": 0.5, ""extraversion"": 0.5625, ""conscientiousness"": 0.3333333333333333, ""neuroticism"": 0.6875}"
prompt_as_pas_final,neuroticism,high,bfi_24,neuroticism,True,5,5,True,"{""openness"": 0.65, ""agreeableness"": 0.5, ""extraversion"": 0.5625, ""conscientiousness"": 0.3333333333333333, ""neuroticism"": 0.6875}"
prompt_as_pas_final,neuroticism,high,bfi_25,openness,False,3,3,True,"{""openness"": 0.65, ""agreeableness"": 0.5, ""extraversion"": 0.5625, ""conscientiousness"": 0.3333333333333333, ""neuroticism"": 0.6875}"
prompt_as_pas_final,neuroticism,high,bfi_26,extraversion,False,5,5,True,"{""openness"": 0.65, ""agreeableness"": 0.5, ""extraversion"": 0.5625, ""conscientiousness"": 0.3333333333333333, ""neuroticism"": 0.6875}"
prompt_as_pas_final,neuroticism,high,bfi_27,agreeableness,True,1,1,True,"{""openness"": 0.65, ""agreeableness"": 0.5, ""extraversion"": 0.5625, ""conscientiousness"": 0.3333333333333333, ""neuroticism"": 0.6875}"
prompt_as_pas_final,neuroticism,high,bfi_28,conscientiousness,False,3,3,True,"{""openness"": 0.65, ""agreeableness"": 0.5, ""extraversion"": 0.5625, ""conscientiousness"": 0.3333333333333333, ""neuroticism"": 0.6875}"
prompt_as_pas_final,neuroticism,high,bfi_29,neuroticism,False,5,5,True,"{""openness"": 0.65, ""agreeableness"": 0.5, ""extraversion"": 0.5625, ""conscientiousness"": 0.3333333333333333, ""neuroticism"": 0.6875}"
prompt_as_pas_final,neuroticism,high,bfi_30,openness,False,3,3,True,"{""openness"": 0.65, ""agreeableness"": 0.5, ""extraversion"": 0.5625, ""conscientiousness"": 0.3333333333333333, ""neuroticism"": 0.6875}"
prompt_as_pas_final,neuroticism,high,bfi_31,extraversion,True,5,5,True,"{""openness"": 0.65, ""agreeableness"": 0.5, ""extraversion"": 0.5625, ""conscientiousness"": 0.3333333333333333, ""neuroticism"": 0.6875}"
prompt_as_pas_final,neuroticism,high,bfi_32,agreeableness,False,1,1,True,"{""openness"": 0.65, ""agreeableness"": 0.5, ""extraversion"": 0.5625, ""conscientiousness"": 0.3333333333333333, ""neuroticism"": 0.6875}"
prompt_as_pas_final,neuroticism,high,bfi_33,conscientiousness,False,3,3,True,"{""openness"": 0.65, ""agreeableness"": 0.5, ""extraversion"": 0.5625, ""conscientiousness"": 0.3333333333333333, ""neuroticism"": 0.6875}"
prompt_as_pas_final,neuroticism,high,bfi_34,neuroticism,True,3,3,True,"{""openness"": 0.65, ""agreeableness"": 0.5, ""extraversion"": 0.5625, ""conscientiousness"": 0.3333333333333333, ""neuroticism"": 0.6875}"
prompt_as_pas_final,neuroticism,high,bfi_35,openness,True,3,3,True,"{""openness"": 0.65, ""agreeableness"": 0.5, ""extraversion"": 0.5625, ""conscientiousness"": 0.3333333333333333, ""neuroticism"": 0.6875}"
prompt_as_pas_final,neuroticism,high,bfi_36,extraversion,False,5,5,True,"{""openness"": 0.65, ""agreeableness"": 0.5, ""extraversion"": 0.5625, ""conscientiousness"": 0.3333333333333333, ""neuroticism"": 0.6875}"
prompt_as_pas_final,neuroticism,high,bfi_37,agreeableness,True,5,5,True,"{""openness"": 0.65, ""agreeableness"": 0.5, ""extraversion"": 0.5625, ""conscientiousness"": 0.3333333333333333, ""neuroticism"": 0.6875}"
prompt_as_pas_final,neuroticism,high,bfi_38,conscientiousness,False,5,5,True,"{""openness"": 0.65, ""agreeableness"": 0.5, ""extraversion"": 0.5625, ""conscientiousness"": 0.3333333333333333, ""neuroticism"": 0.6875}"
prompt_as_pas_final,neuroticism,high,bfi_39,neuroticism,False,5,5,True,"{""openness"": 0.65, ""agreeableness"": 0.5, ""extraversion"": 0.5625, ""conscientiousness"": 0.3333333333333333, ""neuroticism"": 0.6875}"
prompt_as_pas_final,neuroticism,high,bfi_40,openness,False,5,5,True,"{""openness"": 0.65, ""agreeableness"": 0.5, ""extraversion"": 0.5625, ""conscientiousness"": 0.3333333333333333, ""neuroticism"": 0.6875}"
prompt_as_pas_final,neuroticism,high,bfi_41,openness,True,5,5,True,"{""openness"": 0.65, ""agreeableness"": 0.5, ""extraversion"": 0.5625, ""conscientiousness"": 0.3333333333333333, ""neuroticism"": 0.6875}"
prompt_as_pas_final,neuroticism,high,bfi_42,agreeableness,False,3,3,True,"{""openness"": 0.65, ""agreeableness"": 0.5, ""extraversion"": 0.5625, ""conscientiousness"": 0.3333333333333333, ""neuroticism"": 0.6875}"
prompt_as_pas_final,neuroticism,high,bfi_43,conscientiousness,True,5,5,True,"{""openness"": 0.65, ""agreeableness"": 0.5, ""extraversion"": 0.5625, ""conscientiousness"": 0.3333333333333333, ""neuroticism"": 0.6875}"
prompt_as_pas_final,neuroticism,high,bfi_44,openness,False,3,3,True,"{""openness"": 0.65, ""agreeableness"": 0.5, ""extraversion"": 0.5625, ""conscientiousness"": 0.3333333333333333, ""neuroticism"": 0.6875}"
prompt_as_pas_final,neuroticism,low,bfi_01,extraversion,False,3,3,True,"{""openness"": 0.7, ""agreeableness"": 0.6388888888888888, ""extraversion"": 0.5625, ""conscientiousness"": 0.6388888888888888, ""neuroticism"": 0.40625}"
prompt_as_pas_final,neuroticism,low,bfi_02,agreeableness,True,3,3,True,"{""openness"": 0.7, ""agreeableness"": 0.6388888888888888, ""extraversion"": 0.5625, ""conscientiousness"": 0.6388888888888888, ""neuroticism"": 0.40625}"
prompt_as_pas_final,neuroticism,low,bfi_03,conscientiousness,False,4,4,True,"{""openness"": 0.7, ""agreeableness"": 0.6388888888888888, ""extraversion"": 0.5625, ""conscientiousness"": 0.6388888888888888, ""neuroticism"": 0.40625}"
prompt_as_pas_final,neuroticism,low,bfi_04,neuroticism,False,3,3,True,"{""openness"": 0.7, ""agreeableness"": 0.6388888888888888, ""extraversion"": 0.5625, ""conscientiousness"": 0.6388888888888888, ""neuroticism"": 0.40625}"
prompt_as_pas_final,neuroticism,low,bfi_05,openness,False,4,4,True,"{""openness"": 0.7, ""agreeableness"": 0.6388888888888888, ""extraversion"": 0.5625, ""conscientiousness"": 0.6388888888888888, ""neuroticism"": 0.40625}"
prompt_as_pas_final,neuroticism,low,bfi_06,extraversion,True,4,4,True,"{""openness"": 0.7, ""agreeableness"": 0.6388888888888888, ""extraversion"": 0.5625, ""conscientiousness"": 0.6388888888888888, ""neuroticism"": 0.40625}"
prompt_as_pas_final,neuroticism,low,bfi_07,agreeableness,False,4,4,True,"{""openness"": 0.7, ""agreeableness"": 0.6388888888888888, ""extraversion"": 0.5625, ""conscientiousness"": 0.6388888888888888, ""neuroticism"": 0.40625}"
prompt_as_pas_final,neuroticism,low,bfi_08,conscientiousness,True,3,3,True,"{""openness"": 0.7, ""agreeableness"": 0.6388888888888888, ""extraversion"": 0.5625, ""conscientiousness"": 0.6388888888888888, ""neuroticism"": 0.40625}"
prompt_as_pas_final,neuroticism,low,bfi_09,neuroticism,True,4,4,True,"{""openness"": 0.7, ""agreeableness"": 0.6388888888888888, ""extraversion"": 0.5625, ""conscientiousness"": 0.6388888888888888, ""neuroticism"": 0.40625}"
prompt_as_pas_final,neuroticism,low,bfi_10,openness,False,4,4,True,"{""openness"": 0.7, ""agreeableness"": 0.6388888888888888, ""extraversion"": 0.5625, ""conscientiousness"": 0.6388888888888888, ""neuroticism"": 0.40625}"
prompt_as_pas_final,neuroticism,low,bfi_11,extraversion,False,4,4,True,"{""openness"": 0.7, ""agreeableness"": 0.6388888888888888, ""extraversion"": 0.5625, ""conscientiousness"": 0.6388888888888888, ""neuroticism"": 0.40625}"
prompt_as_pas_final,neuroticism,low,bfi_12,agreeableness,True,3,3,True,"{""openness"": 0.7, ""agreeableness"": 0.6388888888888888, ""extraversion"": 0.5625, ""conscientiousness"": 0.6388888888888888, ""neuroticism"": 0.40625}"
prompt_as_pas_final,neuroticism,low,bfi_13,conscientiousness,False,4,4,True,"{""openness"": 0.7, ""agreeableness"": 0.6388888888888888, ""extraversion"": 0.5625, ""conscientiousness"": 0.6388888888888888, ""neuroticism"": 0.40625}"
prompt_as_pas_final,neuroticism,low,bfi_14,neuroticism,False,3,3,True,"{""openness"": 0.7, ""agreeableness"": 0.6388888888888888, ""extraversion"": 0.5625, ""conscientiousness"": 0.6388888888888888, ""neuroticism"": 0.40625}"
prompt_as_pas_final,neuroticism,low,bfi_15,openness,False,4,4,True,"{""openness"": 0.7, ""agreeableness"": 0.6388888888888888, ""extraversion"": 0.5625, ""conscientiousness"": 0.6388888888888888, ""neuroticism"": 0.40625}"
prompt_as_pas_final,neuroticism,low,bfi_16,extraversion,False,4,4,True,"{""openness"": 0.7, ""agreeableness"": 0.6388888888888888, ""extraversion"": 0.5625, ""conscientiousness"": 0.6388888888888888, ""neuroticism"": 0.40625}"
prompt_as_pas_final,neuroticism,low,bfi_17,agreeableness,False,4,4,True,"{""openness"": 0.7, ""agreeableness"": 0.6388888888888888, ""extraversion"": 0.5625, ""conscientiousness"": 0.6388888888888888, ""neuroticism"": 0.40625}"
prompt_as_pas_final,neuroticism,low,bfi_18,conscientiousness,True,3,3,True,"{""openness"": 0.7, ""agreeableness"": 0.6388888888888888, ""extraversion"": 0.5625, ""conscientiousness"": 0.6388888888888888, ""neuroticism"": 0.40625}"
prompt_as_pas_final,neuroticism,low,bfi_19,neuroticism,False,3,3,True,"{""openness"": 0.7, ""agreeableness"": 0.6388888888888888, ""extraversion"": 0.5625, ""conscientiousness"": 0.6388888888888888, ""neuroticism"": 0.40625}"
prompt_as_pas_final,neuroticism,low,bfi_20,openness,False,4,4,True,"{""openness"": 0.7, ""agreeableness"": 0.6388888888888888, ""extraversion"": 0.5625, ""conscientiousness"": 0.6388888888888888, ""neuroticism"": 0.40625}"
prompt_as_pas_final,neuroticism,low,bfi_21,extraversion,True,4,4,True,"{""openness"": 0.7, ""agreeableness"": 0.6388888888888888, ""extraversion"": 0.5625, ""conscientiousness"": 0.6388888888888888, ""neuroticism"": 0.40625}"
prompt_as_pas_final,neuroticism,low,bfi_22,agreeableness,False,4,4,True,"{""openness"": 0.7, ""agreeableness"": 0.6388888888888888, ""extraversion"": 0.5625, ""conscientiousness"": 0.6388888888888888, ""neuroticism"": 0.40625}"
prompt_as_pas_final,neuroticism,low,bfi_23,conscientiousness,True,3,3,True,"{""openness"": 0.7, ""agreeableness"": 0.6388888888888888, ""extraversion"": 0.5625, ""conscientiousness"": 0.6388888888888888, ""neuroticism"": 0.40625}"
prompt_as_pas_final,neuroticism,low,bfi_24,neuroticism,True,4,4,True,"{""openness"": 0.7, ""agreeableness"": 0.6388888888888888, ""extraversion"": 0.5625, ""conscientiousness"": 0.6388888888888888, ""neuroticism"": 0.40625}"
prompt_as_pas_final,neuroticism,low,bfi_25,openness,False,4,4,True,"{""openness"": 0.7, ""agreeableness"": 0.6388888888888888, ""extraversion"": 0.5625, ""conscientiousness"": 0.6388888888888888, ""neuroticism"": 0.40625}"
prompt_as_pas_final,neuroticism,low,bfi_26,extraversion,False,4,4,True,"{""openness"": 0.7, ""agreeableness"": 0.6388888888888888, ""extraversion"": 0.5625, ""conscientiousness"": 0.6388888888888888, ""neuroticism"": 0.40625}"
prompt_as_pas_final,neuroticism,low,bfi_27,agreeableness,True,3,3,True,"{""openness"": 0.7, ""agreeableness"": 0.6388888888888888, ""extraversion"": 0.5625, ""conscientiousness"": 0.6388888888888888, ""neuroticism"": 0.40625}"
prompt_as_pas_final,neuroticism,low,bfi_28,conscientiousness,False,4,4,True,"{""openness"": 0.7, ""agreeableness"": 0.6388888888888888, ""extraversion"": 0.5625, ""conscientiousness"": 0.6388888888888888, ""neuroticism"": 0.40625}"
prompt_as_pas_final,neuroticism,low,bfi_29,neuroticism,False,3,3,True,"{""openness"": 0.7, ""agreeableness"": 0.6388888888888888, ""extraversion"": 0.5625, ""conscientiousness"": 0.6388888888888888, ""neuroticism"": 0.40625}"
prompt_as_pas_final,neuroticism,low,bfi_30,openness,False,4,4,True,"{""openness"": 0.7, ""agreeableness"": 0.6388888888888888, ""extraversion"": 0.5625, ""conscientiousness"": 0.6388888888888888, ""neuroticism"": 0.40625}"
prompt_as_pas_final,neuroticism,low,bfi_31,extraversion,True,3,3,True,"{""openness"": 0.7, ""agreeableness"": 0.6388888888888888, ""extraversion"": 0.5625, ""conscientiousness"": 0.6388888888888888, ""neuroticism"": 0.40625}"
prompt_as_pas_final,neuroticism,low,bfi_32,agreeableness,False,4,4,True,"{""openness"": 0.7, ""agreeableness"": 0.6388888888888888, ""extraversion"": 0.5625, ""conscientiousness"": 0.6388888888888888, ""neuroticism"": 0.40625}"
prompt_as_pas_final,neuroticism,low,bfi_33,conscientiousness,False,4,4,True,"{""openness"": 0.7, ""agreeableness"": 0.6388888888888888, ""extraversion"": 0.5625, ""conscientiousness"": 0.6388888888888888, ""neuroticism"": 0.40625}"
prompt_as_pas_final,neuroticism,low,bfi_34,neuroticism,True,4,4,True,"{""openness"": 0.7, ""agreeableness"": 0.6388888888888888, ""extraversion"": 0.5625, ""conscientiousness"": 0.6388888888888888, ""neuroticism"": 0.40625}"
prompt_as_pas_final,neuroticism,low,bfi_35,openness,True,3,3,True,"{""openness"": 0.7, ""agreeableness"": 0.6388888888888888, ""extraversion"": 0.5625, ""conscientiousness"": 0.6388888888888888, ""neuroticism"": 0.40625}"
prompt_as_pas_final,neuroticism,low,bfi_36,extraversion,False,4,4,True,"{""openness"": 0.7, ""agreeableness"": 0.6388888888888888, ""extraversion"": 0.5625, ""conscientiousness"": 0.6388888888888888, ""neuroticism"": 0.40625}"
prompt_as_pas_final,neuroticism,low,bfi_37,agreeableness,True,3,3,True,"{""openness"": 0.7, ""agreeableness"": 0.6388888888888888, ""extraversion"": 0.5625, ""conscientiousness"": 0.6388888888888888, ""neuroticism"": 0.40625}"
prompt_as_pas_final,neuroticism,low,bfi_38,conscientiousness,False,4,4,True,"{""openness"": 0.7, ""agreeableness"": 0.6388888888888888, ""extraversion"": 0.5625, ""conscientiousness"": 0.6388888888888888, ""neuroticism"": 0.40625}"
prompt_as_pas_final,neuroticism,low,bfi_39,neuroticism,False,3,3,True,"{""openness"": 0.7, ""agreeableness"": 0.6388888888888888, ""extraversion"": 0.5625, ""conscientiousness"": 0.6388888888888888, ""neuroticism"": 0.40625}"
prompt_as_pas_final,neuroticism,low,bfi_40,openness,False,4,4,True,"{""openness"": 0.7, ""agreeableness"": 0.6388888888888888, ""extraversion"": 0.5625, ""conscientiousness"": 0.6388888888888888, ""neuroticism"": 0.40625}"
prompt_as_pas_final,neuroticism,low,bfi_41,openness,True,3,3,True,"{""openness"": 0.7, ""agreeableness"": 0.6388888888888888, ""extraversion"": 0.5625, ""conscientiousness"": 0.6388888888888888, ""neuroticism"": 0.40625}"
prompt_as_pas_final,neuroticism,low,bfi_42,agreeableness,False,4,4,True,"{""openness"": 0.7, ""agreeableness"": 0.6388888888888888, ""extraversion"": 0.5625, ""conscientiousness"": 0.6388888888888888, ""neuroticism"": 0.40625}"
prompt_as_pas_final,neuroticism,low,bfi_43,conscientiousness,True,3,3,True,"{""openness"": 0.7, ""agreeableness"": 0.6388888888888888, ""extraversion"": 0.5625, ""conscientiousness"": 0.6388888888888888, ""neuroticism"": 0.40625}"
prompt_as_pas_final,neuroticism,low,bfi_44,openness,False,4,4,True,"{""openness"": 0.7, ""agreeableness"": 0.6388888888888888, ""extraversion"": 0.5625, ""conscientiousness"": 0.6388888888888888, ""neuroticism"": 0.40625}"
prompt_as_pas_final,openness,high,bfi_01,extraversion,False,4,4,True,"{""openness"": 0.675, ""agreeableness"": 0.6388888888888888, ""extraversion"": 0.59375, ""conscientiousness"": 0.5555555555555556, ""neuroticism"": 0.4375}"
prompt_as_pas_final,openness,high,bfi_02,agreeableness,True,4,4,True,"{""openness"": 0.675, ""agreeableness"": 0.6388888888888888, ""extraversion"": 0.59375, ""conscientiousness"": 0.5555555555555556, ""neuroticism"": 0.4375}"
prompt_as_pas_final,openness,high,bfi_03,conscientiousness,False,3,3,True,"{""openness"": 0.675, ""agreeableness"": 0.6388888888888888, ""extraversion"": 0.59375, ""conscientiousness"": 0.5555555555555556, ""neuroticism"": 0.4375}"
prompt_as_pas_final,openness,high,bfi_04,neuroticism,False,1,1,True,"{""openness"": 0.675, ""agreeableness"": 0.6388888888888888, ""extraversion"": 0.59375, ""conscientiousness"": 0.5555555555555556, ""neuroticism"": 0.4375}"
prompt_as_pas_final,openness,high,bfi_05,openness,False,4,4,True,"{""openness"": 0.675, ""agreeableness"": 0.6388888888888888, ""extraversion"": 0.59375, ""conscientiousness"": 0.5555555555555556, ""neuroticism"": 0.4375}"
prompt_as_pas_final,openness,high,bfi_06,extraversion,True,3,3,True,"{""openness"": 0.675, ""agreeableness"": 0.6388888888888888, ""extraversion"": 0.59375, ""conscientiousness"": 0.5555555555555556, ""neuroticism"": 0.4375}"
prompt_as_pas_final,openness,high,bfi_07,agreeableness,False,4,4,True,"{""openness"": 0.675, ""agreeableness"": 0.6388888888888888, ""extraversion"": 0.59375, ""conscientiousness"": 0.5555555555555556, ""neuroticism"": 0.4375}"
prompt_as_pas_final,openness,high,bfi_08,conscientiousness,True,4,4,True,"{""openness"": 0.675, ""agreeableness"": 0.6388888888888888, ""extraversion"": 0.59375, ""conscientiousness"": 0.5555555555555556, ""neuroticism"": 0.4375}"
prompt_as_pas_final,openness,high,bfi_09,neuroticism,True,4,4,True,"{""openness"": 0.675, ""agreeableness"": 0.6388888888888888, ""extraversion"": 0.59375, ""conscientiousness"": 0.5555555555555556, ""neuroticism"": 0.4375}"
prompt_as_pas_final,openness,high,bfi_10,openness,False,4,4,True,"{""openness"": 0.675, ""agreeableness"": 0.6388888888888888, ""extraversion"": 0.59375, ""conscientiousness"": 0.5555555555555556, ""neuroticism"": 0.4375}"
prompt_as_pas_final,openness,high,bfi_11,extraversion,False,4,4,True,"{""openness"": 0.675, ""agreeableness"": 0.6388888888888888, ""extraversion"": 0.59375, ""conscientiousness"": 0.5555555555555556, ""neuroticism"": 0.4375}"
prompt_as_pas_final,openness,high,bfi_12,agreeableness,True,4,4,True,"{""openness"": 0.675, ""agreeableness"": 0.6388888888888888, ""extraversion"": 0.59375, ""conscientiousness"": 0.5555555555555556, ""neuroticism"": 0.4375}"
prompt_as_pas_final,openness,high,bfi_13,conscientiousness,False,4,4,True,"{""openness"": 0.675, ""agreeableness"": 0.6388888888888888, ""extraversion"": 0.59375, ""conscientiousness"": 0.5555555555555556, ""neuroticism"": 0.4375}"
prompt_as_pas_final,openness,high,bfi_14,neuroticism,False,3,3,True,"{""openness"": 0.675, ""agreeableness"": 0.6388888888888888, ""extraversion"": 0.59375, ""conscientiousness"": 0.5555555555555556, ""neuroticism"": 0.4375}"
prompt_as_pas_final,openness,high,bfi_15,openness,False,4,4,True,"{""openness"": 0.675, ""agreeableness"": 0.6388888888888888, ""extraversion"": 0.59375, ""conscientiousness"": 0.5555555555555556, ""neuroticism"": 0.4375}"
prompt_as_pas_final,openness,high,bfi_16,extraversion,False,4,4,True,"{""openness"": 0.675, ""agreeableness"": 0.6388888888888888, ""extraversion"": 0.59375, ""conscientiousness"": 0.5555555555555556, ""neuroticism"": 0.4375}"
prompt_as_pas_final,openness,high,bfi_17,agreeableness,False,4,4,True,"{""openness"": 0.675, ""agreeableness"": 0.6388888888888888, ""extraversion"": 0.59375, ""conscientiousness"": 0.5555555555555556, ""neuroticism"": 0.4375}"
prompt_as_pas_final,openness,high,bfi_18,conscientiousness,True,3,3,True,"{""openness"": 0.675, ""agreeableness"": 0.6388888888888888, ""extraversion"": 0.59375, ""conscientiousness"": 0.5555555555555556, ""neuroticism"": 0.4375}"
prompt_as_pas_final,openness,high,bfi_19,neuroticism,False,4,4,True,"{""openness"": 0.675, ""agreeableness"": 0.6388888888888888, ""extraversion"": 0.59375, ""conscientiousness"": 0.5555555555555556, ""neuroticism"": 0.4375}"
prompt_as_pas_final,openness,high,bfi_20,openness,False,4,4,True,"{""openness"": 0.675, ""agreeableness"": 0.6388888888888888, ""extraversion"": 0.59375, ""conscientiousness"": 0.5555555555555556, ""neuroticism"": 0.4375}"
prompt_as_pas_final,openness,high,bfi_21,extraversion,True,4,4,True,"{""openness"": 0.675, ""agreeableness"": 0.6388888888888888, ""extraversion"": 0.59375, ""conscientiousness"": 0.5555555555555556, ""neuroticism"": 0.4375}"
prompt_as_pas_final,openness,high,bfi_22,agreeableness,False,4,4,True,"{""openness"": 0.675, ""agreeableness"": 0.6388888888888888, ""extraversion"": 0.59375, ""conscientiousness"": 0.5555555555555556, ""neuroticism"": 0.4375}"
prompt_as_pas_final,openness,high,bfi_23,conscientiousness,True,3,3,True,"{""openness"": 0.675, ""agreeableness"": 0.6388888888888888, ""extraversion"": 0.59375, ""conscientiousness"": 0.5555555555555556, ""neuroticism"": 0.4375}"
prompt_as_pas_final,openness,high,bfi_24,neuroticism,True,4,4,True,"{""openness"": 0.675, ""agreeableness"": 0.6388888888888888, ""extraversion"": 0.59375, ""conscientiousness"": 0.5555555555555556, ""neuroticism"": 0.4375}"
prompt_as_pas_final,openness,high,bfi_25,openness,False,4,4,True,"{""openness"": 0.675, ""agreeableness"": 0.6388888888888888, ""extraversion"": 0.59375, ""conscientiousness"": 0.5555555555555556, ""neuroticism"": 0.4375}"
prompt_as_pas_final,openness,high,bfi_26,extraversion,False,4,4,True,"{""openness"": 0.675, ""agreeableness"": 0.6388888888888888, ""extraversion"": 0.59375, ""conscientiousness"": 0.5555555555555556, ""neuroticism"": 0.4375}"
prompt_as_pas_final,openness,high,bfi_27,agreeableness,True,3,3,True,"{""openness"": 0.675, ""agreeableness"": 0.6388888888888888, ""extraversion"": 0.59375, ""conscientiousness"": 0.5555555555555556, ""neuroticism"": 0.4375}"
prompt_as_pas_final,openness,high,bfi_28,conscientiousness,False,4,4,True,"{""openness"": 0.675, ""agreeableness"": 0.6388888888888888, ""extraversion"": 0.59375, ""conscientiousness"": 0.5555555555555556, ""neuroticism"": 0.4375}"
prompt_as_pas_final,openness,high,bfi_29,neuroticism,False,4,4,True,"{""openness"": 0.675, ""agreeableness"": 0.6388888888888888, ""extraversion"": 0.59375, ""conscientiousness"": 0.5555555555555556, ""neuroticism"": 0.4375}"
prompt_as_pas_final,openness,high,bfi_30,openness,False,4,4,True,"{""openness"": 0.675, ""agreeableness"": 0.6388888888888888, ""extraversion"": 0.59375, ""conscientiousness"": 0.5555555555555556, ""neuroticism"": 0.4375}"
prompt_as_pas_final,openness,high,bfi_31,extraversion,True,4,4,True,"{""openness"": 0.675, ""agreeableness"": 0.6388888888888888, ""extraversion"": 0.59375, ""conscientiousness"": 0.5555555555555556, ""neuroticism"": 0.4375}"
prompt_as_pas_final,openness,high,bfi_32,agreeableness,False,4,4,True,"{""openness"": 0.675, ""agreeableness"": 0.6388888888888888, ""extraversion"": 0.59375, ""conscientiousness"": 0.5555555555555556, ""neuroticism"": 0.4375}"
prompt_as_pas_final,openness,high,bfi_33,conscientiousness,False,4,4,True,"{""openness"": 0.675, ""agreeableness"": 0.6388888888888888, ""extraversion"": 0.59375, ""conscientiousness"": 0.5555555555555556, ""neuroticism"": 0.4375}"
prompt_as_pas_final,openness,high,bfi_34,neuroticism,True,4,4,True,"{""openness"": 0.675, ""agreeableness"": 0.6388888888888888, ""extraversion"": 0.59375, ""conscientiousness"": 0.5555555555555556, ""neuroticism"": 0.4375}"
prompt_as_pas_final,openness,high,bfi_35,openness,True,3,3,True,"{""openness"": 0.675, ""agreeableness"": 0.6388888888888888, ""extraversion"": 0.59375, ""conscientiousness"": 0.5555555555555556, ""neuroticism"": 0.4375}"
prompt_as_pas_final,openness,high,bfi_36,extraversion,False,4,4,True,"{""openness"": 0.675, ""agreeableness"": 0.6388888888888888, ""extraversion"": 0.59375, ""conscientiousness"": 0.5555555555555556, ""neuroticism"": 0.4375}"
prompt_as_pas_final,openness,high,bfi_37,agreeableness,True,1,1,True,"{""openness"": 0.675, ""agreeableness"": 0.6388888888888888, ""extraversion"": 0.59375, ""conscientiousness"": 0.5555555555555556, ""neuroticism"": 0.4375}"
prompt_as_pas_final,openness,high,bfi_38,conscientiousness,False,4,4,True,"{""openness"": 0.675, ""agreeableness"": 0.6388888888888888, ""extraversion"": 0.59375, ""conscientiousness"": 0.5555555555555556, ""neuroticism"": 0.4375}"
prompt_as_pas_final,openness,high,bfi_39,neuroticism,False,4,4,True,"{""openness"": 0.675, ""agreeableness"": 0.6388888888888888, ""extraversion"": 0.59375, ""conscientiousness"": 0.5555555555555556, ""neuroticism"": 0.4375}"
prompt_as_pas_final,openness,high,bfi_40,openness,False,4,4,True,"{""openness"": 0.675, ""agreeableness"": 0.6388888888888888, ""extraversion"": 0.59375, ""conscientiousness"": 0.5555555555555556, ""neuroticism"": 0.4375}"
prompt_as_pas_final,openness,high,bfi_41,openness,True,4,4,True,"{""openness"": 0.675, ""agreeableness"": 0.6388888888888888, ""extraversion"": 0.59375, ""conscientiousness"": 0.5555555555555556, ""neuroticism"": 0.4375}"
prompt_as_pas_final,openness,high,bfi_42,agreeableness,False,4,4,True,"{""openness"": 0.675, ""agreeableness"": 0.6388888888888888, ""extraversion"": 0.59375, ""conscientiousness"": 0.5555555555555556, ""neuroticism"": 0.4375}"
prompt_as_pas_final,openness,high,bfi_43,conscientiousness,True,4,4,True,"{""openness"": 0.675, ""agreeableness"": 0.6388888888888888, ""extraversion"": 0.59375, ""conscientiousness"": 0.5555555555555556, ""neuroticism"": 0.4375}"
prompt_as_pas_final,openness,high,bfi_44,openness,False,4,4,True,"{""openness"": 0.675, ""agreeableness"": 0.6388888888888888, ""extraversion"": 0.59375, ""conscientiousness"": 0.5555555555555556, ""neuroticism"": 0.4375}"
prompt_as_pas_final,openness,low,bfi_01,extraversion,False,3,3,True,"{""openness"": 0.575, ""agreeableness"": 0.5, ""extraversion"": 0.53125, ""conscientiousness"": 0.5277777777777778, ""neuroticism"": 0.4375}"
prompt_as_pas_final,openness,low,bfi_02,agreeableness,True,3,3,True,"{""openness"": 0.575, ""agreeableness"": 0.5, ""extraversion"": 0.53125, ""conscientiousness"": 0.5277777777777778, ""neuroticism"": 0.4375}"
prompt_as_pas_final,openness,low,bfi_03,conscientiousness,False,3,3,True,"{""openness"": 0.575, ""agreeableness"": 0.5, ""extraversion"": 0.53125, ""conscientiousness"": 0.5277777777777778, ""neuroticism"": 0.4375}"
prompt_as_pas_final,openness,low,bfi_04,neuroticism,False,3,3,True,"{""openness"": 0.575, ""agreeableness"": 0.5, ""extraversion"": 0.53125, ""conscientiousness"": 0.5277777777777778, ""neuroticism"": 0.4375}"
prompt_as_pas_final,openness,low,bfi_05,openness,False,3,3,True,"{""openness"": 0.575, ""agreeableness"": 0.5, ""extraversion"": 0.53125, ""conscientiousness"": 0.5277777777777778, ""neuroticism"": 0.4375}"
prompt_as_pas_final,openness,low,bfi_06,extraversion,True,3,3,True,"{""openness"": 0.575, ""agreeableness"": 0.5, ""extraversion"": 0.53125, ""conscientiousness"": 0.5277777777777778, ""neuroticism"": 0.4375}"
prompt_as_pas_final,openness,low,bfi_07,agreeableness,False,3,3,True,"{""openness"": 0.575, ""agreeableness"": 0.5, ""extraversion"": 0.53125, ""conscientiousness"": 0.5277777777777778, ""neuroticism"": 0.4375}"
prompt_as_pas_final,openness,low,bfi_08,conscientiousness,True,3,3,True,"{""openness"": 0.575, ""agreeableness"": 0.5, ""extraversion"": 0.53125, ""conscientiousness"": 0.5277777777777778, ""neuroticism"": 0.4375}"
prompt_as_pas_final,openness,low,bfi_09,neuroticism,True,3,3,True,"{""openness"": 0.575, ""agreeableness"": 0.5, ""extraversion"": 0.53125, ""conscientiousness"": 0.5277777777777778, ""neuroticism"": 0.4375}"
prompt_as_pas_final,openness,low,bfi_10,openness,False,4,4,True,"{""openness"": 0.575, ""agreeableness"": 0.5, ""extraversion"": 0.53125, ""conscientiousness"": 0.5277777777777778, ""neuroticism"": 0.4375}"
prompt_as_pas_final,openness,low,bfi_11,extraversion,False,3,3,True,"{""openness"": 0.575, ""agreeableness"": 0.5, ""extraversion"": 0.53125, ""conscientiousness"": 0.5277777777777778, ""neuroticism"": 0.4375}"
prompt_as_pas_final,openness,low,bfi_12,agreeableness,True,3,3,True,"{""openness"": 0.575, ""agreeableness"": 0.5, ""extraversion"": 0.53125, ""conscientiousness"": 0.5277777777777778, ""neuroticism"": 0.4375}"
prompt_as_pas_final,openness,low,bfi_13,conscientiousness,False,3,3,True,"{""openness"": 0.575, ""agreeableness"": 0.5, ""extraversion"": 0.53125, ""conscientiousness"": 0.5277777777777778, ""neuroticism"": 0.4375}"
prompt_as_pas_final,openness,low,bfi_14,neuroticism,False,3,3,True,"{""openness"": 0.575, ""agreeableness"": 0.5, ""extraversion"": 0.53125, ""conscientiousness"": 0.5277777777777778, ""neuroticism"": 0.4375}"
prompt_as_pas_final,openness,low,bfi_15,openness,False,3,3,True,"{""openness"": 0.575, ""agreeableness"": 0.5, ""extraversion"": 0.53125, ""conscientiousness"": 0.5277777777777778, ""neuroticism"": 0.4375}"
prompt_as_pas_final,openness,low,bfi_16,extraversion,False,3,3,True,"{""openness"": 0.575, ""agreeableness"": 0.5, ""extraversion"": 0.53125, ""conscientiousness"": 0.5277777777777778, ""neuroticism"": 0.4375}"
prompt_as_pas_final,openness,low,bfi_17,agreeableness,False,3,3,True,"{""openness"": 0.575, ""agreeableness"": 0.5, ""extraversion"": 0.53125, ""conscientiousness"": 0.5277777777777778, ""neuroticism"": 0.4375}"
prompt_as_pas_final,openness,low,bfi_18,conscientiousness,True,3,3,True,"{""openness"": 0.575, ""agreeableness"": 0.5, ""extraversion"": 0.53125, ""conscientiousness"": 0.5277777777777778, ""neuroticism"": 0.4375}"
prompt_as_pas_final,openness,low,bfi_19,neuroticism,False,3,3,True,"{""openness"": 0.575, ""agreeableness"": 0.5, ""extraversion"": 0.53125, ""conscientiousness"": 0.5277777777777778, ""neuroticism"": 0.4375}"
prompt_as_pas_final,openness,low,bfi_20,openness,False,3,3,True,"{""openness"": 0.575, ""agreeableness"": 0.5, ""extraversion"": 0.53125, ""conscientiousness"": 0.5277777777777778, ""neuroticism"": 0.4375}"
prompt_as_pas_final,openness,low,bfi_21,extraversion,True,3,3,True,"{""openness"": 0.575, ""agreeableness"": 0.5, ""extraversion"": 0.53125, ""conscientiousness"": 0.5277777777777778, ""neuroticism"": 0.4375}"
prompt_as_pas_final,openness,low,bfi_22,agreeableness,False,3,3,True,"{""openness"": 0.575, ""agreeableness"": 0.5, ""extraversion"": 0.53125, ""conscientiousness"": 0.5277777777777778, ""neuroticism"": 0.4375}"
prompt_as_pas_final,openness,low,bfi_23,conscientiousness,True,3,3,True,"{""openness"": 0.575, ""agreeableness"": 0.5, ""extraversion"": 0.53125, ""conscientiousness"": 0.5277777777777778, ""neuroticism"": 0.4375}"
prompt_as_pas_final,openness,low,bfi_24,neuroticism,True,4,4,True,"{""openness"": 0.575, ""agreeableness"": 0.5, ""extraversion"": 0.53125, ""conscientiousness"": 0.5277777777777778, ""neuroticism"": 0.4375}"
prompt_as_pas_final,openness,low,bfi_25,openness,False,3,3,True,"{""openness"": 0.575, ""agreeableness"": 0.5, ""extraversion"": 0.53125, ""conscientiousness"": 0.5277777777777778, ""neuroticism"": 0.4375}"
prompt_as_pas_final,openness,low,bfi_26,extraversion,False,3,3,True,"{""openness"": 0.575, ""agreeableness"": 0.5, ""extraversion"": 0.53125, ""conscientiousness"": 0.5277777777777778, ""neuroticism"": 0.4375}"
prompt_as_pas_final,openness,low,bfi_27,agreeableness,True,3,3,True,"{""openness"": 0.575, ""agreeableness"": 0.5, ""extraversion"": 0.53125, ""conscientiousness"": 0.5277777777777778, ""neuroticism"": 0.4375}"
prompt_as_pas_final,openness,low,bfi_28,conscientiousness,False,3,3,True,"{""openness"": 0.575, ""agreeableness"": 0.5, ""extraversion"": 0.53125, ""conscientiousness"": 0.5277777777777778, ""neuroticism"": 0.4375}"
prompt_as_pas_final,openness,low,bfi_29,neuroticism,False,3,3,True,"{""openness"": 0.575, ""agreeableness"": 0.5, ""extraversion"": 0.53125, ""conscientiousness"": 0.5277777777777778, ""neuroticism"": 0.4375}"
prompt_as_pas_final,openness,low,bfi_30,openness,False,4,4,True,"{""openness"": 0.575, ""agreeableness"": 0.5, ""extraversion"": 0.53125, ""conscientiousness"": 0.5277777777777778, ""neuroticism"": 0.4375}"
prompt_as_pas_final,openness,low,bfi_31,extraversion,True,3,3,True,"{""openness"": 0.575, ""agreeableness"": 0.5, ""extraversion"": 0.53125, ""conscientiousness"": 0.5277777777777778, ""neuroticism"": 0.4375}"
prompt_as_pas_final,openness,low,bfi_32,agreeableness,False,3,3,True,"{""openness"": 0.575, ""agreeableness"": 0.5, ""extraversion"": 0.53125, ""conscientiousness"": 0.5277777777777778, ""neuroticism"": 0.4375}"
prompt_as_pas_final,openness,low,bfi_33,conscientiousness,False,3,3,True,"{""openness"": 0.575, ""agreeableness"": 0.5, ""extraversion"": 0.53125, ""conscientiousness"": 0.5277777777777778, ""neuroticism"": 0.4375}"
prompt_as_pas_final,openness,low,bfi_34,neuroticism,True,4,4,True,"{""openness"": 0.575, ""agreeableness"": 0.5, ""extraversion"": 0.53125, ""conscientiousness"": 0.5277777777777778, ""neuroticism"": 0.4375}"
prompt_as_pas_final,openness,low,bfi_35,openness,True,3,3,True,"{""openness"": 0.575, ""agreeableness"": 0.5, ""extraversion"": 0.53125, ""conscientiousness"": 0.5277777777777778, ""neuroticism"": 0.4375}"
prompt_as_pas_final,openness,low,bfi_36,extraversion,False,4,4,True,"{""openness"": 0.575, ""agreeableness"": 0.5, ""extraversion"": 0.53125, ""conscientiousness"": 0.5277777777777778, ""neuroticism"": 0.4375}"
prompt_as_pas_final,openness,low,bfi_37,agreeableness,True,3,3,True,"{""openness"": 0.575, ""agreeableness"": 0.5, ""extraversion"": 0.53125, ""conscientiousness"": 0.5277777777777778, ""neuroticism"": 0.4375}"
prompt_as_pas_final,openness,low,bfi_38,conscientiousness,False,4,4,True,"{""openness"": 0.575, ""agreeableness"": 0.5, ""extraversion"": 0.53125, ""conscientiousness"": 0.5277777777777778, ""neuroticism"": 0.4375}"
prompt_as_pas_final,openness,low,bfi_39,neuroticism,False,3,3,True,"{""openness"": 0.575, ""agreeableness"": 0.5, ""extraversion"": 0.53125, ""conscientiousness"": 0.5277777777777778, ""neuroticism"": 0.4375}"
prompt_as_pas_final,openness,low,bfi_40,openness,False,4,4,True,"{""openness"": 0.575, ""agreeableness"": 0.5, ""extraversion"": 0.53125, ""conscientiousness"": 0.5277777777777778, ""neuroticism"": 0.4375}"
prompt_as_pas_final,openness,low,bfi_41,openness,True,3,3,True,"{""openness"": 0.575, ""agreeableness"": 0.5, ""extraversion"": 0.53125, ""conscientiousness"": 0.5277777777777778, ""neuroticism"": 0.4375}"
prompt_as_pas_final,openness,low,bfi_42,agreeableness,False,3,3,True,"{""openness"": 0.575, ""agreeableness"": 0.5, ""extraversion"": 0.53125, ""conscientiousness"": 0.5277777777777778, ""neuroticism"": 0.4375}"
prompt_as_pas_final,openness,low,bfi_43,conscientiousness,True,3,3,True,"{""openness"": 0.575, ""agreeableness"": 0.5, ""extraversion"": 0.53125, ""conscientiousness"": 0.5277777777777778, ""neuroticism"": 0.4375}"
prompt_as_pas_final,openness,low,bfi_44,openness,False,3,3,True,"{""openness"": 0.575, ""agreeableness"": 0.5, ""extraversion"": 0.53125, ""conscientiousness"": 0.5277777777777778, ""neuroticism"": 0.4375}"
prompt_as_pas_final,extraversion,high,bfi_01,extraversion,False,5,5,True,"{""openness"": 0.85, ""agreeableness"": 0.6666666666666666, ""extraversion"": 0.9375, ""conscientiousness"": 0.6388888888888888, ""neuroticism"": 0.40625}"
prompt_as_pas_final,extraversion,high,bfi_02,agreeableness,True,4,4,True,"{""openness"": 0.85, ""agreeableness"": 0.6666666666666666, ""extraversion"": 0.9375, ""conscientiousness"": 0.6388888888888888, ""neuroticism"": 0.40625}"
prompt_as_pas_final,extraversion,high,bfi_03,conscientiousness,False,3,3,True,"{""openness"": 0.85, ""agreeableness"": 0.6666666666666666, ""extraversion"": 0.9375, ""conscientiousness"": 0.6388888888888888, ""neuroticism"": 0.40625}"
prompt_as_pas_final,extraversion,high,bfi_04,neuroticism,False,3,3,True,"{""openness"": 0.85, ""agreeableness"": 0.6666666666666666, ""extraversion"": 0.9375, ""conscientiousness"": 0.6388888888888888, ""neuroticism"": 0.40625}"
prompt_as_pas_final,extraversion,high,bfi_05,openness,False,5,5,True,"{""openness"": 0.85, ""agreeableness"": 0.6666666666666666, ""extraversion"": 0.9375, ""conscientiousness"": 0.6388888888888888, ""neuroticism"": 0.40625}"
prompt_as_pas_final,extraversion,high,bfi_06,extraversion,True,1,1,True,"{""openness"": 0.85, ""agreeableness"": 0.6666666666666666, ""extraversion"": 0.9375, ""conscientiousness"": 0.6388888888888888, ""neuroticism"": 0.40625}"
prompt_as_pas_final,extraversion,high,bfi_07,agreeableness,False,5,5,True,"{""openness"": 0.85, ""agreeableness"": 0.6666666666666666, ""extraversion"": 0.9375, ""conscientiousness"": 0.6388888888888888, ""neuroticism"": 0.40625}"
prompt_as_pas_final,extraversion,high,bfi_08,conscientiousness,True,5,5,True,"{""openness"": 0.85, ""agreeableness"": 0.6666666666666666, ""extraversion"": 0.9375, ""conscientiousness"": 0.6388888888888888, ""neuroticism"": 0.40625}"
prompt_as_pas_final,extraversion,high,bfi_09,neuroticism,True,5,5,True,"{""openness"": 0.85, ""agreeableness"": 0.6666666666666666, ""extraversion"": 0.9375, ""conscientiousness"": 0.6388888888888888, ""neuroticism"": 0.40625}"
prompt_as_pas_final,extraversion,high,bfi_10,openness,False,5,5,True,"{""openness"": 0.85, ""agreeableness"": 0.6666666666666666, ""extraversion"": 0.9375, ""conscientiousness"": 0.6388888888888888, ""neuroticism"": 0.40625}"
prompt_as_pas_final,extraversion,high,bfi_11,extraversion,False,5,5,True,"{""openness"": 0.85, ""agreeableness"": 0.6666666666666666, ""extraversion"": 0.9375, ""conscientiousness"": 0.6388888888888888, ""neuroticism"": 0.40625}"
prompt_as_pas_final,extraversion,high,bfi_12,agreeableness,True,5,5,True,"{""openness"": 0.85, ""agreeableness"": 0.6666666666666666, ""extraversion"": 0.9375, ""conscientiousness"": 0.6388888888888888, ""neuroticism"": 0.40625}"
prompt_as_pas_final,extraversion,high,bfi_13,conscientiousness,False,4,4,True,"{""openness"": 0.85, ""agreeableness"": 0.6666666666666666, ""extraversion"": 0.9375, ""conscientiousness"": 0.6388888888888888, ""neuroticism"": 0.40625}"
prompt_as_pas_final,extraversion,high,bfi_14,neuroticism,False,1,1,True,"{""openness"": 0.85, ""agreeableness"": 0.6666666666666666, ""extraversion"": 0.9375, ""conscientiousness"": 0.6388888888888888, ""neuroticism"": 0.40625}"
prompt_as_pas_final,extraversion,high,bfi_15,openness,False,4,4,True,"{""openness"": 0.85, ""agreeableness"": 0.6666666666666666, ""extraversion"": 0.9375, ""conscientiousness"": 0.6388888888888888, ""neuroticism"": 0.40625}"
prompt_as_pas_final,extraversion,high,bfi_16,extraversion,False,5,5,True,"{""openness"": 0.85, ""agreeableness"": 0.6666666666666666, ""extraversion"": 0.9375, ""conscientiousness"": 0.6388888888888888, ""neuroticism"": 0.40625}"
prompt_as_pas_final,extraversion,high,bfi_17,agreeableness,False,5,5,True,"{""openness"": 0.85, ""agreeableness"": 0.6666666666666666, ""extraversion"": 0.9375, ""conscientiousness"": 0.6388888888888888, ""neuroticism"": 0.40625}"
prompt_as_pas_final,extraversion,high,bfi_18,conscientiousness,True,3,3,True,"{""openness"": 0.85, ""agreeableness"": 0.6666666666666666, ""extraversion"": 0.9375, ""conscientiousness"": 0.6388888888888888, ""neuroticism"": 0.40625}"
prompt_as_pas_final,extraversion,high,bfi_19,neuroticism,False,3,3,True,"{""openness"": 0.85, ""agreeableness"": 0.6666666666666666, ""extraversion"": 0.9375, ""conscientiousness"": 0.6388888888888888, ""neuroticism"": 0.40625}"
prompt_as_pas_final,extraversion,high,bfi_20,openness,False,5,5,True,"{""openness"": 0.85, ""agreeableness"": 0.6666666666666666, ""extraversion"": 0.9375, ""conscientiousness"": 0.6388888888888888, ""neuroticism"": 0.40625}"
prompt_as_pas_final,extraversion,high,bfi_21,extraversion,True,3,3,True,"{""openness"": 0.85, ""agreeableness"": 0.6666666666666666, ""extraversion"": 0.9375, ""conscientiousness"": 0.6388888888888888, ""neuroticism"": 0.40625}"
prompt_as_pas_final,extraversion,high,bfi_22,agreeableness,False,5,5,True,"{""openness"": 0.85, ""agreeableness"": 0.6666666666666666, ""extraversion"": 0.9375, ""conscientiousness"": 0.6388888888888888, ""neuroticism"": 0.40625}"
prompt_as_pas_final,extraversion,high,bfi_23,conscientiousness,True,3,3,True,"{""openness"": 0.85, ""agreeableness"": 0.6666666666666666, ""extraversion"": 0.9375, ""conscientiousness"": 0.6388888888888888, ""neuroticism"": 0.40625}"
prompt_as_pas_final,extraversion,high,bfi_24,neuroticism,True,4,4,True,"{""openness"": 0.85, ""agreeableness"": 0.6666666666666666, ""extraversion"": 0.9375, ""conscientiousness"": 0.6388888888888888, ""neuroticism"": 0.40625}"
prompt_as_pas_final,extraversion,high,bfi_25,openness,False,5,5,True,"{""openness"": 0.85, ""agreeableness"": 0.6666666666666666, ""extraversion"": 0.9375, ""conscientiousness"": 0.6388888888888888, ""neuroticism"": 0.40625}"
prompt_as_pas_final,extraversion,high,bfi_26,extraversion,False,5,5,True,"{""openness"": 0.85, ""agreeableness"": 0.6666666666666666, ""extraversion"": 0.9375, ""conscientiousness"": 0.6388888888888888, ""neuroticism"": 0.40625}"
prompt_as_pas_final,extraversion,high,bfi_27,agreeableness,True,1,1,True,"{""openness"": 0.85, ""agreeableness"": 0.6666666666666666, ""extraversion"": 0.9375, ""conscientiousness"": 0.6388888888888888, ""neuroticism"": 0.40625}"
prompt_as_pas_final,extraversion,high,bfi_28,conscientiousness,False,5,5,True,"{""openness"": 0.85, ""agreeableness"": 0.6666666666666666, ""extraversion"": 0.9375, ""conscientiousness"": 0.6388888888888888, ""neuroticism"": 0.40625}"
prompt_as_pas_final,extraversion,high,bfi_29,neuroticism,False,4,4,True,"{""openness"": 0.85, ""agreeableness"": 0.6666666666666666, ""extraversion"": 0.9375, ""conscientiousness"": 0.6388888888888888, ""neuroticism"": 0.40625}"
prompt_as_pas_final,extraversion,high,bfi_30,openness,False,5,5,True,"{""openness"": 0.85, ""agreeableness"": 0.6666666666666666, ""extraversion"": 0.9375, ""conscientiousness"": 0.6388888888888888, ""neuroticism"": 0.40625}"
prompt_as_pas_final,extraversion,high,bfi_31,extraversion,True,1,1,True,"{""openness"": 0.85, ""agreeableness"": 0.6666666666666666, ""extraversion"": 0.9375, ""conscientiousness"": 0.6388888888888888, ""neuroticism"": 0.40625}"
prompt_as_pas_final,extraversion,high,bfi_32,agreeableness,False,5,5,True,"{""openness"": 0.85, ""agreeableness"": 0.6666666666666666, ""extraversion"": 0.9375, ""conscientiousness"": 0.6388888888888888, ""neuroticism"": 0.40625}"
prompt_as_pas_final,extraversion,high,bfi_33,conscientiousness,False,4,4,True,"{""openness"": 0.85, ""agreeableness"": 0.6666666666666666, ""extraversion"": 0.9375, ""conscientiousness"": 0.6388888888888888, ""neuroticism"": 0.40625}"
prompt_as_pas_final,extraversion,high,bfi_34,neuroticism,True,4,4,True,"{""openness"": 0.85, ""agreeableness"": 0.6666666666666666, ""extraversion"": 0.9375, ""conscientiousness"": 0.6388888888888888, ""neuroticism"": 0.40625}"
prompt_as_pas_final,extraversion,high,bfi_35,openness,True,3,3,True,"{""openness"": 0.85, ""agreeableness"": 0.6666666666666666, ""extraversion"": 0.9375, ""conscientiousness"": 0.6388888888888888, ""neuroticism"": 0.40625}"
prompt_as_pas_final,extraversion,high,bfi_36,extraversion,False,5,5,True,"{""openness"": 0.85, ""agreeableness"": 0.6666666666666666, ""extraversion"": 0.9375, ""conscientiousness"": 0.6388888888888888, ""neuroticism"": 0.40625}"
prompt_as_pas_final,extraversion,high,bfi_37,agreeableness,True,5,5,True,"{""openness"": 0.85, ""agreeableness"": 0.6666666666666666, ""extraversion"": 0.9375, ""conscientiousness"": 0.6388888888888888, ""neuroticism"": 0.40625}"
prompt_as_pas_final,extraversion,high,bfi_38,conscientiousness,False,4,4,True,"{""openness"": 0.85, ""agreeableness"": 0.6666666666666666, ""extraversion"": 0.9375, ""conscientiousness"": 0.6388888888888888, ""neuroticism"": 0.40625}"
prompt_as_pas_final,extraversion,high,bfi_39,neuroticism,False,5,5,True,"{""openness"": 0.85, ""agreeableness"": 0.6666666666666666, ""extraversion"": 0.9375, ""conscientiousness"": 0.6388888888888888, ""neuroticism"": 0.40625}"
prompt_as_pas_final,extraversion,high,bfi_40,openness,False,4,4,True,"{""openness"": 0.85, ""agreeableness"": 0.6666666666666666, ""extraversion"": 0.9375, ""conscientiousness"": 0.6388888888888888, ""neuroticism"": 0.40625}"
prompt_as_pas_final,extraversion,high,bfi_41,openness,True,3,3,True,"{""openness"": 0.85, ""agreeableness"": 0.6666666666666666, ""extraversion"": 0.9375, ""conscientiousness"": 0.6388888888888888, ""neuroticism"": 0.40625}"
prompt_as_pas_final,extraversion,high,bfi_42,agreeableness,False,4,4,True,"{""openness"": 0.85, ""agreeableness"": 0.6666666666666666, ""extraversion"": 0.9375, ""conscientiousness"": 0.6388888888888888, ""neuroticism"": 0.40625}"
prompt_as_pas_final,extraversion,high,bfi_43,conscientiousness,True,1,1,True,"{""openness"": 0.85, ""agreeableness"": 0.6666666666666666, ""extraversion"": 0.9375, ""conscientiousness"": 0.6388888888888888, ""neuroticism"": 0.40625}"
prompt_as_pas_final,extraversion,high,bfi_44,openness,False,5,5,True,"{""openness"": 0.85, ""agreeableness"": 0.6666666666666666, ""extraversion"": 0.9375, ""conscientiousness"": 0.6388888888888888, ""neuroticism"": 0.40625}"
prompt_as_pas_final,extraversion,low,bfi_01,extraversion,False,3,3,True,"{""openness"": 0.5, ""agreeableness"": 0.5, ""extraversion"": 0.5, ""conscientiousness"": 0.5, ""neuroticism"": 0.46875}"
prompt_as_pas_final,extraversion,low,bfi_02,agreeableness,True,3,3,True,"{""openness"": 0.5, ""agreeableness"": 0.5, ""extraversion"": 0.5, ""conscientiousness"": 0.5, ""neuroticism"": 0.46875}"
prompt_as_pas_final,extraversion,low,bfi_03,conscientiousness,False,3,3,True,"{""openness"": 0.5, ""agreeableness"": 0.5, ""extraversion"": 0.5, ""conscientiousness"": 0.5, ""neuroticism"": 0.46875}"
prompt_as_pas_final,extraversion,low,bfi_04,neuroticism,False,3,3,True,"{""openness"": 0.5, ""agreeableness"": 0.5, ""extraversion"": 0.5, ""conscientiousness"": 0.5, ""neuroticism"": 0.46875}"
prompt_as_pas_final,extraversion,low,bfi_05,openness,False,3,3,True,"{""openness"": 0.5, ""agreeableness"": 0.5, ""extraversion"": 0.5, ""conscientiousness"": 0.5, ""neuroticism"": 0.46875}"
prompt_as_pas_final,extraversion,low,bfi_06,extraversion,True,3,3,True,"{""openness"": 0.5, ""agreeableness"": 0.5, ""extraversion"": 0.5, ""conscientiousness"": 0.5, ""neuroticism"": 0.46875}"
prompt_as_pas_final,extraversion,low,bfi_07,agreeableness,False,3,3,True,"{""openness"": 0.5, ""agreeableness"": 0.5, ""extraversion"": 0.5, ""conscientiousness"": 0.5, ""neuroticism"": 0.46875}"
prompt_as_pas_final,extraversion,low,bfi_08,conscientiousness,True,3,3,True,"{""openness"": 0.5, ""agreeableness"": 0.5, ""extraversion"": 0.5, ""conscientiousness"": 0.5, ""neuroticism"": 0.46875}"
prompt_as_pas_final,extraversion,low,bfi_09,neuroticism,True,3,3,True,"{""openness"": 0.5, ""agreeableness"": 0.5, ""extraversion"": 0.5, ""conscientiousness"": 0.5, ""neuroticism"": 0.46875}"
prompt_as_pas_final,extraversion,low,bfi_10,openness,False,3,3,True,"{""openness"": 0.5, ""agreeableness"": 0.5, ""extraversion"": 0.5, ""conscientiousness"": 0.5, ""neuroticism"": 0.46875}"
prompt_as_pas_final,extraversion,low,bfi_11,extraversion,False,3,3,True,"{""openness"": 0.5, ""agreeableness"": 0.5, ""extraversion"": 0.5, ""conscientiousness"": 0.5, ""neuroticism"": 0.46875}"
prompt_as_pas_final,extraversion,low,bfi_12,agreeableness,True,3,3,True,"{""openness"": 0.5, ""agreeableness"": 0.5, ""extraversion"": 0.5, ""conscientiousness"": 0.5, ""neuroticism"": 0.46875}"
prompt_as_pas_final,extraversion,low,bfi_13,conscientiousness,False,3,3,True,"{""openness"": 0.5, ""agreeableness"": 0.5, ""extraversion"": 0.5, ""conscientiousness"": 0.5, ""neuroticism"": 0.46875}"
prompt_as_pas_final,extraversion,low,bfi_14,neuroticism,False,3,3,True,"{""openness"": 0.5, ""agreeableness"": 0.5, ""extraversion"": 0.5, ""conscientiousness"": 0.5, ""neuroticism"": 0.46875}"
prompt_as_pas_final,extraversion,low,bfi_15,openness,False,3,3,True,"{""openness"": 0.5, ""agreeableness"": 0.5, ""extraversion"": 0.5, ""conscientiousness"": 0.5, ""neuroticism"": 0.46875}"
prompt_as_pas_final,extraversion,low,bfi_16,extraversion,False,3,3,True,"{""openness"": 0.5, ""agreeableness"": 0.5, ""extraversion"": 0.5, ""conscientiousness"": 0.5, ""neuroticism"": 0.46875}"
prompt_as_pas_final,extraversion,low,bfi_17,agreeableness,False,3,3,True,"{""openness"": 0.5, ""agreeableness"": 0.5, ""extraversion"": 0.5, ""conscientiousness"": 0.5, ""neuroticism"": 0.46875}"
prompt_as_pas_final,extraversion,low,bfi_18,conscientiousness,True,3,3,True,"{""openness"": 0.5, ""agreeableness"": 0.5, ""extraversion"": 0.5, ""conscientiousness"": 0.5, ""neuroticism"": 0.46875}"
prompt_as_pas_final,extraversion,low,bfi_19,neuroticism,False,3,3,True,"{""openness"": 0.5, ""agreeableness"": 0.5, ""extraversion"": 0.5, ""conscientiousness"": 0.5, ""neuroticism"": 0.46875}"
prompt_as_pas_final,extraversion,low,bfi_20,openness,False,3,3,True,"{""openness"": 0.5, ""agreeableness"": 0.5, ""extraversion"": 0.5, ""conscientiousness"": 0.5, ""neuroticism"": 0.46875}"
prompt_as_pas_final,extraversion,low,bfi_21,extraversion,True,3,3,True,"{""openness"": 0.5, ""agreeableness"": 0.5, ""extraversion"": 0.5, ""conscientiousness"": 0.5, ""neuroticism"": 0.46875}"
prompt_as_pas_final,extraversion,low,bfi_22,agreeableness,False,3,3,True,"{""openness"": 0.5, ""agreeableness"": 0.5, ""extraversion"": 0.5, ""conscientiousness"": 0.5, ""neuroticism"": 0.46875}"
prompt_as_pas_final,extraversion,low,bfi_23,conscientiousness,True,3,3,True,"{""openness"": 0.5, ""agreeableness"": 0.5, ""extraversion"": 0.5, ""conscientiousness"": 0.5, ""neuroticism"": 0.46875}"
prompt_as_pas_final,extraversion,low,bfi_24,neuroticism,True,4,4,True,"{""openness"": 0.5, ""agreeableness"": 0.5, ""extraversion"": 0.5, ""conscientiousness"": 0.5, ""neuroticism"": 0.46875}"
prompt_as_pas_final,extraversion,low,bfi_25,openness,False,3,3,True,"{""openness"": 0.5, ""agreeableness"": 0.5, ""extraversion"": 0.5, ""conscientiousness"": 0.5, ""neuroticism"": 0.46875}"
prompt_as_pas_final,extraversion,low,bfi_26,extraversion,False,3,3,True,"{""openness"": 0.5, ""agreeableness"": 0.5, ""extraversion"": 0.5, ""conscientiousness"": 0.5, ""neuroticism"": 0.46875}"
prompt_as_pas_final,extraversion,low,bfi_27,agreeableness,True,3,3,True,"{""openness"": 0.5, ""agreeableness"": 0.5, ""extraversion"": 0.5, ""conscientiousness"": 0.5, ""neuroticism"": 0.46875}"
prompt_as_pas_final,extraversion,low,bfi_28,conscientiousness,False,3,3,True,"{""openness"": 0.5, ""agreeableness"": 0.5, ""extraversion"": 0.5, ""conscientiousness"": 0.5, ""neuroticism"": 0.46875}"
prompt_as_pas_final,extraversion,low,bfi_29,neuroticism,False,3,3,True,"{""openness"": 0.5, ""agreeableness"": 0.5, ""extraversion"": 0.5, ""conscientiousness"": 0.5, ""neuroticism"": 0.46875}"
prompt_as_pas_final,extraversion,low,bfi_30,openness,False,3,3,True,"{""openness"": 0.5, ""agreeableness"": 0.5, ""extraversion"": 0.5, ""conscientiousness"": 0.5, ""neuroticism"": 0.46875}"
prompt_as_pas_final,extraversion,low,bfi_31,extraversion,True,3,3,True,"{""openness"": 0.5, ""agreeableness"": 0.5, ""extraversion"": 0.5, ""conscientiousness"": 0.5, ""neuroticism"": 0.46875}"
prompt_as_pas_final,extraversion,low,bfi_32,agreeableness,False,3,3,True,"{""openness"": 0.5, ""agreeableness"": 0.5, ""extraversion"": 0.5, ""conscientiousness"": 0.5, ""neuroticism"": 0.46875}"
prompt_as_pas_final,extraversion,low,bfi_33,conscientiousness,False,3,3,True,"{""openness"": 0.5, ""agreeableness"": 0.5, ""extraversion"": 0.5, ""conscientiousness"": 0.5, ""neuroticism"": 0.46875}"
prompt_as_pas_final,extraversion,low,bfi_34,neuroticism,True,3,3,True,"{""openness"": 0.5, ""agreeableness"": 0.5, ""extraversion"": 0.5, ""conscientiousness"": 0.5, ""neuroticism"": 0.46875}"
prompt_as_pas_final,extraversion,low,bfi_35,openness,True,3,3,True,"{""openness"": 0.5, ""agreeableness"": 0.5, ""extraversion"": 0.5, ""conscientiousness"": 0.5, ""neuroticism"": 0.46875}"
prompt_as_pas_final,extraversion,low,bfi_36,extraversion,False,3,3,True,"{""openness"": 0.5, ""agreeableness"": 0.5, ""extraversion"": 0.5, ""conscientiousness"": 0.5, ""neuroticism"": 0.46875}"
prompt_as_pas_final,extraversion,low,bfi_37,agreeableness,True,3,3,True,"{""openness"": 0.5, ""agreeableness"": 0.5, ""extraversion"": 0.5, ""conscientiousness"": 0.5, ""neuroticism"": 0.46875}"
prompt_as_pas_final,extraversion,low,bfi_38,conscientiousness,False,3,3,True,"{""openness"": 0.5, ""agreeableness"": 0.5, ""extraversion"": 0.5, ""conscientiousness"": 0.5, ""neuroticism"": 0.46875}"
prompt_as_pas_final,extraversion,low,bfi_39,neuroticism,False,3,3,True,"{""openness"": 0.5, ""agreeableness"": 0.5, ""extraversion"": 0.5, ""conscientiousness"": 0.5, ""neuroticism"": 0.46875}"
prompt_as_pas_final,extraversion,low,bfi_40,openness,False,3,3,True,"{""openness"": 0.5, ""agreeableness"": 0.5, ""extraversion"": 0.5, ""conscientiousness"": 0.5, ""neuroticism"": 0.46875}"
prompt_as_pas_final,extraversion,low,bfi_41,openness,True,3,3,True,"{""openness"": 0.5, ""agreeableness"": 0.5, ""extraversion"": 0.5, ""conscientiousness"": 0.5, ""neuroticism"": 0.46875}"
prompt_as_pas_final,extraversion,low,bfi_42,agreeableness,False,3,3,True,"{""openness"": 0.5, ""agreeableness"": 0.5, ""extraversion"": 0.5, ""conscientiousness"": 0.5, ""neuroticism"": 0.46875}"
prompt_as_pas_final,extraversion,low,bfi_43,conscientiousness,True,3,3,True,"{""openness"": 0.5, ""agreeableness"": 0.5, ""extraversion"": 0.5, ""conscientiousness"": 0.5, ""neuroticism"": 0.46875}"
prompt_as_pas_final,extraversion,low,bfi_44,openness,False,3,3,True,"{""openness"": 0.5, ""agreeableness"": 0.5, ""extraversion"": 0.5, ""conscientiousness"": 0.5, ""neuroticism"": 0.46875}"
