scenario_id,trait,target_direction,condition,prompt_style,loglik_selected_action,loglik_selected_direction,action_ids,action_texts,action_directions,action_logliks,action_normalized_logliks,action_softmax_probs,trait_score,trait_target_score,trait_target_attainment
trait_agreeableness_00701,agreeableness,high,as_pas_only,none,trait_agreeableness_00701_act_002,high,"['trait_agreeableness_00701_act_001', 'trait_agreeableness_00701_act_002', 'trait_agreeableness_00701_act_003', 'trait_agreeableness_00701_act_004']","['You could propose a meeting to discuss the strengths of each theme and consider blending elements of both to please a wider audience.', 'Maybe consult with other team members for their opinions to see if a consensus can be achieved that respects both perspectives.', 'Stick to presenting clear, data-backed arguments on why a cultural heritage theme could draw more interest and community engagement.', 'Insist on setting clear objectives for the event and demonstrate how your theme aligns better with those goals compared to a modern tech theme.']","['high', 'high', 'low', 'low']","[-6.140625, -0.8134765625, -3.220703125, -7.21875]","[-0.255859375, -0.03697620738636364, -0.1463955965909091, -0.2673611111111111]","[0.22994165122509003, 0.28620511293411255, 0.2565412223339081, 0.22731207311153412]",0.5161467333944599,0.5161467333944599,0.016146733394459933
trait_agreeableness_00702,agreeableness,high,as_pas_only,none,trait_agreeableness_00702_act_002,high,"['trait_agreeableness_00702_act_001', 'trait_agreeableness_00702_act_002', 'trait_agreeableness_00702_act_003', 'trait_agreeableness_00702_act_004']","['Clearly communicate to your supervisor the unrealistic nature of the additional workload and negotiate down the responsibilities.', 'Consider discussing a phased approach with your boss to gradually integrate the new project while maintaining balance with your current tasks.', 'Prioritize your tasks and cut down on the least essential ones; put focus only on what genuinely requires your expertise.', 'You could ask for support from your team or colleagues to help manage the workload more efficiently.']","['low', 'high', 'low', 'high']","[-0.8330078125, -0.66650390625, -3.2578125, -10.671875]","[-0.04627821180555555, -0.030295632102272728, -0.14164402173913043, -0.5928819444444444]","[0.2853828966617584, 0.2899807095527649, 0.2594245970249176, 0.1652117520570755]",0.45519248195853,0.45519248195853,-0.044807518041469985
trait_agreeableness_00703,agreeableness,high,as_pas_only,none,trait_agreeableness_00703_act_004,low,"['trait_agreeableness_00703_act_001', 'trait_agreeableness_00703_act_002', 'trait_agreeableness_00703_act_003', 'trait_agreeableness_00703_act_004']","['Consider setting aside a portion of your bonus for your vacation and donate a portion to your friend to ease their burden.', 'Invest the bonus in a personal savings or retirement fund to ensure your future financial stability.', 'You could offer to help your friend cover some of their medical expenses with part of your bonus.', 'Use the bonus for the vacation you’ve been planning, as personal relaxation and fulfillment are important.']","['high', 'low', 'high', 'low']","[-3.88671875, -1.7705078125, -4.6953125, -0.34716796875]","[-0.16898777173913043, -0.10414751838235294, -0.2471217105263158, -0.018271998355263157]","[0.24070313572883606, 0.2568274736404419, 0.22261200845241547, 0.2798573672771454]",0.4633151510851853,0.4633151510851853,-0.036684848914814716
trait_agreeableness_00704,agreeableness,high,as_pas_only,none,trait_agreeableness_00704_act_001,low,"['trait_agreeableness_00704_act_001', 'trait_agreeableness_00704_act_002', 'trait_agreeableness_00704_act_003', 'trait_agreeableness_00704_act_004']","['Challenge the team to justify the strategy with data or precedents, given its similarity to past unsuccessful attempts.', 'Directly state the issues and shortcomings you foresee with the agreed strategy to ensure they are aware of the potential risks.', 'Maybe suggest setting up a small trial run of the strategy first, to demonstrate the outcomes before fully committing.', 'You could gently express your concerns and propose discussing alternative strategies that could prevent potential issues.']","['low', 'low', 'high', 'high']","[-1.5625, -1.796875, -2.15625, -2.6875]","[-0.0744047619047619, -0.078125, -0.10267857142857142, -0.15808823529411764]","[0.2571929693222046, 0.2562379240989685, 0.2500229775905609, 0.2365461140871048]",0.4865690989281103,0.4865690989281103,-0.013430901071889711
trait_agreeableness_00705,agreeableness,high,as_pas_only,none,trait_agreeableness_00705_act_001,high,"['trait_agreeableness_00705_act_001', 'trait_agreeableness_00705_act_002', 'trait_agreeableness_00705_act_003', 'trait_agreeableness_00705_act_004']","['You could consider politely reaching out to the rental agency to express your concerns and ask for possible solutions or compensation.', 'Maybe try to calmly discuss the discrepancies with the agency, highlighting the missing amenities and differences in the property, and request an amicable resolution.', 'Demand an immediate response from the rental agency and insist on a partial refund or relocation to a property that matches the initial description.', 'Send a firm email to the agency detailing every issue, and make it clear you expect swift action or you will consider legal advice.']","['high', 'high', 'low', 'low']","[-0.292724609375, -1.3955078125, -21.671875, -14.5390625]","[-0.0133056640625, -0.049839564732142856, -0.866875, -0.5591947115384616]","[0.33677470684051514, 0.32469305396080017, 0.14342966675758362, 0.1951025128364563]",0.6614678002278686,0.6614678002278686,0.16146780022786855
trait_agreeableness_00706,agreeableness,high,as_pas_only,none,trait_agreeableness_00706_act_002,high,"['trait_agreeableness_00706_act_001', 'trait_agreeableness_00706_act_002', 'trait_agreeableness_00706_act_003', 'trait_agreeableness_00706_act_004']","['Directly confront Marybella in your next team meeting by highlighting specific instances where your ideas were dismissed and demand a justification.', 'Consider asking Marybella for a private meeting to express how valuable you feel contributions from all team members are, including yours.', 'Email the whole team including your manager outlining how the dismissal of ideas by any team member, including Marybella, negatively impacts project creativity and ask for more structured discussion protocols.', 'Maybe propose a team brainstorming session where everyone submits one idea anonymously to ensure each thought is considered without bias.']","['low', 'high', 'low', 'high']","[-3.142578125, -0.11236572265625, -4.26953125, -7.36328125]","[-0.125703125, -0.00449462890625, -0.12198660714285714, -0.3346946022727273]","[0.25355061888694763, 0.2862232029438019, 0.25449469685554504, 0.20573151111602783]",0.49195469939843717,0.49195469939843717,-0.008045300601562833
trait_agreeableness_00707,agreeableness,high,as_pas_only,none,trait_agreeableness_00707_act_002,low,"['trait_agreeableness_00707_act_001', 'trait_agreeableness_00707_act_002', 'trait_agreeableness_00707_act_003', 'trait_agreeableness_00707_act_004']","['Perhaps eat a healthy meal before the party to lessen your cravings and politely sample very small amounts of your favorite foods.', 'Just say no to the unhealthy options and stick firmly to your diet plan; it’s about your health after all.', 'You could bring a dish to share that fits your diet so you have a healthy option available and still enjoy the party.', 'Ignore the offerings and focus on socializing, not eating; you’re there for your friend, not the food.']","['high', 'low', 'high', 'low']","[-3.302734375, -0.5537109375, -1.662109375, -12.9296875]","[-0.14359714673913043, -0.02407438858695652, -0.06925455729166667, -0.5621603260869565]","[0.2589247226715088, 0.2917975187301636, 0.27890744805336, 0.17037028074264526]",0.537832186753517,0.537832186753517,0.03783218675351696
trait_agreeableness_00708,agreeableness,high,as_pas_only,none,trait_agreeableness_00708_act_001,low,"['trait_agreeableness_00708_act_001', 'trait_agreeableness_00708_act_002', 'trait_agreeableness_00708_act_003', 'trait_agreeableness_00708_act_004']","['Simply note the achievement directly to Nazareth and mention that you noticed the milestone, encouraging them to own their success publicly.', ""Challenge Nazareth in a light-hearted manner about why they haven't boasted about their success yet, to push them out of their comfort zone."", 'Encourage mutual friends or coworkers to subtly acknowledge the achievement, fostering a supportive environment without overwhelming Nazareth.', 'Quietly congratulate Nazareth in a personal message to show your support and respect for their privacy.']","['low', 'low', 'high', 'high']","[-0.0171966552734375, -13.3046875, -4.22265625, -7.15625]","[-0.0007165273030598959, -0.4751674107142857, -0.20107886904761904, -0.37664473684210525]","[0.3197633624076843, 0.19896528124809265, 0.2617052495479584, 0.21956603229045868]",0.48127131769592446,0.48127131769592446,-0.01872868230407554
trait_agreeableness_00709,agreeableness,high,as_pas_only,none,trait_agreeableness_00709_act_001,high,"['trait_agreeableness_00709_act_001', 'trait_agreeableness_00709_act_002', 'trait_agreeableness_00709_act_003', 'trait_agreeableness_00709_act_004']","['Consider politely telling Zacharyah that his advances are making you uncomfortable and you would like to keep your relationship professional.', 'Maybe talk to a trusted colleague or a supervisor for advice on how to approach Zacharyah about this sensitive issue.', 'Directly tell Zacharyah to stop the advances, asserting that they are inappropriate and unwelcome at the workplace.', 'If speaking to him directly doesn’t work, report the behavior to your HR department to handle it formally.']","['high', 'high', 'low', 'low']","[-0.003509521484375, -6.06640625, -7.11328125, -13.5625]","[-0.000152587890625, -0.26375679347826086, -0.309273097826087, -0.6458333333333334]","[0.33039551973342896, 0.2538354694843292, 0.24254080653190613, 0.1732281893491745]",0.5842309979234784,0.5842309979234784,0.08423099792347843
trait_agreeableness_00710,agreeableness,high,as_pas_only,none,trait_agreeableness_00710_act_002,high,"['trait_agreeableness_00710_act_001', 'trait_agreeableness_00710_act_002', 'trait_agreeableness_00710_act_003', 'trait_agreeableness_00710_act_004']","['Demand an explanation as to why you were excluded from the discussion, asserting your right to know what concerns your family.', 'Approach a family member gently and express that you would appreciate being included in the conversation as it would help you cope better with the group.', 'Confront the family decisively about the secrecy, making it clear that you expect transparency in future matters.', 'Politely express to your family that you feel left out and assure them that you are capable of handling the situation more calmly with their support.']","['low', 'high', 'low', 'high']","[-14.40625, -0.0025424957275390625, -9.625, -6.17578125]","[-0.626358695652174, -9.08034188406808e-05, -0.4583333333333333, -0.22056361607142858]","[0.1800478845834732, 0.3368004858493805, 0.2129906266927719, 0.270160973072052]",0.6069614770102941,0.6069614770102941,0.10696147701029413
trait_agreeableness_00711,agreeableness,high,as_pas_only,none,trait_agreeableness_00711_act_002,low,"['trait_agreeableness_00711_act_001', 'trait_agreeableness_00711_act_002', 'trait_agreeableness_00711_act_003', 'trait_agreeableness_00711_act_004']","['Perhaps you might weigh the emotional costs against the professional gains and decide if the move aligns with your long-term personal happiness and career goals.', 'Take the job; advancing in your career is a priority, and the significant pay increase justifies the move.', 'You could consider accepting the job and finding ways to maintain strong relationships with your family and friends through regular visits and digital communication.', 'Move to the new city; it’s a valuable opportunity for professional growth, and personal relationships can adapt if they’re truly important.']","['high', 'low', 'high', 'low']","[-12.3125, -0.02520751953125, -10.921875, -7.203125]","[-0.43973214285714285, -0.0011457963423295455, -0.436875, -0.2770432692307692]","[0.21141445636749268, 0.32780101895332336, 0.21201936900615692, 0.24876515567302704]",0.4234338253736496,0.4234338253736496,-0.0765661746263504
trait_agreeableness_00712,agreeableness,high,as_pas_only,none,trait_agreeableness_00712_act_004,high,"['trait_agreeableness_00712_act_001', 'trait_agreeableness_00712_act_002', 'trait_agreeableness_00712_act_003', 'trait_agreeableness_00712_act_004']","['Consider leveraging your time on more personal meetings where you can have genuine interactions, rather than a large industry event.', 'Skip the dinner if it really goes against your preferences and focus on networking in ways that make you feel comfortable.', 'You might find it rewarding to go and connect with a few people, making the experience more manageable and meaningful for you.', 'Consider attending the dinner to nurture relationships that could be beneficial for future collaborations or opportunities.']","['low', 'low', 'high', 'high']","[-5.7265625, -2.958984375, -1.2744140625, -0.4462890625]","[-0.26029829545454547, -0.13449928977272727, -0.0531005859375, -0.026252297794117647]","[0.21607686579227448, 0.24504287540912628, 0.2658233046531677, 0.27305689454078674]",0.5388802313137192,0.5388802313137192,0.038880231313719205
trait_agreeableness_00713,agreeableness,high,as_pas_only,none,trait_agreeableness_00713_act_002,high,"['trait_agreeableness_00713_act_001', 'trait_agreeableness_00713_act_002', 'trait_agreeableness_00713_act_003', 'trait_agreeableness_00713_act_004']","[""You could accept the nomination gracefully as it honors not just your work but also your team's effort."", 'Perhaps you might consider a compromise by accepting the nomination and requesting a more low-key acknowledgment at the ceremony.', 'Decline the nomination if it makes you uncomfortable; maintaining your personal comfort is more important than external recognition.', 'You might just let them know that while you appreciate the gesture, you prefer achievements to be celebrated internally rather than publicly.']","['high', 'high', 'low', 'low']","[-3.75390625, -0.71923828125, -9.6640625, -1.033203125]","[-0.1876953125, -0.03424944196428571, -0.4601934523809524, -0.043050130208333336]","[0.244921013712883, 0.2855398654937744, 0.18650120496749878, 0.2830379605293274]",0.5304608554932093,0.5304608554932093,0.030460855493209316
trait_agreeableness_00714,agreeableness,high,as_pas_only,none,trait_agreeableness_00714_act_002,high,"['trait_agreeableness_00714_act_001', 'trait_agreeableness_00714_act_002', 'trait_agreeableness_00714_act_003', 'trait_agreeableness_00714_act_004']","['Just let them know that your current responsibilities cannot be set aside, and you must prioritize completing your pending work this weekend.', 'You might consider delegating some of your tasks or rescheduling commitments so you can join your friends and maintain those cherished relationships.', 'Suggest an alternate weekend for the getaway when you are less busy, demonstrating your interest while staying committed to your personal obligations.', 'Perhaps you could work a few extra hours before the weekend to clear up some urgent tasks, allowing you to enjoy the getaway without worries.']","['low', 'high', 'low', 'high']","[-14.515625, -0.278564453125, -1.49609375, -4.16796875]","[-0.6048177083333334, -0.011142578125, -0.05984375, -0.15436921296296297]","[0.16382136940956116, 0.2966199815273285, 0.2825203537940979, 0.25703832507133484]",0.5536582900983604,0.5536582900983604,0.05365829009836043
trait_agreeableness_00715,agreeableness,high,as_pas_only,none,trait_agreeableness_00715_act_001,high,"['trait_agreeableness_00715_act_001', 'trait_agreeableness_00715_act_002', 'trait_agreeableness_00715_act_003', 'trait_agreeableness_00715_act_004']","['Suggest a team coffee break for everyone to refresh and help Ulisess feel less isolated in his stress.', 'Advise Ulisess to delegate some tasks to others to manage his workload better, which might alleviate his stress.', 'Offer to take a short walk with Ulisess during lunch, allowing for a change of scenery and a physical break from work.', 'Recommend that Ulisess reevaluate his project timeline and priorities, possibly pushing back less critical tasks.']","['high', 'low', 'high', 'low']","[-0.0980224609375, -4.19140625, -2.59765625, -5.80078125]","[-0.00445556640625, -0.18223505434782608, -0.09990985576923077, -0.2900390625]","[0.28590521216392517, 0.2393389642238617, 0.2598763704299927, 0.2148793786764145]",0.5457816232578175,0.5457816232578175,0.04578162325781754
trait_agreeableness_00716,agreeableness,high,as_pas_only,none,trait_agreeableness_00716_act_003,high,"['trait_agreeableness_00716_act_001', 'trait_agreeableness_00716_act_002', 'trait_agreeableness_00716_act_003', 'trait_agreeableness_00716_act_004']","['Decline the invitation as your workload and commitments cannot be compromised for additional social events.', 'Skip the ball; prioritize completing your major project and maintaining your current commitments.', ""Maybe you could go to the ball with Ranvir but let him know in advance that you'll need to leave early to manage your other commitments."", 'Consider attending the charity ball for just a short time to show support before focusing back on your project.']","['low', 'low', 'high', 'high']","[-6.390625, -4.0234375, -0.078125, -5.3359375]","[-0.3759191176470588, -0.2682291666666667, -0.0026939655172413795, -0.266796875]","[0.21361073851585388, 0.2378987967967987, 0.3102506697177887, 0.23823978006839752]",0.5484904579593309,0.5484904579593309,0.048490457959330935
trait_agreeableness_00717,agreeableness,high,as_pas_only,none,trait_agreeableness_00717_act_003,low,"['trait_agreeableness_00717_act_001', 'trait_agreeableness_00717_act_002', 'trait_agreeableness_00717_act_003', 'trait_agreeableness_00717_act_004']","['Consider crafting homemade gifts, which can be both meaningful and budget-friendly.', 'You might also think about baking treats to bring to the parties, as this is an affordable and heartfelt alternative to traditional gifts.', 'Just opt out of gift-giving and explain your financial situation honestly if anyone asks.', 'Alternatively, buy a single bulk gift item that you can split among the various parties to minimize costs.']","['high', 'high', 'low', 'low']","[-1.9560546875, -6.47265625, -0.177001953125, -9.59375]","[-0.13971819196428573, -0.25890625, -0.010411879595588236, -0.4796875]","[0.26756057143211365, 0.23749767243862152, 0.3044942617416382, 0.19044749438762665]",0.5050582438707352,0.5050582438707352,0.0050582438707351685
trait_agreeableness_00718,agreeableness,high,as_pas_only,none,trait_agreeableness_00718_act_001,low,"['trait_agreeableness_00718_act_001', 'trait_agreeableness_00718_act_002', 'trait_agreeableness_00718_act_003', 'trait_agreeableness_00718_act_004']","[""You should remain neutral, not laughing or reacting, to clearly indicate that such jokes aren't suitable for the workplace."", ""You might offer a light smile to acknowledge Geordie's attempt at humor without encouraging the nature of the joke."", 'Address Geordie later in private, suggesting that he consider the timing and content of his jokes more carefully in the future.', 'Perhaps gently change the subject to help move the conversation away from the joke and towards more appropriate meeting topics.']","['low', 'high', 'low', 'high']","[-0.02490234375, -3.7421875, -9.265625, -7.546875]","[-0.001082710597826087, -0.16270380434782608, -0.370625, -0.359375]","[0.30857694149017334, 0.2625260055065155, 0.2132422775030136, 0.21565477550029755]",0.47818078100681305,0.47818078100681305,-0.02181921899318695
trait_agreeableness_00719,agreeableness,high,as_pas_only,none,trait_agreeableness_00719_act_002,low,"['trait_agreeableness_00719_act_001', 'trait_agreeableness_00719_act_002', 'trait_agreeableness_00719_act_003', 'trait_agreeableness_00719_act_004']","['You might consider asking her if there’s anything specific you can do to help, showing your support goes beyond just professional boundaries.', 'Evaluate if sending flowers could set a precedent you’re uncomfortable with; maintaining professional boundaries is crucial.', 'Sending a thoughtful card along with the flowers can express your support and empathy during her difficult times.', 'Consider simply acknowledging her situation verbally when appropriate, which keeps the support subtle and professional.']","['high', 'low', 'high', 'low']","[-11.328125, -0.974609375, -2.259765625, -2.26953125]","[-0.453125, -0.051295230263157895, -0.11893503289473684, -0.13350183823529413]","[0.18982630968093872, 0.2837062180042267, 0.2651509940624237, 0.26131659746170044]",0.4549772495058477,0.4549772495058477,-0.045022750494152275
trait_agreeableness_00720,agreeableness,high,as_pas_only,none,trait_agreeableness_00720_act_003,high,"['trait_agreeableness_00720_act_001', 'trait_agreeableness_00720_act_002', 'trait_agreeableness_00720_act_003', 'trait_agreeableness_00720_act_004']","['Suggest that Shandel looks into affordable financing or leasing options for a new laptop instead of giving yours away.', 'Keep the laptop for yourself since it could be useful for your future needs, and Shandel can explore other options to acquire one.', 'Consider surprising Shandel with the laptop, making it a heartfelt gesture to help them succeed in their projects.', 'You could gift the laptop to Shandel, as it would really boost their productivity and show how much you support their endeavors.']","['low', 'low', 'high', 'high']","[-2.806640625, -13.2734375, -0.30712890625, -2.134765625]","[-0.12757457386363635, -0.5105168269230769, -0.014625186011904762, -0.085390625]","[0.26011091470718384, 0.17735721170902252, 0.2912137508392334, 0.27131813764572144]",0.5625318801025766,0.5625318801025766,0.0625318801025766
trait_agreeableness_00721,agreeableness,high,as_pas_only,none,trait_agreeableness_00721_act_001,high,"['trait_agreeableness_00721_act_001', 'trait_agreeableness_00721_act_002', 'trait_agreeableness_00721_act_003', 'trait_agreeableness_00721_act_004']","['You might consider gently expressing to Loujain how much effort and care you put into looking after their cat, which could naturally lead them to offer some form of gratitude.', 'Perhaps you could ask Loujain if they’d be willing to cover the costs you incurred while caring for their pet, as a kind gesture of appreciation.', 'Directly ask Loujain for a compensation for the expenses and time you invested in taking care of the cat, emphasizing that it is only fair.', 'Tell Loujain that taking care of their cat involved certain costs and effort on your part, and it would be reasonable to expect some form of compensation for your troubles.']","['high', 'high', 'low', 'low']","[-0.09881591796875, -4.17578125, -2.740234375, -5.08203125]","[-0.002906350528492647, -0.13470262096774194, -0.09134114583333333, -0.14947150735294118]","[0.27355653047561646, 0.23977765440940857, 0.2504034638404846, 0.23626242578029633]",0.5133341466386507,0.5133341466386507,0.013334146638650735
trait_agreeableness_00722,agreeableness,high,as_pas_only,none,trait_agreeableness_00722_act_002,high,"['trait_agreeableness_00722_act_001', 'trait_agreeableness_00722_act_002', 'trait_agreeableness_00722_act_003', 'trait_agreeableness_00722_act_004']","['Politely decline, explaining that you already have commitments to your personal health this weekend.', 'Offer to help Nazair for a few hours on one day of the weekend so you can also have time for your relaxation.', 'Suggest that Nazair asks other friends who might not already have plans, as your weekend is already booked for personal time.', ""Suggest that Nazair could hire professional movers and you'll provide support by organizing meals or refreshments for everyone on the moving day.""]","['low', 'high', 'low', 'high']","[-6.234375, -0.00664520263671875, -8.140625, -5.515625]","[-0.36672794117647056, -0.00026580810546875, -0.325625, -0.2042824074074074]","[0.21454782783985138, 0.3095113933086395, 0.22355014085769653, 0.25239071249961853]",0.5619020639432919,0.5619020639432919,0.061902063943291896
trait_agreeableness_00723,agreeableness,high,as_pas_only,none,trait_agreeableness_00723_act_003,high,"['trait_agreeableness_00723_act_001', 'trait_agreeableness_00723_act_002', 'trait_agreeableness_00723_act_003', 'trait_agreeableness_00723_act_004']","[""Maybe express to Tavleen how you're feeling and ask if she's open to the idea of ordering a ride for you, so she can continue enjoying the party."", 'Tell Tavleen directly that you need to leave for your own comfort, regardless of her having fun.', 'You could suggest a compromise to Tavleen; perhaps staying just a bit longer to meet her happiness, then leaving together.', 'Inform Tavleen that you are calling a taxi for yourself because you want to leave now.']","['high', 'low', 'high', 'low']","[-1.5107421875, -2.44140625, -0.72900390625, -2.837890625]","[-0.04443359375, -0.11625744047619048, -0.02916015625, -0.1493626644736842]","[0.25997835397720337, 0.24196051061153412, 0.26397958397865295, 0.2340814769268036]",0.5239579769937677,0.5239579769937677,0.02395797699376767
trait_agreeableness_00724,agreeableness,high,as_pas_only,none,trait_agreeableness_00724_act_004,high,"['trait_agreeableness_00724_act_001', 'trait_agreeableness_00724_act_002', 'trait_agreeableness_00724_act_003', 'trait_agreeableness_00724_act_004']","['Suggest that Josalyn finds an alternative or waits for another time when you are less occupied.', 'Keep your business appointment as planned; it’s important to prioritize commitments that impact your professional goals.', 'Perhaps offer to help Josalyn after your business appointment, blending commitment with your supportive nature.', ""You might consider rescheduling the business appointment if Josalyn's request could foster a supportive relationship.""]","['low', 'low', 'high', 'high']","[-6.83203125, -15.953125, -1.33203125, -0.41015625]","[-0.3416015625, -0.8396381578947368, -0.07010690789473684, -0.0205078125]","[0.23265112936496735, 0.14138737320899963, 0.3052205741405487, 0.3207409381866455]",0.6259615029996409,0.6259615029996409,0.12596150299964093
trait_agreeableness_00725,agreeableness,high,as_pas_only,none,trait_agreeableness_00725_act_001,high,"['trait_agreeableness_00725_act_001', 'trait_agreeableness_00725_act_002', 'trait_agreeableness_00725_act_003', 'trait_agreeableness_00725_act_004']","[""Apologize sincerely to Webber for the comment and ask them how they feel or if there's anything they'd like to talk about."", 'Express your regret over the upsetting comment, then gently shift the conversation towards a topic that Webber enjoys to lighten the mood.', 'Clarify your comment to Webber, explaining your point of view so they understand your perspective better.', 'Ask Webber to explain why your comment upset them, which can lead to a clearer understanding on both sides.']","['high', 'high', 'low', 'low']","[-0.6982421875, -0.69775390625, -6.44140625, -7.4453125]","[-0.024937220982142856, -0.02791015625, -0.3220703125, -0.33842329545454547]","[0.2881121039390564, 0.2872568368911743, 0.2140514850616455, 0.21057957410812378]",0.5753689408302307,0.5753689408302307,0.07536894083023071
trait_agreeableness_00726,agreeableness,high,as_pas_only,none,trait_agreeableness_00726_act_002,high,"['trait_agreeableness_00726_act_001', 'trait_agreeableness_00726_act_002', 'trait_agreeableness_00726_act_003', 'trait_agreeableness_00726_act_004']","['Suggest that Stevielynn should speak to a financial advisor to better manage her expenses and debt.', 'Offer to help Stevielynn by covering some of her medical expenses or by lending her money if that feels right to you.', 'Advise Stevielynn to negotiate the bills or seek cheaper medical alternatives for future treatments.', 'Consider providing support by helping Stevielynn find financial aid programs or charities that assist with medical bills.']","['low', 'high', 'low', 'high']","[-8.015625, -0.0027866363525390625, -6.28515625, -8.28125]","[-0.38169642857142855, -0.0001071783212515024, -0.3307976973684211, -0.3943452380952381]","[0.22201214730739594, 0.32516130805015564, 0.2336048036813736, 0.21922166645526886]",0.5443830150651198,0.5443830150651198,0.04438301506511977
trait_agreeableness_00727,agreeableness,high,as_pas_only,none,trait_agreeableness_00727_act_003,high,"['trait_agreeableness_00727_act_001', 'trait_agreeableness_00727_act_002', 'trait_agreeableness_00727_act_003', 'trait_agreeableness_00727_act_004']","['Consider starting with the positive aspects of the policy, then transition into your concerns, ensuring you maintain a respectful tone throughout.', 'Directly challenge the policy by presenting strong, logical arguments against it and demand a review from management.', 'You could express your concerns by highlighting how the policy impacts team morale, and gently suggest possible alternatives that could benefit everyone.', ""Question the policy's fairness and effectiveness in the meeting, and push for an immediate reconsideration by presenting the overall dissatisfaction of your colleagues.""]","['high', 'low', 'high', 'low']","[-2.61328125, -8.09375, -1.0029296875, -5.22265625]","[-0.10888671875, -0.4046875, -0.041788736979166664, -0.19343171296296297]","[0.26793372631073, 0.19932542741298676, 0.2865283787250519, 0.2462124079465866]",0.5544621380843007,0.5544621380843007,0.05446213808430067
trait_agreeableness_00728,agreeableness,high,as_pas_only,none,trait_agreeableness_00728_act_004,high,"['trait_agreeableness_00728_act_001', 'trait_agreeableness_00728_act_002', 'trait_agreeableness_00728_act_003', 'trait_agreeableness_00728_act_004']","[""Propose a formal vote on the project during the next team meeting to decisively address and move beyond Kashtin's opposition."", ""Firmly defend your project's merits in the next meeting, showcasing robust evidence and data to counter his objections."", 'Consider inviting Kashtin to co-present the project, integrating his viewpoints to strengthen the proposal.', 'Schedule a one-on-one meeting with Kashtin to understand his concerns and discuss potential compromises.']","['low', 'low', 'high', 'high']","[-3.337890625, -1.3408203125, -1.7158203125, -0.66796875]","[-0.12838040865384615, -0.05829653532608696, -0.0903063322368421, -0.03515625]","[0.23757968842983246, 0.2548275291919708, 0.24679972231388092, 0.2607930600643158]",0.5075927823781967,0.5075927823781967,0.007592782378196716
trait_agreeableness_00729,agreeableness,high,as_pas_only,none,trait_agreeableness_00729_act_001,high,"['trait_agreeableness_00729_act_001', 'trait_agreeableness_00729_act_002', 'trait_agreeableness_00729_act_003', 'trait_agreeableness_00729_act_004']","['Offer to spend time with Janely, perhaps going for a walk or watching a movie together to help her feel less alone.', 'Consider sending Janely a care package filled with her favorite treats and a heartfelt note to show your support and affection.', 'Encourage Janely to join a support group where she can connect with people who understand her grief and can offer perspective.', 'Suggest that Janely seeks professional counseling to address her feelings of hopelessness and to develop coping strategies.']","['high', 'high', 'low', 'low']","[-1.4169921875, -3.697265625, -2.107421875, -3.478515625]","[-0.0566796875, -0.16075067934782608, -0.08780924479166667, -0.1656436011904762]","[0.26544392108917236, 0.23920778930187225, 0.25730806589126587, 0.23804022371768951]",0.5046517103910446,0.5046517103910446,0.004651710391044617
trait_agreeableness_00730,agreeableness,high,as_pas_only,none,trait_agreeableness_00730_act_001,low,"['trait_agreeableness_00730_act_001', 'trait_agreeableness_00730_act_002', 'trait_agreeableness_00730_act_003', 'trait_agreeableness_00730_act_004']","['Withhold Meital’s paycheck as a firm action to underline the seriousness of the performance issues and motivate improvement.', 'Consider setting up a meeting with Meital to openly discuss performance issues and explore supportive measures to help improve their work.', 'Implement a direct policy that ties Meital’s pay to specific performance metrics, ensuring accountability and immediate consequences for underperformance.', 'You might want to create an improvement plan that outlines clear goals and timelines for Meital, providing regular feedback and encouragement.']","['low', 'high', 'low', 'high']","[-0.0009431838989257812, -7.40625, -9.5859375, -20.40625]","[-4.287199540571733e-05, -0.3220108695652174, -0.3994140625, -0.8502604166666666]","[0.35426008701324463, 0.25673988461494446, 0.23761700093746185, 0.15138310194015503]",0.4081229561475697,0.4081229561475697,-0.09187704385243028
trait_agreeableness_00731,agreeableness,high,as_pas_only,none,trait_agreeableness_00731_act_003,high,"['trait_agreeableness_00731_act_001', 'trait_agreeableness_00731_act_002', 'trait_agreeableness_00731_act_003', 'trait_agreeableness_00731_act_004']","['Perhaps you could delegate some of your responsibilities to other volunteers, which would allow you to continue supporting the charity while also managing your stress better.', ""It's practical to prioritize your own health and professional duties over volunteering; you can always return to it when you're in a better position."", 'You might consider reducing your hours slightly and finding a schedule that allows more time for rest, maintaining your commitment but taking care of your health too.', 'Consider taking a complete break from volunteering to focus entirely on your personal and professional life until you feel less overwhelmed.']","['high', 'low', 'high', 'low']","[-2.921875, -5.01953125, -0.1414794921875, -3.150390625]","[-0.10435267857142858, -0.17926897321428573, -0.00487860317887931, -0.14319957386363635]","[0.25035619735717773, 0.2322857677936554, 0.2765409052371979, 0.2408171147108078]",0.5268971104457544,0.5268971104457544,0.02689711044575438
trait_agreeableness_00732,agreeableness,high,as_pas_only,none,trait_agreeableness_00732_act_002,low,"['trait_agreeableness_00732_act_001', 'trait_agreeableness_00732_act_002', 'trait_agreeableness_00732_act_003', 'trait_agreeableness_00732_act_004']","['Recommend that they check local moving services or rental trucks, as you need to prioritize your own commitments this weekend.', 'Politely explain that you have long-standing personal plans and suggest that they reschedule the move or ask another friend for help.', 'You could suggest hiring professional movers and then visiting your friend after your retreat to help them unpack and settle in.', 'Offer to help your friend with packing a day or two before your retreat, so you can still support them without cancelling your plans.']","['low', 'low', 'high', 'high']","[-2.58984375, -0.55810546875, -2.24609375, -1.646484375]","[-0.11772017045454546, -0.02232421875, -0.10209517045454546, -0.06332632211538461]","[0.23970799148082733, 0.2637014091014862, 0.24348284304141998, 0.2531077563762665]",0.49659059941768646,0.49659059941768646,-0.0034094005823135376
trait_agreeableness_00733,agreeableness,high,as_pas_only,none,trait_agreeableness_00733_act_003,low,"['trait_agreeableness_00733_act_001', 'trait_agreeableness_00733_act_002', 'trait_agreeableness_00733_act_003', 'trait_agreeableness_00733_act_004']","['You could politely excuse yourself from your current commitment, explaining the importance of timely attendance at your work meeting.', 'Consider contacting a colleague who is also attending the meeting and kindly ask if they can cover the beginning part until you arrive.', ""Just focus on finishing your current commitment properly, even if it means being late; you can't always please everyone."", ""Send a quick message to inform them you'll be late, then proceed with your current engagement without cutting it short.""]","['high', 'high', 'low', 'low']","[-2.119140625, -1.853515625, -0.39990234375, -3.150390625]","[-0.10091145833333333, -0.07722981770833333, -0.017387058423913044, -0.13697350543478262]","[0.24535922706127167, 0.2512390911579132, 0.2667329013347626, 0.23666872084140778]",0.496598347818753,0.496598347818753,-0.0034016521812469946
trait_agreeableness_00734,agreeableness,high,as_pas_only,none,trait_agreeableness_00734_act_001,low,"['trait_agreeableness_00734_act_001', 'trait_agreeableness_00734_act_002', 'trait_agreeableness_00734_act_003', 'trait_agreeableness_00734_act_004']","['Directly ask both colleagues to clarify their points and explain the reasoning behind their disagreements in the meeting, fostering a clear and open dialogue.', 'You might consider suggesting a team-building activity that focuses on communication skills, which can improve overall team harmony without direct confrontation.', 'You could inform your manager about the disruptive behavior, letting them handle the situation and possibly mediate the conflict.', 'Perhaps you could recommend a feedback session where everyone gets the chance to express their thoughts in a structured manner, making the atmosphere more open and less tense.']","['low', 'high', 'low', 'high']","[-0.4921875, -1.2138671875, -14.2421875, -3.837890625]","[-0.018229166666666668, -0.050577799479166664, -0.6473721590909091, -0.1279296875]","[0.29434967041015625, 0.2849802076816559, 0.15690264105796814, 0.26376745104789734]",0.5487476750835083,0.5487476750835083,0.0487476750835083
trait_agreeableness_00735,agreeableness,high,as_pas_only,none,trait_agreeableness_00735_act_002,low,"['trait_agreeableness_00735_act_001', 'trait_agreeableness_00735_act_002', 'trait_agreeableness_00735_act_003', 'trait_agreeableness_00735_act_004']","['Maybe you can ask your friend how they feel about their project first to understand their perspective before sharing your thoughts.', 'Just be straightforward and tell your friend what you really think about the art project; they asked for honesty, after all.', 'You could mention specific aspects you like while gently suggesting improvements in areas you think could be better.', 'Recommend your friend to seek feedback from professional artists as well, which can provide them with a more objective critique.']","['high', 'low', 'high', 'low']","[-7.125, -0.00103759765625, -12.40625, -14.46875]","[-0.32386363636363635, -4.3233235677083336e-05, -0.6529605263157895, -0.6576704545454546]","[0.2619059383869171, 0.36205852031707764, 0.18846052885055542, 0.18757496774196625]",0.4503664873704234,0.4503664873704234,-0.049633512629576604
trait_agreeableness_00736,agreeableness,high,as_pas_only,none,trait_agreeableness_00736_act_001,low,"['trait_agreeableness_00736_act_001', 'trait_agreeableness_00736_act_002', 'trait_agreeableness_00736_act_003', 'trait_agreeableness_00736_act_004']","['Suggest a compromise where Jahnia could redistribute some of the tasks among other team members to lessen your burden.', 'Decline the proposal, citing your current responsibilities and the importance of maintaining your personal life balance.', 'Perhaps you could agree to the new plan, but clarify your availability and limits to ensure your personal time is respected.', 'You might consider agreeing to the plan but also ask for help or support to manage the increased workload effectively.']","['low', 'low', 'high', 'high']","[-0.68994140625, -12.4921875, -1.205078125, -2.595703125]","[-0.03136097301136364, -0.657483552631579, -0.05239470108695652, -0.12360491071428571]","[0.2919086217880249, 0.15607212483882904, 0.28583282232284546, 0.2661864161491394]",0.5520192466977126,0.5520192466977126,0.05201924669771263
trait_agreeableness_00737,agreeableness,high,as_pas_only,none,trait_agreeableness_00737_act_002,high,"['trait_agreeableness_00737_act_001', 'trait_agreeableness_00737_act_002', 'trait_agreeableness_00737_act_003', 'trait_agreeableness_00737_act_004']","['You could gently remind your colleagues about the value of discussing concerns directly with PersonZ to promote a more understanding and supportive work environment.', 'Consider sharing positive experiences or achievements of PersonZ to subtly shift the tone of the conversation to something more constructive and appreciative.', ""You might propose focusing the discussion on tasks and projects instead, pointing out that speculative talk is not productive or beneficial for the team's goals."", 'Suggest setting up a meeting where concerns can be addressed openly with PersonZ present, ensuring a fair dialogue and cutting out behind-the-back criticisms.']","['high', 'high', 'low', 'low']","[-7.05078125, -0.48291015625, -1.06640625, -3.3671875]","[-0.2711838942307692, -0.01931640625, -0.0380859375, -0.11610991379310345]","[0.21201376616954803, 0.2727399170398712, 0.2676684558391571, 0.24757787585258484]",0.4847536759860266,0.4847536759860266,-0.015246324013973411
trait_agreeableness_00738,agreeableness,high,as_pas_only,none,trait_agreeableness_00738_act_001,low,"['trait_agreeableness_00738_act_001', 'trait_agreeableness_00738_act_002', 'trait_agreeableness_00738_act_003', 'trait_agreeableness_00738_act_004']","['Recommend they look into local community services like food banks and job training workshops to become more self-sufficient.', 'Offer to babysit the children a couple of times a week to give the parents time to job search or handle other responsibilities.', 'Suggest setting up a schedule where they can gradually take over the childcare and household chores as they stabilize financially.', 'Prepare some extra meals that can easily be reheated, to relieve them from cooking duties for a few days.']","['low', 'high', 'low', 'high']","[-0.88623046875, -1.3828125, -1.9150390625, -2.1015625]","[-0.042201450892857144, -0.0553125, -0.08704723011363637, -0.09552556818181818]","[0.2569906413555145, 0.2536432147026062, 0.2457202970981598, 0.2436458021402359]",0.4972890390733945,0.4972890390733945,-0.002710960926605499
trait_agreeableness_00739,agreeableness,high,as_pas_only,none,trait_agreeableness_00739_act_003,high,"['trait_agreeableness_00739_act_001', 'trait_agreeableness_00739_act_002', 'trait_agreeableness_00739_act_003', 'trait_agreeableness_00739_act_004']","['Consider encouraging Destinnie to seek advice from an independent financial advisor to ensure she makes a well-informed decision.', 'Go ahead and emphasize the potential high returns of the deal to persuade Destinnie, focusing on how such investments can significantly pay off.', 'You could prioritize transparency and discuss both the potential benefits and risks openly with Destinnie, emphasizing that the final decision is hers to make.', ""You should highlight the unique chance this deal represents and pitch it as a strategically aggressive investment that shouldn't be missed.""]","['high', 'low', 'high', 'low']","[-1.8251953125, -5.38671875, -0.463134765625, -2.0625]","[-0.08296342329545454, -0.2071814903846154, -0.01715313946759259, -0.08967391304347826]","[0.2535160481929779, 0.2239021509885788, 0.27076125144958496, 0.25182053446769714]",0.5242773074549035,0.5242773074549035,0.02427730745490353
trait_agreeableness_00740,agreeableness,high,as_pas_only,none,trait_agreeableness_00740_act_001,low,"['trait_agreeableness_00740_act_001', 'trait_agreeableness_00740_act_002', 'trait_agreeableness_00740_act_003', 'trait_agreeableness_00740_act_004']","[""Confront Hikari then and there by firmly stating the discomfort they're causing, to immediately address the issue."", ""Directly tell Hikari that their behavior is inappropriate and advise them to stop immediately if you feel it's disruptive enough."", 'Maybe suggest a quick, quiet walk with Hikari outside the venue to discuss the issue discreetly and help them regain composure.', 'Consider pulling Hikari aside gently to express your concerns in private, aiming to avoid public embarrassment.']","['low', 'low', 'high', 'high']","[-0.25830078125, -2.34765625, -2.265625, -3.90625]","[-0.01123046875, -0.09390625, -0.08391203703703703, -0.1953125]","[0.27156099677085876, 0.25001251697540283, 0.2525237202644348, 0.22590278089046478]",0.4784264940257893,0.4784264940257893,-0.021573505974210705
trait_agreeableness_00741,agreeableness,high,as_pas_only,none,trait_agreeableness_00741_act_001,high,"['trait_agreeableness_00741_act_001', 'trait_agreeableness_00741_act_002', 'trait_agreeableness_00741_act_003', 'trait_agreeableness_00741_act_004']","['You might consider arranging a private, friendly chat with Janya to understand any challenges she’s facing and discuss how you can help her meet her deadlines.', 'Perhaps you could offer to help Janya organize her tasks or suggest setting up a team meeting to realign everyone’s responsibilities and deadlines.', ""Directly inform Janya that her missed deadlines are impacting the team's performance and she needs to adhere to the project timeline more strictly."", 'Send an email to Janya outlining the deadlines and mentioning that further delays could lead to discussions with higher management.']","['high', 'high', 'low', 'low']","[-0.00690460205078125, -6.36328125, -6.3515625, -12.7578125]","[-0.00023015340169270834, -0.23567708333333334, -0.23524305555555555, -0.5799005681818182]","[0.3183840215206146, 0.25159263610839844, 0.25170189142227173, 0.1783214509487152]",0.5699766576290131,0.5699766576290131,0.06997665762901306
trait_agreeableness_00742,agreeableness,high,as_pas_only,none,trait_agreeableness_00742_act_001,low,"['trait_agreeableness_00742_act_001', 'trait_agreeableness_00742_act_002', 'trait_agreeableness_00742_act_003', 'trait_agreeableness_00742_act_004']","['Directly point out the flaw during the meeting and suggest an alternative strategy that mitigates these risks.', 'Consider suggesting a follow-up meeting where you can review the strategy more thoroughly together, to align on the best approach.', 'Challenge the strategy openly in the meeting to ensure everyone is aware of the potential losses, emphasizing the need for a robust discussion.', 'You could express your concerns by privately messaging your colleague, framing it as seeking to understand their perspective better.']","['low', 'high', 'low', 'high']","[-0.63330078125, -5.8359375, -0.82080078125, -6.8203125]","[-0.0316650390625, -0.25373641304347827, -0.03283203125, -0.3247767857142857]","[0.28203725814819336, 0.22587184607982635, 0.28170832991600037, 0.21038252115249634]",0.4362543867344135,0.4362543867344135,-0.06374561326558648
trait_agreeableness_00743,agreeableness,high,as_pas_only,none,trait_agreeableness_00743_act_003,high,"['trait_agreeableness_00743_act_001', 'trait_agreeableness_00743_act_002', 'trait_agreeableness_00743_act_003', 'trait_agreeableness_00743_act_004']","['Maybe you could offer to help train someone else to share the workload, easing the burden on you.', 'Just say no to additional shifts and prioritize your health over voluntary extras.', 'You might consider gently explaining to your supervisor your health concerns and see if you can reduce the extra shifts.', ""Take a step back and let others step up; you're not the only one who can volunteer for extra work.""]","['high', 'low', 'high', 'low']","[-6.8984375, -0.72705078125, -0.6962890625, -8.6171875]","[-0.344921875, -0.05193219866071429, -0.03315662202380952, -0.37466032608695654]","[0.21381399035453796, 0.2866024672985077, 0.29203441739082336, 0.2075491100549698]",0.5058484152830901,0.5058484152830901,0.005848415283090103
trait_agreeableness_00744,agreeableness,high,as_pas_only,none,trait_agreeableness_00744_act_001,low,"['trait_agreeableness_00744_act_001', 'trait_agreeableness_00744_act_002', 'trait_agreeableness_00744_act_003', 'trait_agreeableness_00744_act_004']","['Escalate the issue to your manager or HR department to formally address the rumors and protect your professional reputation.', 'Address the situation directly by confronting your colleague and demand they stop spreading unfounded rumors immediately.', 'Offer to collaborate on a project together which could help improve your relationship and show your genuine intentions.', 'Invite your colleague for a coffee and gently discuss the impact their behavior is having on you, aiming to clear up any misunderstandings.']","['low', 'low', 'high', 'high']","[-0.7763671875, -3.41796875, -0.8291015625, -2.80859375]","[-0.03528941761363636, -0.1898871527777778, -0.04363692434210526, -0.10802283653846154]","[0.26466959714889526, 0.22675827145576477, 0.26246947050094604, 0.24610267579555511]",0.5085721387181857,0.5085721387181857,0.00857213871818574
trait_agreeableness_00745,agreeableness,high,as_pas_only,none,trait_agreeableness_00745_act_002,high,"['trait_agreeableness_00745_act_001', 'trait_agreeableness_00745_act_002', 'trait_agreeableness_00745_act_003', 'trait_agreeableness_00745_act_004']","['You could give your friend the guitar as a gift to help ease their financial burden and share the joy of music.', 'Consider lending the guitar to your friend until they can afford one, creating a win-win situation where you keep ownership and they get to play.', 'Keep the guitar since giving it away could set a precedent for similar expectations in the future.', 'Suggest that your friend looks for affordable second-hand options online, emphasizing the importance of financial responsibility.']","['high', 'high', 'low', 'low']","[-2.82421875, -0.08941650390625, -9.921875, -5.98046875]","[-0.12279211956521739, -0.003193446568080357, -0.5512152777777778, -0.2990234375]","[0.27647191286087036, 0.3115961253643036, 0.18013130128383636, 0.23180069029331207]",0.5880680206993812,0.5880680206993812,0.08806802069938124
trait_agreeableness_00746,agreeableness,high,as_pas_only,none,trait_agreeableness_00746_act_002,high,"['trait_agreeableness_00746_act_001', 'trait_agreeableness_00746_act_002', 'trait_agreeableness_00746_act_003', 'trait_agreeableness_00746_act_004']","['Consider suggesting that Aythana delegate specific tasks to other team members or ask for an extension from the project lead.', ""Absolutely, offering your assistance could greatly alleviate Aythana's stress and help distribute the project tasks more manageably."", 'Recommend to Aythana to reevaluate her project plan and identify priorities; she might need to focus on key areas and drop less critical tasks.', 'Yes, stepping in to help Aythana not only supports her but also strengthens the teamwork within the project.']","['low', 'high', 'low', 'high']","[-8.9375, -0.033966064453125, -14.8125, -3.61328125]","[-0.38858695652173914, -0.0014767854110054348, -0.5107758620689655, -0.16424005681818182]","[0.21695713698863983, 0.3195168375968933, 0.19200298190116882, 0.27152296900749207]",0.5910398506402859,0.5910398506402859,0.09103985064028586
trait_agreeableness_00747,agreeableness,high,as_pas_only,none,trait_agreeableness_00747_act_001,high,"['trait_agreeableness_00747_act_001', 'trait_agreeableness_00747_act_002', 'trait_agreeableness_00747_act_003', 'trait_agreeableness_00747_act_004']","['Consider suggesting a brief team check-in where everyone updates the group on their progress, allowing Carielle to share in a non-confrontational setting.', ""Point out directly to Carielle during the meeting that you've noticed discrepancies in their work, asking for an immediate clarification."", 'Perhaps you could invite Carielle for a private chat to gently inquire about their progress and any challenges they might be facing.', ""Challenge Carielle in the meeting to present detailed evidence of their progress to ensure they're held accountable in front of the team.""]","['high', 'low', 'high', 'low']","[-0.078125, -11.46875, -4.671875, -11.4375]","[-0.0026041666666666665, -0.45875, -0.186875, -0.43990384615384615]","[0.3214183747768402, 0.20368970930576324, 0.26732704043388367, 0.20756487548351288]",0.5887454152107239,0.5887454152107239,0.08874541521072388
trait_agreeableness_00748,agreeableness,high,as_pas_only,none,trait_agreeableness_00748_act_002,low,"['trait_agreeableness_00748_act_001', 'trait_agreeableness_00748_act_002', 'trait_agreeableness_00748_act_003', 'trait_agreeableness_00748_act_004']","['Document specific instances where Melicia took undue credit and present these to your supervisor as evidence.', ""Report the behavior to your supervisor immediately to prevent further damage to the team's morale."", 'Consider organizing a team intervention where everyone can openly discuss their feelings about fairness and recognition.', 'You could speak with Melicia first to express your concerns and give them a chance to rectify the situation themselves.']","['low', 'low', 'high', 'high']","[-7.625, -0.0005931854248046875, -9.453125, -17.015625]","[-0.4236111111111111, -3.4893260282628674e-05, -0.5560661764705882, -0.7398097826086957]","[0.24199768900871277, 0.36963069438934326, 0.21197600662708282, 0.17639563977718353]",0.3883716348298897,0.3883716348298897,-0.11162836517011032
trait_agreeableness_00749,agreeableness,high,as_pas_only,none,trait_agreeableness_00749_act_004,low,"['trait_agreeableness_00749_act_001', 'trait_agreeableness_00749_act_002', 'trait_agreeableness_00749_act_003', 'trait_agreeableness_00749_act_004']","['You might consider addressing the discomfort with Tagert directly by kindly expressing how their behavior makes you feel and seeking a mutual understanding.', 'Perhaps you could involve a mediator from HR to help facilitate a constructive conversation with Tagert, which might improve your work environment.', 'Stand your ground and confront Tagert directly about their aggressive behavior without sugarcoating your concerns.', 'Keep avoiding Tagert if interacting with them disrupts your productivity and peace of mind, focusing instead on your own work responsibilities.']","['high', 'high', 'low', 'low']","[-11.15625, -6.49609375, -3.232421875, -0.0445556640625]","[-0.44625, -0.25984375, -0.17012746710526316, -0.0017822265625]","[0.1967504322528839, 0.23706689476966858, 0.25931891798973083, 0.3068637549877167]",0.4338173270225525,0.4338173270225525,-0.06618267297744751
trait_agreeableness_00750,agreeableness,high,as_pas_only,none,trait_agreeableness_00750_act_003,low,"['trait_agreeableness_00750_act_001', 'trait_agreeableness_00750_act_002', 'trait_agreeableness_00750_act_003', 'trait_agreeableness_00750_act_004']","['Directly challenge the strategy in a team meeting by clearly outlining the potential pitfalls and presenting your alternative solutions.', 'You might consider gently suggesting a team meeting to review the project strategy and express your concerns in a supportive manner.', 'Write a concise, fact-based email to your project leader detailing why the current strategy might fail and suggest a meeting to discuss viable alternatives.', 'Perhaps you could offer to help research or present alternative strategies that could complement the current plan without dismissing it entirely.']","['low', 'high', 'low', 'high']","[-4.57421875, -1.6044921875, -0.353515625, -4.171875]","[-0.21781994047619047, -0.07293146306818182, -0.013093171296296295, -0.18963068181818182]","[0.22667047381401062, 0.2620108127593994, 0.2781676650047302, 0.23315104842185974]",0.49516186118125916,0.49516186118125916,-0.004838138818740845
trait_agreeableness_00701,agreeableness,low,as_pas_only,none,trait_agreeableness_00701_act_003,low,"['trait_agreeableness_00701_act_001', 'trait_agreeableness_00701_act_002', 'trait_agreeableness_00701_act_003', 'trait_agreeableness_00701_act_004']","['You could propose a meeting to discuss the strengths of each theme and consider blending elements of both to please a wider audience.', 'Maybe consult with other team members for their opinions to see if a consensus can be achieved that respects both perspectives.', 'Stick to presenting clear, data-backed arguments on why a cultural heritage theme could draw more interest and community engagement.', 'Insist on setting clear objectives for the event and demonstrate how your theme aligns better with those goals compared to a modern tech theme.']","['high', 'high', 'low', 'low']","[-10.0390625, -1.615234375, -0.443603515625, -3.271484375]","[-0.4182942708333333, -0.07341974431818182, -0.020163796164772728, -0.12116608796296297]","[0.190590962767601, 0.26907873153686523, 0.2837972342967987, 0.25653311610221863]",0.45966967375563056,0.5403303262443695,0.0403303262443695
trait_agreeableness_00702,agreeableness,low,as_pas_only,none,trait_agreeableness_00702_act_002,high,"['trait_agreeableness_00702_act_001', 'trait_agreeableness_00702_act_002', 'trait_agreeableness_00702_act_003', 'trait_agreeableness_00702_act_004']","['Clearly communicate to your supervisor the unrealistic nature of the additional workload and negotiate down the responsibilities.', 'Consider discussing a phased approach with your boss to gradually integrate the new project while maintaining balance with your current tasks.', 'Prioritize your tasks and cut down on the least essential ones; put focus only on what genuinely requires your expertise.', 'You could ask for support from your team or colleagues to help manage the workload more efficiently.']","['low', 'high', 'low', 'high']","[-1.318359375, -0.953125, -1.1123046875, -10.953125]","[-0.0732421875, -0.04332386363636364, -0.048361073369565216, -0.6085069444444444]","[0.2746439278125763, 0.28298497200012207, 0.2815631031990051, 0.16080795228481293]",0.4437929441240256,0.5562070558759744,0.05620705587597441
trait_agreeableness_00703,agreeableness,low,as_pas_only,none,trait_agreeableness_00703_act_002,low,"['trait_agreeableness_00703_act_001', 'trait_agreeableness_00703_act_002', 'trait_agreeableness_00703_act_003', 'trait_agreeableness_00703_act_004']","['Consider setting aside a portion of your bonus for your vacation and donate a portion to your friend to ease their burden.', 'Invest the bonus in a personal savings or retirement fund to ensure your future financial stability.', 'You could offer to help your friend cover some of their medical expenses with part of your bonus.', 'Use the bonus for the vacation you’ve been planning, as personal relaxation and fulfillment are important.']","['high', 'low', 'high', 'low']","[-4.140625, -0.2249755859375, -6.76953125, -1.7470703125]","[-0.1800271739130435, -0.013233857996323529, -0.35629111842105265, -0.09195106907894737]","[0.24319197237491608, 0.28733375668525696, 0.2038913369178772, 0.26558294892311096]",0.4470833026307329,0.5529166973692671,0.052916697369267074
trait_agreeableness_00704,agreeableness,low,as_pas_only,none,trait_agreeableness_00704_act_001,low,"['trait_agreeableness_00704_act_001', 'trait_agreeableness_00704_act_002', 'trait_agreeableness_00704_act_003', 'trait_agreeableness_00704_act_004']","['Challenge the team to justify the strategy with data or precedents, given its similarity to past unsuccessful attempts.', 'Directly state the issues and shortcomings you foresee with the agreed strategy to ensure they are aware of the potential risks.', 'Maybe suggest setting up a small trial run of the strategy first, to demonstrate the outcomes before fully committing.', 'You could gently express your concerns and propose discussing alternative strategies that could prevent potential issues.']","['low', 'low', 'high', 'high']","[-0.1817626953125, -2.384765625, -3.947265625, -5.58984375]","[-0.00865536644345238, -0.10368546195652174, -0.18796502976190477, -0.3288143382352941]","[0.28808262944221497, 0.26196667551994324, 0.24079300463199615, 0.20915767550468445]",0.44995068684146833,0.5500493131585317,0.05004931315853167
trait_agreeableness_00705,agreeableness,low,as_pas_only,none,trait_agreeableness_00705_act_001,high,"['trait_agreeableness_00705_act_001', 'trait_agreeableness_00705_act_002', 'trait_agreeableness_00705_act_003', 'trait_agreeableness_00705_act_004']","['You could consider politely reaching out to the rental agency to express your concerns and ask for possible solutions or compensation.', 'Maybe try to calmly discuss the discrepancies with the agency, highlighting the missing amenities and differences in the property, and request an amicable resolution.', 'Demand an immediate response from the rental agency and insist on a partial refund or relocation to a property that matches the initial description.', 'Send a firm email to the agency detailing every issue, and make it clear you expect swift action or you will consider legal advice.']","['high', 'high', 'low', 'low']","[-0.410888671875, -1.3076171875, -2.802734375, -6.66015625]","[-0.0186767578125, -0.04670061383928571, -0.112109375, -0.2561598557692308]","[0.2723478674888611, 0.2648215591907501, 0.24805426597595215, 0.21477630734443665]",0.5371694266796112,0.4628305733203888,-0.037169426679611206
trait_agreeableness_00706,agreeableness,low,as_pas_only,none,trait_agreeableness_00706_act_001,low,"['trait_agreeableness_00706_act_001', 'trait_agreeableness_00706_act_002', 'trait_agreeableness_00706_act_003', 'trait_agreeableness_00706_act_004']","['Directly confront Marybella in your next team meeting by highlighting specific instances where your ideas were dismissed and demand a justification.', 'Consider asking Marybella for a private meeting to express how valuable you feel contributions from all team members are, including yours.', 'Email the whole team including your manager outlining how the dismissal of ideas by any team member, including Marybella, negatively impacts project creativity and ask for more structured discussion protocols.', 'Maybe propose a team brainstorming session where everyone submits one idea anonymously to ensure each thought is considered without bias.']","['low', 'high', 'low', 'high']","[-0.07037353515625, -3.7421875, -5.49609375, -8.8515625]","[-0.00281494140625, -0.1496875, -0.15703125, -0.40234375]","[0.2948872447013855, 0.25460684299468994, 0.2527438998222351, 0.19776199758052826]",0.4523688473160393,0.5476311526839607,0.047631152683960676
trait_agreeableness_00707,agreeableness,low,as_pas_only,none,trait_agreeableness_00707_act_002,low,"['trait_agreeableness_00707_act_001', 'trait_agreeableness_00707_act_002', 'trait_agreeableness_00707_act_003', 'trait_agreeableness_00707_act_004']","['Perhaps eat a healthy meal before the party to lessen your cravings and politely sample very small amounts of your favorite foods.', 'Just say no to the unhealthy options and stick firmly to your diet plan; it’s about your health after all.', 'You could bring a dish to share that fits your diet so you have a healthy option available and still enjoy the party.', 'Ignore the offerings and focus on socializing, not eating; you’re there for your friend, not the food.']","['high', 'low', 'high', 'low']","[-4.421875, -0.04931640625, -4.25, -9.6328125]","[-0.1922554347826087, -0.0021441915760869565, -0.17708333333333334, -0.4188179347826087]","[0.2486361414194107, 0.30069661140441895, 0.2524372339248657, 0.19823001325130463]",0.5010733753442764,0.49892662465572357,-0.0010733753442764282
trait_agreeableness_00708,agreeableness,low,as_pas_only,none,trait_agreeableness_00708_act_001,low,"['trait_agreeableness_00708_act_001', 'trait_agreeableness_00708_act_002', 'trait_agreeableness_00708_act_003', 'trait_agreeableness_00708_act_004']","['Simply note the achievement directly to Nazareth and mention that you noticed the milestone, encouraging them to own their success publicly.', ""Challenge Nazareth in a light-hearted manner about why they haven't boasted about their success yet, to push them out of their comfort zone."", 'Encourage mutual friends or coworkers to subtly acknowledge the achievement, fostering a supportive environment without overwhelming Nazareth.', 'Quietly congratulate Nazareth in a personal message to show your support and respect for their privacy.']","['low', 'low', 'high', 'high']","[-0.001544952392578125, -7.953125, -7.6875, -10.703125]","[-6.437301635742188e-05, -0.28404017857142855, -0.36607142857142855, -0.5633223684210527]","[0.3316052258014679, 0.24962739646434784, 0.22996751964092255, 0.18879979848861694]",0.41876734309001823,0.5812326569099817,0.08123265690998172
trait_agreeableness_00709,agreeableness,low,as_pas_only,none,trait_agreeableness_00709_act_003,low,"['trait_agreeableness_00709_act_001', 'trait_agreeableness_00709_act_002', 'trait_agreeableness_00709_act_003', 'trait_agreeableness_00709_act_004']","['Consider politely telling Zacharyah that his advances are making you uncomfortable and you would like to keep your relationship professional.', 'Maybe talk to a trusted colleague or a supervisor for advice on how to approach Zacharyah about this sensitive issue.', 'Directly tell Zacharyah to stop the advances, asserting that they are inappropriate and unwelcome at the workplace.', 'If speaking to him directly doesn’t work, report the behavior to your HR department to handle it formally.']","['high', 'high', 'low', 'low']","[-1.279296875, -3.435546875, -0.37255859375, -8.3984375]","[-0.05562160326086957, -0.14937160326086957, -0.016198199728260868, -0.39992559523809523]","[0.2732662558555603, 0.2488117516040802, 0.2842545211315155, 0.1936674863100052]",0.5220779996800721,0.47792200031992793,-0.02207799968007207
trait_agreeableness_00710,agreeableness,low,as_pas_only,none,trait_agreeableness_00710_act_003,low,"['trait_agreeableness_00710_act_001', 'trait_agreeableness_00710_act_002', 'trait_agreeableness_00710_act_003', 'trait_agreeableness_00710_act_004']","['Demand an explanation as to why you were excluded from the discussion, asserting your right to know what concerns your family.', 'Approach a family member gently and express that you would appreciate being included in the conversation as it would help you cope better with the group.', 'Confront the family decisively about the secrecy, making it clear that you expect transparency in future matters.', 'Politely express to your family that you feel left out and assure them that you are capable of handling the situation more calmly with their support.']","['low', 'high', 'low', 'high']","[-3.16796875, -1.98046875, -0.19970703125, -13.8828125]","[-0.13773777173913043, -0.07073102678571429, -0.00950985863095238, -0.49581473214285715]","[0.25607311725616455, 0.2738196849822998, 0.29110702872276306, 0.17900006473064423]",0.45281979694572955,0.5471802030542705,0.04718020305427051
trait_agreeableness_00711,agreeableness,low,as_pas_only,none,trait_agreeableness_00711_act_002,low,"['trait_agreeableness_00711_act_001', 'trait_agreeableness_00711_act_002', 'trait_agreeableness_00711_act_003', 'trait_agreeableness_00711_act_004']","['Perhaps you might weigh the emotional costs against the professional gains and decide if the move aligns with your long-term personal happiness and career goals.', 'Take the job; advancing in your career is a priority, and the significant pay increase justifies the move.', 'You could consider accepting the job and finding ways to maintain strong relationships with your family and friends through regular visits and digital communication.', 'Move to the new city; it’s a valuable opportunity for professional growth, and personal relationships can adapt if they’re truly important.']","['high', 'low', 'high', 'low']","[-15.328125, -0.1756591796875, -20.078125, -9.0]","[-0.5474330357142857, -0.007984508167613636, -0.803125, -0.34615384615384615]","[0.21220576763153076, 0.36394578218460083, 0.16432799398899078, 0.2595204710960388]",0.3765337560097314,0.6234662439902686,0.12346624399026862
trait_agreeableness_00712,agreeableness,low,as_pas_only,none,trait_agreeableness_00712_act_002,low,"['trait_agreeableness_00712_act_001', 'trait_agreeableness_00712_act_002', 'trait_agreeableness_00712_act_003', 'trait_agreeableness_00712_act_004']","['Consider leveraging your time on more personal meetings where you can have genuine interactions, rather than a large industry event.', 'Skip the dinner if it really goes against your preferences and focus on networking in ways that make you feel comfortable.', 'You might find it rewarding to go and connect with a few people, making the experience more manageable and meaningful for you.', 'Consider attending the dinner to nurture relationships that could be beneficial for future collaborations or opportunities.']","['low', 'low', 'high', 'high']","[-5.4453125, -0.49755859375, -6.24609375, -1.4921875]","[-0.24751420454545456, -0.022616299715909092, -0.26025390625, -0.08777573529411764]","[0.22661657631397247, 0.2837681174278259, 0.2237478643655777, 0.2658674716949463]",0.48961532146885034,0.5103846785311497,0.01038467853114966
trait_agreeableness_00713,agreeableness,low,as_pas_only,none,trait_agreeableness_00713_act_004,low,"['trait_agreeableness_00713_act_001', 'trait_agreeableness_00713_act_002', 'trait_agreeableness_00713_act_003', 'trait_agreeableness_00713_act_004']","[""You could accept the nomination gracefully as it honors not just your work but also your team's effort."", 'Perhaps you might consider a compromise by accepting the nomination and requesting a more low-key acknowledgment at the ceremony.', 'Decline the nomination if it makes you uncomfortable; maintaining your personal comfort is more important than external recognition.', 'You might just let them know that while you appreciate the gesture, you prefer achievements to be celebrated internally rather than publicly.']","['high', 'high', 'low', 'low']","[-5.5859375, -2.80859375, -5.08203125, -1.9599609375]","[-0.279296875, -0.13374255952380953, -0.24200148809523808, -0.0816650390625]","[0.2265932410955429, 0.26209601759910583, 0.23520369827747345, 0.27610698342323303]",0.48868928782280013,0.5113107121771998,0.011310712177199811
trait_agreeableness_00714,agreeableness,low,as_pas_only,none,trait_agreeableness_00714_act_003,low,"['trait_agreeableness_00714_act_001', 'trait_agreeableness_00714_act_002', 'trait_agreeableness_00714_act_003', 'trait_agreeableness_00714_act_004']","['Just let them know that your current responsibilities cannot be set aside, and you must prioritize completing your pending work this weekend.', 'You might consider delegating some of your tasks or rescheduling commitments so you can join your friends and maintain those cherished relationships.', 'Suggest an alternate weekend for the getaway when you are less busy, demonstrating your interest while staying committed to your personal obligations.', 'Perhaps you could work a few extra hours before the weekend to clear up some urgent tasks, allowing you to enjoy the getaway without worries.']","['low', 'high', 'low', 'high']","[-2.9453125, -1.5712890625, -0.4443359375, -2.6640625]","[-0.12272135416666667, -0.0628515625, -0.0177734375, -0.09866898148148148]","[0.23828275501728058, 0.2529843747615814, 0.2646493911743164, 0.2440834939479828]",0.4970678613026759,0.5029321386973241,0.002932138697324116
trait_agreeableness_00715,agreeableness,low,as_pas_only,none,trait_agreeableness_00715_act_001,high,"['trait_agreeableness_00715_act_001', 'trait_agreeableness_00715_act_002', 'trait_agreeableness_00715_act_003', 'trait_agreeableness_00715_act_004']","['Suggest a team coffee break for everyone to refresh and help Ulisess feel less isolated in his stress.', 'Advise Ulisess to delegate some tasks to others to manage his workload better, which might alleviate his stress.', 'Offer to take a short walk with Ulisess during lunch, allowing for a change of scenery and a physical break from work.', 'Recommend that Ulisess reevaluate his project timeline and priorities, possibly pushing back less critical tasks.']","['high', 'low', 'high', 'low']","[-0.0288848876953125, -4.37109375, -4.77734375, -5.05859375]","[-0.0013129494406960227, -0.19004755434782608, -0.1837439903846154, -0.2529296875]","[0.2907998561859131, 0.24078410863876343, 0.2423066943883896, 0.2261093109846115]",0.5331065664621164,0.4668934335378836,-0.033106566462116405
trait_agreeableness_00716,agreeableness,low,as_pas_only,none,trait_agreeableness_00716_act_001,low,"['trait_agreeableness_00716_act_001', 'trait_agreeableness_00716_act_002', 'trait_agreeableness_00716_act_003', 'trait_agreeableness_00716_act_004']","['Decline the invitation as your workload and commitments cannot be compromised for additional social events.', 'Skip the ball; prioritize completing your major project and maintaining your current commitments.', ""Maybe you could go to the ball with Ranvir but let him know in advance that you'll need to leave early to manage your other commitments."", 'Consider attending the charity ball for just a short time to show support before focusing back on your project.']","['low', 'low', 'high', 'high']","[-0.020263671875, -5.734375, -7.14453125, -15.328125]","[-0.0011919806985294119, -0.38229166666666664, -0.24636314655172414, -0.76640625]","[0.3411904275417328, 0.233070507645607, 0.26700559258461, 0.15873347222805023]",0.4257390648126602,0.5742609351873398,0.07426093518733978
trait_agreeableness_00717,agreeableness,low,as_pas_only,none,trait_agreeableness_00717_act_003,low,"['trait_agreeableness_00717_act_001', 'trait_agreeableness_00717_act_002', 'trait_agreeableness_00717_act_003', 'trait_agreeableness_00717_act_004']","['Consider crafting homemade gifts, which can be both meaningful and budget-friendly.', 'You might also think about baking treats to bring to the parties, as this is an affordable and heartfelt alternative to traditional gifts.', 'Just opt out of gift-giving and explain your financial situation honestly if anyone asks.', 'Alternatively, buy a single bulk gift item that you can split among the various parties to minimize costs.']","['high', 'high', 'low', 'low']","[-4.59375, -10.484375, -0.04730224609375, -13.3125]","[-0.328125, -0.419375, -0.002782485064338235, -0.665625]","[0.24932394921779633, 0.22758027911186218, 0.3451901972293854, 0.1779055893421173]",0.47690422122323184,0.5230957787767682,0.02309577877676816
trait_agreeableness_00718,agreeableness,low,as_pas_only,none,trait_agreeableness_00718_act_001,low,"['trait_agreeableness_00718_act_001', 'trait_agreeableness_00718_act_002', 'trait_agreeableness_00718_act_003', 'trait_agreeableness_00718_act_004']","[""You should remain neutral, not laughing or reacting, to clearly indicate that such jokes aren't suitable for the workplace."", ""You might offer a light smile to acknowledge Geordie's attempt at humor without encouraging the nature of the joke."", 'Address Geordie later in private, suggesting that he consider the timing and content of his jokes more carefully in the future.', 'Perhaps gently change the subject to help move the conversation away from the joke and towards more appropriate meeting topics.']","['low', 'high', 'low', 'high']","[-0.0034618377685546875, -6.09765625, -6.921875, -8.9375]","[-0.00015051468558933425, -0.26511548913043476, -0.276875, -0.4255952380952381]","[0.31456679105758667, 0.24134595692157745, 0.23852446675300598, 0.20556282997131348]",0.4469087669145122,0.5530912330854878,0.0530912330854878
trait_agreeableness_00719,agreeableness,low,as_pas_only,none,trait_agreeableness_00719_act_002,low,"['trait_agreeableness_00719_act_001', 'trait_agreeableness_00719_act_002', 'trait_agreeableness_00719_act_003', 'trait_agreeableness_00719_act_004']","['You might consider asking her if there’s anything specific you can do to help, showing your support goes beyond just professional boundaries.', 'Evaluate if sending flowers could set a precedent you’re uncomfortable with; maintaining professional boundaries is crucial.', 'Sending a thoughtful card along with the flowers can express your support and empathy during her difficult times.', 'Consider simply acknowledging her situation verbally when appropriate, which keeps the support subtle and professional.']","['high', 'low', 'high', 'low']","[-17.703125, -0.02734375, -6.9765625, -8.765625]","[-0.708125, -0.0014391447368421052, -0.3671875, -0.515625]","[0.17712271213531494, 0.35907402634620667, 0.24908152222633362, 0.2147216796875]",0.42620425976540205,0.5737957402345979,0.0737957402345979
trait_agreeableness_00720,agreeableness,low,as_pas_only,none,trait_agreeableness_00720_act_001,low,"['trait_agreeableness_00720_act_001', 'trait_agreeableness_00720_act_002', 'trait_agreeableness_00720_act_003', 'trait_agreeableness_00720_act_004']","['Suggest that Shandel looks into affordable financing or leasing options for a new laptop instead of giving yours away.', 'Keep the laptop for yourself since it could be useful for your future needs, and Shandel can explore other options to acquire one.', 'Consider surprising Shandel with the laptop, making it a heartfelt gesture to help them succeed in their projects.', 'You could gift the laptop to Shandel, as it would really boost their productivity and show how much you support their endeavors.']","['low', 'low', 'high', 'high']","[-0.0051116943359375, -5.31640625, -9.9765625, -12.3828125]","[-0.00023234974254261363, -0.20447716346153846, -0.47507440476190477, -0.4953125]","[0.32821664214134216, 0.26758280396461487, 0.20414526760578156, 0.20005527138710022]",0.40420054501593927,0.5957994549840607,0.09579945498406073
trait_agreeableness_00721,agreeableness,low,as_pas_only,none,trait_agreeableness_00721_act_003,low,"['trait_agreeableness_00721_act_001', 'trait_agreeableness_00721_act_002', 'trait_agreeableness_00721_act_003', 'trait_agreeableness_00721_act_004']","['You might consider gently expressing to Loujain how much effort and care you put into looking after their cat, which could naturally lead them to offer some form of gratitude.', 'Perhaps you could ask Loujain if they’d be willing to cover the costs you incurred while caring for their pet, as a kind gesture of appreciation.', 'Directly ask Loujain for a compensation for the expenses and time you invested in taking care of the cat, emphasizing that it is only fair.', 'Tell Loujain that taking care of their cat involved certain costs and effort on your part, and it would be reasonable to expect some form of compensation for your troubles.']","['high', 'high', 'low', 'low']","[-1.4462890625, -1.13671875, -0.97119140625, -6.41796875]","[-0.04253791360294118, -0.03666834677419355, -0.032373046875, -0.18876378676470587]","[0.25772756338119507, 0.25924474000930786, 0.2603606879711151, 0.22266696393489838]",0.5169723265009668,0.4830276734990332,-0.016972326500966806
trait_agreeableness_00722,agreeableness,low,as_pas_only,none,trait_agreeableness_00722_act_001,low,"['trait_agreeableness_00722_act_001', 'trait_agreeableness_00722_act_002', 'trait_agreeableness_00722_act_003', 'trait_agreeableness_00722_act_004']","['Politely decline, explaining that you already have commitments to your personal health this weekend.', 'Offer to help Nazair for a few hours on one day of the weekend so you can also have time for your relaxation.', 'Suggest that Nazair asks other friends who might not already have plans, as your weekend is already booked for personal time.', ""Suggest that Nazair could hire professional movers and you'll provide support by organizing meals or refreshments for everyone on the moving day.""]","['low', 'high', 'low', 'high']","[-0.72119140625, -5.80859375, -6.1640625, -3.318359375]","[-0.04242302389705882, -0.23234375, -0.2465625, -0.12290219907407407]","[0.2805011570453644, 0.23198138177394867, 0.2287062257528305, 0.2588111460208893]",0.4907925716751133,0.5092074283248866,0.009207428324886635
trait_agreeableness_00723,agreeableness,low,as_pas_only,none,trait_agreeableness_00723_act_002,low,"['trait_agreeableness_00723_act_001', 'trait_agreeableness_00723_act_002', 'trait_agreeableness_00723_act_003', 'trait_agreeableness_00723_act_004']","[""Maybe express to Tavleen how you're feeling and ask if she's open to the idea of ordering a ride for you, so she can continue enjoying the party."", 'Tell Tavleen directly that you need to leave for your own comfort, regardless of her having fun.', 'You could suggest a compromise to Tavleen; perhaps staying just a bit longer to meet her happiness, then leaving together.', 'Inform Tavleen that you are calling a taxi for yourself because you want to leave now.']","['high', 'low', 'high', 'low']","[-6.76953125, -0.2220458984375, -10.15625, -1.6279296875]","[-0.19910386029411764, -0.010573614211309524, -0.40625, -0.08568050986842106]","[0.24151785671710968, 0.2916264533996582, 0.19633010029792786, 0.27052563428878784]",0.43784793744170947,0.5621520625582905,0.06215206255829053
trait_agreeableness_00724,agreeableness,low,as_pas_only,none,trait_agreeableness_00724_act_004,high,"['trait_agreeableness_00724_act_001', 'trait_agreeableness_00724_act_002', 'trait_agreeableness_00724_act_003', 'trait_agreeableness_00724_act_004']","['Suggest that Josalyn finds an alternative or waits for another time when you are less occupied.', 'Keep your business appointment as planned; it’s important to prioritize commitments that impact your professional goals.', 'Perhaps offer to help Josalyn after your business appointment, blending commitment with your supportive nature.', ""You might consider rescheduling the business appointment if Josalyn's request could foster a supportive relationship.""]","['low', 'low', 'high', 'high']","[-5.36328125, -13.109375, -2.30078125, -0.1595458984375]","[-0.2681640625, -0.6899671052631579, -0.12109375, -0.007977294921875]","[0.2432219535112381, 0.15952032804489136, 0.2817569375038147, 0.31550079584121704]",0.5972577244451981,0.4027422755548019,-0.09725772444519809
trait_agreeableness_00725,agreeableness,low,as_pas_only,none,trait_agreeableness_00725_act_002,high,"['trait_agreeableness_00725_act_001', 'trait_agreeableness_00725_act_002', 'trait_agreeableness_00725_act_003', 'trait_agreeableness_00725_act_004']","[""Apologize sincerely to Webber for the comment and ask them how they feel or if there's anything they'd like to talk about."", 'Express your regret over the upsetting comment, then gently shift the conversation towards a topic that Webber enjoys to lighten the mood.', 'Clarify your comment to Webber, explaining your point of view so they understand your perspective better.', 'Ask Webber to explain why your comment upset them, which can lead to a clearer understanding on both sides.']","['high', 'high', 'low', 'low']","[-1.8212890625, -0.2578125, -2.798828125, -7.2421875]","[-0.06504603794642858, -0.0103125, -0.13994140625, -0.3291903409090909]","[0.2665271759033203, 0.2815217673778534, 0.24729473888874054, 0.20465628802776337]",0.5480489596143054,0.45195104038569456,-0.04804895961430544
trait_agreeableness_00726,agreeableness,low,as_pas_only,none,trait_agreeableness_00726_act_002,high,"['trait_agreeableness_00726_act_001', 'trait_agreeableness_00726_act_002', 'trait_agreeableness_00726_act_003', 'trait_agreeableness_00726_act_004']","['Suggest that Stevielynn should speak to a financial advisor to better manage her expenses and debt.', 'Offer to help Stevielynn by covering some of her medical expenses or by lending her money if that feels right to you.', 'Advise Stevielynn to negotiate the bills or seek cheaper medical alternatives for future treatments.', 'Consider providing support by helping Stevielynn find financial aid programs or charities that assist with medical bills.']","['low', 'high', 'low', 'high']","[-6.90625, -0.0017728805541992188, -7.375, -10.421875]","[-0.3288690476190476, -6.818771362304688e-05, -0.3881578947368421, -0.4962797619047619]","[0.23937258124351501, 0.33256059885025024, 0.2255929708480835, 0.20247381925582886]",0.5350344340513478,0.46496556594865224,-0.03503443405134776
trait_agreeableness_00727,agreeableness,low,as_pas_only,none,trait_agreeableness_00727_act_001,high,"['trait_agreeableness_00727_act_001', 'trait_agreeableness_00727_act_002', 'trait_agreeableness_00727_act_003', 'trait_agreeableness_00727_act_004']","['Consider starting with the positive aspects of the policy, then transition into your concerns, ensuring you maintain a respectful tone throughout.', 'Directly challenge the policy by presenting strong, logical arguments against it and demand a review from management.', 'You could express your concerns by highlighting how the policy impacts team morale, and gently suggest possible alternatives that could benefit everyone.', ""Question the policy's fairness and effectiveness in the meeting, and push for an immediate reconsideration by presenting the overall dissatisfaction of your colleagues.""]","['high', 'low', 'high', 'low']","[-1.0927734375, -5.13671875, -4.38671875, -1.435546875]","[-0.0455322265625, -0.2568359375, -0.18277994791666666, -0.053168402777777776]","[0.27220699191093445, 0.22035923600196838, 0.23729759454727173, 0.270136296749115]",0.5095045257205336,0.4904954742794664,-0.009504525720533619
trait_agreeableness_00728,agreeableness,low,as_pas_only,none,trait_agreeableness_00728_act_001,low,"['trait_agreeableness_00728_act_001', 'trait_agreeableness_00728_act_002', 'trait_agreeableness_00728_act_003', 'trait_agreeableness_00728_act_004']","[""Propose a formal vote on the project during the next team meeting to decisively address and move beyond Kashtin's opposition."", ""Firmly defend your project's merits in the next meeting, showcasing robust evidence and data to counter his objections."", 'Consider inviting Kashtin to co-present the project, integrating his viewpoints to strengthen the proposal.', 'Schedule a one-on-one meeting with Kashtin to understand his concerns and discuss potential compromises.']","['low', 'low', 'high', 'high']","[-0.7392578125, -3.85546875, -3.81640625, -0.73828125]","[-0.02843299278846154, -0.1676290760869565, -0.20086348684210525, -0.03885690789473684]","[0.2701750099658966, 0.23506776988506317, 0.2273838371038437, 0.26737335324287415]",0.49475720509163157,0.5052427949083684,0.005242794908368431
trait_agreeableness_00729,agreeableness,low,as_pas_only,none,trait_agreeableness_00729_act_004,low,"['trait_agreeableness_00729_act_001', 'trait_agreeableness_00729_act_002', 'trait_agreeableness_00729_act_003', 'trait_agreeableness_00729_act_004']","['Offer to spend time with Janely, perhaps going for a walk or watching a movie together to help her feel less alone.', 'Consider sending Janely a care package filled with her favorite treats and a heartfelt note to show your support and affection.', 'Encourage Janely to join a support group where she can connect with people who understand her grief and can offer perspective.', 'Suggest that Janely seeks professional counseling to address her feelings of hopelessness and to develop coping strategies.']","['high', 'high', 'low', 'low']","[-3.248046875, -3.951171875, -11.015625, -1.3740234375]","[-0.129921875, -0.17179008152173914, -0.458984375, -0.0654296875]","[0.26700761914253235, 0.2560592591762543, 0.19213815033435822, 0.2847949266433716]",0.5230669017016992,0.4769330982983008,-0.023066901701699227
trait_agreeableness_00730,agreeableness,low,as_pas_only,none,trait_agreeableness_00730_act_001,low,"['trait_agreeableness_00730_act_001', 'trait_agreeableness_00730_act_002', 'trait_agreeableness_00730_act_003', 'trait_agreeableness_00730_act_004']","['Withhold Meital’s paycheck as a firm action to underline the seriousness of the performance issues and motivate improvement.', 'Consider setting up a meeting with Meital to openly discuss performance issues and explore supportive measures to help improve their work.', 'Implement a direct policy that ties Meital’s pay to specific performance metrics, ensuring accountability and immediate consequences for underperformance.', 'You might want to create an improvement plan that outlines clear goals and timelines for Meital, providing regular feedback and encouragement.']","['low', 'high', 'low', 'high']","[-0.0004968643188476562, -16.84375, -13.421875, -24.34375]","[-2.258474176580256e-05, -0.7323369565217391, -0.5592447916666666, -1.0143229166666667]","[0.4140607714653015, 0.19907833635807037, 0.23669928312301636, 0.15016165375709534]",0.34923997450292227,0.6507600254970778,0.1507600254970778
trait_agreeableness_00731,agreeableness,low,as_pas_only,none,trait_agreeableness_00731_act_002,low,"['trait_agreeableness_00731_act_001', 'trait_agreeableness_00731_act_002', 'trait_agreeableness_00731_act_003', 'trait_agreeableness_00731_act_004']","['Perhaps you could delegate some of your responsibilities to other volunteers, which would allow you to continue supporting the charity while also managing your stress better.', ""It's practical to prioritize your own health and professional duties over volunteering; you can always return to it when you're in a better position."", 'You might consider reducing your hours slightly and finding a schedule that allows more time for rest, maintaining your commitment but taking care of your health too.', 'Consider taking a complete break from volunteering to focus entirely on your personal and professional life until you feel less overwhelmed.']","['high', 'low', 'high', 'low']","[-1.64453125, -1.26953125, -1.681640625, -1.0830078125]","[-0.05873325892857143, -0.04534040178571429, -0.05798760775862069, -0.04922762784090909]","[0.24852254986763, 0.2518733739852905, 0.24870793521404266, 0.2508961856365204]",0.49723046285373884,0.5027695371462612,0.0027695371462611584
trait_agreeableness_00732,agreeableness,low,as_pas_only,none,trait_agreeableness_00732_act_001,low,"['trait_agreeableness_00732_act_001', 'trait_agreeableness_00732_act_002', 'trait_agreeableness_00732_act_003', 'trait_agreeableness_00732_act_004']","['Recommend that they check local moving services or rental trucks, as you need to prioritize your own commitments this weekend.', 'Politely explain that you have long-standing personal plans and suggest that they reschedule the move or ask another friend for help.', 'You could suggest hiring professional movers and then visiting your friend after your retreat to help them unpack and settle in.', 'Offer to help your friend with packing a day or two before your retreat, so you can still support them without cancelling your plans.']","['low', 'low', 'high', 'high']","[-0.309814453125, -1.3720703125, -8.921875, -6.69140625]","[-0.014082475142045454, -0.0548828125, -0.4055397727272727, -0.25736177884615385]","[0.2923853397369385, 0.28069600462913513, 0.1976732313632965, 0.22924545407295227]",0.42691867271308087,0.5730813272869191,0.07308132728691907
trait_agreeableness_00733,agreeableness,low,as_pas_only,none,trait_agreeableness_00733_act_003,low,"['trait_agreeableness_00733_act_001', 'trait_agreeableness_00733_act_002', 'trait_agreeableness_00733_act_003', 'trait_agreeableness_00733_act_004']","['You could politely excuse yourself from your current commitment, explaining the importance of timely attendance at your work meeting.', 'Consider contacting a colleague who is also attending the meeting and kindly ask if they can cover the beginning part until you arrive.', ""Just focus on finishing your current commitment properly, even if it means being late; you can't always please everyone."", ""Send a quick message to inform them you'll be late, then proceed with your current engagement without cutting it short.""]","['high', 'high', 'low', 'low']","[-0.80078125, -3.3203125, -0.78515625, -5.19140625]","[-0.03813244047619048, -0.13834635416666666, -0.03413722826086957, -0.2257133152173913]","[0.2675507068634033, 0.24203811585903168, 0.2686217725276947, 0.2217893898487091]",0.5095888303159003,0.4904111696840997,-0.009588830315900299
trait_agreeableness_00734,agreeableness,low,as_pas_only,none,trait_agreeableness_00734_act_002,high,"['trait_agreeableness_00734_act_001', 'trait_agreeableness_00734_act_002', 'trait_agreeableness_00734_act_003', 'trait_agreeableness_00734_act_004']","['Directly ask both colleagues to clarify their points and explain the reasoning behind their disagreements in the meeting, fostering a clear and open dialogue.', 'You might consider suggesting a team-building activity that focuses on communication skills, which can improve overall team harmony without direct confrontation.', 'You could inform your manager about the disruptive behavior, letting them handle the situation and possibly mediate the conflict.', 'Perhaps you could recommend a feedback session where everyone gets the chance to express their thoughts in a structured manner, making the atmosphere more open and less tense.']","['low', 'high', 'low', 'high']","[-1.5302734375, -0.970703125, -7.9765625, -3.828125]","[-0.05667679398148148, -0.040445963541666664, -0.3625710227272727, -0.12760416666666666]","[0.2714177370071411, 0.2758590281009674, 0.19988954067230225, 0.25283366441726685]",0.5286927082745048,0.47130729172549524,-0.028692708274504763
trait_agreeableness_00735,agreeableness,low,as_pas_only,none,trait_agreeableness_00735_act_002,low,"['trait_agreeableness_00735_act_001', 'trait_agreeableness_00735_act_002', 'trait_agreeableness_00735_act_003', 'trait_agreeableness_00735_act_004']","['Maybe you can ask your friend how they feel about their project first to understand their perspective before sharing your thoughts.', 'Just be straightforward and tell your friend what you really think about the art project; they asked for honesty, after all.', 'You could mention specific aspects you like while gently suggesting improvements in areas you think could be better.', 'Recommend your friend to seek feedback from professional artists as well, which can provide them with a more objective critique.']","['high', 'low', 'high', 'low']","[-9.203125, -0.00015294551849365234, -21.65625, -20.453125]","[-0.41832386363636365, -6.372729937235515e-06, -1.1398026315789473, -0.9296875]","[0.27738380432128906, 0.42145776748657227, 0.1348176747560501, 0.16634075343608856]",0.4122014790773392,0.5877985209226608,0.08779852092266083
trait_agreeableness_00736,agreeableness,low,as_pas_only,none,trait_agreeableness_00736_act_001,low,"['trait_agreeableness_00736_act_001', 'trait_agreeableness_00736_act_002', 'trait_agreeableness_00736_act_003', 'trait_agreeableness_00736_act_004']","['Suggest a compromise where Jahnia could redistribute some of the tasks among other team members to lessen your burden.', 'Decline the proposal, citing your current responsibilities and the importance of maintaining your personal life balance.', 'Perhaps you could agree to the new plan, but clarify your availability and limits to ensure your personal time is respected.', 'You might consider agreeing to the plan but also ask for help or support to manage the increased workload effectively.']","['low', 'low', 'high', 'high']","[-0.8662109375, -0.8193359375, -2.646484375, -3.099609375]","[-0.039373224431818184, -0.043122944078947366, -0.11506453804347826, -0.14760044642857142]","[0.261726438999176, 0.26074686646461487, 0.242647185921669, 0.2348794937133789]",0.47752668675075005,0.52247331324925,0.02247331324924995
trait_agreeableness_00737,agreeableness,low,as_pas_only,none,trait_agreeableness_00737_act_003,low,"['trait_agreeableness_00737_act_001', 'trait_agreeableness_00737_act_002', 'trait_agreeableness_00737_act_003', 'trait_agreeableness_00737_act_004']","['You could gently remind your colleagues about the value of discussing concerns directly with PersonZ to promote a more understanding and supportive work environment.', 'Consider sharing positive experiences or achievements of PersonZ to subtly shift the tone of the conversation to something more constructive and appreciative.', ""You might propose focusing the discussion on tasks and projects instead, pointing out that speculative talk is not productive or beneficial for the team's goals."", 'Suggest setting up a meeting where concerns can be addressed openly with PersonZ present, ensuring a fair dialogue and cutting out behind-the-back criticisms.']","['high', 'high', 'low', 'low']","[-9.2734375, -1.6005859375, -0.5400390625, -1.5693359375]","[-0.3566706730769231, -0.0640234375, -0.019287109375, -0.05411503232758621]","[0.1962878257036209, 0.2630198001861572, 0.2750535011291504, 0.2656388580799103]",0.4593076327339952,0.5406923672660048,0.04069236726600478
trait_agreeableness_00738,agreeableness,low,as_pas_only,none,trait_agreeableness_00738_act_001,low,"['trait_agreeableness_00738_act_001', 'trait_agreeableness_00738_act_002', 'trait_agreeableness_00738_act_003', 'trait_agreeableness_00738_act_004']","['Recommend they look into local community services like food banks and job training workshops to become more self-sufficient.', 'Offer to babysit the children a couple of times a week to give the parents time to job search or handle other responsibilities.', 'Suggest setting up a schedule where they can gradually take over the childcare and household chores as they stabilize financially.', 'Prepare some extra meals that can easily be reheated, to relieve them from cooking duties for a few days.']","['low', 'high', 'low', 'high']","[-0.1849365234375, -3.478515625, -3.435546875, -2.931640625]","[-0.008806501116071428, -0.139140625, -0.1561612215909091, -0.13325639204545456]","[0.27595552802085876, 0.24223433434963226, 0.23814626038074493, 0.24366390705108643]",0.4858982269198231,0.5141017730801769,0.014101773080176905
trait_agreeableness_00739,agreeableness,low,as_pas_only,none,trait_agreeableness_00739_act_001,high,"['trait_agreeableness_00739_act_001', 'trait_agreeableness_00739_act_002', 'trait_agreeableness_00739_act_003', 'trait_agreeableness_00739_act_004']","['Consider encouraging Destinnie to seek advice from an independent financial advisor to ensure she makes a well-informed decision.', 'Go ahead and emphasize the potential high returns of the deal to persuade Destinnie, focusing on how such investments can significantly pay off.', 'You could prioritize transparency and discuss both the potential benefits and risks openly with Destinnie, emphasizing that the final decision is hers to make.', ""You should highlight the unique chance this deal represents and pitch it as a strategically aggressive investment that shouldn't be missed.""]","['high', 'low', 'high', 'low']","[-0.82177734375, -6.1171875, -2.498046875, -1.185546875]","[-0.037353515625, -0.23527644230769232, -0.09252025462962964, -0.051545516304347824]","[0.2664770185947418, 0.21862655878067017, 0.2521744966506958, 0.26272186636924744]",0.5186515461594788,0.48134845384052116,-0.018651546159478838
trait_agreeableness_00740,agreeableness,low,as_pas_only,none,trait_agreeableness_00740_act_001,low,"['trait_agreeableness_00740_act_001', 'trait_agreeableness_00740_act_002', 'trait_agreeableness_00740_act_003', 'trait_agreeableness_00740_act_004']","[""Confront Hikari then and there by firmly stating the discomfort they're causing, to immediately address the issue."", ""Directly tell Hikari that their behavior is inappropriate and advise them to stop immediately if you feel it's disruptive enough."", 'Maybe suggest a quick, quiet walk with Hikari outside the venue to discuss the issue discreetly and help them regain composure.', 'Consider pulling Hikari aside gently to express your concerns in private, aiming to avoid public embarrassment.']","['low', 'low', 'high', 'high']","[-0.026092529296875, -4.02734375, -5.8671875, -7.4921875]","[-0.0011344577955163043, -0.16109375, -0.21730324074074073, -0.374609375]","[0.29885396361351013, 0.2546769082546234, 0.240756556391716, 0.20571261644363403]",0.4464691528766236,0.5535308471233764,0.05353084712337641
trait_agreeableness_00741,agreeableness,low,as_pas_only,none,trait_agreeableness_00741_act_003,low,"['trait_agreeableness_00741_act_001', 'trait_agreeableness_00741_act_002', 'trait_agreeableness_00741_act_003', 'trait_agreeableness_00741_act_004']","['You might consider arranging a private, friendly chat with Janya to understand any challenges she’s facing and discuss how you can help her meet her deadlines.', 'Perhaps you could offer to help Janya organize her tasks or suggest setting up a team meeting to realign everyone’s responsibilities and deadlines.', ""Directly inform Janya that her missed deadlines are impacting the team's performance and she needs to adhere to the project timeline more strictly."", 'Send an email to Janya outlining the deadlines and mentioning that further delays could lead to discussions with higher management.']","['high', 'high', 'low', 'low']","[-7.9375, -7.5390625, -0.0034122467041015625, -10.140625]","[-0.26458333333333334, -0.27922453703703703, -0.00012637950755931712, -0.4609375]","[0.24331432580947876, 0.23977786302566528, 0.3169712424278259, 0.19993652403354645]",0.4830922104310487,0.5169077895689513,0.016907789568951337
trait_agreeableness_00742,agreeableness,low,as_pas_only,none,trait_agreeableness_00742_act_001,low,"['trait_agreeableness_00742_act_001', 'trait_agreeableness_00742_act_002', 'trait_agreeableness_00742_act_003', 'trait_agreeableness_00742_act_004']","['Directly point out the flaw during the meeting and suggest an alternative strategy that mitigates these risks.', 'Consider suggesting a follow-up meeting where you can review the strategy more thoroughly together, to align on the best approach.', 'Challenge the strategy openly in the meeting to ensure everyone is aware of the potential losses, emphasizing the need for a robust discussion.', 'You could express your concerns by privately messaging your colleague, framing it as seeking to understand their perspective better.']","['low', 'high', 'low', 'high']","[-0.06317138671875, -11.5, -2.935546875, -11.1875]","[-0.0031585693359375, -0.5, -0.117421875, -0.5327380952380952]","[0.3236953020095825, 0.1969522386789322, 0.28874367475509644, 0.19060879945755005]",0.38756103236137285,0.6124389676386272,0.11243896763862715
trait_agreeableness_00743,agreeableness,low,as_pas_only,none,trait_agreeableness_00743_act_002,low,"['trait_agreeableness_00743_act_001', 'trait_agreeableness_00743_act_002', 'trait_agreeableness_00743_act_003', 'trait_agreeableness_00743_act_004']","['Maybe you could offer to help train someone else to share the workload, easing the burden on you.', 'Just say no to additional shifts and prioritize your health over voluntary extras.', 'You might consider gently explaining to your supervisor your health concerns and see if you can reduce the extra shifts.', ""Take a step back and let others step up; you're not the only one who can volunteer for extra work.""]","['high', 'low', 'high', 'low']","[-8.484375, -0.0137176513671875, -4.41796875, -6.73046875]","[-0.42421875, -0.0009798322405133928, -0.21037946428571427, -0.29262907608695654]","[0.20383358001708984, 0.3112333118915558, 0.25243231654167175, 0.23250077664852142]",0.4562659033576534,0.5437340966423466,0.04373409664234662
trait_agreeableness_00744,agreeableness,low,as_pas_only,none,trait_agreeableness_00744_act_001,low,"['trait_agreeableness_00744_act_001', 'trait_agreeableness_00744_act_002', 'trait_agreeableness_00744_act_003', 'trait_agreeableness_00744_act_004']","['Escalate the issue to your manager or HR department to formally address the rumors and protect your professional reputation.', 'Address the situation directly by confronting your colleague and demand they stop spreading unfounded rumors immediately.', 'Offer to collaborate on a project together which could help improve your relationship and show your genuine intentions.', 'Invite your colleague for a coffee and gently discuss the impact their behavior is having on you, aiming to clear up any misunderstandings.']","['low', 'low', 'high', 'high']","[-0.0043487548828125, -6.31640625, -9.609375, -12.59375]","[-0.00019767067649147728, -0.3509114583333333, -0.5057565789473685, -0.484375]","[0.3420490622520447, 0.24086590111255646, 0.20631317794322968, 0.21077196300029755]",0.41708509743816136,0.5829149025618386,0.08291490256183864
trait_agreeableness_00745,agreeableness,low,as_pas_only,none,trait_agreeableness_00745_act_003,low,"['trait_agreeableness_00745_act_001', 'trait_agreeableness_00745_act_002', 'trait_agreeableness_00745_act_003', 'trait_agreeableness_00745_act_004']","['You could give your friend the guitar as a gift to help ease their financial burden and share the joy of music.', 'Consider lending the guitar to your friend until they can afford one, creating a win-win situation where you keep ownership and they get to play.', 'Keep the guitar since giving it away could set a precedent for similar expectations in the future.', 'Suggest that your friend looks for affordable second-hand options online, emphasizing the importance of financial responsibility.']","['high', 'high', 'low', 'low']","[-5.55078125, -3.361328125, -0.059722900390625, -6.86328125]","[-0.2413383152173913, -0.12004743303571429, -0.003317938910590278, -0.3431640625]","[0.23251083493232727, 0.26249387860298157, 0.29499465227127075, 0.21000075340270996]",0.49500465452615566,0.5049953454738443,0.0049953454738442815
trait_agreeableness_00746,agreeableness,low,as_pas_only,none,trait_agreeableness_00746_act_002,high,"['trait_agreeableness_00746_act_001', 'trait_agreeableness_00746_act_002', 'trait_agreeableness_00746_act_003', 'trait_agreeableness_00746_act_004']","['Consider suggesting that Aythana delegate specific tasks to other team members or ask for an extension from the project lead.', ""Absolutely, offering your assistance could greatly alleviate Aythana's stress and help distribute the project tasks more manageably."", 'Recommend to Aythana to reevaluate her project plan and identify priorities; she might need to focus on key areas and drop less critical tasks.', 'Yes, stepping in to help Aythana not only supports her but also strengthens the teamwork within the project.']","['low', 'high', 'low', 'high']","[-4.171875, -0.062164306640625, -7.140625, -3.6484375]","[-0.18138586956521738, -0.002702795940896739, -0.24622844827586207, -0.16583806818181818]","[0.24104948341846466, 0.28820881247520447, 0.22591517865657806, 0.2448265552520752]",0.5330353518415882,0.46696464815841177,-0.033035351841588234
trait_agreeableness_00747,agreeableness,low,as_pas_only,none,trait_agreeableness_00747_act_002,low,"['trait_agreeableness_00747_act_001', 'trait_agreeableness_00747_act_002', 'trait_agreeableness_00747_act_003', 'trait_agreeableness_00747_act_004']","['Consider suggesting a brief team check-in where everyone updates the group on their progress, allowing Carielle to share in a non-confrontational setting.', ""Point out directly to Carielle during the meeting that you've noticed discrepancies in their work, asking for an immediate clarification."", 'Perhaps you could invite Carielle for a private chat to gently inquire about their progress and any challenges they might be facing.', ""Challenge Carielle in the meeting to present detailed evidence of their progress to ensure they're held accountable in front of the team.""]","['high', 'low', 'high', 'low']","[-1.20703125, -0.87939453125, -7.84765625, -1.7392578125]","[-0.040234375, -0.03517578125, -0.31390625, -0.06689453125]","[0.2674264907836914, 0.26878273487091064, 0.2033996880054474, 0.26039108633995056]",0.4708261787891388,0.5291738212108612,0.029173821210861206
trait_agreeableness_00748,agreeableness,low,as_pas_only,none,trait_agreeableness_00748_act_002,low,"['trait_agreeableness_00748_act_001', 'trait_agreeableness_00748_act_002', 'trait_agreeableness_00748_act_003', 'trait_agreeableness_00748_act_004']","['Document specific instances where Melicia took undue credit and present these to your supervisor as evidence.', ""Report the behavior to your supervisor immediately to prevent further damage to the team's morale."", 'Consider organizing a team intervention where everyone can openly discuss their feelings about fairness and recognition.', 'You could speak with Melicia first to express your concerns and give them a chance to rectify the situation themselves.']","['low', 'low', 'high', 'high']","[-4.38671875, -0.0125274658203125, -16.28125, -20.703125]","[-0.2437065972222222, -0.0007369097541360295, -0.9577205882352942, -0.9001358695652174]","[0.3045618534088135, 0.3883255124092102, 0.1491362452507019, 0.15797629952430725]",0.3071125722330128,0.6928874277669872,0.1928874277669872
trait_agreeableness_00749,agreeableness,low,as_pas_only,none,trait_agreeableness_00749_act_004,low,"['trait_agreeableness_00749_act_001', 'trait_agreeableness_00749_act_002', 'trait_agreeableness_00749_act_003', 'trait_agreeableness_00749_act_004']","['You might consider addressing the discomfort with Tagert directly by kindly expressing how their behavior makes you feel and seeking a mutual understanding.', 'Perhaps you could involve a mediator from HR to help facilitate a constructive conversation with Tagert, which might improve your work environment.', 'Stand your ground and confront Tagert directly about their aggressive behavior without sugarcoating your concerns.', 'Keep avoiding Tagert if interacting with them disrupts your productivity and peace of mind, focusing instead on your own work responsibilities.']","['high', 'high', 'low', 'low']","[-14.84375, -10.578125, -2.32421875, -0.10589599609375]","[-0.59375, -0.423125, -0.12232730263157894, -0.00423583984375]","[0.1788451224565506, 0.21211852133274078, 0.2865585386753082, 0.3224778175354004]",0.3909636437892914,0.6090363562107086,0.10903635621070862
trait_agreeableness_00750,agreeableness,low,as_pas_only,none,trait_agreeableness_00750_act_003,low,"['trait_agreeableness_00750_act_001', 'trait_agreeableness_00750_act_002', 'trait_agreeableness_00750_act_003', 'trait_agreeableness_00750_act_004']","['Directly challenge the strategy in a team meeting by clearly outlining the potential pitfalls and presenting your alternative solutions.', 'You might consider gently suggesting a team meeting to review the project strategy and express your concerns in a supportive manner.', 'Write a concise, fact-based email to your project leader detailing why the current strategy might fail and suggest a meeting to discuss viable alternatives.', 'Perhaps you could offer to help research or present alternative strategies that could complement the current plan without dismissing it entirely.']","['low', 'high', 'low', 'high']","[-1.015625, -4.109375, -0.482666015625, -8.1484375]","[-0.04836309523809524, -0.18678977272727273, -0.017876519097222224, -0.3703835227272727]","[0.2757580876350403, 0.24011006951332092, 0.2842944860458374, 0.1998373121023178]",0.43994740128282017,0.5600525987171798,0.06005259871717983
