scenario_id,trait,target_direction,condition,prompt_style,loglik_selected_action,loglik_selected_direction,action_ids,action_texts,action_directions,action_logliks,action_normalized_logliks,action_softmax_probs,trait_score,trait_target_score,trait_target_attainment
trait_agreeableness_00701,agreeableness,high,baseline,none,trait_agreeableness_00701_act_002,high,"['trait_agreeableness_00701_act_001', 'trait_agreeableness_00701_act_002', 'trait_agreeableness_00701_act_003', 'trait_agreeableness_00701_act_004']","['You could propose a meeting to discuss the strengths of each theme and consider blending elements of both to please a wider audience.', 'Maybe consult with other team members for their opinions to see if a consensus can be achieved that respects both perspectives.', 'Stick to presenting clear, data-backed arguments on why a cultural heritage theme could draw more interest and community engagement.', 'Insist on setting clear objectives for the event and demonstrate how your theme aligns better with those goals compared to a modern tech theme.']","['high', 'high', 'low', 'low']","[-7.78125, -0.76708984375, -1.845703125, -5.359375]","[-0.32421875, -0.034867720170454544, -0.08389559659090909, -0.19849537037037038]","[0.21091756224632263, 0.28169316053390503, 0.2682154178619385, 0.23917385935783386]",0.49261072278022766,0.49261072278022766,-0.007389277219772339
trait_agreeableness_00702,agreeableness,high,baseline,none,trait_agreeableness_00702_act_002,high,"['trait_agreeableness_00702_act_001', 'trait_agreeableness_00702_act_002', 'trait_agreeableness_00702_act_003', 'trait_agreeableness_00702_act_004']","['Clearly communicate to your supervisor the unrealistic nature of the additional workload and negotiate down the responsibilities.', 'Consider discussing a phased approach with your boss to gradually integrate the new project while maintaining balance with your current tasks.', 'Prioritize your tasks and cut down on the least essential ones; put focus only on what genuinely requires your expertise.', 'You could ask for support from your team or colleagues to help manage the workload more efficiently.']","['low', 'high', 'low', 'high']","[-0.98388671875, -0.712890625, -2.119140625, -10.8046875]","[-0.05466037326388889, -0.032404119318181816, -0.09213654891304347, -0.6002604166666666]","[0.2804878354072571, 0.28680041432380676, 0.27017074823379517, 0.162541002035141]",0.44934141635894775,0.44934141635894775,-0.050658583641052246
trait_agreeableness_00703,agreeableness,high,baseline,none,trait_agreeableness_00703_act_002,low,"['trait_agreeableness_00703_act_001', 'trait_agreeableness_00703_act_002', 'trait_agreeableness_00703_act_003', 'trait_agreeableness_00703_act_004']","['Consider setting aside a portion of your bonus for your vacation and donate a portion to your friend to ease their burden.', 'Invest the bonus in a personal savings or retirement fund to ensure your future financial stability.', 'You could offer to help your friend cover some of their medical expenses with part of your bonus.', 'Use the bonus for the vacation you’ve been planning, as personal relaxation and fulfillment are important.']","['high', 'low', 'high', 'low']","[-4.22265625, -0.64111328125, -5.28515625, -0.85498046875]","[-0.18359375, -0.03771254595588235, -0.27816611842105265, -0.044998972039473686]","[0.23722095787525177, 0.27447858452796936, 0.21581459045410156, 0.2724858820438385]",0.4530355415785977,0.4530355415785977,-0.04696445842140229
trait_agreeableness_00704,agreeableness,high,baseline,none,trait_agreeableness_00704_act_001,low,"['trait_agreeableness_00704_act_001', 'trait_agreeableness_00704_act_002', 'trait_agreeableness_00704_act_003', 'trait_agreeableness_00704_act_004']","['Challenge the team to justify the strategy with data or precedents, given its similarity to past unsuccessful attempts.', 'Directly state the issues and shortcomings you foresee with the agreed strategy to ensure they are aware of the potential risks.', 'Maybe suggest setting up a small trial run of the strategy first, to demonstrate the outcomes before fully committing.', 'You could gently express your concerns and propose discussing alternative strategies that could prevent potential issues.']","['low', 'low', 'high', 'high']","[-0.75537109375, -1.615234375, -2.724609375, -3.443359375]","[-0.035970052083333336, -0.07022758152173914, -0.12974330357142858, -0.20255055147058823]","[0.26857414841651917, 0.2595292627811432, 0.24453386664390564, 0.22736269235610962]",0.4718965730636291,0.4718965730636291,-0.028103426936370912
trait_agreeableness_00705,agreeableness,high,baseline,none,trait_agreeableness_00705_act_001,high,"['trait_agreeableness_00705_act_001', 'trait_agreeableness_00705_act_002', 'trait_agreeableness_00705_act_003', 'trait_agreeableness_00705_act_004']","['You could consider politely reaching out to the rental agency to express your concerns and ask for possible solutions or compensation.', 'Maybe try to calmly discuss the discrepancies with the agency, highlighting the missing amenities and differences in the property, and request an amicable resolution.', 'Demand an immediate response from the rental agency and insist on a partial refund or relocation to a property that matches the initial description.', 'Send a firm email to the agency detailing every issue, and make it clear you expect swift action or you will consider legal advice.']","['high', 'high', 'low', 'low']","[-0.276123046875, -1.4404296875, -15.2265625, -12.6328125]","[-0.012551047585227272, -0.05144391741071429, -0.6090625, -0.48587740384615385]","[0.3189273774623871, 0.3067615032196045, 0.17564274370670319, 0.19866837561130524]",0.6256888806819916,0.6256888806819916,0.12568888068199158
trait_agreeableness_00706,agreeableness,high,baseline,none,trait_agreeableness_00706_act_001,low,"['trait_agreeableness_00706_act_001', 'trait_agreeableness_00706_act_002', 'trait_agreeableness_00706_act_003', 'trait_agreeableness_00706_act_004']","['Directly confront Marybella in your next team meeting by highlighting specific instances where your ideas were dismissed and demand a justification.', 'Consider asking Marybella for a private meeting to express how valuable you feel contributions from all team members are, including yours.', 'Email the whole team including your manager outlining how the dismissal of ideas by any team member, including Marybella, negatively impacts project creativity and ask for more structured discussion protocols.', 'Maybe propose a team brainstorming session where everyone submits one idea anonymously to ensure each thought is considered without bias.']","['low', 'high', 'low', 'high']","[-0.51513671875, -1.15625, -4.45703125, -7.96875]","[-0.02060546875, -0.04625, -0.12734375, -0.3622159090909091]","[0.27901262044906616, 0.2719484269618988, 0.2507656216621399, 0.19827334582805634]",0.4702217657831048,0.4702217657831048,-0.029778234216895183
trait_agreeableness_00707,agreeableness,high,baseline,none,trait_agreeableness_00707_act_002,low,"['trait_agreeableness_00707_act_001', 'trait_agreeableness_00707_act_002', 'trait_agreeableness_00707_act_003', 'trait_agreeableness_00707_act_004']","['Perhaps eat a healthy meal before the party to lessen your cravings and politely sample very small amounts of your favorite foods.', 'Just say no to the unhealthy options and stick firmly to your diet plan; it’s about your health after all.', 'You could bring a dish to share that fits your diet so you have a healthy option available and still enjoy the party.', 'Ignore the offerings and focus on socializing, not eating; you’re there for your friend, not the food.']","['high', 'low', 'high', 'low']","[-3.6640625, -0.337890625, -2.3359375, -11.0546875]","[-0.1593070652173913, -0.014690896739130434, -0.09733072916666667, -0.48063858695652173]","[0.253503680229187, 0.29294782876968384, 0.26971200108528137, 0.18383651971817017]",0.5232156657214264,0.5232156657214264,0.023215665721426415
trait_agreeableness_00708,agreeableness,high,baseline,none,trait_agreeableness_00708_act_001,low,"['trait_agreeableness_00708_act_001', 'trait_agreeableness_00708_act_002', 'trait_agreeableness_00708_act_003', 'trait_agreeableness_00708_act_004']","['Simply note the achievement directly to Nazareth and mention that you noticed the milestone, encouraging them to own their success publicly.', ""Challenge Nazareth in a light-hearted manner about why they haven't boasted about their success yet, to push them out of their comfort zone."", 'Encourage mutual friends or coworkers to subtly acknowledge the achievement, fostering a supportive environment without overwhelming Nazareth.', 'Quietly congratulate Nazareth in a personal message to show your support and respect for their privacy.']","['low', 'low', 'high', 'high']","[-0.00518798828125, -12.6953125, -5.48828125, -8.8984375]","[-0.00021616617838541666, -0.45340401785714285, -0.26134672619047616, -0.4683388157894737]","[0.3298201262950897, 0.2096332460641861, 0.2540209889411926, 0.20652568340301514]",0.4605466517561681,0.4605466517561681,-0.0394533482438319
trait_agreeableness_00709,agreeableness,high,baseline,none,trait_agreeableness_00709_act_001,high,"['trait_agreeableness_00709_act_001', 'trait_agreeableness_00709_act_002', 'trait_agreeableness_00709_act_003', 'trait_agreeableness_00709_act_004']","['Consider politely telling Zacharyah that his advances are making you uncomfortable and you would like to keep your relationship professional.', 'Maybe talk to a trusted colleague or a supervisor for advice on how to approach Zacharyah about this sensitive issue.', 'Directly tell Zacharyah to stop the advances, asserting that they are inappropriate and unwelcome at the workplace.', 'If speaking to him directly doesn’t work, report the behavior to your HR department to handle it formally.']","['high', 'high', 'low', 'low']","[-0.04925537109375, -4.08203125, -3.486328125, -11.5234375]","[-0.0021415378736413045, -0.17747961956521738, -0.15157948369565216, -0.5487351190476191]","[0.3049446642398834, 0.25590139627456665, 0.2626158595085144, 0.17653809487819672]",0.5608460521571926,0.5608460521571926,0.06084605215719263
trait_agreeableness_00710,agreeableness,high,baseline,none,trait_agreeableness_00710_act_002,high,"['trait_agreeableness_00710_act_001', 'trait_agreeableness_00710_act_002', 'trait_agreeableness_00710_act_003', 'trait_agreeableness_00710_act_004']","['Demand an explanation as to why you were excluded from the discussion, asserting your right to know what concerns your family.', 'Approach a family member gently and express that you would appreciate being included in the conversation as it would help you cope better with the group.', 'Confront the family decisively about the secrecy, making it clear that you expect transparency in future matters.', 'Politely express to your family that you feel left out and assure them that you are capable of handling the situation more calmly with their support.']","['low', 'high', 'low', 'high']","[-8.3671875, -0.021484375, -3.912109375, -7.30078125]","[-0.36379076086956524, -0.0007672991071428571, -0.18629092261904762, -0.2607421875]","[0.21095076203346252, 0.30327749252319336, 0.2519232928752899, 0.2338484674692154]",0.5371259519886084,0.5371259519886084,0.03712595198860835
trait_agreeableness_00701,agreeableness,low,baseline,none,trait_agreeableness_00701_act_002,high,"['trait_agreeableness_00701_act_001', 'trait_agreeableness_00701_act_002', 'trait_agreeableness_00701_act_003', 'trait_agreeableness_00701_act_004']","['You could propose a meeting to discuss the strengths of each theme and consider blending elements of both to please a wider audience.', 'Maybe consult with other team members for their opinions to see if a consensus can be achieved that respects both perspectives.', 'Stick to presenting clear, data-backed arguments on why a cultural heritage theme could draw more interest and community engagement.', 'Insist on setting clear objectives for the event and demonstrate how your theme aligns better with those goals compared to a modern tech theme.']","['high', 'high', 'low', 'low']","[-7.78125, -0.76708984375, -1.845703125, -5.359375]","[-0.32421875, -0.034867720170454544, -0.08389559659090909, -0.19849537037037038]","[0.21091756224632263, 0.28169316053390503, 0.2682154178619385, 0.23917385935783386]",0.49261072278022766,0.5073892772197723,0.007389277219772339
trait_agreeableness_00702,agreeableness,low,baseline,none,trait_agreeableness_00702_act_002,high,"['trait_agreeableness_00702_act_001', 'trait_agreeableness_00702_act_002', 'trait_agreeableness_00702_act_003', 'trait_agreeableness_00702_act_004']","['Clearly communicate to your supervisor the unrealistic nature of the additional workload and negotiate down the responsibilities.', 'Consider discussing a phased approach with your boss to gradually integrate the new project while maintaining balance with your current tasks.', 'Prioritize your tasks and cut down on the least essential ones; put focus only on what genuinely requires your expertise.', 'You could ask for support from your team or colleagues to help manage the workload more efficiently.']","['low', 'high', 'low', 'high']","[-0.98388671875, -0.712890625, -2.119140625, -10.8046875]","[-0.05466037326388889, -0.032404119318181816, -0.09213654891304347, -0.6002604166666666]","[0.2804878354072571, 0.28680041432380676, 0.27017074823379517, 0.162541002035141]",0.44934141635894775,0.5506585836410522,0.050658583641052246
trait_agreeableness_00703,agreeableness,low,baseline,none,trait_agreeableness_00703_act_002,low,"['trait_agreeableness_00703_act_001', 'trait_agreeableness_00703_act_002', 'trait_agreeableness_00703_act_003', 'trait_agreeableness_00703_act_004']","['Consider setting aside a portion of your bonus for your vacation and donate a portion to your friend to ease their burden.', 'Invest the bonus in a personal savings or retirement fund to ensure your future financial stability.', 'You could offer to help your friend cover some of their medical expenses with part of your bonus.', 'Use the bonus for the vacation you’ve been planning, as personal relaxation and fulfillment are important.']","['high', 'low', 'high', 'low']","[-4.22265625, -0.64111328125, -5.28515625, -0.85498046875]","[-0.18359375, -0.03771254595588235, -0.27816611842105265, -0.044998972039473686]","[0.23722095787525177, 0.27447858452796936, 0.21581459045410156, 0.2724858820438385]",0.4530355415785977,0.5469644584214023,0.04696445842140229
trait_agreeableness_00704,agreeableness,low,baseline,none,trait_agreeableness_00704_act_001,low,"['trait_agreeableness_00704_act_001', 'trait_agreeableness_00704_act_002', 'trait_agreeableness_00704_act_003', 'trait_agreeableness_00704_act_004']","['Challenge the team to justify the strategy with data or precedents, given its similarity to past unsuccessful attempts.', 'Directly state the issues and shortcomings you foresee with the agreed strategy to ensure they are aware of the potential risks.', 'Maybe suggest setting up a small trial run of the strategy first, to demonstrate the outcomes before fully committing.', 'You could gently express your concerns and propose discussing alternative strategies that could prevent potential issues.']","['low', 'low', 'high', 'high']","[-0.75537109375, -1.615234375, -2.724609375, -3.443359375]","[-0.035970052083333336, -0.07022758152173914, -0.12974330357142858, -0.20255055147058823]","[0.26857414841651917, 0.2595292627811432, 0.24453386664390564, 0.22736269235610962]",0.4718965730636291,0.5281034269363709,0.028103426936370912
trait_agreeableness_00705,agreeableness,low,baseline,none,trait_agreeableness_00705_act_001,high,"['trait_agreeableness_00705_act_001', 'trait_agreeableness_00705_act_002', 'trait_agreeableness_00705_act_003', 'trait_agreeableness_00705_act_004']","['You could consider politely reaching out to the rental agency to express your concerns and ask for possible solutions or compensation.', 'Maybe try to calmly discuss the discrepancies with the agency, highlighting the missing amenities and differences in the property, and request an amicable resolution.', 'Demand an immediate response from the rental agency and insist on a partial refund or relocation to a property that matches the initial description.', 'Send a firm email to the agency detailing every issue, and make it clear you expect swift action or you will consider legal advice.']","['high', 'high', 'low', 'low']","[-0.276123046875, -1.4404296875, -15.2265625, -12.6328125]","[-0.012551047585227272, -0.05144391741071429, -0.6090625, -0.48587740384615385]","[0.3189273774623871, 0.3067615032196045, 0.17564274370670319, 0.19866837561130524]",0.6256888806819916,0.3743111193180084,-0.12568888068199158
trait_agreeableness_00706,agreeableness,low,baseline,none,trait_agreeableness_00706_act_001,low,"['trait_agreeableness_00706_act_001', 'trait_agreeableness_00706_act_002', 'trait_agreeableness_00706_act_003', 'trait_agreeableness_00706_act_004']","['Directly confront Marybella in your next team meeting by highlighting specific instances where your ideas were dismissed and demand a justification.', 'Consider asking Marybella for a private meeting to express how valuable you feel contributions from all team members are, including yours.', 'Email the whole team including your manager outlining how the dismissal of ideas by any team member, including Marybella, negatively impacts project creativity and ask for more structured discussion protocols.', 'Maybe propose a team brainstorming session where everyone submits one idea anonymously to ensure each thought is considered without bias.']","['low', 'high', 'low', 'high']","[-0.51513671875, -1.15625, -4.45703125, -7.96875]","[-0.02060546875, -0.04625, -0.12734375, -0.3622159090909091]","[0.27901262044906616, 0.2719484269618988, 0.2507656216621399, 0.19827334582805634]",0.4702217657831048,0.5297782342168952,0.029778234216895183
trait_agreeableness_00707,agreeableness,low,baseline,none,trait_agreeableness_00707_act_002,low,"['trait_agreeableness_00707_act_001', 'trait_agreeableness_00707_act_002', 'trait_agreeableness_00707_act_003', 'trait_agreeableness_00707_act_004']","['Perhaps eat a healthy meal before the party to lessen your cravings and politely sample very small amounts of your favorite foods.', 'Just say no to the unhealthy options and stick firmly to your diet plan; it’s about your health after all.', 'You could bring a dish to share that fits your diet so you have a healthy option available and still enjoy the party.', 'Ignore the offerings and focus on socializing, not eating; you’re there for your friend, not the food.']","['high', 'low', 'high', 'low']","[-3.6640625, -0.337890625, -2.3359375, -11.0546875]","[-0.1593070652173913, -0.014690896739130434, -0.09733072916666667, -0.48063858695652173]","[0.253503680229187, 0.29294782876968384, 0.26971200108528137, 0.18383651971817017]",0.5232156657214264,0.4767843342785736,-0.023215665721426415
trait_agreeableness_00708,agreeableness,low,baseline,none,trait_agreeableness_00708_act_001,low,"['trait_agreeableness_00708_act_001', 'trait_agreeableness_00708_act_002', 'trait_agreeableness_00708_act_003', 'trait_agreeableness_00708_act_004']","['Simply note the achievement directly to Nazareth and mention that you noticed the milestone, encouraging them to own their success publicly.', ""Challenge Nazareth in a light-hearted manner about why they haven't boasted about their success yet, to push them out of their comfort zone."", 'Encourage mutual friends or coworkers to subtly acknowledge the achievement, fostering a supportive environment without overwhelming Nazareth.', 'Quietly congratulate Nazareth in a personal message to show your support and respect for their privacy.']","['low', 'low', 'high', 'high']","[-0.00518798828125, -12.6953125, -5.48828125, -8.8984375]","[-0.00021616617838541666, -0.45340401785714285, -0.26134672619047616, -0.4683388157894737]","[0.3298201262950897, 0.2096332460641861, 0.2540209889411926, 0.20652568340301514]",0.4605466517561681,0.539453348243832,0.039453348243831954
trait_agreeableness_00709,agreeableness,low,baseline,none,trait_agreeableness_00709_act_001,high,"['trait_agreeableness_00709_act_001', 'trait_agreeableness_00709_act_002', 'trait_agreeableness_00709_act_003', 'trait_agreeableness_00709_act_004']","['Consider politely telling Zacharyah that his advances are making you uncomfortable and you would like to keep your relationship professional.', 'Maybe talk to a trusted colleague or a supervisor for advice on how to approach Zacharyah about this sensitive issue.', 'Directly tell Zacharyah to stop the advances, asserting that they are inappropriate and unwelcome at the workplace.', 'If speaking to him directly doesn’t work, report the behavior to your HR department to handle it formally.']","['high', 'high', 'low', 'low']","[-0.04925537109375, -4.08203125, -3.486328125, -11.5234375]","[-0.0021415378736413045, -0.17747961956521738, -0.15157948369565216, -0.5487351190476191]","[0.3049446642398834, 0.25590139627456665, 0.2626158595085144, 0.17653809487819672]",0.5608460521571926,0.43915394784280737,-0.06084605215719263
trait_agreeableness_00710,agreeableness,low,baseline,none,trait_agreeableness_00710_act_002,high,"['trait_agreeableness_00710_act_001', 'trait_agreeableness_00710_act_002', 'trait_agreeableness_00710_act_003', 'trait_agreeableness_00710_act_004']","['Demand an explanation as to why you were excluded from the discussion, asserting your right to know what concerns your family.', 'Approach a family member gently and express that you would appreciate being included in the conversation as it would help you cope better with the group.', 'Confront the family decisively about the secrecy, making it clear that you expect transparency in future matters.', 'Politely express to your family that you feel left out and assure them that you are capable of handling the situation more calmly with their support.']","['low', 'high', 'low', 'high']","[-8.3671875, -0.021484375, -3.912109375, -7.30078125]","[-0.36379076086956524, -0.0007672991071428571, -0.18629092261904762, -0.2607421875]","[0.21095076203346252, 0.30327749252319336, 0.2519232928752899, 0.2338484674692154]",0.5371259519886084,0.46287404801139165,-0.03712595198860835
trait_agreeableness_00701,agreeableness,high,one_line_prompt,one_line,trait_agreeableness_00701_act_002,high,"['trait_agreeableness_00701_act_001', 'trait_agreeableness_00701_act_002', 'trait_agreeableness_00701_act_003', 'trait_agreeableness_00701_act_004']","['You could propose a meeting to discuss the strengths of each theme and consider blending elements of both to please a wider audience.', 'Maybe consult with other team members for their opinions to see if a consensus can be achieved that respects both perspectives.', 'Stick to presenting clear, data-backed arguments on why a cultural heritage theme could draw more interest and community engagement.', 'Insist on setting clear objectives for the event and demonstrate how your theme aligns better with those goals compared to a modern tech theme.']","['high', 'high', 'low', 'low']","[-2.830078125, -0.09478759765625, -12.296875, -16.1875]","[-0.117919921875, -0.004308527166193182, -0.5589488636363636, -0.5995370370370371]","[0.29572898149490356, 0.33131012320518494, 0.19026437401771545, 0.18269650638103485]",0.6270391140436994,0.6270391140436994,0.12703911404369939
trait_agreeableness_00702,agreeableness,high,one_line_prompt,one_line,trait_agreeableness_00702_act_002,high,"['trait_agreeableness_00702_act_001', 'trait_agreeableness_00702_act_002', 'trait_agreeableness_00702_act_003', 'trait_agreeableness_00702_act_004']","['Clearly communicate to your supervisor the unrealistic nature of the additional workload and negotiate down the responsibilities.', 'Consider discussing a phased approach with your boss to gradually integrate the new project while maintaining balance with your current tasks.', 'Prioritize your tasks and cut down on the least essential ones; put focus only on what genuinely requires your expertise.', 'You could ask for support from your team or colleagues to help manage the workload more efficiently.']","['low', 'high', 'low', 'high']","[-3.607421875, -0.045562744140625, -4.50390625, -10.265625]","[-0.2004123263888889, -0.0020710338245738635, -0.19582201086956522, -0.5703125]","[0.2554420530796051, 0.3114805221557617, 0.2566172778606415, 0.17646019160747528]",0.4879406919505883,0.4879406919505883,-0.012059308049411688
trait_agreeableness_00703,agreeableness,high,one_line_prompt,one_line,trait_agreeableness_00703_act_004,low,"['trait_agreeableness_00703_act_001', 'trait_agreeableness_00703_act_002', 'trait_agreeableness_00703_act_003', 'trait_agreeableness_00703_act_004']","['Consider setting aside a portion of your bonus for your vacation and donate a portion to your friend to ease their burden.', 'Invest the bonus in a personal savings or retirement fund to ensure your future financial stability.', 'You could offer to help your friend cover some of their medical expenses with part of your bonus.', 'Use the bonus for the vacation you’ve been planning, as personal relaxation and fulfillment are important.']","['high', 'low', 'high', 'low']","[-6.59375, -6.09375, -3.986328125, -0.043426513671875]","[-0.2866847826086957, -0.3584558823529412, -0.20980674342105263, -0.002285605982730263]","[0.23043504357337952, 0.21447600424289703, 0.24884919822216034, 0.3062397241592407]",0.4792842560793238,0.4792842560793238,-0.02071574392067621
trait_agreeableness_00704,agreeableness,high,one_line_prompt,one_line,trait_agreeableness_00704_act_003,high,"['trait_agreeableness_00704_act_001', 'trait_agreeableness_00704_act_002', 'trait_agreeableness_00704_act_003', 'trait_agreeableness_00704_act_004']","['Challenge the team to justify the strategy with data or precedents, given its similarity to past unsuccessful attempts.', 'Directly state the issues and shortcomings you foresee with the agreed strategy to ensure they are aware of the potential risks.', 'Maybe suggest setting up a small trial run of the strategy first, to demonstrate the outcomes before fully committing.', 'You could gently express your concerns and propose discussing alternative strategies that could prevent potential issues.']","['low', 'low', 'high', 'high']","[-9.859375, -10.71875, -1.2216796875, -2.25390625]","[-0.4694940476190476, -0.46603260869565216, -0.05817522321428571, -0.13258272058823528]","[0.20354625582695007, 0.20425203442573547, 0.30711185932159424, 0.285089910030365]",0.5922017340539852,0.5922017340539852,0.09220173405398524
trait_agreeableness_00705,agreeableness,high,one_line_prompt,one_line,trait_agreeableness_00705_act_002,high,"['trait_agreeableness_00705_act_001', 'trait_agreeableness_00705_act_002', 'trait_agreeableness_00705_act_003', 'trait_agreeableness_00705_act_004']","['You could consider politely reaching out to the rental agency to express your concerns and ask for possible solutions or compensation.', 'Maybe try to calmly discuss the discrepancies with the agency, highlighting the missing amenities and differences in the property, and request an amicable resolution.', 'Demand an immediate response from the rental agency and insist on a partial refund or relocation to a property that matches the initial description.', 'Send a firm email to the agency detailing every issue, and make it clear you expect swift action or you will consider legal advice.']","['high', 'high', 'low', 'low']","[-3.865234375, -0.0281219482421875, -24.640625, -17.234375]","[-0.1756924715909091, -0.0010043552943638393, -0.985625, -0.6628605769230769]","[0.3076803386211395, 0.36640873551368713, 0.13688330352306366, 0.18902763724327087]",0.6740890640901168,0.6740890640901168,0.17408906409011682
trait_agreeableness_00706,agreeableness,high,one_line_prompt,one_line,trait_agreeableness_00706_act_002,high,"['trait_agreeableness_00706_act_001', 'trait_agreeableness_00706_act_002', 'trait_agreeableness_00706_act_003', 'trait_agreeableness_00706_act_004']","['Directly confront Marybella in your next team meeting by highlighting specific instances where your ideas were dismissed and demand a justification.', 'Consider asking Marybella for a private meeting to express how valuable you feel contributions from all team members are, including yours.', 'Email the whole team including your manager outlining how the dismissal of ideas by any team member, including Marybella, negatively impacts project creativity and ask for more structured discussion protocols.', 'Maybe propose a team brainstorming session where everyone submits one idea anonymously to ensure each thought is considered without bias.']","['low', 'high', 'low', 'high']","[-14.421875, -0.0088043212890625, -13.3046875, -11.59375]","[-0.576875, -0.0003521728515625, -0.3801339285714286, -0.5269886363636364]","[0.1980818212032318, 0.35255369544029236, 0.24115049839019775, 0.20821401476860046]",0.5607676934967132,0.5607676934967132,0.06076769349671318
trait_agreeableness_00707,agreeableness,high,one_line_prompt,one_line,trait_agreeableness_00707_act_003,high,"['trait_agreeableness_00707_act_001', 'trait_agreeableness_00707_act_002', 'trait_agreeableness_00707_act_003', 'trait_agreeableness_00707_act_004']","['Perhaps eat a healthy meal before the party to lessen your cravings and politely sample very small amounts of your favorite foods.', 'Just say no to the unhealthy options and stick firmly to your diet plan; it’s about your health after all.', 'You could bring a dish to share that fits your diet so you have a healthy option available and still enjoy the party.', 'Ignore the offerings and focus on socializing, not eating; you’re there for your friend, not the food.']","['high', 'low', 'high', 'low']","[-4.3984375, -2.126953125, -0.7734375, -14.359375]","[-0.19123641304347827, -0.09247622282608696, -0.0322265625, -0.6243206521739131]","[0.25479933619499207, 0.28124791383743286, 0.2987138628959656, 0.1652388572692871]",0.5535132155869369,0.5535132155869369,0.05351321558693689
trait_agreeableness_00708,agreeableness,high,one_line_prompt,one_line,trait_agreeableness_00708_act_001,low,"['trait_agreeableness_00708_act_001', 'trait_agreeableness_00708_act_002', 'trait_agreeableness_00708_act_003', 'trait_agreeableness_00708_act_004']","['Simply note the achievement directly to Nazareth and mention that you noticed the milestone, encouraging them to own their success publicly.', ""Challenge Nazareth in a light-hearted manner about why they haven't boasted about their success yet, to push them out of their comfort zone."", 'Encourage mutual friends or coworkers to subtly acknowledge the achievement, fostering a supportive environment without overwhelming Nazareth.', 'Quietly congratulate Nazareth in a personal message to show your support and respect for their privacy.']","['low', 'low', 'high', 'high']","[-0.07574462890625, -13.859375, -2.669921875, -7.1640625]","[-0.0031560262044270835, -0.49497767857142855, -0.12713913690476192, -0.3770559210526316]","[0.31417375802993774, 0.19212083518505096, 0.27753946185112, 0.2161659300327301]",0.49370539924063384,0.49370539924063384,-0.006294600759366165
trait_agreeableness_00709,agreeableness,high,one_line_prompt,one_line,trait_agreeableness_00709_act_001,high,"['trait_agreeableness_00709_act_001', 'trait_agreeableness_00709_act_002', 'trait_agreeableness_00709_act_003', 'trait_agreeableness_00709_act_004']","['Consider politely telling Zacharyah that his advances are making you uncomfortable and you would like to keep your relationship professional.', 'Maybe talk to a trusted colleague or a supervisor for advice on how to approach Zacharyah about this sensitive issue.', 'Directly tell Zacharyah to stop the advances, asserting that they are inappropriate and unwelcome at the workplace.', 'If speaking to him directly doesn’t work, report the behavior to your HR department to handle it formally.']","['high', 'high', 'low', 'low']","[-0.0081939697265625, -5.0703125, -8.7578125, -13.6015625]","[-0.00035625955332880437, -0.22044836956521738, -0.38077445652173914, -0.6476934523809523]","[0.33228570222854614, 0.26664096117019653, 0.2271423637866974, 0.17393088340759277]",0.598926716946964,0.598926716946964,0.09892671694696398
trait_agreeableness_00710,agreeableness,high,one_line_prompt,one_line,trait_agreeableness_00710_act_002,high,"['trait_agreeableness_00710_act_001', 'trait_agreeableness_00710_act_002', 'trait_agreeableness_00710_act_003', 'trait_agreeableness_00710_act_004']","['Demand an explanation as to why you were excluded from the discussion, asserting your right to know what concerns your family.', 'Approach a family member gently and express that you would appreciate being included in the conversation as it would help you cope better with the group.', 'Confront the family decisively about the secrecy, making it clear that you expect transparency in future matters.', 'Politely express to your family that you feel left out and assure them that you are capable of handling the situation more calmly with their support.']","['low', 'high', 'low', 'high']","[-22.59375, -0.005859375, -15.8828125, -5.25390625]","[-0.9823369565217391, -0.00020926339285714285, -0.7563244047619048, -0.18763950892857142]","[0.140105202794075, 0.3740992844104767, 0.17563466727733612, 0.3101608455181122]",0.6842601299285889,0.6842601299285889,0.18426012992858887
trait_agreeableness_00701,agreeableness,low,one_line_prompt,one_line,trait_agreeableness_00701_act_004,low,"['trait_agreeableness_00701_act_001', 'trait_agreeableness_00701_act_002', 'trait_agreeableness_00701_act_003', 'trait_agreeableness_00701_act_004']","['You could propose a meeting to discuss the strengths of each theme and consider blending elements of both to please a wider audience.', 'Maybe consult with other team members for their opinions to see if a consensus can be achieved that respects both perspectives.', 'Stick to presenting clear, data-backed arguments on why a cultural heritage theme could draw more interest and community engagement.', 'Insist on setting clear objectives for the event and demonstrate how your theme aligns better with those goals compared to a modern tech theme.']","['high', 'high', 'low', 'low']","[-16.09375, -10.828125, -0.87841796875, -0.63037109375]","[-0.6705729166666666, -0.4921875, -0.03992808948863636, -0.023347077546296297]","[0.16710276901721954, 0.19973556697368622, 0.31395629048347473, 0.3192054033279419]",0.36683832505827174,0.6331616749417283,0.13316167494172826
trait_agreeableness_00702,agreeableness,low,one_line_prompt,one_line,trait_agreeableness_00702_act_001,low,"['trait_agreeableness_00702_act_001', 'trait_agreeableness_00702_act_002', 'trait_agreeableness_00702_act_003', 'trait_agreeableness_00702_act_004']","['Clearly communicate to your supervisor the unrealistic nature of the additional workload and negotiate down the responsibilities.', 'Consider discussing a phased approach with your boss to gradually integrate the new project while maintaining balance with your current tasks.', 'Prioritize your tasks and cut down on the least essential ones; put focus only on what genuinely requires your expertise.', 'You could ask for support from your team or colleagues to help manage the workload more efficiently.']","['low', 'high', 'low', 'high']","[-0.1363525390625, -8.0625, -2.185546875, -11.1875]","[-0.007575141059027778, -0.3664772727272727, -0.09502377717391304, -0.6215277777777778]","[0.3168652057647705, 0.22131219506263733, 0.2903327941894531, 0.17148980498313904]",0.39280200004577637,0.6071979999542236,0.10719799995422363
trait_agreeableness_00703,agreeableness,low,one_line_prompt,one_line,trait_agreeableness_00703_act_004,low,"['trait_agreeableness_00703_act_001', 'trait_agreeableness_00703_act_002', 'trait_agreeableness_00703_act_003', 'trait_agreeableness_00703_act_004']","['Consider setting aside a portion of your bonus for your vacation and donate a portion to your friend to ease their burden.', 'Invest the bonus in a personal savings or retirement fund to ensure your future financial stability.', 'You could offer to help your friend cover some of their medical expenses with part of your bonus.', 'Use the bonus for the vacation you’ve been planning, as personal relaxation and fulfillment are important.']","['high', 'low', 'high', 'low']","[-6.4921875, -1.4296875, -9.78125, -0.280029296875]","[-0.28226902173913043, -0.08409926470588236, -0.5148026315789473, -0.014738384046052632]","[0.23156583309173584, 0.28231796622276306, 0.18352127075195312, 0.3025948703289032]",0.41508712858480984,0.5849128714151901,0.0849128714151901
trait_agreeableness_00704,agreeableness,low,one_line_prompt,one_line,trait_agreeableness_00704_act_001,low,"['trait_agreeableness_00704_act_001', 'trait_agreeableness_00704_act_002', 'trait_agreeableness_00704_act_003', 'trait_agreeableness_00704_act_004']","['Challenge the team to justify the strategy with data or precedents, given its similarity to past unsuccessful attempts.', 'Directly state the issues and shortcomings you foresee with the agreed strategy to ensure they are aware of the potential risks.', 'Maybe suggest setting up a small trial run of the strategy first, to demonstrate the outcomes before fully committing.', 'You could gently express your concerns and propose discussing alternative strategies that could prevent potential issues.']","['low', 'low', 'high', 'high']","[-0.037506103515625, -3.724609375, -11.0390625, -15.890625]","[-0.0017860049293154762, -0.16193953804347827, -0.5256696428571429, -0.9347426470588235]","[0.3524082601070404, 0.3002564013004303, 0.20870186388492584, 0.13863348960876465]",0.34733534831799046,0.6526646516820096,0.1526646516820096
trait_agreeableness_00705,agreeableness,low,one_line_prompt,one_line,trait_agreeableness_00705_act_003,low,"['trait_agreeableness_00705_act_001', 'trait_agreeableness_00705_act_002', 'trait_agreeableness_00705_act_003', 'trait_agreeableness_00705_act_004']","['You could consider politely reaching out to the rental agency to express your concerns and ask for possible solutions or compensation.', 'Maybe try to calmly discuss the discrepancies with the agency, highlighting the missing amenities and differences in the property, and request an amicable resolution.', 'Demand an immediate response from the rental agency and insist on a partial refund or relocation to a property that matches the initial description.', 'Send a firm email to the agency detailing every issue, and make it clear you expect swift action or you will consider legal advice.']","['high', 'high', 'low', 'low']","[-16.34375, -6.03125, -0.152099609375, -1.9794921875]","[-0.7428977272727273, -0.21540178571428573, -0.006083984375, -0.07613431490384616]","[0.14854703843593597, 0.2517402172088623, 0.3103545904159546, 0.28935813903808594]",0.4002872616095433,0.5997127383904567,0.09971273839045669
trait_agreeableness_00706,agreeableness,low,one_line_prompt,one_line,trait_agreeableness_00706_act_001,low,"['trait_agreeableness_00706_act_001', 'trait_agreeableness_00706_act_002', 'trait_agreeableness_00706_act_003', 'trait_agreeableness_00706_act_004']","['Directly confront Marybella in your next team meeting by highlighting specific instances where your ideas were dismissed and demand a justification.', 'Consider asking Marybella for a private meeting to express how valuable you feel contributions from all team members are, including yours.', 'Email the whole team including your manager outlining how the dismissal of ideas by any team member, including Marybella, negatively impacts project creativity and ask for more structured discussion protocols.', 'Maybe propose a team brainstorming session where everyone submits one idea anonymously to ensure each thought is considered without bias.']","['low', 'high', 'low', 'high']","[-0.0281829833984375, -11.9375, -8.171875, -9.375]","[-0.0011273193359375, -0.4775, -0.23348214285714286, -0.42613636363636365]","[0.3260025680065155, 0.20245802402496338, 0.258410781621933, 0.2131287008523941]",0.4155866939137359,0.5844133060862641,0.08441330608626407
trait_agreeableness_00707,agreeableness,low,one_line_prompt,one_line,trait_agreeableness_00707_act_002,low,"['trait_agreeableness_00707_act_001', 'trait_agreeableness_00707_act_002', 'trait_agreeableness_00707_act_003', 'trait_agreeableness_00707_act_004']","['Perhaps eat a healthy meal before the party to lessen your cravings and politely sample very small amounts of your favorite foods.', 'Just say no to the unhealthy options and stick firmly to your diet plan; it’s about your health after all.', 'You could bring a dish to share that fits your diet so you have a healthy option available and still enjoy the party.', 'Ignore the offerings and focus on socializing, not eating; you’re there for your friend, not the food.']","['high', 'low', 'high', 'low']","[-5.5703125, -0.051544189453125, -3.7578125, -7.40234375]","[-0.2421875, -0.002241051715353261, -0.15657552083333334, -0.3218410326086957]","[0.23342666029930115, 0.29672756791114807, 0.2542911767959595, 0.21555465459823608]",0.4877178080250139,0.512282191974986,0.012282191974986034
trait_agreeableness_00708,agreeableness,low,one_line_prompt,one_line,trait_agreeableness_00708_act_002,low,"['trait_agreeableness_00708_act_001', 'trait_agreeableness_00708_act_002', 'trait_agreeableness_00708_act_003', 'trait_agreeableness_00708_act_004']","['Simply note the achievement directly to Nazareth and mention that you noticed the milestone, encouraging them to own their success publicly.', ""Challenge Nazareth in a light-hearted manner about why they haven't boasted about their success yet, to push them out of their comfort zone."", 'Encourage mutual friends or coworkers to subtly acknowledge the achievement, fostering a supportive environment without overwhelming Nazareth.', 'Quietly congratulate Nazareth in a personal message to show your support and respect for their privacy.']","['low', 'low', 'high', 'high']","[-10.6484375, -0.03900146484375, -7.98828125, -14.8046875]","[-0.4436848958333333, -0.0013929094587053572, -0.38039434523809523, -0.7791940789473685]","[0.23059646785259247, 0.35887038707733154, 0.24566279351711273, 0.1648704707622528]",0.4105332153399926,0.5894667846600075,0.08946678466000746
trait_agreeableness_00709,agreeableness,low,one_line_prompt,one_line,trait_agreeableness_00709_act_003,low,"['trait_agreeableness_00709_act_001', 'trait_agreeableness_00709_act_002', 'trait_agreeableness_00709_act_003', 'trait_agreeableness_00709_act_004']","['Consider politely telling Zacharyah that his advances are making you uncomfortable and you would like to keep your relationship professional.', 'Maybe talk to a trusted colleague or a supervisor for advice on how to approach Zacharyah about this sensitive issue.', 'Directly tell Zacharyah to stop the advances, asserting that they are inappropriate and unwelcome at the workplace.', 'If speaking to him directly doesn’t work, report the behavior to your HR department to handle it formally.']","['high', 'high', 'low', 'low']","[-3.955078125, -3.720703125, -0.048675537109375, -5.97265625]","[-0.17195991847826086, -0.1617697010869565, -0.0021163277004076085, -0.2844122023809524]","[0.2445584535598755, 0.2470632940530777, 0.2898309826850891, 0.21854721009731293]",0.49162177691589454,0.5083782230841054,0.008378223084105407
trait_agreeableness_00710,agreeableness,low,one_line_prompt,one_line,trait_agreeableness_00710_act_003,low,"['trait_agreeableness_00710_act_001', 'trait_agreeableness_00710_act_002', 'trait_agreeableness_00710_act_003', 'trait_agreeableness_00710_act_004']","['Demand an explanation as to why you were excluded from the discussion, asserting your right to know what concerns your family.', 'Approach a family member gently and express that you would appreciate being included in the conversation as it would help you cope better with the group.', 'Confront the family decisively about the secrecy, making it clear that you expect transparency in future matters.', 'Politely express to your family that you feel left out and assure them that you are capable of handling the situation more calmly with their support.']","['low', 'high', 'low', 'high']","[-0.7587890625, -7.3046875, -0.63427734375, -17.03125]","[-0.032990828804347824, -0.26088169642857145, -0.030203683035714284, -0.6082589285714286]","[0.2974812984466553, 0.23685790598392487, 0.2983115613460541, 0.16734929382801056]",0.4042071757193103,0.5957928242806897,0.09579282428068969
trait_agreeableness_00701,agreeableness,high,elaborate_prompt,elaborate,trait_agreeableness_00701_act_002,high,"['trait_agreeableness_00701_act_001', 'trait_agreeableness_00701_act_002', 'trait_agreeableness_00701_act_003', 'trait_agreeableness_00701_act_004']","['You could propose a meeting to discuss the strengths of each theme and consider blending elements of both to please a wider audience.', 'Maybe consult with other team members for their opinions to see if a consensus can be achieved that respects both perspectives.', 'Stick to presenting clear, data-backed arguments on why a cultural heritage theme could draw more interest and community engagement.', 'Insist on setting clear objectives for the event and demonstrate how your theme aligns better with those goals compared to a modern tech theme.']","['high', 'high', 'low', 'low']","[-10.515625, -0.01540374755859375, -14.484375, -18.328125]","[-0.4381510416666667, -0.0007001703435724431, -0.6583806818181818, -0.6788194444444444]","[0.2417098879814148, 0.3743492066860199, 0.1939321905374527, 0.19000868499279022]",0.616059113027427,0.616059113027427,0.116059113027427
trait_agreeableness_00702,agreeableness,high,elaborate_prompt,elaborate,trait_agreeableness_00702_act_002,high,"['trait_agreeableness_00702_act_001', 'trait_agreeableness_00702_act_002', 'trait_agreeableness_00702_act_003', 'trait_agreeableness_00702_act_004']","['Clearly communicate to your supervisor the unrealistic nature of the additional workload and negotiate down the responsibilities.', 'Consider discussing a phased approach with your boss to gradually integrate the new project while maintaining balance with your current tasks.', 'Prioritize your tasks and cut down on the least essential ones; put focus only on what genuinely requires your expertise.', 'You could ask for support from your team or colleagues to help manage the workload more efficiently.']","['low', 'high', 'low', 'high']","[-9.953125, -0.007404327392578125, -8.84375, -13.6015625]","[-0.5529513888888888, -0.00033656033602627843, -0.3845108695652174, -0.7556423611111112]","[0.21106933057308197, 0.3667944073677063, 0.24979165196418762, 0.17234456539154053]",0.5391389968606382,0.5391389968606382,0.03913899686063815
trait_agreeableness_00703,agreeableness,high,elaborate_prompt,elaborate,trait_agreeableness_00703_act_004,low,"['trait_agreeableness_00703_act_001', 'trait_agreeableness_00703_act_002', 'trait_agreeableness_00703_act_003', 'trait_agreeableness_00703_act_004']","['Consider setting aside a portion of your bonus for your vacation and donate a portion to your friend to ease their burden.', 'Invest the bonus in a personal savings or retirement fund to ensure your future financial stability.', 'You could offer to help your friend cover some of their medical expenses with part of your bonus.', 'Use the bonus for the vacation you’ve been planning, as personal relaxation and fulfillment are important.']","['high', 'low', 'high', 'low']","[-6.17578125, -4.421875, -1.85546875, -0.4482421875]","[-0.26851222826086957, -0.2601102941176471, -0.09765625, -0.02359169407894737]","[0.22359976172447205, 0.22548633813858032, 0.26526084542274475, 0.28565311431884766]",0.4888605780088557,0.4888605780088557,-0.011139421991144316
trait_agreeableness_00704,agreeableness,high,elaborate_prompt,elaborate,trait_agreeableness_00704_act_003,high,"['trait_agreeableness_00704_act_001', 'trait_agreeableness_00704_act_002', 'trait_agreeableness_00704_act_003', 'trait_agreeableness_00704_act_004']","['Challenge the team to justify the strategy with data or precedents, given its similarity to past unsuccessful attempts.', 'Directly state the issues and shortcomings you foresee with the agreed strategy to ensure they are aware of the potential risks.', 'Maybe suggest setting up a small trial run of the strategy first, to demonstrate the outcomes before fully committing.', 'You could gently express your concerns and propose discussing alternative strategies that could prevent potential issues.']","['low', 'low', 'high', 'high']","[-12.1015625, -14.9921875, -0.4580078125, -1.6376953125]","[-0.5762648809523809, -0.6518342391304348, -0.021809895833333332, -0.09633501838235294]","[0.18924453854560852, 0.17547044157981873, 0.32947319746017456, 0.3058117926120758]",0.635285009005219,0.635285009005219,0.135285009005219
trait_agreeableness_00705,agreeableness,high,elaborate_prompt,elaborate,trait_agreeableness_00705_act_002,high,"['trait_agreeableness_00705_act_001', 'trait_agreeableness_00705_act_002', 'trait_agreeableness_00705_act_003', 'trait_agreeableness_00705_act_004']","['You could consider politely reaching out to the rental agency to express your concerns and ask for possible solutions or compensation.', 'Maybe try to calmly discuss the discrepancies with the agency, highlighting the missing amenities and differences in the property, and request an amicable resolution.', 'Demand an immediate response from the rental agency and insist on a partial refund or relocation to a property that matches the initial description.', 'Send a firm email to the agency detailing every issue, and make it clear you expect swift action or you will consider legal advice.']","['high', 'high', 'low', 'low']","[-2.857421875, -0.06787109375, -25.28125, -18.078125]","[-0.1298828125, -0.0024239676339285715, -1.01125, -0.6953125]","[0.3206906318664551, 0.3642846941947937, 0.132835254073143, 0.1821894645690918]",0.6849752954404669,0.6849752954404669,0.18497529544046687
trait_agreeableness_00706,agreeableness,high,elaborate_prompt,elaborate,trait_agreeableness_00706_act_002,high,"['trait_agreeableness_00706_act_001', 'trait_agreeableness_00706_act_002', 'trait_agreeableness_00706_act_003', 'trait_agreeableness_00706_act_004']","['Directly confront Marybella in your next team meeting by highlighting specific instances where your ideas were dismissed and demand a justification.', 'Consider asking Marybella for a private meeting to express how valuable you feel contributions from all team members are, including yours.', 'Email the whole team including your manager outlining how the dismissal of ideas by any team member, including Marybella, negatively impacts project creativity and ask for more structured discussion protocols.', 'Maybe propose a team brainstorming session where everyone submits one idea anonymously to ensure each thought is considered without bias.']","['low', 'high', 'low', 'high']","[-17.921875, -0.0142974853515625, -17.875, -12.9375]","[-0.716875, -0.0005718994140625, -0.5107142857142857, -0.5880681818181818]","[0.18473109602928162, 0.37811726331710815, 0.22702541947364807, 0.21012616157531738]",0.588243459954468,0.588243459954468,0.08824345995446803
trait_agreeableness_00707,agreeableness,high,elaborate_prompt,elaborate,trait_agreeableness_00707_act_003,high,"['trait_agreeableness_00707_act_001', 'trait_agreeableness_00707_act_002', 'trait_agreeableness_00707_act_003', 'trait_agreeableness_00707_act_004']","['Perhaps eat a healthy meal before the party to lessen your cravings and politely sample very small amounts of your favorite foods.', 'Just say no to the unhealthy options and stick firmly to your diet plan; it’s about your health after all.', 'You could bring a dish to share that fits your diet so you have a healthy option available and still enjoy the party.', 'Ignore the offerings and focus on socializing, not eating; you’re there for your friend, not the food.']","['high', 'low', 'high', 'low']","[-6.90625, -4.9375, -0.2294921875, -16.421875]","[-0.30027173913043476, -0.21467391304347827, -0.009562174479166666, -0.7139945652173914]","[0.24462267756462097, 0.26648417115211487, 0.3271525502204895, 0.16174066066741943]",0.5717751937046531,0.5717751937046531,0.07177519370465313
trait_agreeableness_00708,agreeableness,high,elaborate_prompt,elaborate,trait_agreeableness_00708_act_003,high,"['trait_agreeableness_00708_act_001', 'trait_agreeableness_00708_act_002', 'trait_agreeableness_00708_act_003', 'trait_agreeableness_00708_act_004']","['Simply note the achievement directly to Nazareth and mention that you noticed the milestone, encouraging them to own their success publicly.', ""Challenge Nazareth in a light-hearted manner about why they haven't boasted about their success yet, to push them out of their comfort zone."", 'Encourage mutual friends or coworkers to subtly acknowledge the achievement, fostering a supportive environment without overwhelming Nazareth.', 'Quietly congratulate Nazareth in a personal message to show your support and respect for their privacy.']","['low', 'low', 'high', 'high']","[-1.240234375, -10.7265625, -0.444091796875, -3.77734375]","[-0.051676432291666664, -0.38309151785714285, -0.021147228422619048, -0.19880756578947367]","[0.2768481969833374, 0.1987512856721878, 0.2854304909706116, 0.23897004127502441]",0.5244005244314592,0.5244005244314592,0.024400524431459236
trait_agreeableness_00709,agreeableness,high,elaborate_prompt,elaborate,trait_agreeableness_00709_act_001,high,"['trait_agreeableness_00709_act_001', 'trait_agreeableness_00709_act_002', 'trait_agreeableness_00709_act_003', 'trait_agreeableness_00709_act_004']","['Consider politely telling Zacharyah that his advances are making you uncomfortable and you would like to keep your relationship professional.', 'Maybe talk to a trusted colleague or a supervisor for advice on how to approach Zacharyah about this sensitive issue.', 'Directly tell Zacharyah to stop the advances, asserting that they are inappropriate and unwelcome at the workplace.', 'If speaking to him directly doesn’t work, report the behavior to your HR department to handle it formally.']","['high', 'high', 'low', 'low']","[-0.5400390625, -0.8818359375, -10.2265625, -7.86328125]","[-0.023479959239130436, -0.03834069293478261, -0.444633152173913, -0.3744419642857143]","[0.2989045977592468, 0.29449549317359924, 0.1961679756641388, 0.21043197810649872]",0.5934000644057961,0.5934000644057961,0.09340006440579607
trait_agreeableness_00710,agreeableness,high,elaborate_prompt,elaborate,trait_agreeableness_00710_act_002,high,"['trait_agreeableness_00710_act_001', 'trait_agreeableness_00710_act_002', 'trait_agreeableness_00710_act_003', 'trait_agreeableness_00710_act_004']","['Demand an explanation as to why you were excluded from the discussion, asserting your right to know what concerns your family.', 'Approach a family member gently and express that you would appreciate being included in the conversation as it would help you cope better with the group.', 'Confront the family decisively about the secrecy, making it clear that you expect transparency in future matters.', 'Politely express to your family that you feel left out and assure them that you are capable of handling the situation more calmly with their support.']","['low', 'high', 'low', 'high']","[-22.234375, -0.35498046875, -16.0625, -1.23046875]","[-0.9667119565217391, -0.012677873883928572, -0.7648809523809523, -0.0439453125]","[0.13631321489810944, 0.35389116406440735, 0.16679847240447998, 0.34299710392951965]",0.6968882991472617,0.6968882991472617,0.1968882991472617
trait_agreeableness_00701,agreeableness,low,elaborate_prompt,elaborate,trait_agreeableness_00701_act_003,low,"['trait_agreeableness_00701_act_001', 'trait_agreeableness_00701_act_002', 'trait_agreeableness_00701_act_003', 'trait_agreeableness_00701_act_004']","['You could propose a meeting to discuss the strengths of each theme and consider blending elements of both to please a wider audience.', 'Maybe consult with other team members for their opinions to see if a consensus can be achieved that respects both perspectives.', 'Stick to presenting clear, data-backed arguments on why a cultural heritage theme could draw more interest and community engagement.', 'Insist on setting clear objectives for the event and demonstrate how your theme aligns better with those goals compared to a modern tech theme.']","['high', 'high', 'low', 'low']","[-15.046875, -11.40625, -0.233642578125, -1.7412109375]","[-0.626953125, -0.5184659090909091, -0.0106201171875, -0.06448929398148148]","[0.17477305233478546, 0.19480040669441223, 0.3237013518810272, 0.3067251741886139]",0.36957346453627143,0.6304265354637286,0.13042653546372862
trait_agreeableness_00702,agreeableness,low,elaborate_prompt,elaborate,trait_agreeableness_00702_act_001,low,"['trait_agreeableness_00702_act_001', 'trait_agreeableness_00702_act_002', 'trait_agreeableness_00702_act_003', 'trait_agreeableness_00702_act_004']","['Clearly communicate to your supervisor the unrealistic nature of the additional workload and negotiate down the responsibilities.', 'Consider discussing a phased approach with your boss to gradually integrate the new project while maintaining balance with your current tasks.', 'Prioritize your tasks and cut down on the least essential ones; put focus only on what genuinely requires your expertise.', 'You could ask for support from your team or colleagues to help manage the workload more efficiently.']","['low', 'high', 'low', 'high']","[-0.402587890625, -5.390625, -1.216796875, -7.76171875]","[-0.022365993923611112, -0.2450284090909091, -0.052904211956521736, -0.4312065972222222]","[0.2911438047885895, 0.2330271303653717, 0.2823871970176697, 0.19344180822372437]",0.42646896400862716,0.5735310359913728,0.07353103599137278
trait_agreeableness_00703,agreeableness,low,elaborate_prompt,elaborate,trait_agreeableness_00703_act_002,low,"['trait_agreeableness_00703_act_001', 'trait_agreeableness_00703_act_002', 'trait_agreeableness_00703_act_003', 'trait_agreeableness_00703_act_004']","['Consider setting aside a portion of your bonus for your vacation and donate a portion to your friend to ease their burden.', 'Invest the bonus in a personal savings or retirement fund to ensure your future financial stability.', 'You could offer to help your friend cover some of their medical expenses with part of your bonus.', 'Use the bonus for the vacation you’ve been planning, as personal relaxation and fulfillment are important.']","['high', 'low', 'high', 'low']","[-4.09765625, -0.2440185546875, -12.4453125, -3.716796875]","[-0.17815896739130435, -0.014354032628676471, -0.655016447368421, -0.19562088815789475]","[0.2644519507884979, 0.3115203082561493, 0.16415353119373322, 0.2598741948604584]",0.4286054883689506,0.5713945116310494,0.07139451163104937
trait_agreeableness_00704,agreeableness,low,elaborate_prompt,elaborate,trait_agreeableness_00704_act_001,low,"['trait_agreeableness_00704_act_001', 'trait_agreeableness_00704_act_002', 'trait_agreeableness_00704_act_003', 'trait_agreeableness_00704_act_004']","['Challenge the team to justify the strategy with data or precedents, given its similarity to past unsuccessful attempts.', 'Directly state the issues and shortcomings you foresee with the agreed strategy to ensure they are aware of the potential risks.', 'Maybe suggest setting up a small trial run of the strategy first, to demonstrate the outcomes before fully committing.', 'You could gently express your concerns and propose discussing alternative strategies that could prevent potential issues.']","['low', 'low', 'high', 'high']","[-0.04736328125, -3.59375, -10.53125, -15.5078125]","[-0.002255394345238095, -0.15625, -0.5014880952380952, -0.9122242647058824]","[0.3488197922706604, 0.29903507232666016, 0.21173229813575745, 0.14041279256343842]",0.35214510644130886,0.6478548935586912,0.1478548935586912
trait_agreeableness_00705,agreeableness,low,elaborate_prompt,elaborate,trait_agreeableness_00705_act_003,low,"['trait_agreeableness_00705_act_001', 'trait_agreeableness_00705_act_002', 'trait_agreeableness_00705_act_003', 'trait_agreeableness_00705_act_004']","['You could consider politely reaching out to the rental agency to express your concerns and ask for possible solutions or compensation.', 'Maybe try to calmly discuss the discrepancies with the agency, highlighting the missing amenities and differences in the property, and request an amicable resolution.', 'Demand an immediate response from the rental agency and insist on a partial refund or relocation to a property that matches the initial description.', 'Send a firm email to the agency detailing every issue, and make it clear you expect swift action or you will consider legal advice.']","['high', 'high', 'low', 'low']","[-14.078125, -6.91796875, -0.37451171875, -1.1708984375]","[-0.6399147727272727, -0.2470703125, -0.01498046875, -0.045034555288461536]","[0.16228169202804565, 0.24036967754364014, 0.30316218733787537, 0.29418647289276123]",0.4026513575717402,0.5973486424282598,0.0973486424282598
trait_agreeableness_00706,agreeableness,low,elaborate_prompt,elaborate,trait_agreeableness_00706_act_001,low,"['trait_agreeableness_00706_act_001', 'trait_agreeableness_00706_act_002', 'trait_agreeableness_00706_act_003', 'trait_agreeableness_00706_act_004']","['Directly confront Marybella in your next team meeting by highlighting specific instances where your ideas were dismissed and demand a justification.', 'Consider asking Marybella for a private meeting to express how valuable you feel contributions from all team members are, including yours.', 'Email the whole team including your manager outlining how the dismissal of ideas by any team member, including Marybella, negatively impacts project creativity and ask for more structured discussion protocols.', 'Maybe propose a team brainstorming session where everyone submits one idea anonymously to ensure each thought is considered without bias.']","['low', 'high', 'low', 'high']","[-0.0009741783142089844, -14.0078125, -11.59375, -12.796875]","[-3.8967132568359374e-05, -0.5603125, -0.33125, -0.5816761363636364]","[0.3511126637458801, 0.2005038857460022, 0.25211769342422485, 0.1962658315896988]",0.39676968777405563,0.6032303122259444,0.10323031222594437
trait_agreeableness_00707,agreeableness,low,elaborate_prompt,elaborate,trait_agreeableness_00707_act_002,low,"['trait_agreeableness_00707_act_001', 'trait_agreeableness_00707_act_002', 'trait_agreeableness_00707_act_003', 'trait_agreeableness_00707_act_004']","['Perhaps eat a healthy meal before the party to lessen your cravings and politely sample very small amounts of your favorite foods.', 'Just say no to the unhealthy options and stick firmly to your diet plan; it’s about your health after all.', 'You could bring a dish to share that fits your diet so you have a healthy option available and still enjoy the party.', 'Ignore the offerings and focus on socializing, not eating; you’re there for your friend, not the food.']","['high', 'low', 'high', 'low']","[-6.6015625, -0.77587890625, -1.2275390625, -11.2265625]","[-0.28702445652173914, -0.03373386548913043, -0.0511474609375, -0.48811141304347827]","[0.22872212529182434, 0.2946530282497406, 0.2895664572715759, 0.18705840408802032]",0.5182885748402987,0.48171142515970133,-0.018288574840298666
trait_agreeableness_00708,agreeableness,low,elaborate_prompt,elaborate,trait_agreeableness_00708_act_002,low,"['trait_agreeableness_00708_act_001', 'trait_agreeableness_00708_act_002', 'trait_agreeableness_00708_act_003', 'trait_agreeableness_00708_act_004']","['Simply note the achievement directly to Nazareth and mention that you noticed the milestone, encouraging them to own their success publicly.', ""Challenge Nazareth in a light-hearted manner about why they haven't boasted about their success yet, to push them out of their comfort zone."", 'Encourage mutual friends or coworkers to subtly acknowledge the achievement, fostering a supportive environment without overwhelming Nazareth.', 'Quietly congratulate Nazareth in a personal message to show your support and respect for their privacy.']","['low', 'low', 'high', 'high']","[-6.90625, -0.09686279296875, -3.533203125, -7.546875]","[-0.2877604166666667, -0.003459385463169643, -0.16824776785714285, -0.3972039473684211]","[0.22977346181869507, 0.3053305149078369, 0.2589426040649414, 0.2059534788131714]",0.4648960551681486,0.5351039448318514,0.03510394483185142
trait_agreeableness_00709,agreeableness,low,elaborate_prompt,elaborate,trait_agreeableness_00709_act_003,low,"['trait_agreeableness_00709_act_001', 'trait_agreeableness_00709_act_002', 'trait_agreeableness_00709_act_003', 'trait_agreeableness_00709_act_004']","['Consider politely telling Zacharyah that his advances are making you uncomfortable and you would like to keep your relationship professional.', 'Maybe talk to a trusted colleague or a supervisor for advice on how to approach Zacharyah about this sensitive issue.', 'Directly tell Zacharyah to stop the advances, asserting that they are inappropriate and unwelcome at the workplace.', 'If speaking to him directly doesn’t work, report the behavior to your HR department to handle it formally.']","['high', 'high', 'low', 'low']","[-4.9453125, -4.3046875, -0.0219573974609375, -8.3359375]","[-0.21501358695652173, -0.1871603260869565, -0.0009546694548233696, -0.39694940476190477]","[0.24386702477931976, 0.2507550120353699, 0.3020770251750946, 0.20330092310905457]",0.49462204418513245,0.5053779558148676,0.005377955814867552
trait_agreeableness_00710,agreeableness,low,elaborate_prompt,elaborate,trait_agreeableness_00710_act_003,low,"['trait_agreeableness_00710_act_001', 'trait_agreeableness_00710_act_002', 'trait_agreeableness_00710_act_003', 'trait_agreeableness_00710_act_004']","['Demand an explanation as to why you were excluded from the discussion, asserting your right to know what concerns your family.', 'Approach a family member gently and express that you would appreciate being included in the conversation as it would help you cope better with the group.', 'Confront the family decisively about the secrecy, making it clear that you expect transparency in future matters.', 'Politely express to your family that you feel left out and assure them that you are capable of handling the situation more calmly with their support.']","['low', 'high', 'low', 'high']","[-0.8095703125, -8.015625, -0.59130859375, -13.5]","[-0.03519870923913043, -0.28627232142857145, -0.028157552083333332, -0.48214285714285715]","[0.2920039892196655, 0.22716891765594482, 0.29406729340553284, 0.186759814620018]",0.4139287261079442,0.5860712738920558,0.08607127389205582
trait_agreeableness_00701,agreeableness,high,as_pas_only,none,trait_agreeableness_00701_act_002,high,"['trait_agreeableness_00701_act_001', 'trait_agreeableness_00701_act_002', 'trait_agreeableness_00701_act_003', 'trait_agreeableness_00701_act_004']","['You could propose a meeting to discuss the strengths of each theme and consider blending elements of both to please a wider audience.', 'Maybe consult with other team members for their opinions to see if a consensus can be achieved that respects both perspectives.', 'Stick to presenting clear, data-backed arguments on why a cultural heritage theme could draw more interest and community engagement.', 'Insist on setting clear objectives for the event and demonstrate how your theme aligns better with those goals compared to a modern tech theme.']","['high', 'high', 'low', 'low']","[-4.9921875, -1.0048828125, -3.927734375, -8.6328125]","[-0.2080078125, -0.04567649147727273, -0.17853338068181818, -0.3197337962962963]","[0.24387553334236145, 0.28685855865478516, 0.2511706054210663, 0.21809525787830353]",0.5307341157228105,0.5307341157228105,0.030734115722810484
trait_agreeableness_00702,agreeableness,high,as_pas_only,none,trait_agreeableness_00702_act_002,high,"['trait_agreeableness_00702_act_001', 'trait_agreeableness_00702_act_002', 'trait_agreeableness_00702_act_003', 'trait_agreeableness_00702_act_004']","['Clearly communicate to your supervisor the unrealistic nature of the additional workload and negotiate down the responsibilities.', 'Consider discussing a phased approach with your boss to gradually integrate the new project while maintaining balance with your current tasks.', 'Prioritize your tasks and cut down on the least essential ones; put focus only on what genuinely requires your expertise.', 'You could ask for support from your team or colleagues to help manage the workload more efficiently.']","['low', 'high', 'low', 'high']","[-0.859375, -0.64697265625, -3.81640625, -9.2109375]","[-0.04774305555555555, -0.029407848011363636, -0.16593070652173914, -0.51171875]","[0.2828204333782196, 0.28805384039878845, 0.25129425525665283, 0.1778315156698227]",0.4658853352419137,0.4658853352419137,-0.03411466475808628
trait_agreeableness_00703,agreeableness,high,as_pas_only,none,trait_agreeableness_00703_act_004,low,"['trait_agreeableness_00703_act_001', 'trait_agreeableness_00703_act_002', 'trait_agreeableness_00703_act_003', 'trait_agreeableness_00703_act_004']","['Consider setting aside a portion of your bonus for your vacation and donate a portion to your friend to ease their burden.', 'Invest the bonus in a personal savings or retirement fund to ensure your future financial stability.', 'You could offer to help your friend cover some of their medical expenses with part of your bonus.', 'Use the bonus for the vacation you’ve been planning, as personal relaxation and fulfillment are important.']","['high', 'low', 'high', 'low']","[-3.44140625, -2.779296875, -3.98828125, -0.310302734375]","[-0.14962635869565216, -0.16348805147058823, -0.2099095394736842, -0.016331722861842105]","[0.2456810176372528, 0.24229896068572998, 0.23130814731121063, 0.280711829662323]",0.4769891862715417,0.4769891862715417,-0.023010813728458313
trait_agreeableness_00704,agreeableness,high,as_pas_only,none,trait_agreeableness_00704_act_002,low,"['trait_agreeableness_00704_act_001', 'trait_agreeableness_00704_act_002', 'trait_agreeableness_00704_act_003', 'trait_agreeableness_00704_act_004']","['Challenge the team to justify the strategy with data or precedents, given its similarity to past unsuccessful attempts.', 'Directly state the issues and shortcomings you foresee with the agreed strategy to ensure they are aware of the potential risks.', 'Maybe suggest setting up a small trial run of the strategy first, to demonstrate the outcomes before fully committing.', 'You could gently express your concerns and propose discussing alternative strategies that could prevent potential issues.']","['low', 'low', 'high', 'high']","[-1.6064453125, -1.6376953125, -1.9501953125, -2.388671875]","[-0.07649739583333333, -0.07120414402173914, -0.09286644345238096, -0.14051011029411764]","[0.25464311242103577, 0.255994588136673, 0.25050878524780273, 0.23885348439216614]",0.48936228422410144,0.48936228422410144,-0.01063771577589856
trait_agreeableness_00705,agreeableness,high,as_pas_only,none,trait_agreeableness_00705_act_001,high,"['trait_agreeableness_00705_act_001', 'trait_agreeableness_00705_act_002', 'trait_agreeableness_00705_act_003', 'trait_agreeableness_00705_act_004']","['You could consider politely reaching out to the rental agency to express your concerns and ask for possible solutions or compensation.', 'Maybe try to calmly discuss the discrepancies with the agency, highlighting the missing amenities and differences in the property, and request an amicable resolution.', 'Demand an immediate response from the rental agency and insist on a partial refund or relocation to a property that matches the initial description.', 'Send a firm email to the agency detailing every issue, and make it clear you expect swift action or you will consider legal advice.']","['high', 'high', 'low', 'low']","[-0.153564453125, -1.9931640625, -23.984375, -15.09375]","[-0.006980202414772727, -0.07118443080357142, -0.959375, -0.5805288461538461]","[0.3463621437549591, 0.3248230814933777, 0.13363203406333923, 0.19518272578716278]",0.6711852352497761,0.6711852352497761,0.17118523524977614
trait_agreeableness_00706,agreeableness,high,as_pas_only,none,trait_agreeableness_00706_act_002,high,"['trait_agreeableness_00706_act_001', 'trait_agreeableness_00706_act_002', 'trait_agreeableness_00706_act_003', 'trait_agreeableness_00706_act_004']","['Directly confront Marybella in your next team meeting by highlighting specific instances where your ideas were dismissed and demand a justification.', 'Consider asking Marybella for a private meeting to express how valuable you feel contributions from all team members are, including yours.', 'Email the whole team including your manager outlining how the dismissal of ideas by any team member, including Marybella, negatively impacts project creativity and ask for more structured discussion protocols.', 'Maybe propose a team brainstorming session where everyone submits one idea anonymously to ensure each thought is considered without bias.']","['low', 'high', 'low', 'high']","[-5.0078125, -0.053619384765625, -4.9921875, -6.9140625]","[-0.2003125, -0.002144775390625, -0.14263392857142856, -0.3142755681818182]","[0.23976030945777893, 0.2923078238964081, 0.2539959251880646, 0.2139359414577484]",0.5062437653541565,0.5062437653541565,0.006243765354156494
trait_agreeableness_00707,agreeableness,high,as_pas_only,none,trait_agreeableness_00707_act_002,low,"['trait_agreeableness_00707_act_001', 'trait_agreeableness_00707_act_002', 'trait_agreeableness_00707_act_003', 'trait_agreeableness_00707_act_004']","['Perhaps eat a healthy meal before the party to lessen your cravings and politely sample very small amounts of your favorite foods.', 'Just say no to the unhealthy options and stick firmly to your diet plan; it’s about your health after all.', 'You could bring a dish to share that fits your diet so you have a healthy option available and still enjoy the party.', 'Ignore the offerings and focus on socializing, not eating; you’re there for your friend, not the food.']","['high', 'low', 'high', 'low']","[-3.271484375, -0.492431640625, -1.5078125, -14.4921875]","[-0.1422384510869565, -0.02141007133152174, -0.06282552083333333, -0.6300951086956522]","[0.2614362835884094, 0.295012891292572, 0.28304433822631836, 0.16050642728805542]",0.5444806542683037,0.5444806542683037,0.04448065426830372
trait_agreeableness_00708,agreeableness,high,as_pas_only,none,trait_agreeableness_00708_act_001,low,"['trait_agreeableness_00708_act_001', 'trait_agreeableness_00708_act_002', 'trait_agreeableness_00708_act_003', 'trait_agreeableness_00708_act_004']","['Simply note the achievement directly to Nazareth and mention that you noticed the milestone, encouraging them to own their success publicly.', ""Challenge Nazareth in a light-hearted manner about why they haven't boasted about their success yet, to push them out of their comfort zone."", 'Encourage mutual friends or coworkers to subtly acknowledge the achievement, fostering a supportive environment without overwhelming Nazareth.', 'Quietly congratulate Nazareth in a personal message to show your support and respect for their privacy.']","['low', 'low', 'high', 'high']","[-0.051483154296875, -11.875, -3.1484375, -5.48828125]","[-0.0021451314290364585, -0.42410714285714285, -0.14992559523809523, -0.28885690789473684]","[0.3058938682079315, 0.20059265196323395, 0.2638702988624573, 0.2296431064605713]",0.4935134420926453,0.4935134420926453,-0.006486557907354695
trait_agreeableness_00709,agreeableness,high,as_pas_only,none,trait_agreeableness_00709_act_001,high,"['trait_agreeableness_00709_act_001', 'trait_agreeableness_00709_act_002', 'trait_agreeableness_00709_act_003', 'trait_agreeableness_00709_act_004']","['Consider politely telling Zacharyah that his advances are making you uncomfortable and you would like to keep your relationship professional.', 'Maybe talk to a trusted colleague or a supervisor for advice on how to approach Zacharyah about this sensitive issue.', 'Directly tell Zacharyah to stop the advances, asserting that they are inappropriate and unwelcome at the workplace.', 'If speaking to him directly doesn’t work, report the behavior to your HR department to handle it formally.']","['high', 'high', 'low', 'low']","[-0.0010709762573242188, -7.296875, -9.40625, -13.7265625]","[-4.656418510105299e-05, -0.3172554347826087, -0.40896739130434784, -0.6536458333333334]","[0.343322217464447, 0.24999989569187164, 0.22809189558029175, 0.1785859763622284]",0.5933221219975072,0.5933221219975072,0.09332212199750722
trait_agreeableness_00710,agreeableness,high,as_pas_only,none,trait_agreeableness_00710_act_002,high,"['trait_agreeableness_00710_act_001', 'trait_agreeableness_00710_act_002', 'trait_agreeableness_00710_act_003', 'trait_agreeableness_00710_act_004']","['Demand an explanation as to why you were excluded from the discussion, asserting your right to know what concerns your family.', 'Approach a family member gently and express that you would appreciate being included in the conversation as it would help you cope better with the group.', 'Confront the family decisively about the secrecy, making it clear that you expect transparency in future matters.', 'Politely express to your family that you feel left out and assure them that you are capable of handling the situation more calmly with their support.']","['low', 'high', 'low', 'high']","[-15.6015625, -0.004730224609375, -12.1328125, -5.56640625]","[-0.678328804347826, -0.00016893659319196428, -0.5777529761904762, -0.19880022321428573]","[0.17570462822914124, 0.34618186950683594, 0.1942955106496811, 0.28381794691085815]",0.6299998445808818,0.6299998445808818,0.12999984458088176
trait_agreeableness_00701,agreeableness,low,as_pas_only,none,trait_agreeableness_00701_act_003,low,"['trait_agreeableness_00701_act_001', 'trait_agreeableness_00701_act_002', 'trait_agreeableness_00701_act_003', 'trait_agreeableness_00701_act_004']","['You could propose a meeting to discuss the strengths of each theme and consider blending elements of both to please a wider audience.', 'Maybe consult with other team members for their opinions to see if a consensus can be achieved that respects both perspectives.', 'Stick to presenting clear, data-backed arguments on why a cultural heritage theme could draw more interest and community engagement.', 'Insist on setting clear objectives for the event and demonstrate how your theme aligns better with those goals compared to a modern tech theme.']","['high', 'high', 'low', 'low']","[-13.3515625, -6.84765625, -0.113525390625, -2.31640625]","[-0.5563151041666666, -0.3112571022727273, -0.005160245028409091, -0.08579282407407407]","[0.1781330555677414, 0.22759978473186493, 0.30910640954971313, 0.28516072034835815]",0.40573285239138757,0.5942671476086124,0.09426714760861243
trait_agreeableness_00702,agreeableness,low,as_pas_only,none,trait_agreeableness_00702_act_003,low,"['trait_agreeableness_00702_act_001', 'trait_agreeableness_00702_act_002', 'trait_agreeableness_00702_act_003', 'trait_agreeableness_00702_act_004']","['Clearly communicate to your supervisor the unrealistic nature of the additional workload and negotiate down the responsibilities.', 'Consider discussing a phased approach with your boss to gradually integrate the new project while maintaining balance with your current tasks.', 'Prioritize your tasks and cut down on the least essential ones; put focus only on what genuinely requires your expertise.', 'You could ask for support from your team or colleagues to help manage the workload more efficiently.']","['low', 'high', 'low', 'high']","[-1.6533203125, -1.3427734375, -0.658203125, -11.5]","[-0.09185112847222222, -0.06103515625, -0.028617527173913044, -0.6388888888888888]","[0.2720915973186493, 0.2806068956851959, 0.2898525595664978, 0.1574489027261734]",0.4380558179939904,0.5619441820060096,0.061944182006009596
trait_agreeableness_00703,agreeableness,low,as_pas_only,none,trait_agreeableness_00703_act_002,low,"['trait_agreeableness_00703_act_001', 'trait_agreeableness_00703_act_002', 'trait_agreeableness_00703_act_003', 'trait_agreeableness_00703_act_004']","['Consider setting aside a portion of your bonus for your vacation and donate a portion to your friend to ease their burden.', 'Invest the bonus in a personal savings or retirement fund to ensure your future financial stability.', 'You could offer to help your friend cover some of their medical expenses with part of your bonus.', 'Use the bonus for the vacation you’ve been planning, as personal relaxation and fulfillment are important.']","['high', 'low', 'high', 'low']","[-3.46484375, -0.18408203125, -8.7890625, -2.103515625]","[-0.15064538043478262, -0.010828354779411764, -0.46258223684210525, -0.11071134868421052]","[0.25491780042648315, 0.29317161440849304, 0.18660689890384674, 0.26530367136001587]",0.4415247059095607,0.5584752940904393,0.05847529409043928
trait_agreeableness_00704,agreeableness,low,as_pas_only,none,trait_agreeableness_00704_act_001,low,"['trait_agreeableness_00704_act_001', 'trait_agreeableness_00704_act_002', 'trait_agreeableness_00704_act_003', 'trait_agreeableness_00704_act_004']","['Challenge the team to justify the strategy with data or precedents, given its similarity to past unsuccessful attempts.', 'Directly state the issues and shortcomings you foresee with the agreed strategy to ensure they are aware of the potential risks.', 'Maybe suggest setting up a small trial run of the strategy first, to demonstrate the outcomes before fully committing.', 'You could gently express your concerns and propose discussing alternative strategies that could prevent potential issues.']","['low', 'low', 'high', 'high']","[-0.04119873046875, -4.0703125, -4.8984375, -9.2109375]","[-0.0019618443080357145, -0.17697010869565216, -0.23325892857142858, -0.5418198529411765]","[0.3109660744667053, 0.26104047894477844, 0.24675272405147552, 0.18124066293239594]",0.42799341249426676,0.5720065875057332,0.07200658750573319
trait_agreeableness_00705,agreeableness,low,as_pas_only,none,trait_agreeableness_00705_act_003,low,"['trait_agreeableness_00705_act_001', 'trait_agreeableness_00705_act_002', 'trait_agreeableness_00705_act_003', 'trait_agreeableness_00705_act_004']","['You could consider politely reaching out to the rental agency to express your concerns and ask for possible solutions or compensation.', 'Maybe try to calmly discuss the discrepancies with the agency, highlighting the missing amenities and differences in the property, and request an amicable resolution.', 'Demand an immediate response from the rental agency and insist on a partial refund or relocation to a property that matches the initial description.', 'Send a firm email to the agency detailing every issue, and make it clear you expect swift action or you will consider legal advice.']","['high', 'high', 'low', 'low']","[-4.5546875, -3.134765625, -0.0877685546875, -3.662109375]","[-0.20703125, -0.11195591517857142, -0.0035107421875, -0.14085036057692307]","[0.2275896966457367, 0.2502898871898651, 0.2789590358734131, 0.2431613653898239]",0.4778795909565626,0.5221204090434374,0.022120409043437372
trait_agreeableness_00706,agreeableness,low,as_pas_only,none,trait_agreeableness_00706_act_001,low,"['trait_agreeableness_00706_act_001', 'trait_agreeableness_00706_act_002', 'trait_agreeableness_00706_act_003', 'trait_agreeableness_00706_act_004']","['Directly confront Marybella in your next team meeting by highlighting specific instances where your ideas were dismissed and demand a justification.', 'Consider asking Marybella for a private meeting to express how valuable you feel contributions from all team members are, including yours.', 'Email the whole team including your manager outlining how the dismissal of ideas by any team member, including Marybella, negatively impacts project creativity and ask for more structured discussion protocols.', 'Maybe propose a team brainstorming session where everyone submits one idea anonymously to ensure each thought is considered without bias.']","['low', 'high', 'low', 'high']","[-0.026580810546875, -7.01171875, -6.08984375, -9.2265625]","[-0.001063232421875, -0.28046875, -0.17399553571428572, -0.41938920454545453]","[0.30716535449028015, 0.23228862881660461, 0.2583858370780945, 0.20216014981269836]",0.43444879157688593,0.565551208423114,0.06555120842311402
trait_agreeableness_00707,agreeableness,low,as_pas_only,none,trait_agreeableness_00707_act_002,low,"['trait_agreeableness_00707_act_001', 'trait_agreeableness_00707_act_002', 'trait_agreeableness_00707_act_003', 'trait_agreeableness_00707_act_004']","['Perhaps eat a healthy meal before the party to lessen your cravings and politely sample very small amounts of your favorite foods.', 'Just say no to the unhealthy options and stick firmly to your diet plan; it’s about your health after all.', 'You could bring a dish to share that fits your diet so you have a healthy option available and still enjoy the party.', 'Ignore the offerings and focus on socializing, not eating; you’re there for your friend, not the food.']","['high', 'low', 'high', 'low']","[-5.33203125, -0.007236480712890625, -8.5546875, -9.7578125]","[-0.23182744565217392, -0.0003146295962126359, -0.3564453125, -0.4242527173913043]","[0.25199735164642334, 0.31764402985572815, 0.22247187793254852, 0.2078866958618164]",0.4744692507894002,0.5255307492105998,0.025530749210599835
trait_agreeableness_00708,agreeableness,low,as_pas_only,none,trait_agreeableness_00708_act_001,low,"['trait_agreeableness_00708_act_001', 'trait_agreeableness_00708_act_002', 'trait_agreeableness_00708_act_003', 'trait_agreeableness_00708_act_004']","['Simply note the achievement directly to Nazareth and mention that you noticed the milestone, encouraging them to own their success publicly.', ""Challenge Nazareth in a light-hearted manner about why they haven't boasted about their success yet, to push them out of their comfort zone."", 'Encourage mutual friends or coworkers to subtly acknowledge the achievement, fostering a supportive environment without overwhelming Nazareth.', 'Quietly congratulate Nazareth in a personal message to show your support and respect for their privacy.']","['low', 'low', 'high', 'high']","[-0.0082244873046875, -5.21484375, -11.8203125, -13.8515625]","[-0.0003426869710286458, -0.18624441964285715, -0.5628720238095238, -0.7290296052631579]","[0.34690138697624207, 0.2880513668060303, 0.1976526528596878, 0.16739454865455627]",0.3650472178331264,0.6349527821668737,0.13495278216687367
trait_agreeableness_00709,agreeableness,low,as_pas_only,none,trait_agreeableness_00709_act_003,low,"['trait_agreeableness_00709_act_001', 'trait_agreeableness_00709_act_002', 'trait_agreeableness_00709_act_003', 'trait_agreeableness_00709_act_004']","['Consider politely telling Zacharyah that his advances are making you uncomfortable and you would like to keep your relationship professional.', 'Maybe talk to a trusted colleague or a supervisor for advice on how to approach Zacharyah about this sensitive issue.', 'Directly tell Zacharyah to stop the advances, asserting that they are inappropriate and unwelcome at the workplace.', 'If speaking to him directly doesn’t work, report the behavior to your HR department to handle it formally.']","['high', 'high', 'low', 'low']","[-4.04296875, -5.5703125, -0.022430419921875, -7.453125]","[-0.17578125, -0.2421875, -0.0009752356487771739, -0.3549107142857143]","[0.2523491382598877, 0.23613587021827698, 0.3005516529083252, 0.21096329391002655]",0.48848503031514723,0.5115149696848528,0.011514969684852772
trait_agreeableness_00710,agreeableness,low,as_pas_only,none,trait_agreeableness_00710_act_003,low,"['trait_agreeableness_00710_act_001', 'trait_agreeableness_00710_act_002', 'trait_agreeableness_00710_act_003', 'trait_agreeableness_00710_act_004']","['Demand an explanation as to why you were excluded from the discussion, asserting your right to know what concerns your family.', 'Approach a family member gently and express that you would appreciate being included in the conversation as it would help you cope better with the group.', 'Confront the family decisively about the secrecy, making it clear that you expect transparency in future matters.', 'Politely express to your family that you feel left out and assure them that you are capable of handling the situation more calmly with their support.']","['low', 'high', 'low', 'high']","[-2.240234375, -6.4296875, -0.1217041015625, -17.875]","[-0.09740149456521739, -0.22963169642857142, -0.005795433407738095, -0.6383928571428571]","[0.2813538610935211, 0.24650515615940094, 0.3083449602127075, 0.16379600763320923]",0.41030116990657406,0.5896988300934259,0.08969883009342594
trait_agreeableness_00701,agreeableness,high,elaborate_prompt_as_pas,elaborate,trait_agreeableness_00701_act_002,high,"['trait_agreeableness_00701_act_001', 'trait_agreeableness_00701_act_002', 'trait_agreeableness_00701_act_003', 'trait_agreeableness_00701_act_004']","['You could propose a meeting to discuss the strengths of each theme and consider blending elements of both to please a wider audience.', 'Maybe consult with other team members for their opinions to see if a consensus can be achieved that respects both perspectives.', 'Stick to presenting clear, data-backed arguments on why a cultural heritage theme could draw more interest and community engagement.', 'Insist on setting clear objectives for the event and demonstrate how your theme aligns better with those goals compared to a modern tech theme.']","['high', 'high', 'low', 'low']","[-4.13671875, -0.10174560546875, -10.7734375, -14.3984375]","[-0.17236328125, -0.004624800248579545, -0.48970170454545453, -0.5332754629629629]","[0.277180939912796, 0.32780173420906067, 0.2018110752105713, 0.19320623576641083]",0.6049826831368011,0.6049826831368011,0.10498268313680115
trait_agreeableness_00702,agreeableness,high,elaborate_prompt_as_pas,elaborate,trait_agreeableness_00702_act_002,high,"['trait_agreeableness_00702_act_001', 'trait_agreeableness_00702_act_002', 'trait_agreeableness_00702_act_003', 'trait_agreeableness_00702_act_004']","['Clearly communicate to your supervisor the unrealistic nature of the additional workload and negotiate down the responsibilities.', 'Consider discussing a phased approach with your boss to gradually integrate the new project while maintaining balance with your current tasks.', 'Prioritize your tasks and cut down on the least essential ones; put focus only on what genuinely requires your expertise.', 'You could ask for support from your team or colleagues to help manage the workload more efficiently.']","['low', 'high', 'low', 'high']","[-7.87890625, -0.049041748046875, -7.015625, -6.296875]","[-0.4377170138888889, -0.0022291703657670455, -0.30502717391304346, -0.3498263888888889]","[0.20922772586345673, 0.323406845331192, 0.23891626298427582, 0.22844921052455902]",0.551856031185864,0.551856031185864,0.051856031185864015
trait_agreeableness_00703,agreeableness,high,elaborate_prompt_as_pas,elaborate,trait_agreeableness_00703_act_004,low,"['trait_agreeableness_00703_act_001', 'trait_agreeableness_00703_act_002', 'trait_agreeableness_00703_act_003', 'trait_agreeableness_00703_act_004']","['Consider setting aside a portion of your bonus for your vacation and donate a portion to your friend to ease their burden.', 'Invest the bonus in a personal savings or retirement fund to ensure your future financial stability.', 'You could offer to help your friend cover some of their medical expenses with part of your bonus.', 'Use the bonus for the vacation you’ve been planning, as personal relaxation and fulfillment are important.']","['high', 'low', 'high', 'low']","[-5.74609375, -8.328125, -3.56640625, -0.43896484375]","[-0.24983016304347827, -0.4898897058823529, -0.18770559210526316, -0.02310341282894737]","[0.24359570443630219, 0.1916077435016632, 0.25920894742012024, 0.30558764934539795]",0.5028046293793039,0.5028046293793039,0.0028046293793039245
trait_agreeableness_00704,agreeableness,high,elaborate_prompt_as_pas,elaborate,trait_agreeableness_00704_act_003,high,"['trait_agreeableness_00704_act_001', 'trait_agreeableness_00704_act_002', 'trait_agreeableness_00704_act_003', 'trait_agreeableness_00704_act_004']","['Challenge the team to justify the strategy with data or precedents, given its similarity to past unsuccessful attempts.', 'Directly state the issues and shortcomings you foresee with the agreed strategy to ensure they are aware of the potential risks.', 'Maybe suggest setting up a small trial run of the strategy first, to demonstrate the outcomes before fully committing.', 'You could gently express your concerns and propose discussing alternative strategies that could prevent potential issues.']","['low', 'low', 'high', 'high']","[-11.109375, -7.46875, -0.6376953125, -1.080078125]","[-0.5290178571428571, -0.32472826086956524, -0.030366443452380952, -0.06353400735294118]","[0.18295122683048248, 0.2244177609682083, 0.3012290894985199, 0.2914019227027893]",0.5926310122013092,0.5926310122013092,0.0926310122013092
trait_agreeableness_00705,agreeableness,high,elaborate_prompt_as_pas,elaborate,trait_agreeableness_00705_act_001,high,"['trait_agreeableness_00705_act_001', 'trait_agreeableness_00705_act_002', 'trait_agreeableness_00705_act_003', 'trait_agreeableness_00705_act_004']","['You could consider politely reaching out to the rental agency to express your concerns and ask for possible solutions or compensation.', 'Maybe try to calmly discuss the discrepancies with the agency, highlighting the missing amenities and differences in the property, and request an amicable resolution.', 'Demand an immediate response from the rental agency and insist on a partial refund or relocation to a property that matches the initial description.', 'Send a firm email to the agency detailing every issue, and make it clear you expect swift action or you will consider legal advice.']","['high', 'high', 'low', 'low']","[-0.39111328125, -1.33984375, -24.015625, -15.984375]","[-0.017777876420454544, -0.0478515625, -0.960625, -0.6147836538461539]","[0.34360140562057495, 0.33342188596725464, 0.13383866846561432, 0.18913792073726654]",0.6770233722953048,0.6770233722953048,0.17702337229530485
trait_agreeableness_00706,agreeableness,high,elaborate_prompt_as_pas,elaborate,trait_agreeableness_00706_act_002,high,"['trait_agreeableness_00706_act_001', 'trait_agreeableness_00706_act_002', 'trait_agreeableness_00706_act_003', 'trait_agreeableness_00706_act_004']","['Directly confront Marybella in your next team meeting by highlighting specific instances where your ideas were dismissed and demand a justification.', 'Consider asking Marybella for a private meeting to express how valuable you feel contributions from all team members are, including yours.', 'Email the whole team including your manager outlining how the dismissal of ideas by any team member, including Marybella, negatively impacts project creativity and ask for more structured discussion protocols.', 'Maybe propose a team brainstorming session where everyone submits one idea anonymously to ensure each thought is considered without bias.']","['low', 'high', 'low', 'high']","[-15.53125, -0.01922607421875, -15.71875, -10.25]","[-0.62125, -0.00076904296875, -0.44910714285714287, -0.4659090909090909]","[0.19172786176204681, 0.3565797805786133, 0.2277434766292572, 0.2239488959312439]",0.5805286678593059,0.5805286678593059,0.0805286678593059
trait_agreeableness_00707,agreeableness,high,elaborate_prompt_as_pas,elaborate,trait_agreeableness_00707_act_003,high,"['trait_agreeableness_00707_act_001', 'trait_agreeableness_00707_act_002', 'trait_agreeableness_00707_act_003', 'trait_agreeableness_00707_act_004']","['Perhaps eat a healthy meal before the party to lessen your cravings and politely sample very small amounts of your favorite foods.', 'Just say no to the unhealthy options and stick firmly to your diet plan; it’s about your health after all.', 'You could bring a dish to share that fits your diet so you have a healthy option available and still enjoy the party.', 'Ignore the offerings and focus on socializing, not eating; you’re there for your friend, not the food.']","['high', 'low', 'high', 'low']","[-5.63671875, -3.154296875, -0.200439453125, -17.453125]","[-0.24507472826086957, -0.13714334239130435, -0.008351643880208334, -0.7588315217391305]","[0.2513001561164856, 0.2799411714076996, 0.3184199631214142, 0.1503387838602066]",0.5697200767904462,0.5697200767904462,0.06972007679044623
trait_agreeableness_00708,agreeableness,high,elaborate_prompt_as_pas,elaborate,trait_agreeableness_00708_act_003,high,"['trait_agreeableness_00708_act_001', 'trait_agreeableness_00708_act_002', 'trait_agreeableness_00708_act_003', 'trait_agreeableness_00708_act_004']","['Simply note the achievement directly to Nazareth and mention that you noticed the milestone, encouraging them to own their success publicly.', ""Challenge Nazareth in a light-hearted manner about why they haven't boasted about their success yet, to push them out of their comfort zone."", 'Encourage mutual friends or coworkers to subtly acknowledge the achievement, fostering a supportive environment without overwhelming Nazareth.', 'Quietly congratulate Nazareth in a personal message to show your support and respect for their privacy.']","['low', 'low', 'high', 'high']","[-1.310546875, -9.3203125, -0.419189453125, -3.029296875]","[-0.054606119791666664, -0.33286830357142855, -0.019961402529761904, -0.15943667763157895]","[0.27079522609710693, 0.20501860976219177, 0.2803412675857544, 0.2438448965549469]",0.5241861641407013,0.5241861641407013,0.024186164140701294
trait_agreeableness_00709,agreeableness,high,elaborate_prompt_as_pas,elaborate,trait_agreeableness_00709_act_001,high,"['trait_agreeableness_00709_act_001', 'trait_agreeableness_00709_act_002', 'trait_agreeableness_00709_act_003', 'trait_agreeableness_00709_act_004']","['Consider politely telling Zacharyah that his advances are making you uncomfortable and you would like to keep your relationship professional.', 'Maybe talk to a trusted colleague or a supervisor for advice on how to approach Zacharyah about this sensitive issue.', 'Directly tell Zacharyah to stop the advances, asserting that they are inappropriate and unwelcome at the workplace.', 'If speaking to him directly doesn’t work, report the behavior to your HR department to handle it formally.']","['high', 'high', 'low', 'low']","[-0.0380859375, -4.3046875, -13.5234375, -10.09375]","[-0.0016559103260869565, -0.1871603260869565, -0.5879755434782609, -0.4806547619047619]","[0.3326171636581421, 0.2763001322746277, 0.18505859375, 0.20602412521839142]",0.6089172868591951,0.6089172868591951,0.1089172868591951
trait_agreeableness_00710,agreeableness,high,elaborate_prompt_as_pas,elaborate,trait_agreeableness_00710_act_004,high,"['trait_agreeableness_00710_act_001', 'trait_agreeableness_00710_act_002', 'trait_agreeableness_00710_act_003', 'trait_agreeableness_00710_act_004']","['Demand an explanation as to why you were excluded from the discussion, asserting your right to know what concerns your family.', 'Approach a family member gently and express that you would appreciate being included in the conversation as it would help you cope better with the group.', 'Confront the family decisively about the secrecy, making it clear that you expect transparency in future matters.', 'Politely express to your family that you feel left out and assure them that you are capable of handling the situation more calmly with their support.']","['low', 'high', 'low', 'high']","[-22.3125, -1.1513671875, -15.6328125, -0.55810546875]","[-0.970108695652174, -0.04112025669642857, -0.7444196428571429, -0.019932338169642856]","[0.1356613039970398, 0.3434872031211853, 0.1700088381767273, 0.3508426249027252]",0.6943298487165526,0.6943298487165526,0.19432984871655257
trait_agreeableness_00701,agreeableness,low,elaborate_prompt_as_pas,elaborate,trait_agreeableness_00701_act_003,low,"['trait_agreeableness_00701_act_001', 'trait_agreeableness_00701_act_002', 'trait_agreeableness_00701_act_003', 'trait_agreeableness_00701_act_004']","['You could propose a meeting to discuss the strengths of each theme and consider blending elements of both to please a wider audience.', 'Maybe consult with other team members for their opinions to see if a consensus can be achieved that respects both perspectives.', 'Stick to presenting clear, data-backed arguments on why a cultural heritage theme could draw more interest and community engagement.', 'Insist on setting clear objectives for the event and demonstrate how your theme aligns better with those goals compared to a modern tech theme.']","['high', 'high', 'low', 'low']","[-17.390625, -14.8359375, -0.4775390625, -1.251953125]","[-0.724609375, -0.6743607954545454, -0.021706321022727272, -0.04636863425925926]","[0.16552050411701202, 0.17405016720294952, 0.3342863917350769, 0.32614296674728394]",0.3395706611999672,0.6604293388000329,0.16042933880003285
trait_agreeableness_00702,agreeableness,low,elaborate_prompt_as_pas,elaborate,trait_agreeableness_00702_act_003,low,"['trait_agreeableness_00702_act_001', 'trait_agreeableness_00702_act_002', 'trait_agreeableness_00702_act_003', 'trait_agreeableness_00702_act_004']","['Clearly communicate to your supervisor the unrealistic nature of the additional workload and negotiate down the responsibilities.', 'Consider discussing a phased approach with your boss to gradually integrate the new project while maintaining balance with your current tasks.', 'Prioritize your tasks and cut down on the least essential ones; put focus only on what genuinely requires your expertise.', 'You could ask for support from your team or colleagues to help manage the workload more efficiently.']","['low', 'high', 'low', 'high']","[-1.28515625, -8.3203125, -0.353271484375, -9.296875]","[-0.07139756944444445, -0.3781960227272727, -0.015359629755434782, -0.5164930555555556]","[0.29118865728378296, 0.21425630152225494, 0.30797213315963745, 0.18658295273780823]",0.4008392363411529,0.5991607636588471,0.09916076365884707
trait_agreeableness_00703,agreeableness,low,elaborate_prompt_as_pas,elaborate,trait_agreeableness_00703_act_002,low,"['trait_agreeableness_00703_act_001', 'trait_agreeableness_00703_act_002', 'trait_agreeableness_00703_act_003', 'trait_agreeableness_00703_act_004']","['Consider setting aside a portion of your bonus for your vacation and donate a portion to your friend to ease their burden.', 'Invest the bonus in a personal savings or retirement fund to ensure your future financial stability.', 'You could offer to help your friend cover some of their medical expenses with part of your bonus.', 'Use the bonus for the vacation you’ve been planning, as personal relaxation and fulfillment are important.']","['high', 'low', 'high', 'low']","[-4.00390625, -0.4150390625, -13.3046875, -4.70703125]","[-0.17408288043478262, -0.0244140625, -0.7002467105263158, -0.24773848684210525]","[0.2716425657272339, 0.31549912691116333, 0.16050471365451813, 0.2523536682128906]",0.43214724718427305,0.5678527528157269,0.06785275281572689
trait_agreeableness_00704,agreeableness,low,elaborate_prompt_as_pas,elaborate,trait_agreeableness_00704_act_001,low,"['trait_agreeableness_00704_act_001', 'trait_agreeableness_00704_act_002', 'trait_agreeableness_00704_act_003', 'trait_agreeableness_00704_act_004']","['Challenge the team to justify the strategy with data or precedents, given its similarity to past unsuccessful attempts.', 'Directly state the issues and shortcomings you foresee with the agreed strategy to ensure they are aware of the potential risks.', 'Maybe suggest setting up a small trial run of the strategy first, to demonstrate the outcomes before fully committing.', 'You could gently express your concerns and propose discussing alternative strategies that could prevent potential issues.']","['low', 'low', 'high', 'high']","[-0.076904296875, -3.451171875, -6.703125, -13.28125]","[-0.003662109375, -0.1500509510869565, -0.31919642857142855, -0.78125]","[0.3275752365589142, 0.28296661376953125, 0.23893305659294128, 0.15052510797977448]",0.389458158769337,0.610541841230663,0.11054184123066302
trait_agreeableness_00705,agreeableness,low,elaborate_prompt_as_pas,elaborate,trait_agreeableness_00705_act_003,low,"['trait_agreeableness_00705_act_001', 'trait_agreeableness_00705_act_002', 'trait_agreeableness_00705_act_003', 'trait_agreeableness_00705_act_004']","['You could consider politely reaching out to the rental agency to express your concerns and ask for possible solutions or compensation.', 'Maybe try to calmly discuss the discrepancies with the agency, highlighting the missing amenities and differences in the property, and request an amicable resolution.', 'Demand an immediate response from the rental agency and insist on a partial refund or relocation to a property that matches the initial description.', 'Send a firm email to the agency detailing every issue, and make it clear you expect swift action or you will consider legal advice.']","['high', 'high', 'low', 'low']","[-19.265625, -12.53125, -0.373779296875, -1.1796875]","[-0.8757102272727273, -0.44754464285714285, -0.014951171875, -0.04537259615384615]","[0.1390146166086197, 0.2133096158504486, 0.32876333594322205, 0.31891247630119324]",0.3523242167089485,0.6476757832910516,0.14767578329105158
trait_agreeableness_00706,agreeableness,low,elaborate_prompt_as_pas,elaborate,trait_agreeableness_00706_act_001,low,"['trait_agreeableness_00706_act_001', 'trait_agreeableness_00706_act_002', 'trait_agreeableness_00706_act_003', 'trait_agreeableness_00706_act_004']","['Directly confront Marybella in your next team meeting by highlighting specific instances where your ideas were dismissed and demand a justification.', 'Consider asking Marybella for a private meeting to express how valuable you feel contributions from all team members are, including yours.', 'Email the whole team including your manager outlining how the dismissal of ideas by any team member, including Marybella, negatively impacts project creativity and ask for more structured discussion protocols.', 'Maybe propose a team brainstorming session where everyone submits one idea anonymously to ensure each thought is considered without bias.']","['low', 'high', 'low', 'high']","[-0.00628662109375, -16.765625, -10.21875, -13.25]","[-0.00025146484375, -0.670625, -0.29196428571428573, -0.6022727272727273]","[0.3563532829284668, 0.18228092789649963, 0.2661898732185364, 0.1951759159564972]",0.3774568438529968,0.6225431561470032,0.12254315614700317
trait_agreeableness_00707,agreeableness,low,elaborate_prompt_as_pas,elaborate,trait_agreeableness_00707_act_002,low,"['trait_agreeableness_00707_act_001', 'trait_agreeableness_00707_act_002', 'trait_agreeableness_00707_act_003', 'trait_agreeableness_00707_act_004']","['Perhaps eat a healthy meal before the party to lessen your cravings and politely sample very small amounts of your favorite foods.', 'Just say no to the unhealthy options and stick firmly to your diet plan; it’s about your health after all.', 'You could bring a dish to share that fits your diet so you have a healthy option available and still enjoy the party.', 'Ignore the offerings and focus on socializing, not eating; you’re there for your friend, not the food.']","['high', 'low', 'high', 'low']","[-5.56640625, -0.136962890625, -3.955078125, -8.2421875]","[-0.24201766304347827, -0.005954908288043478, -0.164794921875, -0.35835597826086957]","[0.23603218793869019, 0.29887664318084717, 0.25498148798942566, 0.21010972559452057]",0.49101365397809504,0.508986346021905,0.008986346021904956
trait_agreeableness_00708,agreeableness,low,elaborate_prompt_as_pas,elaborate,trait_agreeableness_00708_act_002,low,"['trait_agreeableness_00708_act_001', 'trait_agreeableness_00708_act_002', 'trait_agreeableness_00708_act_003', 'trait_agreeableness_00708_act_004']","['Simply note the achievement directly to Nazareth and mention that you noticed the milestone, encouraging them to own their success publicly.', ""Challenge Nazareth in a light-hearted manner about why they haven't boasted about their success yet, to push them out of their comfort zone."", 'Encourage mutual friends or coworkers to subtly acknowledge the achievement, fostering a supportive environment without overwhelming Nazareth.', 'Quietly congratulate Nazareth in a personal message to show your support and respect for their privacy.']","['low', 'low', 'high', 'high']","[-1.033203125, -0.56298828125, -9.5, -11.1640625]","[-0.043050130208333336, -0.020106724330357144, -0.4523809523809524, -0.5875822368421053]","[0.30605220794677734, 0.31315526366233826, 0.20324760675430298, 0.17754492163658142]",0.3807925283908844,0.6192074716091156,0.1192074716091156
trait_agreeableness_00709,agreeableness,low,elaborate_prompt_as_pas,elaborate,trait_agreeableness_00709_act_003,low,"['trait_agreeableness_00709_act_001', 'trait_agreeableness_00709_act_002', 'trait_agreeableness_00709_act_003', 'trait_agreeableness_00709_act_004']","['Consider politely telling Zacharyah that his advances are making you uncomfortable and you would like to keep your relationship professional.', 'Maybe talk to a trusted colleague or a supervisor for advice on how to approach Zacharyah about this sensitive issue.', 'Directly tell Zacharyah to stop the advances, asserting that they are inappropriate and unwelcome at the workplace.', 'If speaking to him directly doesn’t work, report the behavior to your HR department to handle it formally.']","['high', 'high', 'low', 'low']","[-6.109375, -5.89453125, -0.005588531494140625, -8.8125]","[-0.265625, -0.2562839673913043, -0.00024297963018002719, -0.41964285714285715]","[0.23977534472942352, 0.24202558398246765, 0.31265002489089966, 0.20554903149604797]",0.4818009358912846,0.5181990641087154,0.018199064108715413
trait_agreeableness_00710,agreeableness,low,elaborate_prompt_as_pas,elaborate,trait_agreeableness_00710_act_001,low,"['trait_agreeableness_00710_act_001', 'trait_agreeableness_00710_act_002', 'trait_agreeableness_00710_act_003', 'trait_agreeableness_00710_act_004']","['Demand an explanation as to why you were excluded from the discussion, asserting your right to know what concerns your family.', 'Approach a family member gently and express that you would appreciate being included in the conversation as it would help you cope better with the group.', 'Confront the family decisively about the secrecy, making it clear that you expect transparency in future matters.', 'Politely express to your family that you feel left out and assure them that you are capable of handling the situation more calmly with their support.']","['low', 'high', 'low', 'high']","[-0.54931640625, -9.96875, -0.91357421875, -16.578125]","[-0.023883322010869564, -0.3560267857142857, -0.04350353422619048, -0.5920758928571429]","[0.3063252568244934, 0.2197529375553131, 0.3003736734390259, 0.1735481172800064]",0.39330106069596205,0.606698939304038,0.10669893930403795
