scenario_id,trait,target_direction,condition,prompt_style,loglik_selected_action,loglik_selected_direction,action_ids,action_texts,action_directions,action_logliks,action_normalized_logliks,action_softmax_probs,trait_score,trait_target_score,trait_target_attainment
trait_agreeableness_00701,agreeableness,high,as_pas_only,none,trait_agreeableness_00701_act_002,high,"['trait_agreeableness_00701_act_001', 'trait_agreeableness_00701_act_002', 'trait_agreeableness_00701_act_003', 'trait_agreeableness_00701_act_004']","['You could propose a meeting to discuss the strengths of each theme and consider blending elements of both to please a wider audience.', 'Maybe consult with other team members for their opinions to see if a consensus can be achieved that respects both perspectives.', 'Stick to presenting clear, data-backed arguments on why a cultural heritage theme could draw more interest and community engagement.', 'Insist on setting clear objectives for the event and demonstrate how your theme aligns better with those goals compared to a modern tech theme.']","['high', 'high', 'low', 'low']","[-6.8671875, -0.75732421875, -2.5703125, -6.3359375]","[-0.2861328125, -0.034423828125, -0.11683238636363637, -0.23466435185185186]","[0.22106708586215973, 0.2843412756919861, 0.2618486285209656, 0.23274295032024384]",0.5054083916788334,0.5054083916788334,0.005408391678833446
trait_agreeableness_00702,agreeableness,high,as_pas_only,none,trait_agreeableness_00702_act_002,high,"['trait_agreeableness_00702_act_001', 'trait_agreeableness_00702_act_002', 'trait_agreeableness_00702_act_003', 'trait_agreeableness_00702_act_004']","['Clearly communicate to your supervisor the unrealistic nature of the additional workload and negotiate down the responsibilities.', 'Consider discussing a phased approach with your boss to gradually integrate the new project while maintaining balance with your current tasks.', 'Prioritize your tasks and cut down on the least essential ones; put focus only on what genuinely requires your expertise.', 'You could ask for support from your team or colleagues to help manage the workload more efficiently.']","['low', 'high', 'low', 'high']","[-0.8955078125, -0.68115234375, -2.708984375, -10.875]","[-0.049750434027777776, -0.030961470170454544, -0.11778192934782608, -0.6041666666666666]","[0.28347840905189514, 0.28885504603385925, 0.26483434438705444, 0.1628321260213852]",0.45168720570856374,0.45168720570856374,-0.048312794291436256
trait_agreeableness_00703,agreeableness,high,as_pas_only,none,trait_agreeableness_00703_act_004,low,"['trait_agreeableness_00703_act_001', 'trait_agreeableness_00703_act_002', 'trait_agreeableness_00703_act_003', 'trait_agreeableness_00703_act_004']","['Consider setting aside a portion of your bonus for your vacation and donate a portion to your friend to ease their burden.', 'Invest the bonus in a personal savings or retirement fund to ensure your future financial stability.', 'You could offer to help your friend cover some of their medical expenses with part of your bonus.', 'Use the bonus for the vacation you’ve been planning, as personal relaxation and fulfillment are important.']","['high', 'low', 'high', 'low']","[-4.04296875, -1.1650390625, -4.87890625, -0.505859375]","[-0.17578125, -0.06853170955882353, -0.25678453947368424, -0.026624177631578948]","[0.23830756545066833, 0.2652868330478668, 0.21976499259471893, 0.2766405940055847]",0.4580725648712004,0.4580725648712004,-0.041927435128799595
trait_agreeableness_00704,agreeableness,high,as_pas_only,none,trait_agreeableness_00704_act_001,low,"['trait_agreeableness_00704_act_001', 'trait_agreeableness_00704_act_002', 'trait_agreeableness_00704_act_003', 'trait_agreeableness_00704_act_004']","['Challenge the team to justify the strategy with data or precedents, given its similarity to past unsuccessful attempts.', 'Directly state the issues and shortcomings you foresee with the agreed strategy to ensure they are aware of the potential risks.', 'Maybe suggest setting up a small trial run of the strategy first, to demonstrate the outcomes before fully committing.', 'You could gently express your concerns and propose discussing alternative strategies that could prevent potential issues.']","['low', 'low', 'high', 'high']","[-1.189453125, -1.673828125, -2.376953125, -2.986328125]","[-0.056640625, -0.07277513586956522, -0.11318824404761904, -0.17566636029411764]","[0.2619994878768921, 0.2578061819076538, 0.2475951462984085, 0.2325991988182068]",0.48019433796116207,0.48019433796116207,-0.019805662038837935
trait_agreeableness_00705,agreeableness,high,as_pas_only,none,trait_agreeableness_00705_act_001,high,"['trait_agreeableness_00705_act_001', 'trait_agreeableness_00705_act_002', 'trait_agreeableness_00705_act_003', 'trait_agreeableness_00705_act_004']","['You could consider politely reaching out to the rental agency to express your concerns and ask for possible solutions or compensation.', 'Maybe try to calmly discuss the discrepancies with the agency, highlighting the missing amenities and differences in the property, and request an amicable resolution.', 'Demand an immediate response from the rental agency and insist on a partial refund or relocation to a property that matches the initial description.', 'Send a firm email to the agency detailing every issue, and make it clear you expect swift action or you will consider legal advice.']","['high', 'high', 'low', 'low']","[-0.30810546875, -1.34765625, -19.359375, -13.9140625]","[-0.01400479403409091, -0.048130580357142856, -0.774375, -0.53515625]","[0.3302750289440155, 0.3191942870616913, 0.15440136194229126, 0.19612932205200195]",0.6494693160057068,0.6494693160057068,0.1494693160057068
trait_agreeableness_00706,agreeableness,high,as_pas_only,none,trait_agreeableness_00706_act_002,high,"['trait_agreeableness_00706_act_001', 'trait_agreeableness_00706_act_002', 'trait_agreeableness_00706_act_003', 'trait_agreeableness_00706_act_004']","['Directly confront Marybella in your next team meeting by highlighting specific instances where your ideas were dismissed and demand a justification.', 'Consider asking Marybella for a private meeting to express how valuable you feel contributions from all team members are, including yours.', 'Email the whole team including your manager outlining how the dismissal of ideas by any team member, including Marybella, negatively impacts project creativity and ask for more structured discussion protocols.', 'Maybe propose a team brainstorming session where everyone submits one idea anonymously to ensure each thought is considered without bias.']","['low', 'high', 'low', 'high']","[-1.548828125, -0.345703125, -4.046875, -7.609375]","[-0.061953125, -0.013828125, -0.115625, -0.3458806818181818]","[0.2666761875152588, 0.27982380986213684, 0.2527405023574829, 0.20075948536396027]",0.48058330238734637,0.48058330238734637,-0.019416697612653633
trait_agreeableness_00707,agreeableness,high,as_pas_only,none,trait_agreeableness_00707_act_002,low,"['trait_agreeableness_00707_act_001', 'trait_agreeableness_00707_act_002', 'trait_agreeableness_00707_act_003', 'trait_agreeableness_00707_act_004']","['Perhaps eat a healthy meal before the party to lessen your cravings and politely sample very small amounts of your favorite foods.', 'Just say no to the unhealthy options and stick firmly to your diet plan; it’s about your health after all.', 'You could bring a dish to share that fits your diet so you have a healthy option available and still enjoy the party.', 'Ignore the offerings and focus on socializing, not eating; you’re there for your friend, not the food.']","['high', 'low', 'high', 'low']","[-3.4453125, -0.478515625, -1.9150390625, -12.0078125]","[-0.14979619565217392, -0.020805027173913044, -0.07979329427083333, -0.522078804347826]","[0.25645291805267334, 0.2917613983154297, 0.2750486731529236, 0.1767369657754898]",0.5315016149655707,0.5315016149655707,0.03150161496557069
trait_agreeableness_00708,agreeableness,high,as_pas_only,none,trait_agreeableness_00708_act_001,low,"['trait_agreeableness_00708_act_001', 'trait_agreeableness_00708_act_002', 'trait_agreeableness_00708_act_003', 'trait_agreeableness_00708_act_004']","['Simply note the achievement directly to Nazareth and mention that you noticed the milestone, encouraging them to own their success publicly.', ""Challenge Nazareth in a light-hearted manner about why they haven't boasted about their success yet, to push them out of their comfort zone."", 'Encourage mutual friends or coworkers to subtly acknowledge the achievement, fostering a supportive environment without overwhelming Nazareth.', 'Quietly congratulate Nazareth in a personal message to show your support and respect for their privacy.']","['low', 'low', 'high', 'high']","[-0.00945281982421875, -13.4375, -4.83984375, -8.0546875]","[-0.00039386749267578125, -0.4799107142857143, -0.23046875, -0.4239309210526316]","[0.32591512799263, 0.20176833868026733, 0.25893113017082214, 0.21338540315628052]",0.47231653332710266,0.47231653332710266,-0.02768346667289734
trait_agreeableness_00709,agreeableness,high,as_pas_only,none,trait_agreeableness_00709_act_001,high,"['trait_agreeableness_00709_act_001', 'trait_agreeableness_00709_act_002', 'trait_agreeableness_00709_act_003', 'trait_agreeableness_00709_act_004']","['Consider politely telling Zacharyah that his advances are making you uncomfortable and you would like to keep your relationship professional.', 'Maybe talk to a trusted colleague or a supervisor for advice on how to approach Zacharyah about this sensitive issue.', 'Directly tell Zacharyah to stop the advances, asserting that they are inappropriate and unwelcome at the workplace.', 'If speaking to him directly doesn’t work, report the behavior to your HR department to handle it formally.']","['high', 'high', 'low', 'low']","[-0.01102447509765625, -5.10546875, -5.41796875, -12.84375]","[-0.00047932500424592393, -0.22197690217391305, -0.23556385869565216, -0.6116071428571429]","[0.319023996591568, 0.2556396424770355, 0.2521897554397583, 0.173146590590477]",0.5746636476317591,0.5746636476317591,0.07466364763175914
trait_agreeableness_00710,agreeableness,high,as_pas_only,none,trait_agreeableness_00710_act_002,high,"['trait_agreeableness_00710_act_001', 'trait_agreeableness_00710_act_002', 'trait_agreeableness_00710_act_003', 'trait_agreeableness_00710_act_004']","['Demand an explanation as to why you were excluded from the discussion, asserting your right to know what concerns your family.', 'Approach a family member gently and express that you would appreciate being included in the conversation as it would help you cope better with the group.', 'Confront the family decisively about the secrecy, making it clear that you expect transparency in future matters.', 'Politely express to your family that you feel left out and assure them that you are capable of handling the situation more calmly with their support.']","['low', 'high', 'low', 'high']","[-12.15625, -0.002567291259765625, -7.14453125, -6.56640625]","[-0.5285326086956522, -9.168897356305803e-05, -0.34021577380952384, -0.23451450892857142]","[0.19064651429653168, 0.323390930891037, 0.23015150427818298, 0.25581106543540955]",0.5792019876956643,0.5792019876956643,0.07920198769566433
trait_agreeableness_00711,agreeableness,high,as_pas_only,none,trait_agreeableness_00711_act_002,low,"['trait_agreeableness_00711_act_001', 'trait_agreeableness_00711_act_002', 'trait_agreeableness_00711_act_003', 'trait_agreeableness_00711_act_004']","['Perhaps you might weigh the emotional costs against the professional gains and decide if the move aligns with your long-term personal happiness and career goals.', 'Take the job; advancing in your career is a priority, and the significant pay increase justifies the move.', 'You could consider accepting the job and finding ways to maintain strong relationships with your family and friends through regular visits and digital communication.', 'Move to the new city; it’s a valuable opportunity for professional growth, and personal relationships can adapt if they’re truly important.']","['high', 'low', 'high', 'low']","[-13.953125, -0.03912353515625, -13.9375, -7.90625]","[-0.49832589285714285, -0.0017783425071022727, -0.5575, -0.30408653846153844]","[0.20833471417427063, 0.3423020541667938, 0.19636434316635132, 0.252998948097229]",0.40469903321867984,0.40469903321867984,-0.09530096678132016
trait_agreeableness_00712,agreeableness,high,as_pas_only,none,trait_agreeableness_00712_act_004,high,"['trait_agreeableness_00712_act_001', 'trait_agreeableness_00712_act_002', 'trait_agreeableness_00712_act_003', 'trait_agreeableness_00712_act_004']","['Consider leveraging your time on more personal meetings where you can have genuine interactions, rather than a large industry event.', 'Skip the dinner if it really goes against your preferences and focus on networking in ways that make you feel comfortable.', 'You might find it rewarding to go and connect with a few people, making the experience more manageable and meaningful for you.', 'Consider attending the dinner to nurture relationships that could be beneficial for future collaborations or opportunities.']","['low', 'low', 'high', 'high']","[-5.44140625, -1.6357421875, -2.072265625, -0.50244140625]","[-0.24733664772727273, -0.07435191761363637, -0.08634440104166667, -0.029555376838235295]","[0.2170685976743698, 0.25806155800819397, 0.2549852430820465, 0.2698846459388733]",0.5248698655574083,0.5248698655574083,0.024869865557408333
trait_agreeableness_00713,agreeableness,high,as_pas_only,none,trait_agreeableness_00713_act_004,low,"['trait_agreeableness_00713_act_001', 'trait_agreeableness_00713_act_002', 'trait_agreeableness_00713_act_003', 'trait_agreeableness_00713_act_004']","[""You could accept the nomination gracefully as it honors not just your work but also your team's effort."", 'Perhaps you might consider a compromise by accepting the nomination and requesting a more low-key acknowledgment at the ceremony.', 'Decline the nomination if it makes you uncomfortable; maintaining your personal comfort is more important than external recognition.', 'You might just let them know that while you appreciate the gesture, you prefer achievements to be celebrated internally rather than publicly.']","['high', 'high', 'low', 'low']","[-4.0390625, -0.90478515625, -8.375, -0.88427734375]","[-0.201953125, -0.04308500744047619, -0.39880952380952384, -0.036844889322916664]","[0.23963502049446106, 0.2808961868286133, 0.19681429862976074, 0.2826544940471649]",0.5205312073230743,0.5205312073230743,0.02053120732307434
trait_agreeableness_00714,agreeableness,high,as_pas_only,none,trait_agreeableness_00714_act_002,high,"['trait_agreeableness_00714_act_001', 'trait_agreeableness_00714_act_002', 'trait_agreeableness_00714_act_003', 'trait_agreeableness_00714_act_004']","['Just let them know that your current responsibilities cannot be set aside, and you must prioritize completing your pending work this weekend.', 'You might consider delegating some of your tasks or rescheduling commitments so you can join your friends and maintain those cherished relationships.', 'Suggest an alternate weekend for the getaway when you are less busy, demonstrating your interest while staying committed to your personal obligations.', 'Perhaps you could work a few extra hours before the weekend to clear up some urgent tasks, allowing you to enjoy the getaway without worries.']","['low', 'high', 'low', 'high']","[-13.4609375, -0.400634765625, -1.1796875, -3.9765625]","[-0.5608723958333334, -0.016025390625, -0.0471875, -0.1472800925925926]","[0.16926132142543793, 0.2918648421764374, 0.28290998935699463, 0.25596383213996887]",0.5478286824796897,0.5478286824796897,0.047828682479689744
trait_agreeableness_00715,agreeableness,high,as_pas_only,none,trait_agreeableness_00715_act_001,high,"['trait_agreeableness_00715_act_001', 'trait_agreeableness_00715_act_002', 'trait_agreeableness_00715_act_003', 'trait_agreeableness_00715_act_004']","['Suggest a team coffee break for everyone to refresh and help Ulisess feel less isolated in his stress.', 'Advise Ulisess to delegate some tasks to others to manage his workload better, which might alleviate his stress.', 'Offer to take a short walk with Ulisess during lunch, allowing for a change of scenery and a physical break from work.', 'Recommend that Ulisess reevaluate his project timeline and priorities, possibly pushing back less critical tasks.']","['high', 'low', 'high', 'low']","[-0.0457763671875, -4.734375, -3.419921875, -5.953125]","[-0.002080743963068182, -0.20584239130434784, -0.13153545673076922, -0.29765625]","[0.2908385097980499, 0.23722440004348755, 0.2555232644081116, 0.21641387045383453]",0.546361749781888,0.546361749781888,0.046361749781888006
trait_agreeableness_00716,agreeableness,high,as_pas_only,none,trait_agreeableness_00716_act_003,high,"['trait_agreeableness_00716_act_001', 'trait_agreeableness_00716_act_002', 'trait_agreeableness_00716_act_003', 'trait_agreeableness_00716_act_004']","['Decline the invitation as your workload and commitments cannot be compromised for additional social events.', 'Skip the ball; prioritize completing your major project and maintaining your current commitments.', ""Maybe you could go to the ball with Ranvir but let him know in advance that you'll need to leave early to manage your other commitments."", 'Consider attending the charity ball for just a short time to show support before focusing back on your project.']","['low', 'low', 'high', 'high']","[-4.28125, -3.3984375, -0.1746826171875, -6.16015625]","[-0.25183823529411764, -0.2265625, -0.006023538523706897, -0.3080078125]","[0.23531410098075867, 0.2413376271724701, 0.3008873462677002, 0.22246097028255463]",0.523348293154763,0.523348293154763,0.023348293154762945
trait_agreeableness_00717,agreeableness,high,as_pas_only,none,trait_agreeableness_00717_act_003,low,"['trait_agreeableness_00717_act_001', 'trait_agreeableness_00717_act_002', 'trait_agreeableness_00717_act_003', 'trait_agreeableness_00717_act_004']","['Consider crafting homemade gifts, which can be both meaningful and budget-friendly.', 'You might also think about baking treats to bring to the parties, as this is an affordable and heartfelt alternative to traditional gifts.', 'Just opt out of gift-giving and explain your financial situation honestly if anyone asks.', 'Alternatively, buy a single bulk gift item that you can split among the various parties to minimize costs.']","['high', 'high', 'low', 'low']","[-2.748046875, -7.6015625, -0.0809326171875, -10.609375]","[-0.1962890625, -0.3040625, -0.0047607421875, -0.53046875]","[0.26144781708717346, 0.23473595082759857, 0.3166392147541046, 0.18717706203460693]",0.4961837457336301,0.4961837457336301,-0.0038162542663698895
trait_agreeableness_00718,agreeableness,high,as_pas_only,none,trait_agreeableness_00718_act_001,low,"['trait_agreeableness_00718_act_001', 'trait_agreeableness_00718_act_002', 'trait_agreeableness_00718_act_003', 'trait_agreeableness_00718_act_004']","[""You should remain neutral, not laughing or reacting, to clearly indicate that such jokes aren't suitable for the workplace."", ""You might offer a light smile to acknowledge Geordie's attempt at humor without encouraging the nature of the joke."", 'Address Geordie later in private, suggesting that he consider the timing and content of his jokes more carefully in the future.', 'Perhaps gently change the subject to help move the conversation away from the joke and towards more appropriate meeting topics.']","['low', 'high', 'low', 'high']","[-0.0117950439453125, -4.51171875, -8.78125, -7.765625]","[-0.0005128279976222826, -0.1961616847826087, -0.35125, -0.3697916666666667]","[0.31078076362609863, 0.25555530190467834, 0.21884211897850037, 0.21482181549072266]",0.470377117395401,0.470377117395401,-0.029622882604599
trait_agreeableness_00719,agreeableness,high,as_pas_only,none,trait_agreeableness_00719_act_002,low,"['trait_agreeableness_00719_act_001', 'trait_agreeableness_00719_act_002', 'trait_agreeableness_00719_act_003', 'trait_agreeableness_00719_act_004']","['You might consider asking her if there’s anything specific you can do to help, showing your support goes beyond just professional boundaries.', 'Evaluate if sending flowers could set a precedent you’re uncomfortable with; maintaining professional boundaries is crucial.', 'Sending a thoughtful card along with the flowers can express your support and empathy during her difficult times.', 'Consider simply acknowledging her situation verbally when appropriate, which keeps the support subtle and professional.']","['high', 'low', 'high', 'low']","[-13.0625, -0.4248046875, -3.177734375, -3.185546875]","[-0.5225, -0.02235814144736842, -0.16724917763157895, -0.18738511029411764]","[0.18269528448581696, 0.30125635862350464, 0.2606218755245209, 0.25542646646499634]",0.4433171666162784,0.4433171666162784,-0.0566828333837216
trait_agreeableness_00720,agreeableness,high,as_pas_only,none,trait_agreeableness_00720_act_003,high,"['trait_agreeableness_00720_act_001', 'trait_agreeableness_00720_act_002', 'trait_agreeableness_00720_act_003', 'trait_agreeableness_00720_act_004']","['Suggest that Shandel looks into affordable financing or leasing options for a new laptop instead of giving yours away.', 'Keep the laptop for yourself since it could be useful for your future needs, and Shandel can explore other options to acquire one.', 'Consider surprising Shandel with the laptop, making it a heartfelt gesture to help them succeed in their projects.', 'You could gift the laptop to Shandel, as it would really boost their productivity and show how much you support their endeavors.']","['low', 'low', 'high', 'high']","[-1.423828125, -11.84375, -0.7373046875, -2.017578125]","[-0.06471946022727272, -0.45552884615384615, -0.03510974702380952, -0.080703125]","[0.27095094323158264, 0.18330079317092896, 0.2790936827659607, 0.2666545808315277]",0.5457482635974884,0.5457482635974884,0.0457482635974884
trait_agreeableness_00721,agreeableness,high,as_pas_only,none,trait_agreeableness_00721_act_001,high,"['trait_agreeableness_00721_act_001', 'trait_agreeableness_00721_act_002', 'trait_agreeableness_00721_act_003', 'trait_agreeableness_00721_act_004']","['You might consider gently expressing to Loujain how much effort and care you put into looking after their cat, which could naturally lead them to offer some form of gratitude.', 'Perhaps you could ask Loujain if they’d be willing to cover the costs you incurred while caring for their pet, as a kind gesture of appreciation.', 'Directly ask Loujain for a compensation for the expenses and time you invested in taking care of the cat, emphasizing that it is only fair.', 'Tell Loujain that taking care of their cat involved certain costs and effort on your part, and it would be reasonable to expect some form of compensation for your troubles.']","['high', 'high', 'low', 'low']","[-0.1431884765625, -3.486328125, -2.41015625, -5.78125]","[-0.00421142578125, -0.11246219758064516, -0.08033854166666667, -0.17003676470588236]","[0.272383451461792, 0.2444375902414322, 0.25241729617118835, 0.23076167702674866]",0.5168210340019906,0.5168210340019906,0.016821034001990642
trait_agreeableness_00722,agreeableness,high,as_pas_only,none,trait_agreeableness_00722_act_002,high,"['trait_agreeableness_00722_act_001', 'trait_agreeableness_00722_act_002', 'trait_agreeableness_00722_act_003', 'trait_agreeableness_00722_act_004']","['Politely decline, explaining that you already have commitments to your personal health this weekend.', 'Offer to help Nazair for a few hours on one day of the weekend so you can also have time for your relaxation.', 'Suggest that Nazair asks other friends who might not already have plans, as your weekend is already booked for personal time.', ""Suggest that Nazair could hire professional movers and you'll provide support by organizing meals or refreshments for everyone on the moving day.""]","['low', 'high', 'low', 'high']","[-3.904296875, -0.037109375, -7.01953125, -4.234375]","[-0.22966452205882354, -0.001484375, -0.28078125, -0.1568287037037037]","[0.23353391885757446, 0.2933913767337799, 0.22189639508724213, 0.2511783242225647]",0.5445696928416238,0.5445696928416238,0.04456969284162382
trait_agreeableness_00723,agreeableness,high,as_pas_only,none,trait_agreeableness_00723_act_002,low,"['trait_agreeableness_00723_act_001', 'trait_agreeableness_00723_act_002', 'trait_agreeableness_00723_act_003', 'trait_agreeableness_00723_act_004']","[""Maybe express to Tavleen how you're feeling and ask if she's open to the idea of ordering a ride for you, so she can continue enjoying the party."", 'Tell Tavleen directly that you need to leave for your own comfort, regardless of her having fun.', 'You could suggest a compromise to Tavleen; perhaps staying just a bit longer to meet her happiness, then leaving together.', 'Inform Tavleen that you are calling a taxi for yourself because you want to leave now.']","['high', 'low', 'high', 'low']","[-1.67578125, -0.884765625, -1.89453125, -1.59765625]","[-0.04928768382352941, -0.04213169642857143, -0.07578125, -0.08408717105263158]","[0.25336754322052, 0.25518715381622314, 0.2467430830001831, 0.24470214545726776]",0.5001106634818512,0.5001106634818512,0.00011066348185118091
trait_agreeableness_00724,agreeableness,high,as_pas_only,none,trait_agreeableness_00724_act_004,high,"['trait_agreeableness_00724_act_001', 'trait_agreeableness_00724_act_002', 'trait_agreeableness_00724_act_003', 'trait_agreeableness_00724_act_004']","['Suggest that Josalyn finds an alternative or waits for another time when you are less occupied.', 'Keep your business appointment as planned; it’s important to prioritize commitments that impact your professional goals.', 'Perhaps offer to help Josalyn after your business appointment, blending commitment with your supportive nature.', ""You might consider rescheduling the business appointment if Josalyn's request could foster a supportive relationship.""]","['low', 'low', 'high', 'high']","[-6.77734375, -15.8671875, -1.6201171875, -0.307861328125]","[-0.3388671875, -0.8351151315789473, -0.08526932565789473, -0.01539306640625]","[0.23367846012115479, 0.1422659456729889, 0.3011305630207062, 0.32292503118515015]",0.6240555942058563,0.6240555942058563,0.12405559420585632
trait_agreeableness_00725,agreeableness,high,as_pas_only,none,trait_agreeableness_00725_act_002,high,"['trait_agreeableness_00725_act_001', 'trait_agreeableness_00725_act_002', 'trait_agreeableness_00725_act_003', 'trait_agreeableness_00725_act_004']","[""Apologize sincerely to Webber for the comment and ask them how they feel or if there's anything they'd like to talk about."", 'Express your regret over the upsetting comment, then gently shift the conversation towards a topic that Webber enjoys to lighten the mood.', 'Clarify your comment to Webber, explaining your point of view so they understand your perspective better.', 'Ask Webber to explain why your comment upset them, which can lead to a clearer understanding on both sides.']","['high', 'high', 'low', 'low']","[-0.869140625, -0.55615234375, -5.48828125, -7.8359375]","[-0.031040736607142856, -0.02224609375, -0.2744140625, -0.3561789772727273]","[0.2844756245613098, 0.2869885265827179, 0.22302286326885223, 0.20551303029060364]",0.5714641255975905,0.5714641255975905,0.07146412559759052
trait_agreeableness_00726,agreeableness,high,as_pas_only,none,trait_agreeableness_00726_act_002,high,"['trait_agreeableness_00726_act_001', 'trait_agreeableness_00726_act_002', 'trait_agreeableness_00726_act_003', 'trait_agreeableness_00726_act_004']","['Suggest that Stevielynn should speak to a financial advisor to better manage her expenses and debt.', 'Offer to help Stevielynn by covering some of her medical expenses or by lending her money if that feels right to you.', 'Advise Stevielynn to negotiate the bills or seek cheaper medical alternatives for future treatments.', 'Consider providing support by helping Stevielynn find financial aid programs or charities that assist with medical bills.']","['low', 'high', 'low', 'high']","[-7.70703125, -0.0025577545166015625, -6.34765625, -8.6875]","[-0.3670014880952381, -9.837517371544472e-05, -0.3340871710526316, -0.41369047619047616]","[0.22567738592624664, 0.3257106840610504, 0.23322898149490356, 0.2153829038143158]",0.5410936120641356,0.5410936120641356,0.04109361206413564
trait_agreeableness_00727,agreeableness,high,as_pas_only,none,trait_agreeableness_00727_act_003,high,"['trait_agreeableness_00727_act_001', 'trait_agreeableness_00727_act_002', 'trait_agreeableness_00727_act_003', 'trait_agreeableness_00727_act_004']","['Consider starting with the positive aspects of the policy, then transition into your concerns, ensuring you maintain a respectful tone throughout.', 'Directly challenge the policy by presenting strong, logical arguments against it and demand a review from management.', 'You could express your concerns by highlighting how the policy impacts team morale, and gently suggest possible alternatives that could benefit everyone.', ""Question the policy's fairness and effectiveness in the meeting, and push for an immediate reconsideration by presenting the overall dissatisfaction of your colleagues.""]","['high', 'low', 'high', 'low']","[-2.703125, -8.140625, -1.2822265625, -3.984375]","[-0.11263020833333333, -0.40703125, -0.053426106770833336, -0.14756944444444445]","[0.26513707637786865, 0.19752120971679688, 0.28130826354026794, 0.25603336095809937]",0.5464453887741615,0.5464453887741615,0.04644538877416149
trait_agreeableness_00728,agreeableness,high,as_pas_only,none,trait_agreeableness_00728_act_004,high,"['trait_agreeableness_00728_act_001', 'trait_agreeableness_00728_act_002', 'trait_agreeableness_00728_act_003', 'trait_agreeableness_00728_act_004']","[""Propose a formal vote on the project during the next team meeting to decisively address and move beyond Kashtin's opposition."", ""Firmly defend your project's merits in the next meeting, showcasing robust evidence and data to counter his objections."", 'Consider inviting Kashtin to co-present the project, integrating his viewpoints to strengthen the proposal.', 'Schedule a one-on-one meeting with Kashtin to understand his concerns and discuss potential compromises.']","['low', 'low', 'high', 'high']","[-2.73828125, -1.927734375, -2.033203125, -0.423828125]","[-0.10531850961538461, -0.08381453804347826, -0.10701069078947369, -0.02230674342105263]","[0.2435103952884674, 0.24880355596542358, 0.2430986911058426, 0.2645873427391052]",0.5076860414100594,0.5076860414100594,0.007686041410059352
trait_agreeableness_00729,agreeableness,high,as_pas_only,none,trait_agreeableness_00729_act_001,high,"['trait_agreeableness_00729_act_001', 'trait_agreeableness_00729_act_002', 'trait_agreeableness_00729_act_003', 'trait_agreeableness_00729_act_004']","['Offer to spend time with Janely, perhaps going for a walk or watching a movie together to help her feel less alone.', 'Consider sending Janely a care package filled with her favorite treats and a heartfelt note to show your support and affection.', 'Encourage Janely to join a support group where she can connect with people who understand her grief and can offer perspective.', 'Suggest that Janely seeks professional counseling to address her feelings of hopelessness and to develop coping strategies.']","['high', 'high', 'low', 'low']","[-1.810546875, -3.623046875, -4.08203125, -2.935546875]","[-0.072421875, -0.15752377717391305, -0.17008463541666666, -0.13978794642857142]","[0.26594144105911255, 0.24424558877944946, 0.24119684100151062, 0.24861612915992737]",0.510187029838562,0.510187029838562,0.010187029838562012
trait_agreeableness_00730,agreeableness,high,as_pas_only,none,trait_agreeableness_00730_act_001,low,"['trait_agreeableness_00730_act_001', 'trait_agreeableness_00730_act_002', 'trait_agreeableness_00730_act_003', 'trait_agreeableness_00730_act_004']","['Withhold Meital’s paycheck as a firm action to underline the seriousness of the performance issues and motivate improvement.', 'Consider setting up a meeting with Meital to openly discuss performance issues and explore supportive measures to help improve their work.', 'Implement a direct policy that ties Meital’s pay to specific performance metrics, ensuring accountability and immediate consequences for underperformance.', 'You might want to create an improvement plan that outlines clear goals and timelines for Meital, providing regular feedback and encouragement.']","['low', 'high', 'low', 'high']","[-0.00033855438232421875, -9.796875, -10.7265625, -21.859375]","[-1.538883556019176e-05, -0.42595108695652173, -0.4469401041666667, -0.9108072916666666]","[0.37106359004974365, 0.24236325919628143, 0.23732931911945343, 0.14924384653568268]",0.3916070998965636,0.3916070998965636,-0.10839290010343638
trait_agreeableness_00731,agreeableness,high,as_pas_only,none,trait_agreeableness_00731_act_003,high,"['trait_agreeableness_00731_act_001', 'trait_agreeableness_00731_act_002', 'trait_agreeableness_00731_act_003', 'trait_agreeableness_00731_act_004']","['Perhaps you could delegate some of your responsibilities to other volunteers, which would allow you to continue supporting the charity while also managing your stress better.', ""It's practical to prioritize your own health and professional duties over volunteering; you can always return to it when you're in a better position."", 'You might consider reducing your hours slightly and finding a schedule that allows more time for rest, maintaining your commitment but taking care of your health too.', 'Consider taking a complete break from volunteering to focus entirely on your personal and professional life until you feel less overwhelmed.']","['high', 'low', 'high', 'low']","[-2.68359375, -4.26171875, -0.2060546875, -2.470703125]","[-0.09584263392857142, -0.15220424107142858, -0.007105334051724138, -0.1123046875]","[0.2486533224582672, 0.23502644896507263, 0.2717267572879791, 0.24459350109100342]",0.5203800642377119,0.5203800642377119,0.02038006423771188
trait_agreeableness_00732,agreeableness,high,as_pas_only,none,trait_agreeableness_00732_act_002,low,"['trait_agreeableness_00732_act_001', 'trait_agreeableness_00732_act_002', 'trait_agreeableness_00732_act_003', 'trait_agreeableness_00732_act_004']","['Recommend that they check local moving services or rental trucks, as you need to prioritize your own commitments this weekend.', 'Politely explain that you have long-standing personal plans and suggest that they reschedule the move or ask another friend for help.', 'You could suggest hiring professional movers and then visiting your friend after your retreat to help them unpack and settle in.', 'Offer to help your friend with packing a day or two before your retreat, so you can still support them without cancelling your plans.']","['low', 'low', 'high', 'high']","[-1.8994140625, -0.54052734375, -2.619140625, -1.90625]","[-0.08633700284090909, -0.02162109375, -0.11905184659090909, -0.0733173076923077]","[0.24704928696155548, 0.2635659873485565, 0.23909787833690643, 0.2502868175506592]",0.48938471047236654,0.48938471047236654,-0.010615289527633465
trait_agreeableness_00733,agreeableness,high,as_pas_only,none,trait_agreeableness_00733_act_003,low,"['trait_agreeableness_00733_act_001', 'trait_agreeableness_00733_act_002', 'trait_agreeableness_00733_act_003', 'trait_agreeableness_00733_act_004']","['You could politely excuse yourself from your current commitment, explaining the importance of timely attendance at your work meeting.', 'Consider contacting a colleague who is also attending the meeting and kindly ask if they can cover the beginning part until you arrive.', ""Just focus on finishing your current commitment properly, even if it means being late; you can't always please everyone."", ""Send a quick message to inform them you'll be late, then proceed with your current engagement without cutting it short.""]","['high', 'high', 'low', 'low']","[-1.92578125, -2.052734375, -0.39501953125, -3.37890625]","[-0.09170386904761904, -0.08553059895833333, -0.017174762228260868, -0.14690896739130435]","[0.24814756214618683, 0.2496841847896576, 0.26734840869903564, 0.23481982946395874]",0.49783175435411564,0.49783175435411564,-0.002168245645884359
trait_agreeableness_00734,agreeableness,high,as_pas_only,none,trait_agreeableness_00734_act_001,low,"['trait_agreeableness_00734_act_001', 'trait_agreeableness_00734_act_002', 'trait_agreeableness_00734_act_003', 'trait_agreeableness_00734_act_004']","['Directly ask both colleagues to clarify their points and explain the reasoning behind their disagreements in the meeting, fostering a clear and open dialogue.', 'You might consider suggesting a team-building activity that focuses on communication skills, which can improve overall team harmony without direct confrontation.', 'You could inform your manager about the disruptive behavior, letting them handle the situation and possibly mediate the conflict.', 'Perhaps you could recommend a feedback session where everyone gets the chance to express their thoughts in a structured manner, making the atmosphere more open and less tense.']","['low', 'high', 'low', 'high']","[-0.7509765625, -0.96630859375, -12.09375, -3.33203125]","[-0.02781394675925926, -0.040262858072916664, -0.5497159090909091, -0.11106770833333333]","[0.2856215238571167, 0.28208789229393005, 0.1694852113723755, 0.26280540227890015]",0.544893278333745,0.544893278333745,0.04489327833374501
trait_agreeableness_00735,agreeableness,high,as_pas_only,none,trait_agreeableness_00735_act_002,low,"['trait_agreeableness_00735_act_001', 'trait_agreeableness_00735_act_002', 'trait_agreeableness_00735_act_003', 'trait_agreeableness_00735_act_004']","['Maybe you can ask your friend how they feel about their project first to understand their perspective before sharing your thoughts.', 'Just be straightforward and tell your friend what you really think about the art project; they asked for honesty, after all.', 'You could mention specific aspects you like while gently suggesting improvements in areas you think could be better.', 'Recommend your friend to seek feedback from professional artists as well, which can provide them with a more objective critique.']","['high', 'low', 'high', 'low']","[-7.84375, -0.0005326271057128906, -14.75, -15.8125]","[-0.3565340909090909, -2.219279607137044e-05, -0.7763157894736842, -0.71875]","[0.2644340693950653, 0.37770137190818787, 0.17378349602222443, 0.1840810328722]",0.4382175784771913,0.4382175784771913,-0.06178242152280872
trait_agreeableness_00736,agreeableness,high,as_pas_only,none,trait_agreeableness_00736_act_001,low,"['trait_agreeableness_00736_act_001', 'trait_agreeableness_00736_act_002', 'trait_agreeableness_00736_act_003', 'trait_agreeableness_00736_act_004']","['Suggest a compromise where Jahnia could redistribute some of the tasks among other team members to lessen your burden.', 'Decline the proposal, citing your current responsibilities and the importance of maintaining your personal life balance.', 'Perhaps you could agree to the new plan, but clarify your availability and limits to ensure your personal time is respected.', 'You might consider agreeing to the plan but also ask for help or support to manage the increased workload effectively.']","['low', 'low', 'high', 'high']","[-0.36865234375, -11.171875, -1.7109375, -3.1171875]","[-0.016756924715909092, -0.5879934210526315, -0.07438858695652174, -0.1484375]","[0.2953821122646332, 0.16683967411518097, 0.27884000539779663, 0.25893813371658325]",0.5377781791819766,0.5377781791819766,0.03777817918197657
trait_agreeableness_00737,agreeableness,high,as_pas_only,none,trait_agreeableness_00737_act_002,high,"['trait_agreeableness_00737_act_001', 'trait_agreeableness_00737_act_002', 'trait_agreeableness_00737_act_003', 'trait_agreeableness_00737_act_004']","['You could gently remind your colleagues about the value of discussing concerns directly with PersonZ to promote a more understanding and supportive work environment.', 'Consider sharing positive experiences or achievements of PersonZ to subtly shift the tone of the conversation to something more constructive and appreciative.', ""You might propose focusing the discussion on tasks and projects instead, pointing out that speculative talk is not productive or beneficial for the team's goals."", 'Suggest setting up a meeting where concerns can be addressed openly with PersonZ present, ensuring a fair dialogue and cutting out behind-the-back criticisms.']","['high', 'high', 'low', 'low']","[-7.96484375, -0.58984375, -0.96826171875, -2.779296875]","[-0.3063401442307692, -0.02359375, -0.034580775669642856, -0.09583782327586207]","[0.20519816875457764, 0.2722505033016205, 0.26927563548088074, 0.25327569246292114]",0.4774486720561981,0.4774486720561981,-0.02255132794380188
trait_agreeableness_00738,agreeableness,high,as_pas_only,none,trait_agreeableness_00738_act_001,low,"['trait_agreeableness_00738_act_001', 'trait_agreeableness_00738_act_002', 'trait_agreeableness_00738_act_003', 'trait_agreeableness_00738_act_004']","['Recommend they look into local community services like food banks and job training workshops to become more self-sufficient.', 'Offer to babysit the children a couple of times a week to give the parents time to job search or handle other responsibilities.', 'Suggest setting up a schedule where they can gradually take over the childcare and household chores as they stabilize financially.', 'Prepare some extra meals that can easily be reheated, to relieve them from cooking duties for a few days.']","['low', 'high', 'low', 'high']","[-0.5966796875, -1.9365234375, -2.07421875, -2.1875]","[-0.028413318452380952, -0.0774609375, -0.09428267045454546, -0.09943181818181818]","[0.26179149746894836, 0.2492610514163971, 0.245103120803833, 0.24384428560733795]",0.4931053590672624,0.4931053590672624,-0.006894640932737617
trait_agreeableness_00739,agreeableness,high,as_pas_only,none,trait_agreeableness_00739_act_003,high,"['trait_agreeableness_00739_act_001', 'trait_agreeableness_00739_act_002', 'trait_agreeableness_00739_act_003', 'trait_agreeableness_00739_act_004']","['Consider encouraging Destinnie to seek advice from an independent financial advisor to ensure she makes a well-informed decision.', 'Go ahead and emphasize the potential high returns of the deal to persuade Destinnie, focusing on how such investments can significantly pay off.', 'You could prioritize transparency and discuss both the potential benefits and risks openly with Destinnie, emphasizing that the final decision is hers to make.', ""You should highlight the unique chance this deal represents and pitch it as a strategically aggressive investment that shouldn't be missed.""]","['high', 'low', 'high', 'low']","[-1.6357421875, -6.29296875, -0.6474609375, -1.556640625]","[-0.07435191761363637, -0.2420372596153846, -0.023980034722222224, -0.06768002717391304]","[0.2561490833759308, 0.21660475432872772, 0.2693822979927063, 0.2578638195991516]",0.5255314048617216,0.5255314048617216,0.025531404861721563
trait_agreeableness_00740,agreeableness,high,as_pas_only,none,trait_agreeableness_00740_act_001,low,"['trait_agreeableness_00740_act_001', 'trait_agreeableness_00740_act_002', 'trait_agreeableness_00740_act_003', 'trait_agreeableness_00740_act_004']","[""Confront Hikari then and there by firmly stating the discomfort they're causing, to immediately address the issue."", ""Directly tell Hikari that their behavior is inappropriate and advise them to stop immediately if you feel it's disruptive enough."", 'Maybe suggest a quick, quiet walk with Hikari outside the venue to discuss the issue discreetly and help them regain composure.', 'Consider pulling Hikari aside gently to express your concerns in private, aiming to avoid public embarrassment.']","['low', 'low', 'high', 'high']","[-0.1373291015625, -2.7890625, -3.005859375, -4.53515625]","[-0.005970830502717391, -0.1115625, -0.111328125, -0.2267578125]","[0.27764803171157837, 0.24982546269893646, 0.24988403916358948, 0.22264249622821808]",0.47252652130941986,0.47252652130941986,-0.027473478690580144
trait_agreeableness_00741,agreeableness,high,as_pas_only,none,trait_agreeableness_00741_act_001,high,"['trait_agreeableness_00741_act_001', 'trait_agreeableness_00741_act_002', 'trait_agreeableness_00741_act_003', 'trait_agreeableness_00741_act_004']","['You might consider arranging a private, friendly chat with Janya to understand any challenges she’s facing and discuss how you can help her meet her deadlines.', 'Perhaps you could offer to help Janya organize her tasks or suggest setting up a team meeting to realign everyone’s responsibilities and deadlines.', ""Directly inform Janya that her missed deadlines are impacting the team's performance and she needs to adhere to the project timeline more strictly."", 'Send an email to Janya outlining the deadlines and mentioning that further delays could lead to discussions with higher management.']","['high', 'high', 'low', 'low']","[-0.04888916015625, -5.0078125, -3.564453125, -10.71875]","[-0.001629638671875, -0.18547453703703703, -0.1320167824074074, -0.4872159090909091]","[0.3007377088069916, 0.2502332925796509, 0.2639741897583008, 0.18505485355854034]",0.5509709767563205,0.5509709767563205,0.05097097675632045
trait_agreeableness_00742,agreeableness,high,as_pas_only,none,trait_agreeableness_00742_act_001,low,"['trait_agreeableness_00742_act_001', 'trait_agreeableness_00742_act_002', 'trait_agreeableness_00742_act_003', 'trait_agreeableness_00742_act_004']","['Directly point out the flaw during the meeting and suggest an alternative strategy that mitigates these risks.', 'Consider suggesting a follow-up meeting where you can review the strategy more thoroughly together, to align on the best approach.', 'Challenge the strategy openly in the meeting to ensure everyone is aware of the potential losses, emphasizing the need for a robust discussion.', 'You could express your concerns by privately messaging your colleague, framing it as seeking to understand their perspective better.']","['low', 'high', 'low', 'high']","[-0.40576171875, -7.3125, -1.1767578125, -8.078125]","[-0.0202880859375, -0.3179347826086957, -0.0470703125, -0.38467261904761907]","[0.2931897044181824, 0.21771200001239777, 0.28544163703918457, 0.2036566287279129]",0.4213686412980748,0.4213686412980748,-0.07863135870192522
trait_agreeableness_00743,agreeableness,high,as_pas_only,none,trait_agreeableness_00743_act_002,low,"['trait_agreeableness_00743_act_001', 'trait_agreeableness_00743_act_002', 'trait_agreeableness_00743_act_003', 'trait_agreeableness_00743_act_004']","['Maybe you could offer to help train someone else to share the workload, easing the burden on you.', 'Just say no to additional shifts and prioritize your health over voluntary extras.', 'You might consider gently explaining to your supervisor your health concerns and see if you can reduce the extra shifts.', ""Take a step back and let others step up; you're not the only one who can volunteer for extra work.""]","['high', 'low', 'high', 'low']","[-7.171875, -0.3759765625, -1.1884765625, -8.25]","[-0.35859375, -0.02685546875, -0.05659412202380952, -0.358695652173913]","[0.2107105404138565, 0.2936015725135803, 0.2849988043308258, 0.21068908274173737]",0.4957093447446823,0.4957093447446823,-0.004290655255317688
trait_agreeableness_00744,agreeableness,high,as_pas_only,none,trait_agreeableness_00744_act_001,low,"['trait_agreeableness_00744_act_001', 'trait_agreeableness_00744_act_002', 'trait_agreeableness_00744_act_003', 'trait_agreeableness_00744_act_004']","['Escalate the issue to your manager or HR department to formally address the rumors and protect your professional reputation.', 'Address the situation directly by confronting your colleague and demand they stop spreading unfounded rumors immediately.', 'Offer to collaborate on a project together which could help improve your relationship and show your genuine intentions.', 'Invite your colleague for a coffee and gently discuss the impact their behavior is having on you, aiming to clear up any misunderstandings.']","['low', 'low', 'high', 'high']","[-0.18603515625, -3.826171875, -2.0546875, -4.19921875]","[-0.00845614346590909, -0.21256510416666666, -0.10814144736842106, -0.16150841346153846]","[0.27944040298461914, 0.22784830629825592, 0.2529277205467224, 0.23978358507156372]",0.49271129827631566,0.49271129827631566,-0.007288701723684343
trait_agreeableness_00745,agreeableness,high,as_pas_only,none,trait_agreeableness_00745_act_002,high,"['trait_agreeableness_00745_act_001', 'trait_agreeableness_00745_act_002', 'trait_agreeableness_00745_act_003', 'trait_agreeableness_00745_act_004']","['You could give your friend the guitar as a gift to help ease their financial burden and share the joy of music.', 'Consider lending the guitar to your friend until they can afford one, creating a win-win situation where you keep ownership and they get to play.', 'Keep the guitar since giving it away could set a precedent for similar expectations in the future.', 'Suggest that your friend looks for affordable second-hand options online, emphasizing the importance of financial responsibility.']","['high', 'high', 'low', 'low']","[-2.96484375, -0.1103515625, -6.07421875, -5.10546875]","[-0.12890625, -0.003941127232142857, -0.3374565972222222, -0.2552734375]","[0.2613586485385895, 0.29614779353141785, 0.21216052770614624, 0.23033304512500763]",0.5575064337625141,0.5575064337625141,0.057506433762514075
trait_agreeableness_00746,agreeableness,high,as_pas_only,none,trait_agreeableness_00746_act_002,high,"['trait_agreeableness_00746_act_001', 'trait_agreeableness_00746_act_002', 'trait_agreeableness_00746_act_003', 'trait_agreeableness_00746_act_004']","['Consider suggesting that Aythana delegate specific tasks to other team members or ask for an extension from the project lead.', ""Absolutely, offering your assistance could greatly alleviate Aythana's stress and help distribute the project tasks more manageably."", 'Recommend to Aythana to reevaluate her project plan and identify priorities; she might need to focus on key areas and drop less critical tasks.', 'Yes, stepping in to help Aythana not only supports her but also strengthens the teamwork within the project.']","['low', 'high', 'low', 'high']","[-7.9140625, -0.039154052734375, -13.7734375, -3.5078125]","[-0.34408967391304346, -0.0017023501188858695, -0.4749461206896552, -0.15944602272727273]","[0.22279460728168488, 0.313762903213501, 0.19546745717525482, 0.2679750621318817]",0.5817379480082409,0.5817379480082409,0.08173794800824086
trait_agreeableness_00747,agreeableness,high,as_pas_only,none,trait_agreeableness_00747_act_001,high,"['trait_agreeableness_00747_act_001', 'trait_agreeableness_00747_act_002', 'trait_agreeableness_00747_act_003', 'trait_agreeableness_00747_act_004']","['Consider suggesting a brief team check-in where everyone updates the group on their progress, allowing Carielle to share in a non-confrontational setting.', ""Point out directly to Carielle during the meeting that you've noticed discrepancies in their work, asking for an immediate clarification."", 'Perhaps you could invite Carielle for a private chat to gently inquire about their progress and any challenges they might be facing.', ""Challenge Carielle in the meeting to present detailed evidence of their progress to ensure they're held accountable in front of the team.""]","['high', 'low', 'high', 'low']","[-0.0487060546875, -9.75, -5.4375, -9.71875]","[-0.00162353515625, -0.39, -0.2175, -0.3737980769230769]","[0.31513673067092896, 0.2137121707201004, 0.2539481520652771, 0.21720293164253235]",0.5690848912162317,0.5690848912162317,0.06908489121623174
trait_agreeableness_00748,agreeableness,high,as_pas_only,none,trait_agreeableness_00748_act_002,low,"['trait_agreeableness_00748_act_001', 'trait_agreeableness_00748_act_002', 'trait_agreeableness_00748_act_003', 'trait_agreeableness_00748_act_004']","['Document specific instances where Melicia took undue credit and present these to your supervisor as evidence.', ""Report the behavior to your supervisor immediately to prevent further damage to the team's morale."", 'Consider organizing a team intervention where everyone can openly discuss their feelings about fairness and recognition.', 'You could speak with Melicia first to express your concerns and give them a chance to rectify the situation themselves.']","['low', 'low', 'high', 'high']","[-7.21875, -0.0007600784301757812, -11.796875, -18.578125]","[-0.4010416666666667, -4.4710495892693015e-05, -0.6939338235294118, -0.8077445652173914]","[0.2560650706291199, 0.3823852241039276, 0.19105081260204315, 0.17049886286258698]",0.36154968623965045,0.36154968623965045,-0.13845031376034955
trait_agreeableness_00749,agreeableness,high,as_pas_only,none,trait_agreeableness_00749_act_004,low,"['trait_agreeableness_00749_act_001', 'trait_agreeableness_00749_act_002', 'trait_agreeableness_00749_act_003', 'trait_agreeableness_00749_act_004']","['You might consider addressing the discomfort with Tagert directly by kindly expressing how their behavior makes you feel and seeking a mutual understanding.', 'Perhaps you could involve a mediator from HR to help facilitate a constructive conversation with Tagert, which might improve your work environment.', 'Stand your ground and confront Tagert directly about their aggressive behavior without sugarcoating your concerns.', 'Keep avoiding Tagert if interacting with them disrupts your productivity and peace of mind, focusing instead on your own work responsibilities.']","['high', 'high', 'low', 'low']","[-12.296875, -7.97265625, -3.021484375, -0.052734375]","[-0.491875, -0.31890625, -0.15902549342105263, -0.002109375]","[0.19172881543636322, 0.22793276607990265, 0.2674497067928314, 0.3128887116909027]",0.41966158151626587,0.41966158151626587,-0.08033841848373413
trait_agreeableness_00750,agreeableness,high,as_pas_only,none,trait_agreeableness_00750_act_003,low,"['trait_agreeableness_00750_act_001', 'trait_agreeableness_00750_act_002', 'trait_agreeableness_00750_act_003', 'trait_agreeableness_00750_act_004']","['Directly challenge the strategy in a team meeting by clearly outlining the potential pitfalls and presenting your alternative solutions.', 'You might consider gently suggesting a team meeting to review the project strategy and express your concerns in a supportive manner.', 'Write a concise, fact-based email to your project leader detailing why the current strategy might fail and suggest a meeting to discuss viable alternatives.', 'Perhaps you could offer to help research or present alternative strategies that could complement the current plan without dismissing it entirely.']","['low', 'high', 'low', 'high']","[-3.869140625, -1.9326171875, -0.24462890625, -4.78125]","[-0.18424479166666666, -0.08784623579545454, -0.009060329861111112, -0.21732954545454544]","[0.2347351461648941, 0.25848984718322754, 0.27967894077301025, 0.2270960658788681]",0.48558591306209564,0.48558591306209564,-0.014414086937904358
trait_agreeableness_00701,agreeableness,low,as_pas_only,none,trait_agreeableness_00701_act_002,high,"['trait_agreeableness_00701_act_001', 'trait_agreeableness_00701_act_002', 'trait_agreeableness_00701_act_003', 'trait_agreeableness_00701_act_004']","['You could propose a meeting to discuss the strengths of each theme and consider blending elements of both to please a wider audience.', 'Maybe consult with other team members for their opinions to see if a consensus can be achieved that respects both perspectives.', 'Stick to presenting clear, data-backed arguments on why a cultural heritage theme could draw more interest and community engagement.', 'Insist on setting clear objectives for the event and demonstrate how your theme aligns better with those goals compared to a modern tech theme.']","['high', 'high', 'low', 'low']","[-8.859375, -0.9716796875, -1.0810546875, -4.28515625]","[-0.369140625, -0.04416725852272727, -0.049138849431818184, -0.15870949074074073]","[0.2001868039369583, 0.2770572900772095, 0.27568331360816956, 0.24707256257534027]",0.4772441082371506,0.5227558917628494,0.022755891762849423
trait_agreeableness_00702,agreeableness,low,as_pas_only,none,trait_agreeableness_00702_act_002,high,"['trait_agreeableness_00702_act_001', 'trait_agreeableness_00702_act_002', 'trait_agreeableness_00702_act_003', 'trait_agreeableness_00702_act_004']","['Clearly communicate to your supervisor the unrealistic nature of the additional workload and negotiate down the responsibilities.', 'Consider discussing a phased approach with your boss to gradually integrate the new project while maintaining balance with your current tasks.', 'Prioritize your tasks and cut down on the least essential ones; put focus only on what genuinely requires your expertise.', 'You could ask for support from your team or colleagues to help manage the workload more efficiently.']","['low', 'high', 'low', 'high']","[-1.1181640625, -0.81494140625, -1.5341796875, -10.8515625]","[-0.06212022569444445, -0.037042791193181816, -0.06670346467391304, -0.6028645833333334]","[0.277536004781723, 0.2845838963985443, 0.2762669026851654, 0.16161328554153442]",0.4461971420469455,0.5538028579530545,0.053802857953054506
trait_agreeableness_00703,agreeableness,low,as_pas_only,none,trait_agreeableness_00703_act_002,low,"['trait_agreeableness_00703_act_001', 'trait_agreeableness_00703_act_002', 'trait_agreeableness_00703_act_003', 'trait_agreeableness_00703_act_004']","['Consider setting aside a portion of your bonus for your vacation and donate a portion to your friend to ease their burden.', 'Invest the bonus in a personal savings or retirement fund to ensure your future financial stability.', 'You could offer to help your friend cover some of their medical expenses with part of your bonus.', 'Use the bonus for the vacation you’ve been planning, as personal relaxation and fulfillment are important.']","['high', 'low', 'high', 'low']","[-4.26953125, -0.3369140625, -5.95703125, -1.361328125]","[-0.18563179347826086, -0.01981847426470588, -0.31352796052631576, -0.07164884868421052]","[0.239175483584404, 0.28231143951416016, 0.21046121418476105, 0.2680518627166748]",0.44963669776916504,0.550363302230835,0.05036330223083496
trait_agreeableness_00704,agreeableness,low,as_pas_only,none,trait_agreeableness_00704_act_001,low,"['trait_agreeableness_00704_act_001', 'trait_agreeableness_00704_act_002', 'trait_agreeableness_00704_act_003', 'trait_agreeableness_00704_act_004']","['Challenge the team to justify the strategy with data or precedents, given its similarity to past unsuccessful attempts.', 'Directly state the issues and shortcomings you foresee with the agreed strategy to ensure they are aware of the potential risks.', 'Maybe suggest setting up a small trial run of the strategy first, to demonstrate the outcomes before fully committing.', 'You could gently express your concerns and propose discussing alternative strategies that could prevent potential issues.']","['low', 'low', 'high', 'high']","[-0.383056640625, -1.8515625, -3.3046875, -4.3203125]","[-0.018240792410714284, -0.08050271739130435, -0.15736607142857142, -0.2541360294117647]","[0.27780717611312866, 0.26103782653808594, 0.24172531068325043, 0.21942971646785736]",0.4611550134076174,0.5388449865923826,0.03884498659238256
trait_agreeableness_00705,agreeableness,low,as_pas_only,none,trait_agreeableness_00705_act_001,high,"['trait_agreeableness_00705_act_001', 'trait_agreeableness_00705_act_002', 'trait_agreeableness_00705_act_003', 'trait_agreeableness_00705_act_004']","['You could consider politely reaching out to the rental agency to express your concerns and ask for possible solutions or compensation.', 'Maybe try to calmly discuss the discrepancies with the agency, highlighting the missing amenities and differences in the property, and request an amicable resolution.', 'Demand an immediate response from the rental agency and insist on a partial refund or relocation to a property that matches the initial description.', 'Send a firm email to the agency detailing every issue, and make it clear you expect swift action or you will consider legal advice.']","['high', 'high', 'low', 'low']","[-0.254638671875, -1.51171875, -8.3203125, -10.0390625]","[-0.011574485085227272, -0.053989955357142856, -0.3328125, -0.38611778846153844]","[0.2966192662715912, 0.28430110216140747, 0.21512329578399658, 0.20395636558532715]",0.5809203511202231,0.4190796488797769,-0.08092035112022311
trait_agreeableness_00706,agreeableness,low,as_pas_only,none,trait_agreeableness_00706_act_001,low,"['trait_agreeableness_00706_act_001', 'trait_agreeableness_00706_act_002', 'trait_agreeableness_00706_act_003', 'trait_agreeableness_00706_act_004']","['Directly confront Marybella in your next team meeting by highlighting specific instances where your ideas were dismissed and demand a justification.', 'Consider asking Marybella for a private meeting to express how valuable you feel contributions from all team members are, including yours.', 'Email the whole team including your manager outlining how the dismissal of ideas by any team member, including Marybella, negatively impacts project creativity and ask for more structured discussion protocols.', 'Maybe propose a team brainstorming session where everyone submits one idea anonymously to ensure each thought is considered without bias.']","['low', 'high', 'low', 'high']","[-0.1884765625, -2.283203125, -4.96875, -8.359375]","[-0.0075390625, -0.091328125, -0.1419642857142857, -0.3799715909090909]","[0.2871170938014984, 0.26404011249542236, 0.2510029971599579, 0.19783979654312134]",0.4618799090385437,0.5381200909614563,0.0381200909614563
trait_agreeableness_00707,agreeableness,low,as_pas_only,none,trait_agreeableness_00707_act_002,low,"['trait_agreeableness_00707_act_001', 'trait_agreeableness_00707_act_002', 'trait_agreeableness_00707_act_003', 'trait_agreeableness_00707_act_004']","['Perhaps eat a healthy meal before the party to lessen your cravings and politely sample very small amounts of your favorite foods.', 'Just say no to the unhealthy options and stick firmly to your diet plan; it’s about your health after all.', 'You could bring a dish to share that fits your diet so you have a healthy option available and still enjoy the party.', 'Ignore the offerings and focus on socializing, not eating; you’re there for your friend, not the food.']","['high', 'low', 'high', 'low']","[-3.984375, -0.1728515625, -3.015625, -10.1875]","[-0.17323369565217392, -0.007515285326086957, -0.12565104166666666, -0.4429347826086957]","[0.250464528799057, 0.29560843110084534, 0.2626703977584839, 0.19125662744045258]",0.5131349342038473,0.48686506579615274,-0.01313493420384726
trait_agreeableness_00708,agreeableness,low,as_pas_only,none,trait_agreeableness_00708_act_001,low,"['trait_agreeableness_00708_act_001', 'trait_agreeableness_00708_act_002', 'trait_agreeableness_00708_act_003', 'trait_agreeableness_00708_act_004']","['Simply note the achievement directly to Nazareth and mention that you noticed the milestone, encouraging them to own their success publicly.', ""Challenge Nazareth in a light-hearted manner about why they haven't boasted about their success yet, to push them out of their comfort zone."", 'Encourage mutual friends or coworkers to subtly acknowledge the achievement, fostering a supportive environment without overwhelming Nazareth.', 'Quietly congratulate Nazareth in a personal message to show your support and respect for their privacy.']","['low', 'low', 'high', 'high']","[-0.0025959014892578125, -10.71875, -6.33203125, -9.734375]","[-0.00010816256205240886, -0.3828125, -0.3015252976190476, -0.5123355263157895]","[0.3310224711894989, 0.22576212882995605, 0.24488019943237305, 0.19833527505397797]",0.4432154414642273,0.5567845585357727,0.05678455853577269
trait_agreeableness_00709,agreeableness,low,as_pas_only,none,trait_agreeableness_00709_act_001,high,"['trait_agreeableness_00709_act_001', 'trait_agreeableness_00709_act_002', 'trait_agreeableness_00709_act_003', 'trait_agreeableness_00709_act_004']","['Consider politely telling Zacharyah that his advances are making you uncomfortable and you would like to keep your relationship professional.', 'Maybe talk to a trusted colleague or a supervisor for advice on how to approach Zacharyah about this sensitive issue.', 'Directly tell Zacharyah to stop the advances, asserting that they are inappropriate and unwelcome at the workplace.', 'If speaking to him directly doesn’t work, report the behavior to your HR department to handle it formally.']","['high', 'high', 'low', 'low']","[-0.277587890625, -3.27734375, -1.58984375, -9.703125]","[-0.012069038722826086, -0.14249320652173914, -0.06912364130434782, -0.46205357142857145]","[0.2890253961086273, 0.25368425250053406, 0.2729967534542084, 0.18429358303546906]",0.5427096566961654,0.45729034330383456,-0.04270965669616544
trait_agreeableness_00710,agreeableness,low,as_pas_only,none,trait_agreeableness_00710_act_002,high,"['trait_agreeableness_00710_act_001', 'trait_agreeableness_00710_act_002', 'trait_agreeableness_00710_act_003', 'trait_agreeableness_00710_act_004']","['Demand an explanation as to why you were excluded from the discussion, asserting your right to know what concerns your family.', 'Approach a family member gently and express that you would appreciate being included in the conversation as it would help you cope better with the group.', 'Confront the family decisively about the secrecy, making it clear that you expect transparency in future matters.', 'Politely express to your family that you feel left out and assure them that you are capable of handling the situation more calmly with their support.']","['low', 'high', 'low', 'high']","[-4.51171875, -0.292724609375, -1.41796875, -9.2265625]","[-0.1961616847826087, -0.010454450334821428, -0.06752232142857142, -0.3295200892857143]","[0.2371634691953659, 0.28556135296821594, 0.26972123980522156, 0.2075539529323578]",0.4931152985525832,0.5068847014474168,0.006884701447416819
trait_agreeableness_00711,agreeableness,low,as_pas_only,none,trait_agreeableness_00711_act_002,low,"['trait_agreeableness_00711_act_001', 'trait_agreeableness_00711_act_002', 'trait_agreeableness_00711_act_003', 'trait_agreeableness_00711_act_004']","['Perhaps you might weigh the emotional costs against the professional gains and decide if the move aligns with your long-term personal happiness and career goals.', 'Take the job; advancing in your career is a priority, and the significant pay increase justifies the move.', 'You could consider accepting the job and finding ways to maintain strong relationships with your family and friends through regular visits and digital communication.', 'Move to the new city; it’s a valuable opportunity for professional growth, and personal relationships can adapt if they’re truly important.']","['high', 'low', 'high', 'low']","[-15.421875, -0.1103515625, -18.46875, -8.8125]","[-0.55078125, -0.005015980113636364, -0.73875, -0.3389423076923077]","[0.20874570310115814, 0.36028018593788147, 0.17297515273094177, 0.2579990029335022]",0.3817208387678487,0.6182791612321513,0.11827916123215132
trait_agreeableness_00712,agreeableness,low,as_pas_only,none,trait_agreeableness_00712_act_002,low,"['trait_agreeableness_00712_act_001', 'trait_agreeableness_00712_act_002', 'trait_agreeableness_00712_act_003', 'trait_agreeableness_00712_act_004']","['Consider leveraging your time on more personal meetings where you can have genuine interactions, rather than a large industry event.', 'Skip the dinner if it really goes against your preferences and focus on networking in ways that make you feel comfortable.', 'You might find it rewarding to go and connect with a few people, making the experience more manageable and meaningful for you.', 'Consider attending the dinner to nurture relationships that could be beneficial for future collaborations or opportunities.']","['low', 'low', 'high', 'high']","[-5.54296875, -0.60791015625, -4.91796875, -1.2763671875]","[-0.251953125, -0.027632279829545456, -0.20491536458333334, -0.07508042279411764]","[0.22256283462047577, 0.2785312533378601, 0.23328180611133575, 0.26562410593032837]",0.4989059120416641,0.5010940879583359,0.0010940879583358765
trait_agreeableness_00713,agreeableness,low,as_pas_only,none,trait_agreeableness_00713_act_004,low,"['trait_agreeableness_00713_act_001', 'trait_agreeableness_00713_act_002', 'trait_agreeableness_00713_act_003', 'trait_agreeableness_00713_act_004']","[""You could accept the nomination gracefully as it honors not just your work but also your team's effort."", 'Perhaps you might consider a compromise by accepting the nomination and requesting a more low-key acknowledgment at the ceremony.', 'Decline the nomination if it makes you uncomfortable; maintaining your personal comfort is more important than external recognition.', 'You might just let them know that while you appreciate the gesture, you prefer achievements to be celebrated internally rather than publicly.']","['high', 'high', 'low', 'low']","[-4.6875, -1.595703125, -5.875, -1.1240234375]","[-0.234375, -0.0759858630952381, -0.27976190476190477, -0.046834309895833336]","[0.23075880110263824, 0.27036210894584656, 0.2205195128917694, 0.278359591960907]",0.5011209025812015,0.49887909741879854,-0.001120902581201455
trait_agreeableness_00714,agreeableness,low,as_pas_only,none,trait_agreeableness_00714_act_003,low,"['trait_agreeableness_00714_act_001', 'trait_agreeableness_00714_act_002', 'trait_agreeableness_00714_act_003', 'trait_agreeableness_00714_act_004']","['Just let them know that your current responsibilities cannot be set aside, and you must prioritize completing your pending work this weekend.', 'You might consider delegating some of your tasks or rescheduling commitments so you can join your friends and maintain those cherished relationships.', 'Suggest an alternate weekend for the getaway when you are less busy, demonstrating your interest while staying committed to your personal obligations.', 'Perhaps you could work a few extra hours before the weekend to clear up some urgent tasks, allowing you to enjoy the getaway without worries.']","['low', 'high', 'low', 'high']","[-7.07421875, -0.89208984375, -0.63623046875, -3.12109375]","[-0.2947591145833333, -0.03568359375, -0.02544921875, -0.11559606481481481]","[0.20828957855701447, 0.26988738775253296, 0.2726637125015259, 0.24915927648544312]",0.5190466874411711,0.4809533125588289,-0.019046687441171106
trait_agreeableness_00715,agreeableness,low,as_pas_only,none,trait_agreeableness_00715_act_001,high,"['trait_agreeableness_00715_act_001', 'trait_agreeableness_00715_act_002', 'trait_agreeableness_00715_act_003', 'trait_agreeableness_00715_act_004']","['Suggest a team coffee break for everyone to refresh and help Ulisess feel less isolated in his stress.', 'Advise Ulisess to delegate some tasks to others to manage his workload better, which might alleviate his stress.', 'Offer to take a short walk with Ulisess during lunch, allowing for a change of scenery and a physical break from work.', 'Recommend that Ulisess reevaluate his project timeline and priorities, possibly pushing back less critical tasks.']","['high', 'low', 'high', 'low']","[-0.0237579345703125, -4.8359375, -4.4921875, -5.6171875]","[-0.0010799061168323863, -0.21025815217391305, -0.17277644230769232, -0.280859375]","[0.2933036684989929, 0.23794278502464294, 0.24703054130077362, 0.2217230349779129]",0.5403341936965527,0.45966580630344733,-0.04033419369655267
trait_agreeableness_00716,agreeableness,low,as_pas_only,none,trait_agreeableness_00716_act_001,low,"['trait_agreeableness_00716_act_001', 'trait_agreeableness_00716_act_002', 'trait_agreeableness_00716_act_003', 'trait_agreeableness_00716_act_004']","['Decline the invitation as your workload and commitments cannot be compromised for additional social events.', 'Skip the ball; prioritize completing your major project and maintaining your current commitments.', ""Maybe you could go to the ball with Ranvir but let him know in advance that you'll need to leave early to manage your other commitments."", 'Consider attending the charity ball for just a short time to show support before focusing back on your project.']","['low', 'low', 'high', 'high']","[-0.10394287109375, -4.19140625, -3.9765625, -11.328125]","[-0.00611428653492647, -0.2794270833333333, -0.13712284482758622, -0.56640625]","[0.31161314249038696, 0.23709233105182648, 0.27335023880004883, 0.17794428765773773]",0.45129452645778656,0.5487054735422134,0.04870547354221344
trait_agreeableness_00717,agreeableness,low,as_pas_only,none,trait_agreeableness_00717_act_003,low,"['trait_agreeableness_00717_act_001', 'trait_agreeableness_00717_act_002', 'trait_agreeableness_00717_act_003', 'trait_agreeableness_00717_act_004']","['Consider crafting homemade gifts, which can be both meaningful and budget-friendly.', 'You might also think about baking treats to bring to the parties, as this is an affordable and heartfelt alternative to traditional gifts.', 'Just opt out of gift-giving and explain your financial situation honestly if anyone asks.', 'Alternatively, buy a single bulk gift item that you can split among the various parties to minimize costs.']","['high', 'high', 'low', 'low']","[-4.1796875, -9.6328125, -0.040924072265625, -12.5234375]","[-0.29854910714285715, -0.3853125, -0.0024072983685661763, -0.626171875]","[0.25111812353134155, 0.23024871945381165, 0.3376687169075012, 0.18096446990966797]",0.4813668286393038,0.5186331713606962,0.0186331713606962
trait_agreeableness_00718,agreeableness,low,as_pas_only,none,trait_agreeableness_00718_act_001,low,"['trait_agreeableness_00718_act_001', 'trait_agreeableness_00718_act_002', 'trait_agreeableness_00718_act_003', 'trait_agreeableness_00718_act_004']","[""You should remain neutral, not laughing or reacting, to clearly indicate that such jokes aren't suitable for the workplace."", ""You might offer a light smile to acknowledge Geordie's attempt at humor without encouraging the nature of the joke."", 'Address Geordie later in private, suggesting that he consider the timing and content of his jokes more carefully in the future.', 'Perhaps gently change the subject to help move the conversation away from the joke and towards more appropriate meeting topics.']","['low', 'high', 'low', 'high']","[-0.004520416259765625, -5.59765625, -7.578125, -8.53125]","[-0.00019653983738111413, -0.24337635869565216, -0.303125, -0.40625]","[0.31357231736183167, 0.24588161706924438, 0.23162080347537994, 0.2089252471923828]",0.4548068710387777,0.5451931289612223,0.045193128961222295
trait_agreeableness_00719,agreeableness,low,as_pas_only,none,trait_agreeableness_00719_act_002,low,"['trait_agreeableness_00719_act_001', 'trait_agreeableness_00719_act_002', 'trait_agreeableness_00719_act_003', 'trait_agreeableness_00719_act_004']","['You might consider asking her if there’s anything specific you can do to help, showing your support goes beyond just professional boundaries.', 'Evaluate if sending flowers could set a precedent you’re uncomfortable with; maintaining professional boundaries is crucial.', 'Sending a thoughtful card along with the flowers can express your support and empathy during her difficult times.', 'Consider simply acknowledging her situation verbally when appropriate, which keeps the support subtle and professional.']","['high', 'low', 'high', 'low']","[-16.53125, -0.05902099609375, -5.81640625, -6.83984375]","[-0.66125, -0.003106368215460526, -0.3061266447368421, -0.40234375]","[0.17689494788646698, 0.34162020683288574, 0.2523152530193329, 0.2291695773601532]",0.42921020730153037,0.5707897926984696,0.07078979269846963
trait_agreeableness_00720,agreeableness,low,as_pas_only,none,trait_agreeableness_00720_act_001,low,"['trait_agreeableness_00720_act_001', 'trait_agreeableness_00720_act_002', 'trait_agreeableness_00720_act_003', 'trait_agreeableness_00720_act_004']","['Suggest that Shandel looks into affordable financing or leasing options for a new laptop instead of giving yours away.', 'Keep the laptop for yourself since it could be useful for your future needs, and Shandel can explore other options to acquire one.', 'Consider surprising Shandel with the laptop, making it a heartfelt gesture to help them succeed in their projects.', 'You could gift the laptop to Shandel, as it would really boost their productivity and show how much you support their endeavors.']","['low', 'low', 'high', 'high']","[-0.008026123046875, -7.7109375, -5.9453125, -7.7421875]","[-0.00036482377485795456, -0.2965745192307692, -0.28311011904761907, -0.3096875]","[0.3094742000102997, 0.2301347553730011, 0.2332543283700943, 0.22713671624660492]",0.4603910446166992,0.5396089553833008,0.03960895538330078
trait_agreeableness_00721,agreeableness,low,as_pas_only,none,trait_agreeableness_00721_act_001,high,"['trait_agreeableness_00721_act_001', 'trait_agreeableness_00721_act_002', 'trait_agreeableness_00721_act_003', 'trait_agreeableness_00721_act_004']","['You might consider gently expressing to Loujain how much effort and care you put into looking after their cat, which could naturally lead them to offer some form of gratitude.', 'Perhaps you could ask Loujain if they’d be willing to cover the costs you incurred while caring for their pet, as a kind gesture of appreciation.', 'Directly ask Loujain for a compensation for the expenses and time you invested in taking care of the cat, emphasizing that it is only fair.', 'Tell Loujain that taking care of their cat involved certain costs and effort on your part, and it would be reasonable to expect some form of compensation for your troubles.']","['high', 'high', 'low', 'low']","[-0.61962890625, -1.7333984375, -1.4033203125, -6.48046875]","[-0.018224379595588234, -0.05591607862903226, -0.04677734375, -0.19060202205882354]","[0.26479390263557434, 0.2549991309642792, 0.2573401629924774, 0.22286677360534668]",0.5197930490908935,0.4802069509091065,-0.019793049090893522
trait_agreeableness_00722,agreeableness,low,as_pas_only,none,trait_agreeableness_00722_act_001,low,"['trait_agreeableness_00722_act_001', 'trait_agreeableness_00722_act_002', 'trait_agreeableness_00722_act_003', 'trait_agreeableness_00722_act_004']","['Politely decline, explaining that you already have commitments to your personal health this weekend.', 'Offer to help Nazair for a few hours on one day of the weekend so you can also have time for your relaxation.', 'Suggest that Nazair asks other friends who might not already have plans, as your weekend is already booked for personal time.', ""Suggest that Nazair could hire professional movers and you'll provide support by organizing meals or refreshments for everyone on the moving day.""]","['low', 'high', 'low', 'high']","[-0.43212890625, -2.822265625, -5.2578125, -2.443359375]","[-0.02541934742647059, -0.112890625, -0.2103125, -0.09049479166666667]","[0.2714120149612427, 0.2486799657344818, 0.22559578716754913, 0.2543121874332428]",0.5029921756532271,0.49700782434677293,-0.0029921756532270694
trait_agreeableness_00723,agreeableness,low,as_pas_only,none,trait_agreeableness_00723_act_002,low,"['trait_agreeableness_00723_act_001', 'trait_agreeableness_00723_act_002', 'trait_agreeableness_00723_act_003', 'trait_agreeableness_00723_act_004']","[""Maybe express to Tavleen how you're feeling and ask if she's open to the idea of ordering a ride for you, so she can continue enjoying the party."", 'Tell Tavleen directly that you need to leave for your own comfort, regardless of her having fun.', 'You could suggest a compromise to Tavleen; perhaps staying just a bit longer to meet her happiness, then leaving together.', 'Inform Tavleen that you are calling a taxi for yourself because you want to leave now.']","['high', 'low', 'high', 'low']","[-4.68359375, -0.2288818359375, -7.71484375, -1.650390625]","[-0.13775275735294118, -0.010899135044642858, -0.30859375, -0.08686266447368421]","[0.2481134831905365, 0.28167104721069336, 0.20914866030216217, 0.26106682419776917]",0.4572621366789619,0.5427378633210381,0.04273786332103813
trait_agreeableness_00724,agreeableness,low,as_pas_only,none,trait_agreeableness_00724_act_004,high,"['trait_agreeableness_00724_act_001', 'trait_agreeableness_00724_act_002', 'trait_agreeableness_00724_act_003', 'trait_agreeableness_00724_act_004']","['Suggest that Josalyn finds an alternative or waits for another time when you are less occupied.', 'Keep your business appointment as planned; it’s important to prioritize commitments that impact your professional goals.', 'Perhaps offer to help Josalyn after your business appointment, blending commitment with your supportive nature.', ""You might consider rescheduling the business appointment if Josalyn's request could foster a supportive relationship.""]","['low', 'low', 'high', 'high']","[-5.984375, -14.453125, -2.125, -0.1884765625]","[-0.29921875, -0.7606907894736842, -0.1118421052631579, -0.009423828125]","[0.23965929448604584, 0.1510704606771469, 0.2890486419200897, 0.32022160291671753]",0.6092702448368073,0.39072975516319275,-0.10927024483680725
trait_agreeableness_00725,agreeableness,low,as_pas_only,none,trait_agreeableness_00725_act_002,high,"['trait_agreeableness_00725_act_001', 'trait_agreeableness_00725_act_002', 'trait_agreeableness_00725_act_003', 'trait_agreeableness_00725_act_004']","[""Apologize sincerely to Webber for the comment and ask them how they feel or if there's anything they'd like to talk about."", 'Express your regret over the upsetting comment, then gently shift the conversation towards a topic that Webber enjoys to lighten the mood.', 'Clarify your comment to Webber, explaining your point of view so they understand your perspective better.', 'Ask Webber to explain why your comment upset them, which can lead to a clearer understanding on both sides.']","['high', 'high', 'low', 'low']","[-1.4599609375, -0.302490234375, -3.685546875, -7.76953125]","[-0.05214146205357143, -0.012099609375, -0.18427734375, -0.35316051136363635]","[0.2734377086162567, 0.2846088409423828, 0.23959213495254517, 0.2023613154888153]",0.5580465495586395,0.4419534504413605,-0.058046549558639526
trait_agreeableness_00726,agreeableness,low,as_pas_only,none,trait_agreeableness_00726_act_002,high,"['trait_agreeableness_00726_act_001', 'trait_agreeableness_00726_act_002', 'trait_agreeableness_00726_act_003', 'trait_agreeableness_00726_act_004']","['Suggest that Stevielynn should speak to a financial advisor to better manage her expenses and debt.', 'Offer to help Stevielynn by covering some of her medical expenses or by lending her money if that feels right to you.', 'Advise Stevielynn to negotiate the bills or seek cheaper medical alternatives for future treatments.', 'Consider providing support by helping Stevielynn find financial aid programs or charities that assist with medical bills.']","['low', 'high', 'low', 'high']","[-7.1875, -0.0020313262939453125, -6.90625, -9.8125]","[-0.34226190476190477, -7.812793438251202e-05, -0.36348684210526316, -0.46726190476190477]","[0.23421867191791534, 0.3297843337059021, 0.22929976880550385, 0.2066972404718399]",0.5364815661835437,0.4635184338164563,-0.0364815661835437
trait_agreeableness_00727,agreeableness,low,as_pas_only,none,trait_agreeableness_00727_act_004,low,"['trait_agreeableness_00727_act_001', 'trait_agreeableness_00727_act_002', 'trait_agreeableness_00727_act_003', 'trait_agreeableness_00727_act_004']","['Consider starting with the positive aspects of the policy, then transition into your concerns, ensuring you maintain a respectful tone throughout.', 'Directly challenge the policy by presenting strong, logical arguments against it and demand a review from management.', 'You could express your concerns by highlighting how the policy impacts team morale, and gently suggest possible alternatives that could benefit everyone.', ""Question the policy's fairness and effectiveness in the meeting, and push for an immediate reconsideration by presenting the overall dissatisfaction of your colleagues.""]","['high', 'low', 'high', 'low']","[-1.994140625, -6.6328125, -2.462890625, -1.962890625]","[-0.08308919270833333, -0.331640625, -0.10262044270833333, -0.07269965277777778]","[0.26517942547798157, 0.20682130753993988, 0.26005038619041443, 0.26794886589050293]",0.5252298194949302,0.4747701805050698,-0.025229819494930195
trait_agreeableness_00728,agreeableness,low,as_pas_only,none,trait_agreeableness_00728_act_004,high,"['trait_agreeableness_00728_act_001', 'trait_agreeableness_00728_act_002', 'trait_agreeableness_00728_act_003', 'trait_agreeableness_00728_act_004']","[""Propose a formal vote on the project during the next team meeting to decisively address and move beyond Kashtin's opposition."", ""Firmly defend your project's merits in the next meeting, showcasing robust evidence and data to counter his objections."", 'Consider inviting Kashtin to co-present the project, integrating his viewpoints to strengthen the proposal.', 'Schedule a one-on-one meeting with Kashtin to understand his concerns and discuss potential compromises.']","['low', 'low', 'high', 'high']","[-1.40625, -3.21484375, -3.078125, -0.406005859375]","[-0.054086538461538464, -0.1397758152173913, -0.16200657894736842, -0.021368729440789474]","[0.2598187327384949, 0.23848223686218262, 0.2332390993833542, 0.2684600055217743]",0.5016990675256351,0.4983009324743649,-0.0016990675256350896
trait_agreeableness_00729,agreeableness,low,as_pas_only,none,trait_agreeableness_00729_act_004,low,"['trait_agreeableness_00729_act_001', 'trait_agreeableness_00729_act_002', 'trait_agreeableness_00729_act_003', 'trait_agreeableness_00729_act_004']","['Offer to spend time with Janely, perhaps going for a walk or watching a movie together to help her feel less alone.', 'Consider sending Janely a care package filled with her favorite treats and a heartfelt note to show your support and affection.', 'Encourage Janely to join a support group where she can connect with people who understand her grief and can offer perspective.', 'Suggest that Janely seeks professional counseling to address her feelings of hopelessness and to develop coping strategies.']","['high', 'high', 'low', 'low']","[-2.697265625, -3.744140625, -8.7421875, -1.822265625]","[-0.107890625, -0.16278872282608695, -0.3642578125, -0.08677455357142858]","[0.26725247502326965, 0.25297626852989197, 0.2068154215812683, 0.2729558050632477]",0.5202287590571868,0.4797712409428132,-0.020228759057186796
trait_agreeableness_00730,agreeableness,low,as_pas_only,none,trait_agreeableness_00730_act_001,low,"['trait_agreeableness_00730_act_001', 'trait_agreeableness_00730_act_002', 'trait_agreeableness_00730_act_003', 'trait_agreeableness_00730_act_004']","['Withhold Meital’s paycheck as a firm action to underline the seriousness of the performance issues and motivate improvement.', 'Consider setting up a meeting with Meital to openly discuss performance issues and explore supportive measures to help improve their work.', 'Implement a direct policy that ties Meital’s pay to specific performance metrics, ensuring accountability and immediate consequences for underperformance.', 'You might want to create an improvement plan that outlines clear goals and timelines for Meital, providing regular feedback and encouragement.']","['low', 'high', 'low', 'high']","[-0.0003771781921386719, -15.0625, -12.9296875, -23.84375]","[-1.714446327903054e-05, -0.654891304347826, -0.5387369791666666, -0.9934895833333334]","[0.4043196439743042, 0.21004708111286163, 0.23591837286949158, 0.14971497654914856]",0.35976203085765013,0.6402379691423499,0.14023796914234987
trait_agreeableness_00731,agreeableness,low,as_pas_only,none,trait_agreeableness_00731_act_003,high,"['trait_agreeableness_00731_act_001', 'trait_agreeableness_00731_act_002', 'trait_agreeableness_00731_act_003', 'trait_agreeableness_00731_act_004']","['Perhaps you could delegate some of your responsibilities to other volunteers, which would allow you to continue supporting the charity while also managing your stress better.', ""It's practical to prioritize your own health and professional duties over volunteering; you can always return to it when you're in a better position."", 'You might consider reducing your hours slightly and finding a schedule that allows more time for rest, maintaining your commitment but taking care of your health too.', 'Consider taking a complete break from volunteering to focus entirely on your personal and professional life until you feel less overwhelmed.']","['high', 'low', 'high', 'low']","[-1.9052734375, -1.9677734375, -0.7890625, -1.3759765625]","[-0.06804547991071429, -0.07027762276785714, -0.02720905172413793, -0.06254438920454546]","[0.2472207099199295, 0.2466694861650467, 0.2575252950191498, 0.24858444929122925]",0.5047460350242874,0.4952539649757126,-0.004746035024287387
trait_agreeableness_00732,agreeableness,low,as_pas_only,none,trait_agreeableness_00732_act_001,low,"['trait_agreeableness_00732_act_001', 'trait_agreeableness_00732_act_002', 'trait_agreeableness_00732_act_003', 'trait_agreeableness_00732_act_004']","['Recommend that they check local moving services or rental trucks, as you need to prioritize your own commitments this weekend.', 'Politely explain that you have long-standing personal plans and suggest that they reschedule the move or ask another friend for help.', 'You could suggest hiring professional movers and then visiting your friend after your retreat to help them unpack and settle in.', 'Offer to help your friend with packing a day or two before your retreat, so you can still support them without cancelling your plans.']","['low', 'low', 'high', 'high']","[-0.55419921875, -0.92919921875, -6.1796875, -4.73046875]","[-0.025190873579545456, -0.03716796875, -0.28089488636363635, -0.18194110576923078]","[0.2764429450035095, 0.273151695728302, 0.2140694409608841, 0.23633591830730438]",0.4504053592681885,0.5495946407318115,0.04959464073181152
trait_agreeableness_00733,agreeableness,low,as_pas_only,none,trait_agreeableness_00733_act_003,low,"['trait_agreeableness_00733_act_001', 'trait_agreeableness_00733_act_002', 'trait_agreeableness_00733_act_003', 'trait_agreeableness_00733_act_004']","['You could politely excuse yourself from your current commitment, explaining the importance of timely attendance at your work meeting.', 'Consider contacting a colleague who is also attending the meeting and kindly ask if they can cover the beginning part until you arrive.', ""Just focus on finishing your current commitment properly, even if it means being late; you can't always please everyone."", ""Send a quick message to inform them you'll be late, then proceed with your current engagement without cutting it short.""]","['high', 'high', 'low', 'low']","[-1.1591796875, -2.833984375, -0.56591796875, -4.44140625]","[-0.05519903273809524, -0.11808268229166667, -0.024605129076086956, -0.19310461956521738]","[0.2603285014629364, 0.24446219205856323, 0.26841604709625244, 0.22679322957992554]",0.5047907085654351,0.49520929143456494,-0.0047907085654350645
trait_agreeableness_00734,agreeableness,low,as_pas_only,none,trait_agreeableness_00734_act_002,high,"['trait_agreeableness_00734_act_001', 'trait_agreeableness_00734_act_002', 'trait_agreeableness_00734_act_003', 'trait_agreeableness_00734_act_004']","['Directly ask both colleagues to clarify their points and explain the reasoning behind their disagreements in the meeting, fostering a clear and open dialogue.', 'You might consider suggesting a team-building activity that focuses on communication skills, which can improve overall team harmony without direct confrontation.', 'You could inform your manager about the disruptive behavior, letting them handle the situation and possibly mediate the conflict.', 'Perhaps you could recommend a feedback session where everyone gets the chance to express their thoughts in a structured manner, making the atmosphere more open and less tense.']","['low', 'high', 'low', 'high']","[-1.337890625, -0.8427734375, -9.015625, -3.494140625]","[-0.04955150462962963, -0.035115559895833336, -0.40980113636363635, -0.11647135416666667]","[0.27417445182800293, 0.27816110849380493, 0.19123727083206177, 0.25642716884613037]",0.5345882773399353,0.4654117226600647,-0.0345882773399353
trait_agreeableness_00735,agreeableness,low,as_pas_only,none,trait_agreeableness_00735_act_002,low,"['trait_agreeableness_00735_act_001', 'trait_agreeableness_00735_act_002', 'trait_agreeableness_00735_act_003', 'trait_agreeableness_00735_act_004']","['Maybe you can ask your friend how they feel about their project first to understand their perspective before sharing your thoughts.', 'Just be straightforward and tell your friend what you really think about the art project; they asked for honesty, after all.', 'You could mention specific aspects you like while gently suggesting improvements in areas you think could be better.', 'Recommend your friend to seek feedback from professional artists as well, which can provide them with a more objective critique.']","['high', 'low', 'high', 'low']","[-9.0, -0.00018310546875, -19.703125, -19.0625]","[-0.4090909090909091, -7.62939453125e-06, -1.0370065789473684, -0.8664772727272727]","[0.2723255157470703, 0.40996894240379333, 0.1453409492969513, 0.17236456274986267]",0.41766647749145264,0.5823335225085473,0.08233352250854731
trait_agreeableness_00736,agreeableness,low,as_pas_only,none,trait_agreeableness_00736_act_001,low,"['trait_agreeableness_00736_act_001', 'trait_agreeableness_00736_act_002', 'trait_agreeableness_00736_act_003', 'trait_agreeableness_00736_act_004']","['Suggest a compromise where Jahnia could redistribute some of the tasks among other team members to lessen your burden.', 'Decline the proposal, citing your current responsibilities and the importance of maintaining your personal life balance.', 'Perhaps you could agree to the new plan, but clarify your availability and limits to ensure your personal time is respected.', 'You might consider agreeing to the plan but also ask for help or support to manage the increased workload effectively.']","['low', 'low', 'high', 'high']","[-0.2442626953125, -3.603515625, -2.1484375, -3.3515625]","[-0.011102849786931818, -0.18965871710526316, -0.09341032608695653, -0.15959821428571427]","[0.27628353238105774, 0.23110491037368774, 0.25445401668548584, 0.23815752565860748]",0.49261154968457743,0.5073884503154226,0.007388450315422568
trait_agreeableness_00737,agreeableness,low,as_pas_only,none,trait_agreeableness_00737_act_003,low,"['trait_agreeableness_00737_act_001', 'trait_agreeableness_00737_act_002', 'trait_agreeableness_00737_act_003', 'trait_agreeableness_00737_act_004']","['You could gently remind your colleagues about the value of discussing concerns directly with PersonZ to promote a more understanding and supportive work environment.', 'Consider sharing positive experiences or achievements of PersonZ to subtly shift the tone of the conversation to something more constructive and appreciative.', ""You might propose focusing the discussion on tasks and projects instead, pointing out that speculative talk is not productive or beneficial for the team's goals."", 'Suggest setting up a meeting where concerns can be addressed openly with PersonZ present, ensuring a fair dialogue and cutting out behind-the-back criticisms.']","['high', 'high', 'low', 'low']","[-8.9765625, -1.150390625, -0.65380859375, -1.853515625]","[-0.34525240384615385, -0.046015625, -0.023350306919642856, -0.06391433189655173]","[0.19788341224193573, 0.2669108808040619, 0.2730295956134796, 0.2621760368347168]",0.4647943276758736,0.5352056723241264,0.035205672324126414
trait_agreeableness_00738,agreeableness,low,as_pas_only,none,trait_agreeableness_00738_act_001,low,"['trait_agreeableness_00738_act_001', 'trait_agreeableness_00738_act_002', 'trait_agreeableness_00738_act_003', 'trait_agreeableness_00738_act_004']","['Recommend they look into local community services like food banks and job training workshops to become more self-sufficient.', 'Offer to babysit the children a couple of times a week to give the parents time to job search or handle other responsibilities.', 'Suggest setting up a schedule where they can gradually take over the childcare and household chores as they stabilize financially.', 'Prepare some extra meals that can easily be reheated, to relieve them from cooking duties for a few days.']","['low', 'high', 'low', 'high']","[-0.255126953125, -3.064453125, -2.986328125, -2.658203125]","[-0.012148902529761904, -0.122578125, -0.1357421875, -0.12082741477272728]","[0.27201947569847107, 0.24357976019382477, 0.24039426445960999, 0.24400655925273895]",0.4875862903841561,0.5124137096158439,0.012413709615843871
trait_agreeableness_00739,agreeableness,low,as_pas_only,none,trait_agreeableness_00739_act_004,low,"['trait_agreeableness_00739_act_001', 'trait_agreeableness_00739_act_002', 'trait_agreeableness_00739_act_003', 'trait_agreeableness_00739_act_004']","['Consider encouraging Destinnie to seek advice from an independent financial advisor to ensure she makes a well-informed decision.', 'Go ahead and emphasize the potential high returns of the deal to persuade Destinnie, focusing on how such investments can significantly pay off.', 'You could prioritize transparency and discuss both the potential benefits and risks openly with Destinnie, emphasizing that the final decision is hers to make.', ""You should highlight the unique chance this deal represents and pitch it as a strategically aggressive investment that shouldn't be missed.""]","['high', 'low', 'high', 'low']","[-1.115234375, -6.5859375, -1.6142578125, -1.0517578125]","[-0.05069247159090909, -0.25330528846153844, -0.05978732638888889, -0.045728600543478264]","[0.2622939348220825, 0.21418772637844086, 0.2599192261695862, 0.263599157333374]",0.5222131376469222,0.47778686235307777,-0.022213137646922232
trait_agreeableness_00740,agreeableness,low,as_pas_only,none,trait_agreeableness_00740_act_001,low,"['trait_agreeableness_00740_act_001', 'trait_agreeableness_00740_act_002', 'trait_agreeableness_00740_act_003', 'trait_agreeableness_00740_act_004']","[""Confront Hikari then and there by firmly stating the discomfort they're causing, to immediately address the issue."", ""Directly tell Hikari that their behavior is inappropriate and advise them to stop immediately if you feel it's disruptive enough."", 'Maybe suggest a quick, quiet walk with Hikari outside the venue to discuss the issue discreetly and help them regain composure.', 'Consider pulling Hikari aside gently to express your concerns in private, aiming to avoid public embarrassment.']","['low', 'low', 'high', 'high']","[-0.03997802734375, -3.662109375, -5.01953125, -6.45703125]","[-0.001738175101902174, -0.146484375, -0.18590856481481483, -0.3228515625]","[0.2921946048736572, 0.2528190016746521, 0.24304573237895966, 0.2119407206773758]",0.45498642593703115,0.5450135740629689,0.04501357406296891
trait_agreeableness_00741,agreeableness,low,as_pas_only,none,trait_agreeableness_00741_act_003,low,"['trait_agreeableness_00741_act_001', 'trait_agreeableness_00741_act_002', 'trait_agreeableness_00741_act_003', 'trait_agreeableness_00741_act_004']","['You might consider arranging a private, friendly chat with Janya to understand any challenges she’s facing and discuss how you can help her meet her deadlines.', 'Perhaps you could offer to help Janya organize her tasks or suggest setting up a team meeting to realign everyone’s responsibilities and deadlines.', ""Directly inform Janya that her missed deadlines are impacting the team's performance and she needs to adhere to the project timeline more strictly."", 'Send an email to Janya outlining the deadlines and mentioning that further delays could lead to discussions with higher management.']","['high', 'high', 'low', 'low']","[-4.65625, -5.6953125, -0.0180511474609375, -9.5]","[-0.15520833333333334, -0.2109375, -0.0006685610170717593, -0.4318181818181818]","[0.25831338763237, 0.24431158602237701, 0.3014829158782959, 0.19589205086231232]",0.5026250036135318,0.4973749963864682,-0.0026250036135317956
trait_agreeableness_00742,agreeableness,low,as_pas_only,none,trait_agreeableness_00742_act_001,low,"['trait_agreeableness_00742_act_001', 'trait_agreeableness_00742_act_002', 'trait_agreeableness_00742_act_003', 'trait_agreeableness_00742_act_004']","['Directly point out the flaw during the meeting and suggest an alternative strategy that mitigates these risks.', 'Consider suggesting a follow-up meeting where you can review the strategy more thoroughly together, to align on the best approach.', 'Challenge the strategy openly in the meeting to ensure everyone is aware of the potential losses, emphasizing the need for a robust discussion.', 'You could express your concerns by privately messaging your colleague, framing it as seeking to understand their perspective better.']","['low', 'high', 'low', 'high']","[-0.1214599609375, -10.375, -2.302734375, -10.328125]","[-0.006072998046875, -0.45108695652173914, -0.092109375, -0.49181547619047616]","[0.3150979280471802, 0.2019195854663849, 0.28912153840065, 0.19386091828346252]",0.3957805155450259,0.6042194844549741,0.10421948445497409
trait_agreeableness_00743,agreeableness,low,as_pas_only,none,trait_agreeableness_00743_act_002,low,"['trait_agreeableness_00743_act_001', 'trait_agreeableness_00743_act_002', 'trait_agreeableness_00743_act_003', 'trait_agreeableness_00743_act_004']","['Maybe you could offer to help train someone else to share the workload, easing the burden on you.', 'Just say no to additional shifts and prioritize your health over voluntary extras.', 'You might consider gently explaining to your supervisor your health concerns and see if you can reduce the extra shifts.', ""Take a step back and let others step up; you're not the only one who can volunteer for extra work.""]","['high', 'low', 'high', 'low']","[-8.140625, -0.0472412109375, -3.109375, -7.1875]","[-0.40703125, -0.0033743722098214285, -0.1480654761904762, -0.3125]","[0.20441439747810364, 0.30606764554977417, 0.2648371160030365, 0.22468075156211853]",0.46925155543549857,0.5307484445645014,0.03074844456450143
trait_agreeableness_00744,agreeableness,low,as_pas_only,none,trait_agreeableness_00744_act_001,low,"['trait_agreeableness_00744_act_001', 'trait_agreeableness_00744_act_002', 'trait_agreeableness_00744_act_003', 'trait_agreeableness_00744_act_004']","['Escalate the issue to your manager or HR department to formally address the rumors and protect your professional reputation.', 'Address the situation directly by confronting your colleague and demand they stop spreading unfounded rumors immediately.', 'Offer to collaborate on a project together which could help improve your relationship and show your genuine intentions.', 'Invite your colleague for a coffee and gently discuss the impact their behavior is having on you, aiming to clear up any misunderstandings.']","['low', 'low', 'high', 'high']","[-0.00563812255859375, -5.53515625, -7.046875, -9.8515625]","[-0.00025627829811789775, -0.3075086805555556, -0.37088815789473684, -0.37890625]","[0.32148677110671997, 0.23644225299358368, 0.22192168235778809, 0.22014939785003662]",0.44207103409622256,0.5579289659037774,0.057928965903777385
trait_agreeableness_00745,agreeableness,low,as_pas_only,none,trait_agreeableness_00745_act_003,low,"['trait_agreeableness_00745_act_001', 'trait_agreeableness_00745_act_002', 'trait_agreeableness_00745_act_003', 'trait_agreeableness_00745_act_004']","['You could give your friend the guitar as a gift to help ease their financial burden and share the joy of music.', 'Consider lending the guitar to your friend until they can afford one, creating a win-win situation where you keep ownership and they get to play.', 'Keep the guitar since giving it away could set a precedent for similar expectations in the future.', 'Suggest that your friend looks for affordable second-hand options online, emphasizing the importance of financial responsibility.']","['high', 'high', 'low', 'low']","[-3.806640625, -1.12890625, -0.448486328125, -5.3828125]","[-0.16550611413043478, -0.040318080357142856, -0.024915907118055556, -0.269140625]","[0.23889900743961334, 0.2707589268684387, 0.2749615013599396, 0.21538053452968597]",0.5096579494970426,0.4903420505029574,-0.009657949497042573
trait_agreeableness_00746,agreeableness,low,as_pas_only,none,trait_agreeableness_00746_act_002,high,"['trait_agreeableness_00746_act_001', 'trait_agreeableness_00746_act_002', 'trait_agreeableness_00746_act_003', 'trait_agreeableness_00746_act_004']","['Consider suggesting that Aythana delegate specific tasks to other team members or ask for an extension from the project lead.', ""Absolutely, offering your assistance could greatly alleviate Aythana's stress and help distribute the project tasks more manageably."", 'Recommend to Aythana to reevaluate her project plan and identify priorities; she might need to focus on key areas and drop less critical tasks.', 'Yes, stepping in to help Aythana not only supports her but also strengthens the teamwork within the project.']","['low', 'high', 'low', 'high']","[-5.39453125, -0.052490234375, -9.8984375, -3.48828125]","[-0.23454483695652173, -0.0022821841032608695, -0.34132543103448276, -0.15855823863636365]","[0.23589789867401123, 0.29757365584373474, 0.2120068371295929, 0.25452160835266113]",0.5520952641963959,0.4479047358036041,-0.052095264196395874
trait_agreeableness_00747,agreeableness,low,as_pas_only,none,trait_agreeableness_00747_act_001,high,"['trait_agreeableness_00747_act_001', 'trait_agreeableness_00747_act_002', 'trait_agreeableness_00747_act_003', 'trait_agreeableness_00747_act_004']","['Consider suggesting a brief team check-in where everyone updates the group on their progress, allowing Carielle to share in a non-confrontational setting.', ""Point out directly to Carielle during the meeting that you've noticed discrepancies in their work, asking for an immediate clarification."", 'Perhaps you could invite Carielle for a private chat to gently inquire about their progress and any challenges they might be facing.', ""Challenge Carielle in the meeting to present detailed evidence of their progress to ensure they're held accountable in front of the team.""]","['high', 'low', 'high', 'low']","[-0.28369140625, -2.32421875, -6.13671875, -2.69921875]","[-0.009456380208333334, -0.09296875, -0.24546875, -0.10381610576923077]","[0.2762731611728668, 0.2541380822658539, 0.21819250285625458, 0.2513962388038635]",0.4944656713972341,0.5055343286027659,0.0055343286027659255
trait_agreeableness_00748,agreeableness,low,as_pas_only,none,trait_agreeableness_00748_act_002,low,"['trait_agreeableness_00748_act_001', 'trait_agreeableness_00748_act_002', 'trait_agreeableness_00748_act_003', 'trait_agreeableness_00748_act_004']","['Document specific instances where Melicia took undue credit and present these to your supervisor as evidence.', ""Report the behavior to your supervisor immediately to prevent further damage to the team's morale."", 'Consider organizing a team intervention where everyone can openly discuss their feelings about fairness and recognition.', 'You could speak with Melicia first to express your concerns and give them a chance to rectify the situation themselves.']","['low', 'low', 'high', 'high']","[-5.44140625, -0.00435638427734375, -15.3984375, -20.421875]","[-0.3023003472222222, -0.0002562578986672794, -0.9057904411764706, -0.8879076086956522]","[0.2893277406692505, 0.39135071635246277, 0.15823321044445038, 0.16108831763267517]",0.31932153283538717,0.6806784671646129,0.1806784671646129
trait_agreeableness_00749,agreeableness,low,as_pas_only,none,trait_agreeableness_00749_act_004,low,"['trait_agreeableness_00749_act_001', 'trait_agreeableness_00749_act_002', 'trait_agreeableness_00749_act_003', 'trait_agreeableness_00749_act_004']","['You might consider addressing the discomfort with Tagert directly by kindly expressing how their behavior makes you feel and seeking a mutual understanding.', 'Perhaps you could involve a mediator from HR to help facilitate a constructive conversation with Tagert, which might improve your work environment.', 'Stand your ground and confront Tagert directly about their aggressive behavior without sugarcoating your concerns.', 'Keep avoiding Tagert if interacting with them disrupts your productivity and peace of mind, focusing instead on your own work responsibilities.']","['high', 'high', 'low', 'low']","[-14.1953125, -10.1171875, -2.5234375, -0.086181640625]","[-0.5678125, -0.4046875, -0.1328125, -0.003447265625]","[0.1824658364057541, 0.21479582786560059, 0.2819029688835144, 0.3208353817462921]",0.3972616583516947,0.6027383416483053,0.10273834164830531
trait_agreeableness_00750,agreeableness,low,as_pas_only,none,trait_agreeableness_00750_act_003,low,"['trait_agreeableness_00750_act_001', 'trait_agreeableness_00750_act_002', 'trait_agreeableness_00750_act_003', 'trait_agreeableness_00750_act_004']","['Directly challenge the strategy in a team meeting by clearly outlining the potential pitfalls and presenting your alternative solutions.', 'You might consider gently suggesting a team meeting to review the project strategy and express your concerns in a supportive manner.', 'Write a concise, fact-based email to your project leader detailing why the current strategy might fail and suggest a meeting to discuss viable alternatives.', 'Perhaps you could offer to help research or present alternative strategies that could complement the current plan without dismissing it entirely.']","['low', 'high', 'low', 'high']","[-1.8662109375, -3.052734375, -0.23974609375, -6.7734375]","[-0.0888671875, -0.1387606534090909, -0.008879484953703705, -0.3078835227272727]","[0.26055827736854553, 0.2478771060705185, 0.28225594758987427, 0.2093086987733841]",0.45718579121870423,0.5428142087812957,0.042814208781295715
