condition,trait,target_direction,item_id,item_trait,reverse_scored,raw_output,likert_score,bfi_scores_json
baseline,agreeableness,high,bfi_01,extraversion,False,3,3,"{""extraversion"": 0.625, ""agreeableness"": 0.5555555555555556, ""neuroticism"": 0.4375, ""openness"": 0.675, ""conscientiousness"": 0.5833333333333334}"
baseline,agreeableness,high,bfi_02,agreeableness,True,3,3,"{""extraversion"": 0.625, ""agreeableness"": 0.5555555555555556, ""neuroticism"": 0.4375, ""openness"": 0.675, ""conscientiousness"": 0.5833333333333334}"
baseline,agreeableness,high,bfi_03,conscientiousness,False,3,3,"{""extraversion"": 0.625, ""agreeableness"": 0.5555555555555556, ""neuroticism"": 0.4375, ""openness"": 0.675, ""conscientiousness"": 0.5833333333333334}"
baseline,agreeableness,high,bfi_04,neuroticism,False,3,3,"{""extraversion"": 0.625, ""agreeableness"": 0.5555555555555556, ""neuroticism"": 0.4375, ""openness"": 0.675, ""conscientiousness"": 0.5833333333333334}"
baseline,agreeableness,high,bfi_05,openness,False,4,4,"{""extraversion"": 0.625, ""agreeableness"": 0.5555555555555556, ""neuroticism"": 0.4375, ""openness"": 0.675, ""conscientiousness"": 0.5833333333333334}"
baseline,agreeableness,high,bfi_06,extraversion,True,3,3,"{""extraversion"": 0.625, ""agreeableness"": 0.5555555555555556, ""neuroticism"": 0.4375, ""openness"": 0.675, ""conscientiousness"": 0.5833333333333334}"
baseline,agreeableness,high,bfi_07,agreeableness,False,4,4,"{""extraversion"": 0.625, ""agreeableness"": 0.5555555555555556, ""neuroticism"": 0.4375, ""openness"": 0.675, ""conscientiousness"": 0.5833333333333334}"
baseline,agreeableness,high,bfi_08,conscientiousness,True,3,3,"{""extraversion"": 0.625, ""agreeableness"": 0.5555555555555556, ""neuroticism"": 0.4375, ""openness"": 0.675, ""conscientiousness"": 0.5833333333333334}"
baseline,agreeableness,high,bfi_09,neuroticism,True,4,4,"{""extraversion"": 0.625, ""agreeableness"": 0.5555555555555556, ""neuroticism"": 0.4375, ""openness"": 0.675, ""conscientiousness"": 0.5833333333333334}"
baseline,agreeableness,high,bfi_10,openness,False,4,4,"{""extraversion"": 0.625, ""agreeableness"": 0.5555555555555556, ""neuroticism"": 0.4375, ""openness"": 0.675, ""conscientiousness"": 0.5833333333333334}"
baseline,agreeableness,high,bfi_11,extraversion,False,4,4,"{""extraversion"": 0.625, ""agreeableness"": 0.5555555555555556, ""neuroticism"": 0.4375, ""openness"": 0.675, ""conscientiousness"": 0.5833333333333334}"
baseline,agreeableness,high,bfi_12,agreeableness,True,3,3,"{""extraversion"": 0.625, ""agreeableness"": 0.5555555555555556, ""neuroticism"": 0.4375, ""openness"": 0.675, ""conscientiousness"": 0.5833333333333334}"
baseline,agreeableness,high,bfi_13,conscientiousness,False,4,4,"{""extraversion"": 0.625, ""agreeableness"": 0.5555555555555556, ""neuroticism"": 0.4375, ""openness"": 0.675, ""conscientiousness"": 0.5833333333333334}"
baseline,agreeableness,high,bfi_14,neuroticism,False,3,3,"{""extraversion"": 0.625, ""agreeableness"": 0.5555555555555556, ""neuroticism"": 0.4375, ""openness"": 0.675, ""conscientiousness"": 0.5833333333333334}"
baseline,agreeableness,high,bfi_15,openness,False,4,4,"{""extraversion"": 0.625, ""agreeableness"": 0.5555555555555556, ""neuroticism"": 0.4375, ""openness"": 0.675, ""conscientiousness"": 0.5833333333333334}"
baseline,agreeableness,high,bfi_16,extraversion,False,4,4,"{""extraversion"": 0.625, ""agreeableness"": 0.5555555555555556, ""neuroticism"": 0.4375, ""openness"": 0.675, ""conscientiousness"": 0.5833333333333334}"
baseline,agreeableness,high,bfi_17,agreeableness,False,3,3,"{""extraversion"": 0.625, ""agreeableness"": 0.5555555555555556, ""neuroticism"": 0.4375, ""openness"": 0.675, ""conscientiousness"": 0.5833333333333334}"
baseline,agreeableness,high,bfi_18,conscientiousness,True,3,3,"{""extraversion"": 0.625, ""agreeableness"": 0.5555555555555556, ""neuroticism"": 0.4375, ""openness"": 0.675, ""conscientiousness"": 0.5833333333333334}"
baseline,agreeableness,high,bfi_19,neuroticism,False,3,3,"{""extraversion"": 0.625, ""agreeableness"": 0.5555555555555556, ""neuroticism"": 0.4375, ""openness"": 0.675, ""conscientiousness"": 0.5833333333333334}"
baseline,agreeableness,high,bfi_20,openness,False,4,4,"{""extraversion"": 0.625, ""agreeableness"": 0.5555555555555556, ""neuroticism"": 0.4375, ""openness"": 0.675, ""conscientiousness"": 0.5833333333333334}"
baseline,agreeableness,high,bfi_21,extraversion,True,3,3,"{""extraversion"": 0.625, ""agreeableness"": 0.5555555555555556, ""neuroticism"": 0.4375, ""openness"": 0.675, ""conscientiousness"": 0.5833333333333334}"
baseline,agreeableness,high,bfi_22,agreeableness,False,3,3,"{""extraversion"": 0.625, ""agreeableness"": 0.5555555555555556, ""neuroticism"": 0.4375, ""openness"": 0.675, ""conscientiousness"": 0.5833333333333334}"
baseline,agreeableness,high,bfi_23,conscientiousness,True,3,3,"{""extraversion"": 0.625, ""agreeableness"": 0.5555555555555556, ""neuroticism"": 0.4375, ""openness"": 0.675, ""conscientiousness"": 0.5833333333333334}"
baseline,agreeableness,high,bfi_24,neuroticism,True,4,4,"{""extraversion"": 0.625, ""agreeableness"": 0.5555555555555556, ""neuroticism"": 0.4375, ""openness"": 0.675, ""conscientiousness"": 0.5833333333333334}"
baseline,agreeableness,high,bfi_25,openness,False,4,4,"{""extraversion"": 0.625, ""agreeableness"": 0.5555555555555556, ""neuroticism"": 0.4375, ""openness"": 0.675, ""conscientiousness"": 0.5833333333333334}"
baseline,agreeableness,high,bfi_26,extraversion,False,4,4,"{""extraversion"": 0.625, ""agreeableness"": 0.5555555555555556, ""neuroticism"": 0.4375, ""openness"": 0.675, ""conscientiousness"": 0.5833333333333334}"
baseline,agreeableness,high,bfi_27,agreeableness,True,3,3,"{""extraversion"": 0.625, ""agreeableness"": 0.5555555555555556, ""neuroticism"": 0.4375, ""openness"": 0.675, ""conscientiousness"": 0.5833333333333334}"
baseline,agreeableness,high,bfi_28,conscientiousness,False,4,4,"{""extraversion"": 0.625, ""agreeableness"": 0.5555555555555556, ""neuroticism"": 0.4375, ""openness"": 0.675, ""conscientiousness"": 0.5833333333333334}"
baseline,agreeableness,high,bfi_29,neuroticism,False,3,3,"{""extraversion"": 0.625, ""agreeableness"": 0.5555555555555556, ""neuroticism"": 0.4375, ""openness"": 0.675, ""conscientiousness"": 0.5833333333333334}"
baseline,agreeableness,high,bfi_30,openness,False,4,4,"{""extraversion"": 0.625, ""agreeableness"": 0.5555555555555556, ""neuroticism"": 0.4375, ""openness"": 0.675, ""conscientiousness"": 0.5833333333333334}"
baseline,agreeableness,high,bfi_31,extraversion,True,3,3,"{""extraversion"": 0.625, ""agreeableness"": 0.5555555555555556, ""neuroticism"": 0.4375, ""openness"": 0.675, ""conscientiousness"": 0.5833333333333334}"
baseline,agreeableness,high,bfi_32,agreeableness,False,4,4,"{""extraversion"": 0.625, ""agreeableness"": 0.5555555555555556, ""neuroticism"": 0.4375, ""openness"": 0.675, ""conscientiousness"": 0.5833333333333334}"
baseline,agreeableness,high,bfi_33,conscientiousness,False,3,3,"{""extraversion"": 0.625, ""agreeableness"": 0.5555555555555556, ""neuroticism"": 0.4375, ""openness"": 0.675, ""conscientiousness"": 0.5833333333333334}"
baseline,agreeableness,high,bfi_34,neuroticism,True,3,3,"{""extraversion"": 0.625, ""agreeableness"": 0.5555555555555556, ""neuroticism"": 0.4375, ""openness"": 0.675, ""conscientiousness"": 0.5833333333333334}"
baseline,agreeableness,high,bfi_35,openness,True,3,3,"{""extraversion"": 0.625, ""agreeableness"": 0.5555555555555556, ""neuroticism"": 0.4375, ""openness"": 0.675, ""conscientiousness"": 0.5833333333333334}"
baseline,agreeableness,high,bfi_36,extraversion,False,4,4,"{""extraversion"": 0.625, ""agreeableness"": 0.5555555555555556, ""neuroticism"": 0.4375, ""openness"": 0.675, ""conscientiousness"": 0.5833333333333334}"
baseline,agreeableness,high,bfi_37,agreeableness,True,3,3,"{""extraversion"": 0.625, ""agreeableness"": 0.5555555555555556, ""neuroticism"": 0.4375, ""openness"": 0.675, ""conscientiousness"": 0.5833333333333334}"
baseline,agreeableness,high,bfi_38,conscientiousness,False,4,4,"{""extraversion"": 0.625, ""agreeableness"": 0.5555555555555556, ""neuroticism"": 0.4375, ""openness"": 0.675, ""conscientiousness"": 0.5833333333333334}"
baseline,agreeableness,high,bfi_39,neuroticism,False,3,3,"{""extraversion"": 0.625, ""agreeableness"": 0.5555555555555556, ""neuroticism"": 0.4375, ""openness"": 0.675, ""conscientiousness"": 0.5833333333333334}"
baseline,agreeableness,high,bfi_40,openness,False,4,4,"{""extraversion"": 0.625, ""agreeableness"": 0.5555555555555556, ""neuroticism"": 0.4375, ""openness"": 0.675, ""conscientiousness"": 0.5833333333333334}"
baseline,agreeableness,high,bfi_41,openness,True,3,3,"{""extraversion"": 0.625, ""agreeableness"": 0.5555555555555556, ""neuroticism"": 0.4375, ""openness"": 0.675, ""conscientiousness"": 0.5833333333333334}"
baseline,agreeableness,high,bfi_42,agreeableness,False,3,3,"{""extraversion"": 0.625, ""agreeableness"": 0.5555555555555556, ""neuroticism"": 0.4375, ""openness"": 0.675, ""conscientiousness"": 0.5833333333333334}"
baseline,agreeableness,high,bfi_43,conscientiousness,True,3,3,"{""extraversion"": 0.625, ""agreeableness"": 0.5555555555555556, ""neuroticism"": 0.4375, ""openness"": 0.675, ""conscientiousness"": 0.5833333333333334}"
baseline,agreeableness,high,bfi_44,openness,False,3,3,"{""extraversion"": 0.625, ""agreeableness"": 0.5555555555555556, ""neuroticism"": 0.4375, ""openness"": 0.675, ""conscientiousness"": 0.5833333333333334}"
baseline,agreeableness,low,bfi_01,extraversion,False,3,3,"{""extraversion"": 0.625, ""agreeableness"": 0.5555555555555556, ""neuroticism"": 0.4375, ""openness"": 0.675, ""conscientiousness"": 0.5833333333333334}"
baseline,agreeableness,low,bfi_02,agreeableness,True,3,3,"{""extraversion"": 0.625, ""agreeableness"": 0.5555555555555556, ""neuroticism"": 0.4375, ""openness"": 0.675, ""conscientiousness"": 0.5833333333333334}"
baseline,agreeableness,low,bfi_03,conscientiousness,False,3,3,"{""extraversion"": 0.625, ""agreeableness"": 0.5555555555555556, ""neuroticism"": 0.4375, ""openness"": 0.675, ""conscientiousness"": 0.5833333333333334}"
baseline,agreeableness,low,bfi_04,neuroticism,False,3,3,"{""extraversion"": 0.625, ""agreeableness"": 0.5555555555555556, ""neuroticism"": 0.4375, ""openness"": 0.675, ""conscientiousness"": 0.5833333333333334}"
baseline,agreeableness,low,bfi_05,openness,False,4,4,"{""extraversion"": 0.625, ""agreeableness"": 0.5555555555555556, ""neuroticism"": 0.4375, ""openness"": 0.675, ""conscientiousness"": 0.5833333333333334}"
baseline,agreeableness,low,bfi_06,extraversion,True,3,3,"{""extraversion"": 0.625, ""agreeableness"": 0.5555555555555556, ""neuroticism"": 0.4375, ""openness"": 0.675, ""conscientiousness"": 0.5833333333333334}"
baseline,agreeableness,low,bfi_07,agreeableness,False,4,4,"{""extraversion"": 0.625, ""agreeableness"": 0.5555555555555556, ""neuroticism"": 0.4375, ""openness"": 0.675, ""conscientiousness"": 0.5833333333333334}"
baseline,agreeableness,low,bfi_08,conscientiousness,True,3,3,"{""extraversion"": 0.625, ""agreeableness"": 0.5555555555555556, ""neuroticism"": 0.4375, ""openness"": 0.675, ""conscientiousness"": 0.5833333333333334}"
baseline,agreeableness,low,bfi_09,neuroticism,True,4,4,"{""extraversion"": 0.625, ""agreeableness"": 0.5555555555555556, ""neuroticism"": 0.4375, ""openness"": 0.675, ""conscientiousness"": 0.5833333333333334}"
baseline,agreeableness,low,bfi_10,openness,False,4,4,"{""extraversion"": 0.625, ""agreeableness"": 0.5555555555555556, ""neuroticism"": 0.4375, ""openness"": 0.675, ""conscientiousness"": 0.5833333333333334}"
baseline,agreeableness,low,bfi_11,extraversion,False,4,4,"{""extraversion"": 0.625, ""agreeableness"": 0.5555555555555556, ""neuroticism"": 0.4375, ""openness"": 0.675, ""conscientiousness"": 0.5833333333333334}"
baseline,agreeableness,low,bfi_12,agreeableness,True,3,3,"{""extraversion"": 0.625, ""agreeableness"": 0.5555555555555556, ""neuroticism"": 0.4375, ""openness"": 0.675, ""conscientiousness"": 0.5833333333333334}"
baseline,agreeableness,low,bfi_13,conscientiousness,False,4,4,"{""extraversion"": 0.625, ""agreeableness"": 0.5555555555555556, ""neuroticism"": 0.4375, ""openness"": 0.675, ""conscientiousness"": 0.5833333333333334}"
baseline,agreeableness,low,bfi_14,neuroticism,False,3,3,"{""extraversion"": 0.625, ""agreeableness"": 0.5555555555555556, ""neuroticism"": 0.4375, ""openness"": 0.675, ""conscientiousness"": 0.5833333333333334}"
baseline,agreeableness,low,bfi_15,openness,False,4,4,"{""extraversion"": 0.625, ""agreeableness"": 0.5555555555555556, ""neuroticism"": 0.4375, ""openness"": 0.675, ""conscientiousness"": 0.5833333333333334}"
baseline,agreeableness,low,bfi_16,extraversion,False,4,4,"{""extraversion"": 0.625, ""agreeableness"": 0.5555555555555556, ""neuroticism"": 0.4375, ""openness"": 0.675, ""conscientiousness"": 0.5833333333333334}"
baseline,agreeableness,low,bfi_17,agreeableness,False,3,3,"{""extraversion"": 0.625, ""agreeableness"": 0.5555555555555556, ""neuroticism"": 0.4375, ""openness"": 0.675, ""conscientiousness"": 0.5833333333333334}"
baseline,agreeableness,low,bfi_18,conscientiousness,True,3,3,"{""extraversion"": 0.625, ""agreeableness"": 0.5555555555555556, ""neuroticism"": 0.4375, ""openness"": 0.675, ""conscientiousness"": 0.5833333333333334}"
baseline,agreeableness,low,bfi_19,neuroticism,False,3,3,"{""extraversion"": 0.625, ""agreeableness"": 0.5555555555555556, ""neuroticism"": 0.4375, ""openness"": 0.675, ""conscientiousness"": 0.5833333333333334}"
baseline,agreeableness,low,bfi_20,openness,False,4,4,"{""extraversion"": 0.625, ""agreeableness"": 0.5555555555555556, ""neuroticism"": 0.4375, ""openness"": 0.675, ""conscientiousness"": 0.5833333333333334}"
baseline,agreeableness,low,bfi_21,extraversion,True,3,3,"{""extraversion"": 0.625, ""agreeableness"": 0.5555555555555556, ""neuroticism"": 0.4375, ""openness"": 0.675, ""conscientiousness"": 0.5833333333333334}"
baseline,agreeableness,low,bfi_22,agreeableness,False,3,3,"{""extraversion"": 0.625, ""agreeableness"": 0.5555555555555556, ""neuroticism"": 0.4375, ""openness"": 0.675, ""conscientiousness"": 0.5833333333333334}"
baseline,agreeableness,low,bfi_23,conscientiousness,True,3,3,"{""extraversion"": 0.625, ""agreeableness"": 0.5555555555555556, ""neuroticism"": 0.4375, ""openness"": 0.675, ""conscientiousness"": 0.5833333333333334}"
baseline,agreeableness,low,bfi_24,neuroticism,True,4,4,"{""extraversion"": 0.625, ""agreeableness"": 0.5555555555555556, ""neuroticism"": 0.4375, ""openness"": 0.675, ""conscientiousness"": 0.5833333333333334}"
baseline,agreeableness,low,bfi_25,openness,False,4,4,"{""extraversion"": 0.625, ""agreeableness"": 0.5555555555555556, ""neuroticism"": 0.4375, ""openness"": 0.675, ""conscientiousness"": 0.5833333333333334}"
baseline,agreeableness,low,bfi_26,extraversion,False,4,4,"{""extraversion"": 0.625, ""agreeableness"": 0.5555555555555556, ""neuroticism"": 0.4375, ""openness"": 0.675, ""conscientiousness"": 0.5833333333333334}"
baseline,agreeableness,low,bfi_27,agreeableness,True,3,3,"{""extraversion"": 0.625, ""agreeableness"": 0.5555555555555556, ""neuroticism"": 0.4375, ""openness"": 0.675, ""conscientiousness"": 0.5833333333333334}"
baseline,agreeableness,low,bfi_28,conscientiousness,False,4,4,"{""extraversion"": 0.625, ""agreeableness"": 0.5555555555555556, ""neuroticism"": 0.4375, ""openness"": 0.675, ""conscientiousness"": 0.5833333333333334}"
baseline,agreeableness,low,bfi_29,neuroticism,False,3,3,"{""extraversion"": 0.625, ""agreeableness"": 0.5555555555555556, ""neuroticism"": 0.4375, ""openness"": 0.675, ""conscientiousness"": 0.5833333333333334}"
baseline,agreeableness,low,bfi_30,openness,False,4,4,"{""extraversion"": 0.625, ""agreeableness"": 0.5555555555555556, ""neuroticism"": 0.4375, ""openness"": 0.675, ""conscientiousness"": 0.5833333333333334}"
baseline,agreeableness,low,bfi_31,extraversion,True,3,3,"{""extraversion"": 0.625, ""agreeableness"": 0.5555555555555556, ""neuroticism"": 0.4375, ""openness"": 0.675, ""conscientiousness"": 0.5833333333333334}"
baseline,agreeableness,low,bfi_32,agreeableness,False,4,4,"{""extraversion"": 0.625, ""agreeableness"": 0.5555555555555556, ""neuroticism"": 0.4375, ""openness"": 0.675, ""conscientiousness"": 0.5833333333333334}"
baseline,agreeableness,low,bfi_33,conscientiousness,False,3,3,"{""extraversion"": 0.625, ""agreeableness"": 0.5555555555555556, ""neuroticism"": 0.4375, ""openness"": 0.675, ""conscientiousness"": 0.5833333333333334}"
baseline,agreeableness,low,bfi_34,neuroticism,True,3,3,"{""extraversion"": 0.625, ""agreeableness"": 0.5555555555555556, ""neuroticism"": 0.4375, ""openness"": 0.675, ""conscientiousness"": 0.5833333333333334}"
baseline,agreeableness,low,bfi_35,openness,True,3,3,"{""extraversion"": 0.625, ""agreeableness"": 0.5555555555555556, ""neuroticism"": 0.4375, ""openness"": 0.675, ""conscientiousness"": 0.5833333333333334}"
baseline,agreeableness,low,bfi_36,extraversion,False,4,4,"{""extraversion"": 0.625, ""agreeableness"": 0.5555555555555556, ""neuroticism"": 0.4375, ""openness"": 0.675, ""conscientiousness"": 0.5833333333333334}"
baseline,agreeableness,low,bfi_37,agreeableness,True,3,3,"{""extraversion"": 0.625, ""agreeableness"": 0.5555555555555556, ""neuroticism"": 0.4375, ""openness"": 0.675, ""conscientiousness"": 0.5833333333333334}"
baseline,agreeableness,low,bfi_38,conscientiousness,False,4,4,"{""extraversion"": 0.625, ""agreeableness"": 0.5555555555555556, ""neuroticism"": 0.4375, ""openness"": 0.675, ""conscientiousness"": 0.5833333333333334}"
baseline,agreeableness,low,bfi_39,neuroticism,False,3,3,"{""extraversion"": 0.625, ""agreeableness"": 0.5555555555555556, ""neuroticism"": 0.4375, ""openness"": 0.675, ""conscientiousness"": 0.5833333333333334}"
baseline,agreeableness,low,bfi_40,openness,False,4,4,"{""extraversion"": 0.625, ""agreeableness"": 0.5555555555555556, ""neuroticism"": 0.4375, ""openness"": 0.675, ""conscientiousness"": 0.5833333333333334}"
baseline,agreeableness,low,bfi_41,openness,True,3,3,"{""extraversion"": 0.625, ""agreeableness"": 0.5555555555555556, ""neuroticism"": 0.4375, ""openness"": 0.675, ""conscientiousness"": 0.5833333333333334}"
baseline,agreeableness,low,bfi_42,agreeableness,False,3,3,"{""extraversion"": 0.625, ""agreeableness"": 0.5555555555555556, ""neuroticism"": 0.4375, ""openness"": 0.675, ""conscientiousness"": 0.5833333333333334}"
baseline,agreeableness,low,bfi_43,conscientiousness,True,3,3,"{""extraversion"": 0.625, ""agreeableness"": 0.5555555555555556, ""neuroticism"": 0.4375, ""openness"": 0.675, ""conscientiousness"": 0.5833333333333334}"
baseline,agreeableness,low,bfi_44,openness,False,3,3,"{""extraversion"": 0.625, ""agreeableness"": 0.5555555555555556, ""neuroticism"": 0.4375, ""openness"": 0.675, ""conscientiousness"": 0.5833333333333334}"
baseline,conscientiousness,high,bfi_01,extraversion,False,3,3,"{""extraversion"": 0.625, ""agreeableness"": 0.5555555555555556, ""neuroticism"": 0.4375, ""openness"": 0.675, ""conscientiousness"": 0.5833333333333334}"
baseline,conscientiousness,high,bfi_02,agreeableness,True,3,3,"{""extraversion"": 0.625, ""agreeableness"": 0.5555555555555556, ""neuroticism"": 0.4375, ""openness"": 0.675, ""conscientiousness"": 0.5833333333333334}"
baseline,conscientiousness,high,bfi_03,conscientiousness,False,3,3,"{""extraversion"": 0.625, ""agreeableness"": 0.5555555555555556, ""neuroticism"": 0.4375, ""openness"": 0.675, ""conscientiousness"": 0.5833333333333334}"
baseline,conscientiousness,high,bfi_04,neuroticism,False,3,3,"{""extraversion"": 0.625, ""agreeableness"": 0.5555555555555556, ""neuroticism"": 0.4375, ""openness"": 0.675, ""conscientiousness"": 0.5833333333333334}"
baseline,conscientiousness,high,bfi_05,openness,False,4,4,"{""extraversion"": 0.625, ""agreeableness"": 0.5555555555555556, ""neuroticism"": 0.4375, ""openness"": 0.675, ""conscientiousness"": 0.5833333333333334}"
baseline,conscientiousness,high,bfi_06,extraversion,True,3,3,"{""extraversion"": 0.625, ""agreeableness"": 0.5555555555555556, ""neuroticism"": 0.4375, ""openness"": 0.675, ""conscientiousness"": 0.5833333333333334}"
baseline,conscientiousness,high,bfi_07,agreeableness,False,4,4,"{""extraversion"": 0.625, ""agreeableness"": 0.5555555555555556, ""neuroticism"": 0.4375, ""openness"": 0.675, ""conscientiousness"": 0.5833333333333334}"
baseline,conscientiousness,high,bfi_08,conscientiousness,True,3,3,"{""extraversion"": 0.625, ""agreeableness"": 0.5555555555555556, ""neuroticism"": 0.4375, ""openness"": 0.675, ""conscientiousness"": 0.5833333333333334}"
baseline,conscientiousness,high,bfi_09,neuroticism,True,4,4,"{""extraversion"": 0.625, ""agreeableness"": 0.5555555555555556, ""neuroticism"": 0.4375, ""openness"": 0.675, ""conscientiousness"": 0.5833333333333334}"
baseline,conscientiousness,high,bfi_10,openness,False,4,4,"{""extraversion"": 0.625, ""agreeableness"": 0.5555555555555556, ""neuroticism"": 0.4375, ""openness"": 0.675, ""conscientiousness"": 0.5833333333333334}"
baseline,conscientiousness,high,bfi_11,extraversion,False,4,4,"{""extraversion"": 0.625, ""agreeableness"": 0.5555555555555556, ""neuroticism"": 0.4375, ""openness"": 0.675, ""conscientiousness"": 0.5833333333333334}"
baseline,conscientiousness,high,bfi_12,agreeableness,True,3,3,"{""extraversion"": 0.625, ""agreeableness"": 0.5555555555555556, ""neuroticism"": 0.4375, ""openness"": 0.675, ""conscientiousness"": 0.5833333333333334}"
baseline,conscientiousness,high,bfi_13,conscientiousness,False,4,4,"{""extraversion"": 0.625, ""agreeableness"": 0.5555555555555556, ""neuroticism"": 0.4375, ""openness"": 0.675, ""conscientiousness"": 0.5833333333333334}"
baseline,conscientiousness,high,bfi_14,neuroticism,False,3,3,"{""extraversion"": 0.625, ""agreeableness"": 0.5555555555555556, ""neuroticism"": 0.4375, ""openness"": 0.675, ""conscientiousness"": 0.5833333333333334}"
baseline,conscientiousness,high,bfi_15,openness,False,4,4,"{""extraversion"": 0.625, ""agreeableness"": 0.5555555555555556, ""neuroticism"": 0.4375, ""openness"": 0.675, ""conscientiousness"": 0.5833333333333334}"
baseline,conscientiousness,high,bfi_16,extraversion,False,4,4,"{""extraversion"": 0.625, ""agreeableness"": 0.5555555555555556, ""neuroticism"": 0.4375, ""openness"": 0.675, ""conscientiousness"": 0.5833333333333334}"
baseline,conscientiousness,high,bfi_17,agreeableness,False,3,3,"{""extraversion"": 0.625, ""agreeableness"": 0.5555555555555556, ""neuroticism"": 0.4375, ""openness"": 0.675, ""conscientiousness"": 0.5833333333333334}"
baseline,conscientiousness,high,bfi_18,conscientiousness,True,3,3,"{""extraversion"": 0.625, ""agreeableness"": 0.5555555555555556, ""neuroticism"": 0.4375, ""openness"": 0.675, ""conscientiousness"": 0.5833333333333334}"
baseline,conscientiousness,high,bfi_19,neuroticism,False,3,3,"{""extraversion"": 0.625, ""agreeableness"": 0.5555555555555556, ""neuroticism"": 0.4375, ""openness"": 0.675, ""conscientiousness"": 0.5833333333333334}"
baseline,conscientiousness,high,bfi_20,openness,False,4,4,"{""extraversion"": 0.625, ""agreeableness"": 0.5555555555555556, ""neuroticism"": 0.4375, ""openness"": 0.675, ""conscientiousness"": 0.5833333333333334}"
baseline,conscientiousness,high,bfi_21,extraversion,True,3,3,"{""extraversion"": 0.625, ""agreeableness"": 0.5555555555555556, ""neuroticism"": 0.4375, ""openness"": 0.675, ""conscientiousness"": 0.5833333333333334}"
baseline,conscientiousness,high,bfi_22,agreeableness,False,3,3,"{""extraversion"": 0.625, ""agreeableness"": 0.5555555555555556, ""neuroticism"": 0.4375, ""openness"": 0.675, ""conscientiousness"": 0.5833333333333334}"
baseline,conscientiousness,high,bfi_23,conscientiousness,True,3,3,"{""extraversion"": 0.625, ""agreeableness"": 0.5555555555555556, ""neuroticism"": 0.4375, ""openness"": 0.675, ""conscientiousness"": 0.5833333333333334}"
baseline,conscientiousness,high,bfi_24,neuroticism,True,4,4,"{""extraversion"": 0.625, ""agreeableness"": 0.5555555555555556, ""neuroticism"": 0.4375, ""openness"": 0.675, ""conscientiousness"": 0.5833333333333334}"
baseline,conscientiousness,high,bfi_25,openness,False,4,4,"{""extraversion"": 0.625, ""agreeableness"": 0.5555555555555556, ""neuroticism"": 0.4375, ""openness"": 0.675, ""conscientiousness"": 0.5833333333333334}"
baseline,conscientiousness,high,bfi_26,extraversion,False,4,4,"{""extraversion"": 0.625, ""agreeableness"": 0.5555555555555556, ""neuroticism"": 0.4375, ""openness"": 0.675, ""conscientiousness"": 0.5833333333333334}"
baseline,conscientiousness,high,bfi_27,agreeableness,True,3,3,"{""extraversion"": 0.625, ""agreeableness"": 0.5555555555555556, ""neuroticism"": 0.4375, ""openness"": 0.675, ""conscientiousness"": 0.5833333333333334}"
baseline,conscientiousness,high,bfi_28,conscientiousness,False,4,4,"{""extraversion"": 0.625, ""agreeableness"": 0.5555555555555556, ""neuroticism"": 0.4375, ""openness"": 0.675, ""conscientiousness"": 0.5833333333333334}"
baseline,conscientiousness,high,bfi_29,neuroticism,False,3,3,"{""extraversion"": 0.625, ""agreeableness"": 0.5555555555555556, ""neuroticism"": 0.4375, ""openness"": 0.675, ""conscientiousness"": 0.5833333333333334}"
baseline,conscientiousness,high,bfi_30,openness,False,4,4,"{""extraversion"": 0.625, ""agreeableness"": 0.5555555555555556, ""neuroticism"": 0.4375, ""openness"": 0.675, ""conscientiousness"": 0.5833333333333334}"
baseline,conscientiousness,high,bfi_31,extraversion,True,3,3,"{""extraversion"": 0.625, ""agreeableness"": 0.5555555555555556, ""neuroticism"": 0.4375, ""openness"": 0.675, ""conscientiousness"": 0.5833333333333334}"
baseline,conscientiousness,high,bfi_32,agreeableness,False,4,4,"{""extraversion"": 0.625, ""agreeableness"": 0.5555555555555556, ""neuroticism"": 0.4375, ""openness"": 0.675, ""conscientiousness"": 0.5833333333333334}"
baseline,conscientiousness,high,bfi_33,conscientiousness,False,3,3,"{""extraversion"": 0.625, ""agreeableness"": 0.5555555555555556, ""neuroticism"": 0.4375, ""openness"": 0.675, ""conscientiousness"": 0.5833333333333334}"
baseline,conscientiousness,high,bfi_34,neuroticism,True,3,3,"{""extraversion"": 0.625, ""agreeableness"": 0.5555555555555556, ""neuroticism"": 0.4375, ""openness"": 0.675, ""conscientiousness"": 0.5833333333333334}"
baseline,conscientiousness,high,bfi_35,openness,True,3,3,"{""extraversion"": 0.625, ""agreeableness"": 0.5555555555555556, ""neuroticism"": 0.4375, ""openness"": 0.675, ""conscientiousness"": 0.5833333333333334}"
baseline,conscientiousness,high,bfi_36,extraversion,False,4,4,"{""extraversion"": 0.625, ""agreeableness"": 0.5555555555555556, ""neuroticism"": 0.4375, ""openness"": 0.675, ""conscientiousness"": 0.5833333333333334}"
baseline,conscientiousness,high,bfi_37,agreeableness,True,3,3,"{""extraversion"": 0.625, ""agreeableness"": 0.5555555555555556, ""neuroticism"": 0.4375, ""openness"": 0.675, ""conscientiousness"": 0.5833333333333334}"
baseline,conscientiousness,high,bfi_38,conscientiousness,False,4,4,"{""extraversion"": 0.625, ""agreeableness"": 0.5555555555555556, ""neuroticism"": 0.4375, ""openness"": 0.675, ""conscientiousness"": 0.5833333333333334}"
baseline,conscientiousness,high,bfi_39,neuroticism,False,3,3,"{""extraversion"": 0.625, ""agreeableness"": 0.5555555555555556, ""neuroticism"": 0.4375, ""openness"": 0.675, ""conscientiousness"": 0.5833333333333334}"
baseline,conscientiousness,high,bfi_40,openness,False,4,4,"{""extraversion"": 0.625, ""agreeableness"": 0.5555555555555556, ""neuroticism"": 0.4375, ""openness"": 0.675, ""conscientiousness"": 0.5833333333333334}"
baseline,conscientiousness,high,bfi_41,openness,True,3,3,"{""extraversion"": 0.625, ""agreeableness"": 0.5555555555555556, ""neuroticism"": 0.4375, ""openness"": 0.675, ""conscientiousness"": 0.5833333333333334}"
baseline,conscientiousness,high,bfi_42,agreeableness,False,3,3,"{""extraversion"": 0.625, ""agreeableness"": 0.5555555555555556, ""neuroticism"": 0.4375, ""openness"": 0.675, ""conscientiousness"": 0.5833333333333334}"
baseline,conscientiousness,high,bfi_43,conscientiousness,True,3,3,"{""extraversion"": 0.625, ""agreeableness"": 0.5555555555555556, ""neuroticism"": 0.4375, ""openness"": 0.675, ""conscientiousness"": 0.5833333333333334}"
baseline,conscientiousness,high,bfi_44,openness,False,3,3,"{""extraversion"": 0.625, ""agreeableness"": 0.5555555555555556, ""neuroticism"": 0.4375, ""openness"": 0.675, ""conscientiousness"": 0.5833333333333334}"
baseline,conscientiousness,low,bfi_01,extraversion,False,3,3,"{""extraversion"": 0.625, ""agreeableness"": 0.5555555555555556, ""neuroticism"": 0.4375, ""openness"": 0.675, ""conscientiousness"": 0.5833333333333334}"
baseline,conscientiousness,low,bfi_02,agreeableness,True,3,3,"{""extraversion"": 0.625, ""agreeableness"": 0.5555555555555556, ""neuroticism"": 0.4375, ""openness"": 0.675, ""conscientiousness"": 0.5833333333333334}"
baseline,conscientiousness,low,bfi_03,conscientiousness,False,3,3,"{""extraversion"": 0.625, ""agreeableness"": 0.5555555555555556, ""neuroticism"": 0.4375, ""openness"": 0.675, ""conscientiousness"": 0.5833333333333334}"
baseline,conscientiousness,low,bfi_04,neuroticism,False,3,3,"{""extraversion"": 0.625, ""agreeableness"": 0.5555555555555556, ""neuroticism"": 0.4375, ""openness"": 0.675, ""conscientiousness"": 0.5833333333333334}"
baseline,conscientiousness,low,bfi_05,openness,False,4,4,"{""extraversion"": 0.625, ""agreeableness"": 0.5555555555555556, ""neuroticism"": 0.4375, ""openness"": 0.675, ""conscientiousness"": 0.5833333333333334}"
baseline,conscientiousness,low,bfi_06,extraversion,True,3,3,"{""extraversion"": 0.625, ""agreeableness"": 0.5555555555555556, ""neuroticism"": 0.4375, ""openness"": 0.675, ""conscientiousness"": 0.5833333333333334}"
baseline,conscientiousness,low,bfi_07,agreeableness,False,4,4,"{""extraversion"": 0.625, ""agreeableness"": 0.5555555555555556, ""neuroticism"": 0.4375, ""openness"": 0.675, ""conscientiousness"": 0.5833333333333334}"
baseline,conscientiousness,low,bfi_08,conscientiousness,True,3,3,"{""extraversion"": 0.625, ""agreeableness"": 0.5555555555555556, ""neuroticism"": 0.4375, ""openness"": 0.675, ""conscientiousness"": 0.5833333333333334}"
baseline,conscientiousness,low,bfi_09,neuroticism,True,4,4,"{""extraversion"": 0.625, ""agreeableness"": 0.5555555555555556, ""neuroticism"": 0.4375, ""openness"": 0.675, ""conscientiousness"": 0.5833333333333334}"
baseline,conscientiousness,low,bfi_10,openness,False,4,4,"{""extraversion"": 0.625, ""agreeableness"": 0.5555555555555556, ""neuroticism"": 0.4375, ""openness"": 0.675, ""conscientiousness"": 0.5833333333333334}"
baseline,conscientiousness,low,bfi_11,extraversion,False,4,4,"{""extraversion"": 0.625, ""agreeableness"": 0.5555555555555556, ""neuroticism"": 0.4375, ""openness"": 0.675, ""conscientiousness"": 0.5833333333333334}"
baseline,conscientiousness,low,bfi_12,agreeableness,True,3,3,"{""extraversion"": 0.625, ""agreeableness"": 0.5555555555555556, ""neuroticism"": 0.4375, ""openness"": 0.675, ""conscientiousness"": 0.5833333333333334}"
baseline,conscientiousness,low,bfi_13,conscientiousness,False,4,4,"{""extraversion"": 0.625, ""agreeableness"": 0.5555555555555556, ""neuroticism"": 0.4375, ""openness"": 0.675, ""conscientiousness"": 0.5833333333333334}"
baseline,conscientiousness,low,bfi_14,neuroticism,False,3,3,"{""extraversion"": 0.625, ""agreeableness"": 0.5555555555555556, ""neuroticism"": 0.4375, ""openness"": 0.675, ""conscientiousness"": 0.5833333333333334}"
baseline,conscientiousness,low,bfi_15,openness,False,4,4,"{""extraversion"": 0.625, ""agreeableness"": 0.5555555555555556, ""neuroticism"": 0.4375, ""openness"": 0.675, ""conscientiousness"": 0.5833333333333334}"
baseline,conscientiousness,low,bfi_16,extraversion,False,4,4,"{""extraversion"": 0.625, ""agreeableness"": 0.5555555555555556, ""neuroticism"": 0.4375, ""openness"": 0.675, ""conscientiousness"": 0.5833333333333334}"
baseline,conscientiousness,low,bfi_17,agreeableness,False,3,3,"{""extraversion"": 0.625, ""agreeableness"": 0.5555555555555556, ""neuroticism"": 0.4375, ""openness"": 0.675, ""conscientiousness"": 0.5833333333333334}"
baseline,conscientiousness,low,bfi_18,conscientiousness,True,3,3,"{""extraversion"": 0.625, ""agreeableness"": 0.5555555555555556, ""neuroticism"": 0.4375, ""openness"": 0.675, ""conscientiousness"": 0.5833333333333334}"
baseline,conscientiousness,low,bfi_19,neuroticism,False,3,3,"{""extraversion"": 0.625, ""agreeableness"": 0.5555555555555556, ""neuroticism"": 0.4375, ""openness"": 0.675, ""conscientiousness"": 0.5833333333333334}"
baseline,conscientiousness,low,bfi_20,openness,False,4,4,"{""extraversion"": 0.625, ""agreeableness"": 0.5555555555555556, ""neuroticism"": 0.4375, ""openness"": 0.675, ""conscientiousness"": 0.5833333333333334}"
baseline,conscientiousness,low,bfi_21,extraversion,True,3,3,"{""extraversion"": 0.625, ""agreeableness"": 0.5555555555555556, ""neuroticism"": 0.4375, ""openness"": 0.675, ""conscientiousness"": 0.5833333333333334}"
baseline,conscientiousness,low,bfi_22,agreeableness,False,3,3,"{""extraversion"": 0.625, ""agreeableness"": 0.5555555555555556, ""neuroticism"": 0.4375, ""openness"": 0.675, ""conscientiousness"": 0.5833333333333334}"
baseline,conscientiousness,low,bfi_23,conscientiousness,True,3,3,"{""extraversion"": 0.625, ""agreeableness"": 0.5555555555555556, ""neuroticism"": 0.4375, ""openness"": 0.675, ""conscientiousness"": 0.5833333333333334}"
baseline,conscientiousness,low,bfi_24,neuroticism,True,4,4,"{""extraversion"": 0.625, ""agreeableness"": 0.5555555555555556, ""neuroticism"": 0.4375, ""openness"": 0.675, ""conscientiousness"": 0.5833333333333334}"
baseline,conscientiousness,low,bfi_25,openness,False,4,4,"{""extraversion"": 0.625, ""agreeableness"": 0.5555555555555556, ""neuroticism"": 0.4375, ""openness"": 0.675, ""conscientiousness"": 0.5833333333333334}"
baseline,conscientiousness,low,bfi_26,extraversion,False,4,4,"{""extraversion"": 0.625, ""agreeableness"": 0.5555555555555556, ""neuroticism"": 0.4375, ""openness"": 0.675, ""conscientiousness"": 0.5833333333333334}"
baseline,conscientiousness,low,bfi_27,agreeableness,True,3,3,"{""extraversion"": 0.625, ""agreeableness"": 0.5555555555555556, ""neuroticism"": 0.4375, ""openness"": 0.675, ""conscientiousness"": 0.5833333333333334}"
baseline,conscientiousness,low,bfi_28,conscientiousness,False,4,4,"{""extraversion"": 0.625, ""agreeableness"": 0.5555555555555556, ""neuroticism"": 0.4375, ""openness"": 0.675, ""conscientiousness"": 0.5833333333333334}"
baseline,conscientiousness,low,bfi_29,neuroticism,False,3,3,"{""extraversion"": 0.625, ""agreeableness"": 0.5555555555555556, ""neuroticism"": 0.4375, ""openness"": 0.675, ""conscientiousness"": 0.5833333333333334}"
baseline,conscientiousness,low,bfi_30,openness,False,4,4,"{""extraversion"": 0.625, ""agreeableness"": 0.5555555555555556, ""neuroticism"": 0.4375, ""openness"": 0.675, ""conscientiousness"": 0.5833333333333334}"
baseline,conscientiousness,low,bfi_31,extraversion,True,3,3,"{""extraversion"": 0.625, ""agreeableness"": 0.5555555555555556, ""neuroticism"": 0.4375, ""openness"": 0.675, ""conscientiousness"": 0.5833333333333334}"
baseline,conscientiousness,low,bfi_32,agreeableness,False,4,4,"{""extraversion"": 0.625, ""agreeableness"": 0.5555555555555556, ""neuroticism"": 0.4375, ""openness"": 0.675, ""conscientiousness"": 0.5833333333333334}"
baseline,conscientiousness,low,bfi_33,conscientiousness,False,3,3,"{""extraversion"": 0.625, ""agreeableness"": 0.5555555555555556, ""neuroticism"": 0.4375, ""openness"": 0.675, ""conscientiousness"": 0.5833333333333334}"
baseline,conscientiousness,low,bfi_34,neuroticism,True,3,3,"{""extraversion"": 0.625, ""agreeableness"": 0.5555555555555556, ""neuroticism"": 0.4375, ""openness"": 0.675, ""conscientiousness"": 0.5833333333333334}"
baseline,conscientiousness,low,bfi_35,openness,True,3,3,"{""extraversion"": 0.625, ""agreeableness"": 0.5555555555555556, ""neuroticism"": 0.4375, ""openness"": 0.675, ""conscientiousness"": 0.5833333333333334}"
baseline,conscientiousness,low,bfi_36,extraversion,False,4,4,"{""extraversion"": 0.625, ""agreeableness"": 0.5555555555555556, ""neuroticism"": 0.4375, ""openness"": 0.675, ""conscientiousness"": 0.5833333333333334}"
baseline,conscientiousness,low,bfi_37,agreeableness,True,3,3,"{""extraversion"": 0.625, ""agreeableness"": 0.5555555555555556, ""neuroticism"": 0.4375, ""openness"": 0.675, ""conscientiousness"": 0.5833333333333334}"
baseline,conscientiousness,low,bfi_38,conscientiousness,False,4,4,"{""extraversion"": 0.625, ""agreeableness"": 0.5555555555555556, ""neuroticism"": 0.4375, ""openness"": 0.675, ""conscientiousness"": 0.5833333333333334}"
baseline,conscientiousness,low,bfi_39,neuroticism,False,3,3,"{""extraversion"": 0.625, ""agreeableness"": 0.5555555555555556, ""neuroticism"": 0.4375, ""openness"": 0.675, ""conscientiousness"": 0.5833333333333334}"
baseline,conscientiousness,low,bfi_40,openness,False,4,4,"{""extraversion"": 0.625, ""agreeableness"": 0.5555555555555556, ""neuroticism"": 0.4375, ""openness"": 0.675, ""conscientiousness"": 0.5833333333333334}"
baseline,conscientiousness,low,bfi_41,openness,True,3,3,"{""extraversion"": 0.625, ""agreeableness"": 0.5555555555555556, ""neuroticism"": 0.4375, ""openness"": 0.675, ""conscientiousness"": 0.5833333333333334}"
baseline,conscientiousness,low,bfi_42,agreeableness,False,3,3,"{""extraversion"": 0.625, ""agreeableness"": 0.5555555555555556, ""neuroticism"": 0.4375, ""openness"": 0.675, ""conscientiousness"": 0.5833333333333334}"
baseline,conscientiousness,low,bfi_43,conscientiousness,True,3,3,"{""extraversion"": 0.625, ""agreeableness"": 0.5555555555555556, ""neuroticism"": 0.4375, ""openness"": 0.675, ""conscientiousness"": 0.5833333333333334}"
baseline,conscientiousness,low,bfi_44,openness,False,3,3,"{""extraversion"": 0.625, ""agreeableness"": 0.5555555555555556, ""neuroticism"": 0.4375, ""openness"": 0.675, ""conscientiousness"": 0.5833333333333334}"
baseline,neuroticism,high,bfi_01,extraversion,False,3,3,"{""extraversion"": 0.625, ""agreeableness"": 0.5555555555555556, ""neuroticism"": 0.4375, ""openness"": 0.675, ""conscientiousness"": 0.5833333333333334}"
baseline,neuroticism,high,bfi_02,agreeableness,True,3,3,"{""extraversion"": 0.625, ""agreeableness"": 0.5555555555555556, ""neuroticism"": 0.4375, ""openness"": 0.675, ""conscientiousness"": 0.5833333333333334}"
baseline,neuroticism,high,bfi_03,conscientiousness,False,3,3,"{""extraversion"": 0.625, ""agreeableness"": 0.5555555555555556, ""neuroticism"": 0.4375, ""openness"": 0.675, ""conscientiousness"": 0.5833333333333334}"
baseline,neuroticism,high,bfi_04,neuroticism,False,3,3,"{""extraversion"": 0.625, ""agreeableness"": 0.5555555555555556, ""neuroticism"": 0.4375, ""openness"": 0.675, ""conscientiousness"": 0.5833333333333334}"
baseline,neuroticism,high,bfi_05,openness,False,4,4,"{""extraversion"": 0.625, ""agreeableness"": 0.5555555555555556, ""neuroticism"": 0.4375, ""openness"": 0.675, ""conscientiousness"": 0.5833333333333334}"
baseline,neuroticism,high,bfi_06,extraversion,True,3,3,"{""extraversion"": 0.625, ""agreeableness"": 0.5555555555555556, ""neuroticism"": 0.4375, ""openness"": 0.675, ""conscientiousness"": 0.5833333333333334}"
baseline,neuroticism,high,bfi_07,agreeableness,False,4,4,"{""extraversion"": 0.625, ""agreeableness"": 0.5555555555555556, ""neuroticism"": 0.4375, ""openness"": 0.675, ""conscientiousness"": 0.5833333333333334}"
baseline,neuroticism,high,bfi_08,conscientiousness,True,3,3,"{""extraversion"": 0.625, ""agreeableness"": 0.5555555555555556, ""neuroticism"": 0.4375, ""openness"": 0.675, ""conscientiousness"": 0.5833333333333334}"
baseline,neuroticism,high,bfi_09,neuroticism,True,4,4,"{""extraversion"": 0.625, ""agreeableness"": 0.5555555555555556, ""neuroticism"": 0.4375, ""openness"": 0.675, ""conscientiousness"": 0.5833333333333334}"
baseline,neuroticism,high,bfi_10,openness,False,4,4,"{""extraversion"": 0.625, ""agreeableness"": 0.5555555555555556, ""neuroticism"": 0.4375, ""openness"": 0.675, ""conscientiousness"": 0.5833333333333334}"
baseline,neuroticism,high,bfi_11,extraversion,False,4,4,"{""extraversion"": 0.625, ""agreeableness"": 0.5555555555555556, ""neuroticism"": 0.4375, ""openness"": 0.675, ""conscientiousness"": 0.5833333333333334}"
baseline,neuroticism,high,bfi_12,agreeableness,True,3,3,"{""extraversion"": 0.625, ""agreeableness"": 0.5555555555555556, ""neuroticism"": 0.4375, ""openness"": 0.675, ""conscientiousness"": 0.5833333333333334}"
baseline,neuroticism,high,bfi_13,conscientiousness,False,4,4,"{""extraversion"": 0.625, ""agreeableness"": 0.5555555555555556, ""neuroticism"": 0.4375, ""openness"": 0.675, ""conscientiousness"": 0.5833333333333334}"
baseline,neuroticism,high,bfi_14,neuroticism,False,3,3,"{""extraversion"": 0.625, ""agreeableness"": 0.5555555555555556, ""neuroticism"": 0.4375, ""openness"": 0.675, ""conscientiousness"": 0.5833333333333334}"
baseline,neuroticism,high,bfi_15,openness,False,4,4,"{""extraversion"": 0.625, ""agreeableness"": 0.5555555555555556, ""neuroticism"": 0.4375, ""openness"": 0.675, ""conscientiousness"": 0.5833333333333334}"
baseline,neuroticism,high,bfi_16,extraversion,False,4,4,"{""extraversion"": 0.625, ""agreeableness"": 0.5555555555555556, ""neuroticism"": 0.4375, ""openness"": 0.675, ""conscientiousness"": 0.5833333333333334}"
baseline,neuroticism,high,bfi_17,agreeableness,False,3,3,"{""extraversion"": 0.625, ""agreeableness"": 0.5555555555555556, ""neuroticism"": 0.4375, ""openness"": 0.675, ""conscientiousness"": 0.5833333333333334}"
baseline,neuroticism,high,bfi_18,conscientiousness,True,3,3,"{""extraversion"": 0.625, ""agreeableness"": 0.5555555555555556, ""neuroticism"": 0.4375, ""openness"": 0.675, ""conscientiousness"": 0.5833333333333334}"
baseline,neuroticism,high,bfi_19,neuroticism,False,3,3,"{""extraversion"": 0.625, ""agreeableness"": 0.5555555555555556, ""neuroticism"": 0.4375, ""openness"": 0.675, ""conscientiousness"": 0.5833333333333334}"
baseline,neuroticism,high,bfi_20,openness,False,4,4,"{""extraversion"": 0.625, ""agreeableness"": 0.5555555555555556, ""neuroticism"": 0.4375, ""openness"": 0.675, ""conscientiousness"": 0.5833333333333334}"
baseline,neuroticism,high,bfi_21,extraversion,True,3,3,"{""extraversion"": 0.625, ""agreeableness"": 0.5555555555555556, ""neuroticism"": 0.4375, ""openness"": 0.675, ""conscientiousness"": 0.5833333333333334}"
baseline,neuroticism,high,bfi_22,agreeableness,False,3,3,"{""extraversion"": 0.625, ""agreeableness"": 0.5555555555555556, ""neuroticism"": 0.4375, ""openness"": 0.675, ""conscientiousness"": 0.5833333333333334}"
baseline,neuroticism,high,bfi_23,conscientiousness,True,3,3,"{""extraversion"": 0.625, ""agreeableness"": 0.5555555555555556, ""neuroticism"": 0.4375, ""openness"": 0.675, ""conscientiousness"": 0.5833333333333334}"
baseline,neuroticism,high,bfi_24,neuroticism,True,4,4,"{""extraversion"": 0.625, ""agreeableness"": 0.5555555555555556, ""neuroticism"": 0.4375, ""openness"": 0.675, ""conscientiousness"": 0.5833333333333334}"
baseline,neuroticism,high,bfi_25,openness,False,4,4,"{""extraversion"": 0.625, ""agreeableness"": 0.5555555555555556, ""neuroticism"": 0.4375, ""openness"": 0.675, ""conscientiousness"": 0.5833333333333334}"
baseline,neuroticism,high,bfi_26,extraversion,False,4,4,"{""extraversion"": 0.625, ""agreeableness"": 0.5555555555555556, ""neuroticism"": 0.4375, ""openness"": 0.675, ""conscientiousness"": 0.5833333333333334}"
baseline,neuroticism,high,bfi_27,agreeableness,True,3,3,"{""extraversion"": 0.625, ""agreeableness"": 0.5555555555555556, ""neuroticism"": 0.4375, ""openness"": 0.675, ""conscientiousness"": 0.5833333333333334}"
baseline,neuroticism,high,bfi_28,conscientiousness,False,4,4,"{""extraversion"": 0.625, ""agreeableness"": 0.5555555555555556, ""neuroticism"": 0.4375, ""openness"": 0.675, ""conscientiousness"": 0.5833333333333334}"
baseline,neuroticism,high,bfi_29,neuroticism,False,3,3,"{""extraversion"": 0.625, ""agreeableness"": 0.5555555555555556, ""neuroticism"": 0.4375, ""openness"": 0.675, ""conscientiousness"": 0.5833333333333334}"
baseline,neuroticism,high,bfi_30,openness,False,4,4,"{""extraversion"": 0.625, ""agreeableness"": 0.5555555555555556, ""neuroticism"": 0.4375, ""openness"": 0.675, ""conscientiousness"": 0.5833333333333334}"
baseline,neuroticism,high,bfi_31,extraversion,True,3,3,"{""extraversion"": 0.625, ""agreeableness"": 0.5555555555555556, ""neuroticism"": 0.4375, ""openness"": 0.675, ""conscientiousness"": 0.5833333333333334}"
baseline,neuroticism,high,bfi_32,agreeableness,False,4,4,"{""extraversion"": 0.625, ""agreeableness"": 0.5555555555555556, ""neuroticism"": 0.4375, ""openness"": 0.675, ""conscientiousness"": 0.5833333333333334}"
baseline,neuroticism,high,bfi_33,conscientiousness,False,3,3,"{""extraversion"": 0.625, ""agreeableness"": 0.5555555555555556, ""neuroticism"": 0.4375, ""openness"": 0.675, ""conscientiousness"": 0.5833333333333334}"
baseline,neuroticism,high,bfi_34,neuroticism,True,3,3,"{""extraversion"": 0.625, ""agreeableness"": 0.5555555555555556, ""neuroticism"": 0.4375, ""openness"": 0.675, ""conscientiousness"": 0.5833333333333334}"
baseline,neuroticism,high,bfi_35,openness,True,3,3,"{""extraversion"": 0.625, ""agreeableness"": 0.5555555555555556, ""neuroticism"": 0.4375, ""openness"": 0.675, ""conscientiousness"": 0.5833333333333334}"
baseline,neuroticism,high,bfi_36,extraversion,False,4,4,"{""extraversion"": 0.625, ""agreeableness"": 0.5555555555555556, ""neuroticism"": 0.4375, ""openness"": 0.675, ""conscientiousness"": 0.5833333333333334}"
baseline,neuroticism,high,bfi_37,agreeableness,True,3,3,"{""extraversion"": 0.625, ""agreeableness"": 0.5555555555555556, ""neuroticism"": 0.4375, ""openness"": 0.675, ""conscientiousness"": 0.5833333333333334}"
baseline,neuroticism,high,bfi_38,conscientiousness,False,4,4,"{""extraversion"": 0.625, ""agreeableness"": 0.5555555555555556, ""neuroticism"": 0.4375, ""openness"": 0.675, ""conscientiousness"": 0.5833333333333334}"
baseline,neuroticism,high,bfi_39,neuroticism,False,3,3,"{""extraversion"": 0.625, ""agreeableness"": 0.5555555555555556, ""neuroticism"": 0.4375, ""openness"": 0.675, ""conscientiousness"": 0.5833333333333334}"
baseline,neuroticism,high,bfi_40,openness,False,4,4,"{""extraversion"": 0.625, ""agreeableness"": 0.5555555555555556, ""neuroticism"": 0.4375, ""openness"": 0.675, ""conscientiousness"": 0.5833333333333334}"
baseline,neuroticism,high,bfi_41,openness,True,3,3,"{""extraversion"": 0.625, ""agreeableness"": 0.5555555555555556, ""neuroticism"": 0.4375, ""openness"": 0.675, ""conscientiousness"": 0.5833333333333334}"
baseline,neuroticism,high,bfi_42,agreeableness,False,3,3,"{""extraversion"": 0.625, ""agreeableness"": 0.5555555555555556, ""neuroticism"": 0.4375, ""openness"": 0.675, ""conscientiousness"": 0.5833333333333334}"
baseline,neuroticism,high,bfi_43,conscientiousness,True,3,3,"{""extraversion"": 0.625, ""agreeableness"": 0.5555555555555556, ""neuroticism"": 0.4375, ""openness"": 0.675, ""conscientiousness"": 0.5833333333333334}"
baseline,neuroticism,high,bfi_44,openness,False,3,3,"{""extraversion"": 0.625, ""agreeableness"": 0.5555555555555556, ""neuroticism"": 0.4375, ""openness"": 0.675, ""conscientiousness"": 0.5833333333333334}"
baseline,neuroticism,low,bfi_01,extraversion,False,3,3,"{""extraversion"": 0.625, ""agreeableness"": 0.5555555555555556, ""neuroticism"": 0.4375, ""openness"": 0.675, ""conscientiousness"": 0.5833333333333334}"
baseline,neuroticism,low,bfi_02,agreeableness,True,3,3,"{""extraversion"": 0.625, ""agreeableness"": 0.5555555555555556, ""neuroticism"": 0.4375, ""openness"": 0.675, ""conscientiousness"": 0.5833333333333334}"
baseline,neuroticism,low,bfi_03,conscientiousness,False,3,3,"{""extraversion"": 0.625, ""agreeableness"": 0.5555555555555556, ""neuroticism"": 0.4375, ""openness"": 0.675, ""conscientiousness"": 0.5833333333333334}"
baseline,neuroticism,low,bfi_04,neuroticism,False,3,3,"{""extraversion"": 0.625, ""agreeableness"": 0.5555555555555556, ""neuroticism"": 0.4375, ""openness"": 0.675, ""conscientiousness"": 0.5833333333333334}"
baseline,neuroticism,low,bfi_05,openness,False,4,4,"{""extraversion"": 0.625, ""agreeableness"": 0.5555555555555556, ""neuroticism"": 0.4375, ""openness"": 0.675, ""conscientiousness"": 0.5833333333333334}"
baseline,neuroticism,low,bfi_06,extraversion,True,3,3,"{""extraversion"": 0.625, ""agreeableness"": 0.5555555555555556, ""neuroticism"": 0.4375, ""openness"": 0.675, ""conscientiousness"": 0.5833333333333334}"
baseline,neuroticism,low,bfi_07,agreeableness,False,4,4,"{""extraversion"": 0.625, ""agreeableness"": 0.5555555555555556, ""neuroticism"": 0.4375, ""openness"": 0.675, ""conscientiousness"": 0.5833333333333334}"
baseline,neuroticism,low,bfi_08,conscientiousness,True,3,3,"{""extraversion"": 0.625, ""agreeableness"": 0.5555555555555556, ""neuroticism"": 0.4375, ""openness"": 0.675, ""conscientiousness"": 0.5833333333333334}"
baseline,neuroticism,low,bfi_09,neuroticism,True,4,4,"{""extraversion"": 0.625, ""agreeableness"": 0.5555555555555556, ""neuroticism"": 0.4375, ""openness"": 0.675, ""conscientiousness"": 0.5833333333333334}"
baseline,neuroticism,low,bfi_10,openness,False,4,4,"{""extraversion"": 0.625, ""agreeableness"": 0.5555555555555556, ""neuroticism"": 0.4375, ""openness"": 0.675, ""conscientiousness"": 0.5833333333333334}"
baseline,neuroticism,low,bfi_11,extraversion,False,4,4,"{""extraversion"": 0.625, ""agreeableness"": 0.5555555555555556, ""neuroticism"": 0.4375, ""openness"": 0.675, ""conscientiousness"": 0.5833333333333334}"
baseline,neuroticism,low,bfi_12,agreeableness,True,3,3,"{""extraversion"": 0.625, ""agreeableness"": 0.5555555555555556, ""neuroticism"": 0.4375, ""openness"": 0.675, ""conscientiousness"": 0.5833333333333334}"
baseline,neuroticism,low,bfi_13,conscientiousness,False,4,4,"{""extraversion"": 0.625, ""agreeableness"": 0.5555555555555556, ""neuroticism"": 0.4375, ""openness"": 0.675, ""conscientiousness"": 0.5833333333333334}"
baseline,neuroticism,low,bfi_14,neuroticism,False,3,3,"{""extraversion"": 0.625, ""agreeableness"": 0.5555555555555556, ""neuroticism"": 0.4375, ""openness"": 0.675, ""conscientiousness"": 0.5833333333333334}"
baseline,neuroticism,low,bfi_15,openness,False,4,4,"{""extraversion"": 0.625, ""agreeableness"": 0.5555555555555556, ""neuroticism"": 0.4375, ""openness"": 0.675, ""conscientiousness"": 0.5833333333333334}"
baseline,neuroticism,low,bfi_16,extraversion,False,4,4,"{""extraversion"": 0.625, ""agreeableness"": 0.5555555555555556, ""neuroticism"": 0.4375, ""openness"": 0.675, ""conscientiousness"": 0.5833333333333334}"
baseline,neuroticism,low,bfi_17,agreeableness,False,3,3,"{""extraversion"": 0.625, ""agreeableness"": 0.5555555555555556, ""neuroticism"": 0.4375, ""openness"": 0.675, ""conscientiousness"": 0.5833333333333334}"
baseline,neuroticism,low,bfi_18,conscientiousness,True,3,3,"{""extraversion"": 0.625, ""agreeableness"": 0.5555555555555556, ""neuroticism"": 0.4375, ""openness"": 0.675, ""conscientiousness"": 0.5833333333333334}"
baseline,neuroticism,low,bfi_19,neuroticism,False,3,3,"{""extraversion"": 0.625, ""agreeableness"": 0.5555555555555556, ""neuroticism"": 0.4375, ""openness"": 0.675, ""conscientiousness"": 0.5833333333333334}"
baseline,neuroticism,low,bfi_20,openness,False,4,4,"{""extraversion"": 0.625, ""agreeableness"": 0.5555555555555556, ""neuroticism"": 0.4375, ""openness"": 0.675, ""conscientiousness"": 0.5833333333333334}"
baseline,neuroticism,low,bfi_21,extraversion,True,3,3,"{""extraversion"": 0.625, ""agreeableness"": 0.5555555555555556, ""neuroticism"": 0.4375, ""openness"": 0.675, ""conscientiousness"": 0.5833333333333334}"
baseline,neuroticism,low,bfi_22,agreeableness,False,3,3,"{""extraversion"": 0.625, ""agreeableness"": 0.5555555555555556, ""neuroticism"": 0.4375, ""openness"": 0.675, ""conscientiousness"": 0.5833333333333334}"
baseline,neuroticism,low,bfi_23,conscientiousness,True,3,3,"{""extraversion"": 0.625, ""agreeableness"": 0.5555555555555556, ""neuroticism"": 0.4375, ""openness"": 0.675, ""conscientiousness"": 0.5833333333333334}"
baseline,neuroticism,low,bfi_24,neuroticism,True,4,4,"{""extraversion"": 0.625, ""agreeableness"": 0.5555555555555556, ""neuroticism"": 0.4375, ""openness"": 0.675, ""conscientiousness"": 0.5833333333333334}"
baseline,neuroticism,low,bfi_25,openness,False,4,4,"{""extraversion"": 0.625, ""agreeableness"": 0.5555555555555556, ""neuroticism"": 0.4375, ""openness"": 0.675, ""conscientiousness"": 0.5833333333333334}"
baseline,neuroticism,low,bfi_26,extraversion,False,4,4,"{""extraversion"": 0.625, ""agreeableness"": 0.5555555555555556, ""neuroticism"": 0.4375, ""openness"": 0.675, ""conscientiousness"": 0.5833333333333334}"
baseline,neuroticism,low,bfi_27,agreeableness,True,3,3,"{""extraversion"": 0.625, ""agreeableness"": 0.5555555555555556, ""neuroticism"": 0.4375, ""openness"": 0.675, ""conscientiousness"": 0.5833333333333334}"
baseline,neuroticism,low,bfi_28,conscientiousness,False,4,4,"{""extraversion"": 0.625, ""agreeableness"": 0.5555555555555556, ""neuroticism"": 0.4375, ""openness"": 0.675, ""conscientiousness"": 0.5833333333333334}"
baseline,neuroticism,low,bfi_29,neuroticism,False,3,3,"{""extraversion"": 0.625, ""agreeableness"": 0.5555555555555556, ""neuroticism"": 0.4375, ""openness"": 0.675, ""conscientiousness"": 0.5833333333333334}"
baseline,neuroticism,low,bfi_30,openness,False,4,4,"{""extraversion"": 0.625, ""agreeableness"": 0.5555555555555556, ""neuroticism"": 0.4375, ""openness"": 0.675, ""conscientiousness"": 0.5833333333333334}"
baseline,neuroticism,low,bfi_31,extraversion,True,3,3,"{""extraversion"": 0.625, ""agreeableness"": 0.5555555555555556, ""neuroticism"": 0.4375, ""openness"": 0.675, ""conscientiousness"": 0.5833333333333334}"
baseline,neuroticism,low,bfi_32,agreeableness,False,4,4,"{""extraversion"": 0.625, ""agreeableness"": 0.5555555555555556, ""neuroticism"": 0.4375, ""openness"": 0.675, ""conscientiousness"": 0.5833333333333334}"
baseline,neuroticism,low,bfi_33,conscientiousness,False,3,3,"{""extraversion"": 0.625, ""agreeableness"": 0.5555555555555556, ""neuroticism"": 0.4375, ""openness"": 0.675, ""conscientiousness"": 0.5833333333333334}"
baseline,neuroticism,low,bfi_34,neuroticism,True,3,3,"{""extraversion"": 0.625, ""agreeableness"": 0.5555555555555556, ""neuroticism"": 0.4375, ""openness"": 0.675, ""conscientiousness"": 0.5833333333333334}"
baseline,neuroticism,low,bfi_35,openness,True,3,3,"{""extraversion"": 0.625, ""agreeableness"": 0.5555555555555556, ""neuroticism"": 0.4375, ""openness"": 0.675, ""conscientiousness"": 0.5833333333333334}"
baseline,neuroticism,low,bfi_36,extraversion,False,4,4,"{""extraversion"": 0.625, ""agreeableness"": 0.5555555555555556, ""neuroticism"": 0.4375, ""openness"": 0.675, ""conscientiousness"": 0.5833333333333334}"
baseline,neuroticism,low,bfi_37,agreeableness,True,3,3,"{""extraversion"": 0.625, ""agreeableness"": 0.5555555555555556, ""neuroticism"": 0.4375, ""openness"": 0.675, ""conscientiousness"": 0.5833333333333334}"
baseline,neuroticism,low,bfi_38,conscientiousness,False,4,4,"{""extraversion"": 0.625, ""agreeableness"": 0.5555555555555556, ""neuroticism"": 0.4375, ""openness"": 0.675, ""conscientiousness"": 0.5833333333333334}"
baseline,neuroticism,low,bfi_39,neuroticism,False,3,3,"{""extraversion"": 0.625, ""agreeableness"": 0.5555555555555556, ""neuroticism"": 0.4375, ""openness"": 0.675, ""conscientiousness"": 0.5833333333333334}"
baseline,neuroticism,low,bfi_40,openness,False,4,4,"{""extraversion"": 0.625, ""agreeableness"": 0.5555555555555556, ""neuroticism"": 0.4375, ""openness"": 0.675, ""conscientiousness"": 0.5833333333333334}"
baseline,neuroticism,low,bfi_41,openness,True,3,3,"{""extraversion"": 0.625, ""agreeableness"": 0.5555555555555556, ""neuroticism"": 0.4375, ""openness"": 0.675, ""conscientiousness"": 0.5833333333333334}"
baseline,neuroticism,low,bfi_42,agreeableness,False,3,3,"{""extraversion"": 0.625, ""agreeableness"": 0.5555555555555556, ""neuroticism"": 0.4375, ""openness"": 0.675, ""conscientiousness"": 0.5833333333333334}"
baseline,neuroticism,low,bfi_43,conscientiousness,True,3,3,"{""extraversion"": 0.625, ""agreeableness"": 0.5555555555555556, ""neuroticism"": 0.4375, ""openness"": 0.675, ""conscientiousness"": 0.5833333333333334}"
baseline,neuroticism,low,bfi_44,openness,False,3,3,"{""extraversion"": 0.625, ""agreeableness"": 0.5555555555555556, ""neuroticism"": 0.4375, ""openness"": 0.675, ""conscientiousness"": 0.5833333333333334}"
baseline,openness,high,bfi_01,extraversion,False,3,3,"{""extraversion"": 0.625, ""agreeableness"": 0.5555555555555556, ""neuroticism"": 0.4375, ""openness"": 0.675, ""conscientiousness"": 0.5833333333333334}"
baseline,openness,high,bfi_02,agreeableness,True,3,3,"{""extraversion"": 0.625, ""agreeableness"": 0.5555555555555556, ""neuroticism"": 0.4375, ""openness"": 0.675, ""conscientiousness"": 0.5833333333333334}"
baseline,openness,high,bfi_03,conscientiousness,False,3,3,"{""extraversion"": 0.625, ""agreeableness"": 0.5555555555555556, ""neuroticism"": 0.4375, ""openness"": 0.675, ""conscientiousness"": 0.5833333333333334}"
baseline,openness,high,bfi_04,neuroticism,False,3,3,"{""extraversion"": 0.625, ""agreeableness"": 0.5555555555555556, ""neuroticism"": 0.4375, ""openness"": 0.675, ""conscientiousness"": 0.5833333333333334}"
baseline,openness,high,bfi_05,openness,False,4,4,"{""extraversion"": 0.625, ""agreeableness"": 0.5555555555555556, ""neuroticism"": 0.4375, ""openness"": 0.675, ""conscientiousness"": 0.5833333333333334}"
baseline,openness,high,bfi_06,extraversion,True,3,3,"{""extraversion"": 0.625, ""agreeableness"": 0.5555555555555556, ""neuroticism"": 0.4375, ""openness"": 0.675, ""conscientiousness"": 0.5833333333333334}"
baseline,openness,high,bfi_07,agreeableness,False,4,4,"{""extraversion"": 0.625, ""agreeableness"": 0.5555555555555556, ""neuroticism"": 0.4375, ""openness"": 0.675, ""conscientiousness"": 0.5833333333333334}"
baseline,openness,high,bfi_08,conscientiousness,True,3,3,"{""extraversion"": 0.625, ""agreeableness"": 0.5555555555555556, ""neuroticism"": 0.4375, ""openness"": 0.675, ""conscientiousness"": 0.5833333333333334}"
baseline,openness,high,bfi_09,neuroticism,True,4,4,"{""extraversion"": 0.625, ""agreeableness"": 0.5555555555555556, ""neuroticism"": 0.4375, ""openness"": 0.675, ""conscientiousness"": 0.5833333333333334}"
baseline,openness,high,bfi_10,openness,False,4,4,"{""extraversion"": 0.625, ""agreeableness"": 0.5555555555555556, ""neuroticism"": 0.4375, ""openness"": 0.675, ""conscientiousness"": 0.5833333333333334}"
baseline,openness,high,bfi_11,extraversion,False,4,4,"{""extraversion"": 0.625, ""agreeableness"": 0.5555555555555556, ""neuroticism"": 0.4375, ""openness"": 0.675, ""conscientiousness"": 0.5833333333333334}"
baseline,openness,high,bfi_12,agreeableness,True,3,3,"{""extraversion"": 0.625, ""agreeableness"": 0.5555555555555556, ""neuroticism"": 0.4375, ""openness"": 0.675, ""conscientiousness"": 0.5833333333333334}"
baseline,openness,high,bfi_13,conscientiousness,False,4,4,"{""extraversion"": 0.625, ""agreeableness"": 0.5555555555555556, ""neuroticism"": 0.4375, ""openness"": 0.675, ""conscientiousness"": 0.5833333333333334}"
baseline,openness,high,bfi_14,neuroticism,False,3,3,"{""extraversion"": 0.625, ""agreeableness"": 0.5555555555555556, ""neuroticism"": 0.4375, ""openness"": 0.675, ""conscientiousness"": 0.5833333333333334}"
baseline,openness,high,bfi_15,openness,False,4,4,"{""extraversion"": 0.625, ""agreeableness"": 0.5555555555555556, ""neuroticism"": 0.4375, ""openness"": 0.675, ""conscientiousness"": 0.5833333333333334}"
baseline,openness,high,bfi_16,extraversion,False,4,4,"{""extraversion"": 0.625, ""agreeableness"": 0.5555555555555556, ""neuroticism"": 0.4375, ""openness"": 0.675, ""conscientiousness"": 0.5833333333333334}"
baseline,openness,high,bfi_17,agreeableness,False,3,3,"{""extraversion"": 0.625, ""agreeableness"": 0.5555555555555556, ""neuroticism"": 0.4375, ""openness"": 0.675, ""conscientiousness"": 0.5833333333333334}"
baseline,openness,high,bfi_18,conscientiousness,True,3,3,"{""extraversion"": 0.625, ""agreeableness"": 0.5555555555555556, ""neuroticism"": 0.4375, ""openness"": 0.675, ""conscientiousness"": 0.5833333333333334}"
baseline,openness,high,bfi_19,neuroticism,False,3,3,"{""extraversion"": 0.625, ""agreeableness"": 0.5555555555555556, ""neuroticism"": 0.4375, ""openness"": 0.675, ""conscientiousness"": 0.5833333333333334}"
baseline,openness,high,bfi_20,openness,False,4,4,"{""extraversion"": 0.625, ""agreeableness"": 0.5555555555555556, ""neuroticism"": 0.4375, ""openness"": 0.675, ""conscientiousness"": 0.5833333333333334}"
baseline,openness,high,bfi_21,extraversion,True,3,3,"{""extraversion"": 0.625, ""agreeableness"": 0.5555555555555556, ""neuroticism"": 0.4375, ""openness"": 0.675, ""conscientiousness"": 0.5833333333333334}"
baseline,openness,high,bfi_22,agreeableness,False,3,3,"{""extraversion"": 0.625, ""agreeableness"": 0.5555555555555556, ""neuroticism"": 0.4375, ""openness"": 0.675, ""conscientiousness"": 0.5833333333333334}"
baseline,openness,high,bfi_23,conscientiousness,True,3,3,"{""extraversion"": 0.625, ""agreeableness"": 0.5555555555555556, ""neuroticism"": 0.4375, ""openness"": 0.675, ""conscientiousness"": 0.5833333333333334}"
baseline,openness,high,bfi_24,neuroticism,True,4,4,"{""extraversion"": 0.625, ""agreeableness"": 0.5555555555555556, ""neuroticism"": 0.4375, ""openness"": 0.675, ""conscientiousness"": 0.5833333333333334}"
baseline,openness,high,bfi_25,openness,False,4,4,"{""extraversion"": 0.625, ""agreeableness"": 0.5555555555555556, ""neuroticism"": 0.4375, ""openness"": 0.675, ""conscientiousness"": 0.5833333333333334}"
baseline,openness,high,bfi_26,extraversion,False,4,4,"{""extraversion"": 0.625, ""agreeableness"": 0.5555555555555556, ""neuroticism"": 0.4375, ""openness"": 0.675, ""conscientiousness"": 0.5833333333333334}"
baseline,openness,high,bfi_27,agreeableness,True,3,3,"{""extraversion"": 0.625, ""agreeableness"": 0.5555555555555556, ""neuroticism"": 0.4375, ""openness"": 0.675, ""conscientiousness"": 0.5833333333333334}"
baseline,openness,high,bfi_28,conscientiousness,False,4,4,"{""extraversion"": 0.625, ""agreeableness"": 0.5555555555555556, ""neuroticism"": 0.4375, ""openness"": 0.675, ""conscientiousness"": 0.5833333333333334}"
baseline,openness,high,bfi_29,neuroticism,False,3,3,"{""extraversion"": 0.625, ""agreeableness"": 0.5555555555555556, ""neuroticism"": 0.4375, ""openness"": 0.675, ""conscientiousness"": 0.5833333333333334}"
baseline,openness,high,bfi_30,openness,False,4,4,"{""extraversion"": 0.625, ""agreeableness"": 0.5555555555555556, ""neuroticism"": 0.4375, ""openness"": 0.675, ""conscientiousness"": 0.5833333333333334}"
baseline,openness,high,bfi_31,extraversion,True,3,3,"{""extraversion"": 0.625, ""agreeableness"": 0.5555555555555556, ""neuroticism"": 0.4375, ""openness"": 0.675, ""conscientiousness"": 0.5833333333333334}"
baseline,openness,high,bfi_32,agreeableness,False,4,4,"{""extraversion"": 0.625, ""agreeableness"": 0.5555555555555556, ""neuroticism"": 0.4375, ""openness"": 0.675, ""conscientiousness"": 0.5833333333333334}"
baseline,openness,high,bfi_33,conscientiousness,False,3,3,"{""extraversion"": 0.625, ""agreeableness"": 0.5555555555555556, ""neuroticism"": 0.4375, ""openness"": 0.675, ""conscientiousness"": 0.5833333333333334}"
baseline,openness,high,bfi_34,neuroticism,True,3,3,"{""extraversion"": 0.625, ""agreeableness"": 0.5555555555555556, ""neuroticism"": 0.4375, ""openness"": 0.675, ""conscientiousness"": 0.5833333333333334}"
baseline,openness,high,bfi_35,openness,True,3,3,"{""extraversion"": 0.625, ""agreeableness"": 0.5555555555555556, ""neuroticism"": 0.4375, ""openness"": 0.675, ""conscientiousness"": 0.5833333333333334}"
baseline,openness,high,bfi_36,extraversion,False,4,4,"{""extraversion"": 0.625, ""agreeableness"": 0.5555555555555556, ""neuroticism"": 0.4375, ""openness"": 0.675, ""conscientiousness"": 0.5833333333333334}"
baseline,openness,high,bfi_37,agreeableness,True,3,3,"{""extraversion"": 0.625, ""agreeableness"": 0.5555555555555556, ""neuroticism"": 0.4375, ""openness"": 0.675, ""conscientiousness"": 0.5833333333333334}"
baseline,openness,high,bfi_38,conscientiousness,False,4,4,"{""extraversion"": 0.625, ""agreeableness"": 0.5555555555555556, ""neuroticism"": 0.4375, ""openness"": 0.675, ""conscientiousness"": 0.5833333333333334}"
baseline,openness,high,bfi_39,neuroticism,False,3,3,"{""extraversion"": 0.625, ""agreeableness"": 0.5555555555555556, ""neuroticism"": 0.4375, ""openness"": 0.675, ""conscientiousness"": 0.5833333333333334}"
baseline,openness,high,bfi_40,openness,False,4,4,"{""extraversion"": 0.625, ""agreeableness"": 0.5555555555555556, ""neuroticism"": 0.4375, ""openness"": 0.675, ""conscientiousness"": 0.5833333333333334}"
baseline,openness,high,bfi_41,openness,True,3,3,"{""extraversion"": 0.625, ""agreeableness"": 0.5555555555555556, ""neuroticism"": 0.4375, ""openness"": 0.675, ""conscientiousness"": 0.5833333333333334}"
baseline,openness,high,bfi_42,agreeableness,False,3,3,"{""extraversion"": 0.625, ""agreeableness"": 0.5555555555555556, ""neuroticism"": 0.4375, ""openness"": 0.675, ""conscientiousness"": 0.5833333333333334}"
baseline,openness,high,bfi_43,conscientiousness,True,3,3,"{""extraversion"": 0.625, ""agreeableness"": 0.5555555555555556, ""neuroticism"": 0.4375, ""openness"": 0.675, ""conscientiousness"": 0.5833333333333334}"
baseline,openness,high,bfi_44,openness,False,3,3,"{""extraversion"": 0.625, ""agreeableness"": 0.5555555555555556, ""neuroticism"": 0.4375, ""openness"": 0.675, ""conscientiousness"": 0.5833333333333334}"
baseline,openness,low,bfi_01,extraversion,False,3,3,"{""extraversion"": 0.625, ""agreeableness"": 0.5555555555555556, ""neuroticism"": 0.4375, ""openness"": 0.675, ""conscientiousness"": 0.5833333333333334}"
baseline,openness,low,bfi_02,agreeableness,True,3,3,"{""extraversion"": 0.625, ""agreeableness"": 0.5555555555555556, ""neuroticism"": 0.4375, ""openness"": 0.675, ""conscientiousness"": 0.5833333333333334}"
baseline,openness,low,bfi_03,conscientiousness,False,3,3,"{""extraversion"": 0.625, ""agreeableness"": 0.5555555555555556, ""neuroticism"": 0.4375, ""openness"": 0.675, ""conscientiousness"": 0.5833333333333334}"
baseline,openness,low,bfi_04,neuroticism,False,3,3,"{""extraversion"": 0.625, ""agreeableness"": 0.5555555555555556, ""neuroticism"": 0.4375, ""openness"": 0.675, ""conscientiousness"": 0.5833333333333334}"
baseline,openness,low,bfi_05,openness,False,4,4,"{""extraversion"": 0.625, ""agreeableness"": 0.5555555555555556, ""neuroticism"": 0.4375, ""openness"": 0.675, ""conscientiousness"": 0.5833333333333334}"
baseline,openness,low,bfi_06,extraversion,True,3,3,"{""extraversion"": 0.625, ""agreeableness"": 0.5555555555555556, ""neuroticism"": 0.4375, ""openness"": 0.675, ""conscientiousness"": 0.5833333333333334}"
baseline,openness,low,bfi_07,agreeableness,False,4,4,"{""extraversion"": 0.625, ""agreeableness"": 0.5555555555555556, ""neuroticism"": 0.4375, ""openness"": 0.675, ""conscientiousness"": 0.5833333333333334}"
baseline,openness,low,bfi_08,conscientiousness,True,3,3,"{""extraversion"": 0.625, ""agreeableness"": 0.5555555555555556, ""neuroticism"": 0.4375, ""openness"": 0.675, ""conscientiousness"": 0.5833333333333334}"
baseline,openness,low,bfi_09,neuroticism,True,4,4,"{""extraversion"": 0.625, ""agreeableness"": 0.5555555555555556, ""neuroticism"": 0.4375, ""openness"": 0.675, ""conscientiousness"": 0.5833333333333334}"
baseline,openness,low,bfi_10,openness,False,4,4,"{""extraversion"": 0.625, ""agreeableness"": 0.5555555555555556, ""neuroticism"": 0.4375, ""openness"": 0.675, ""conscientiousness"": 0.5833333333333334}"
baseline,openness,low,bfi_11,extraversion,False,4,4,"{""extraversion"": 0.625, ""agreeableness"": 0.5555555555555556, ""neuroticism"": 0.4375, ""openness"": 0.675, ""conscientiousness"": 0.5833333333333334}"
baseline,openness,low,bfi_12,agreeableness,True,3,3,"{""extraversion"": 0.625, ""agreeableness"": 0.5555555555555556, ""neuroticism"": 0.4375, ""openness"": 0.675, ""conscientiousness"": 0.5833333333333334}"
baseline,openness,low,bfi_13,conscientiousness,False,4,4,"{""extraversion"": 0.625, ""agreeableness"": 0.5555555555555556, ""neuroticism"": 0.4375, ""openness"": 0.675, ""conscientiousness"": 0.5833333333333334}"
baseline,openness,low,bfi_14,neuroticism,False,3,3,"{""extraversion"": 0.625, ""agreeableness"": 0.5555555555555556, ""neuroticism"": 0.4375, ""openness"": 0.675, ""conscientiousness"": 0.5833333333333334}"
baseline,openness,low,bfi_15,openness,False,4,4,"{""extraversion"": 0.625, ""agreeableness"": 0.5555555555555556, ""neuroticism"": 0.4375, ""openness"": 0.675, ""conscientiousness"": 0.5833333333333334}"
baseline,openness,low,bfi_16,extraversion,False,4,4,"{""extraversion"": 0.625, ""agreeableness"": 0.5555555555555556, ""neuroticism"": 0.4375, ""openness"": 0.675, ""conscientiousness"": 0.5833333333333334}"
baseline,openness,low,bfi_17,agreeableness,False,3,3,"{""extraversion"": 0.625, ""agreeableness"": 0.5555555555555556, ""neuroticism"": 0.4375, ""openness"": 0.675, ""conscientiousness"": 0.5833333333333334}"
baseline,openness,low,bfi_18,conscientiousness,True,3,3,"{""extraversion"": 0.625, ""agreeableness"": 0.5555555555555556, ""neuroticism"": 0.4375, ""openness"": 0.675, ""conscientiousness"": 0.5833333333333334}"
baseline,openness,low,bfi_19,neuroticism,False,3,3,"{""extraversion"": 0.625, ""agreeableness"": 0.5555555555555556, ""neuroticism"": 0.4375, ""openness"": 0.675, ""conscientiousness"": 0.5833333333333334}"
baseline,openness,low,bfi_20,openness,False,4,4,"{""extraversion"": 0.625, ""agreeableness"": 0.5555555555555556, ""neuroticism"": 0.4375, ""openness"": 0.675, ""conscientiousness"": 0.5833333333333334}"
baseline,openness,low,bfi_21,extraversion,True,3,3,"{""extraversion"": 0.625, ""agreeableness"": 0.5555555555555556, ""neuroticism"": 0.4375, ""openness"": 0.675, ""conscientiousness"": 0.5833333333333334}"
baseline,openness,low,bfi_22,agreeableness,False,3,3,"{""extraversion"": 0.625, ""agreeableness"": 0.5555555555555556, ""neuroticism"": 0.4375, ""openness"": 0.675, ""conscientiousness"": 0.5833333333333334}"
baseline,openness,low,bfi_23,conscientiousness,True,3,3,"{""extraversion"": 0.625, ""agreeableness"": 0.5555555555555556, ""neuroticism"": 0.4375, ""openness"": 0.675, ""conscientiousness"": 0.5833333333333334}"
baseline,openness,low,bfi_24,neuroticism,True,4,4,"{""extraversion"": 0.625, ""agreeableness"": 0.5555555555555556, ""neuroticism"": 0.4375, ""openness"": 0.675, ""conscientiousness"": 0.5833333333333334}"
baseline,openness,low,bfi_25,openness,False,4,4,"{""extraversion"": 0.625, ""agreeableness"": 0.5555555555555556, ""neuroticism"": 0.4375, ""openness"": 0.675, ""conscientiousness"": 0.5833333333333334}"
baseline,openness,low,bfi_26,extraversion,False,4,4,"{""extraversion"": 0.625, ""agreeableness"": 0.5555555555555556, ""neuroticism"": 0.4375, ""openness"": 0.675, ""conscientiousness"": 0.5833333333333334}"
baseline,openness,low,bfi_27,agreeableness,True,3,3,"{""extraversion"": 0.625, ""agreeableness"": 0.5555555555555556, ""neuroticism"": 0.4375, ""openness"": 0.675, ""conscientiousness"": 0.5833333333333334}"
baseline,openness,low,bfi_28,conscientiousness,False,4,4,"{""extraversion"": 0.625, ""agreeableness"": 0.5555555555555556, ""neuroticism"": 0.4375, ""openness"": 0.675, ""conscientiousness"": 0.5833333333333334}"
baseline,openness,low,bfi_29,neuroticism,False,3,3,"{""extraversion"": 0.625, ""agreeableness"": 0.5555555555555556, ""neuroticism"": 0.4375, ""openness"": 0.675, ""conscientiousness"": 0.5833333333333334}"
baseline,openness,low,bfi_30,openness,False,4,4,"{""extraversion"": 0.625, ""agreeableness"": 0.5555555555555556, ""neuroticism"": 0.4375, ""openness"": 0.675, ""conscientiousness"": 0.5833333333333334}"
baseline,openness,low,bfi_31,extraversion,True,3,3,"{""extraversion"": 0.625, ""agreeableness"": 0.5555555555555556, ""neuroticism"": 0.4375, ""openness"": 0.675, ""conscientiousness"": 0.5833333333333334}"
baseline,openness,low,bfi_32,agreeableness,False,4,4,"{""extraversion"": 0.625, ""agreeableness"": 0.5555555555555556, ""neuroticism"": 0.4375, ""openness"": 0.675, ""conscientiousness"": 0.5833333333333334}"
baseline,openness,low,bfi_33,conscientiousness,False,3,3,"{""extraversion"": 0.625, ""agreeableness"": 0.5555555555555556, ""neuroticism"": 0.4375, ""openness"": 0.675, ""conscientiousness"": 0.5833333333333334}"
baseline,openness,low,bfi_34,neuroticism,True,3,3,"{""extraversion"": 0.625, ""agreeableness"": 0.5555555555555556, ""neuroticism"": 0.4375, ""openness"": 0.675, ""conscientiousness"": 0.5833333333333334}"
baseline,openness,low,bfi_35,openness,True,3,3,"{""extraversion"": 0.625, ""agreeableness"": 0.5555555555555556, ""neuroticism"": 0.4375, ""openness"": 0.675, ""conscientiousness"": 0.5833333333333334}"
baseline,openness,low,bfi_36,extraversion,False,4,4,"{""extraversion"": 0.625, ""agreeableness"": 0.5555555555555556, ""neuroticism"": 0.4375, ""openness"": 0.675, ""conscientiousness"": 0.5833333333333334}"
baseline,openness,low,bfi_37,agreeableness,True,3,3,"{""extraversion"": 0.625, ""agreeableness"": 0.5555555555555556, ""neuroticism"": 0.4375, ""openness"": 0.675, ""conscientiousness"": 0.5833333333333334}"
baseline,openness,low,bfi_38,conscientiousness,False,4,4,"{""extraversion"": 0.625, ""agreeableness"": 0.5555555555555556, ""neuroticism"": 0.4375, ""openness"": 0.675, ""conscientiousness"": 0.5833333333333334}"
baseline,openness,low,bfi_39,neuroticism,False,3,3,"{""extraversion"": 0.625, ""agreeableness"": 0.5555555555555556, ""neuroticism"": 0.4375, ""openness"": 0.675, ""conscientiousness"": 0.5833333333333334}"
baseline,openness,low,bfi_40,openness,False,4,4,"{""extraversion"": 0.625, ""agreeableness"": 0.5555555555555556, ""neuroticism"": 0.4375, ""openness"": 0.675, ""conscientiousness"": 0.5833333333333334}"
baseline,openness,low,bfi_41,openness,True,3,3,"{""extraversion"": 0.625, ""agreeableness"": 0.5555555555555556, ""neuroticism"": 0.4375, ""openness"": 0.675, ""conscientiousness"": 0.5833333333333334}"
baseline,openness,low,bfi_42,agreeableness,False,3,3,"{""extraversion"": 0.625, ""agreeableness"": 0.5555555555555556, ""neuroticism"": 0.4375, ""openness"": 0.675, ""conscientiousness"": 0.5833333333333334}"
baseline,openness,low,bfi_43,conscientiousness,True,3,3,"{""extraversion"": 0.625, ""agreeableness"": 0.5555555555555556, ""neuroticism"": 0.4375, ""openness"": 0.675, ""conscientiousness"": 0.5833333333333334}"
baseline,openness,low,bfi_44,openness,False,3,3,"{""extraversion"": 0.625, ""agreeableness"": 0.5555555555555556, ""neuroticism"": 0.4375, ""openness"": 0.675, ""conscientiousness"": 0.5833333333333334}"
baseline,extraversion,high,bfi_01,extraversion,False,3,3,"{""extraversion"": 0.625, ""agreeableness"": 0.5555555555555556, ""neuroticism"": 0.4375, ""openness"": 0.675, ""conscientiousness"": 0.5833333333333334}"
baseline,extraversion,high,bfi_02,agreeableness,True,3,3,"{""extraversion"": 0.625, ""agreeableness"": 0.5555555555555556, ""neuroticism"": 0.4375, ""openness"": 0.675, ""conscientiousness"": 0.5833333333333334}"
baseline,extraversion,high,bfi_03,conscientiousness,False,3,3,"{""extraversion"": 0.625, ""agreeableness"": 0.5555555555555556, ""neuroticism"": 0.4375, ""openness"": 0.675, ""conscientiousness"": 0.5833333333333334}"
baseline,extraversion,high,bfi_04,neuroticism,False,3,3,"{""extraversion"": 0.625, ""agreeableness"": 0.5555555555555556, ""neuroticism"": 0.4375, ""openness"": 0.675, ""conscientiousness"": 0.5833333333333334}"
baseline,extraversion,high,bfi_05,openness,False,4,4,"{""extraversion"": 0.625, ""agreeableness"": 0.5555555555555556, ""neuroticism"": 0.4375, ""openness"": 0.675, ""conscientiousness"": 0.5833333333333334}"
baseline,extraversion,high,bfi_06,extraversion,True,3,3,"{""extraversion"": 0.625, ""agreeableness"": 0.5555555555555556, ""neuroticism"": 0.4375, ""openness"": 0.675, ""conscientiousness"": 0.5833333333333334}"
baseline,extraversion,high,bfi_07,agreeableness,False,4,4,"{""extraversion"": 0.625, ""agreeableness"": 0.5555555555555556, ""neuroticism"": 0.4375, ""openness"": 0.675, ""conscientiousness"": 0.5833333333333334}"
baseline,extraversion,high,bfi_08,conscientiousness,True,3,3,"{""extraversion"": 0.625, ""agreeableness"": 0.5555555555555556, ""neuroticism"": 0.4375, ""openness"": 0.675, ""conscientiousness"": 0.5833333333333334}"
baseline,extraversion,high,bfi_09,neuroticism,True,4,4,"{""extraversion"": 0.625, ""agreeableness"": 0.5555555555555556, ""neuroticism"": 0.4375, ""openness"": 0.675, ""conscientiousness"": 0.5833333333333334}"
baseline,extraversion,high,bfi_10,openness,False,4,4,"{""extraversion"": 0.625, ""agreeableness"": 0.5555555555555556, ""neuroticism"": 0.4375, ""openness"": 0.675, ""conscientiousness"": 0.5833333333333334}"
baseline,extraversion,high,bfi_11,extraversion,False,4,4,"{""extraversion"": 0.625, ""agreeableness"": 0.5555555555555556, ""neuroticism"": 0.4375, ""openness"": 0.675, ""conscientiousness"": 0.5833333333333334}"
baseline,extraversion,high,bfi_12,agreeableness,True,3,3,"{""extraversion"": 0.625, ""agreeableness"": 0.5555555555555556, ""neuroticism"": 0.4375, ""openness"": 0.675, ""conscientiousness"": 0.5833333333333334}"
baseline,extraversion,high,bfi_13,conscientiousness,False,4,4,"{""extraversion"": 0.625, ""agreeableness"": 0.5555555555555556, ""neuroticism"": 0.4375, ""openness"": 0.675, ""conscientiousness"": 0.5833333333333334}"
baseline,extraversion,high,bfi_14,neuroticism,False,3,3,"{""extraversion"": 0.625, ""agreeableness"": 0.5555555555555556, ""neuroticism"": 0.4375, ""openness"": 0.675, ""conscientiousness"": 0.5833333333333334}"
baseline,extraversion,high,bfi_15,openness,False,4,4,"{""extraversion"": 0.625, ""agreeableness"": 0.5555555555555556, ""neuroticism"": 0.4375, ""openness"": 0.675, ""conscientiousness"": 0.5833333333333334}"
baseline,extraversion,high,bfi_16,extraversion,False,4,4,"{""extraversion"": 0.625, ""agreeableness"": 0.5555555555555556, ""neuroticism"": 0.4375, ""openness"": 0.675, ""conscientiousness"": 0.5833333333333334}"
baseline,extraversion,high,bfi_17,agreeableness,False,3,3,"{""extraversion"": 0.625, ""agreeableness"": 0.5555555555555556, ""neuroticism"": 0.4375, ""openness"": 0.675, ""conscientiousness"": 0.5833333333333334}"
baseline,extraversion,high,bfi_18,conscientiousness,True,3,3,"{""extraversion"": 0.625, ""agreeableness"": 0.5555555555555556, ""neuroticism"": 0.4375, ""openness"": 0.675, ""conscientiousness"": 0.5833333333333334}"
baseline,extraversion,high,bfi_19,neuroticism,False,3,3,"{""extraversion"": 0.625, ""agreeableness"": 0.5555555555555556, ""neuroticism"": 0.4375, ""openness"": 0.675, ""conscientiousness"": 0.5833333333333334}"
baseline,extraversion,high,bfi_20,openness,False,4,4,"{""extraversion"": 0.625, ""agreeableness"": 0.5555555555555556, ""neuroticism"": 0.4375, ""openness"": 0.675, ""conscientiousness"": 0.5833333333333334}"
baseline,extraversion,high,bfi_21,extraversion,True,3,3,"{""extraversion"": 0.625, ""agreeableness"": 0.5555555555555556, ""neuroticism"": 0.4375, ""openness"": 0.675, ""conscientiousness"": 0.5833333333333334}"
baseline,extraversion,high,bfi_22,agreeableness,False,3,3,"{""extraversion"": 0.625, ""agreeableness"": 0.5555555555555556, ""neuroticism"": 0.4375, ""openness"": 0.675, ""conscientiousness"": 0.5833333333333334}"
baseline,extraversion,high,bfi_23,conscientiousness,True,3,3,"{""extraversion"": 0.625, ""agreeableness"": 0.5555555555555556, ""neuroticism"": 0.4375, ""openness"": 0.675, ""conscientiousness"": 0.5833333333333334}"
baseline,extraversion,high,bfi_24,neuroticism,True,4,4,"{""extraversion"": 0.625, ""agreeableness"": 0.5555555555555556, ""neuroticism"": 0.4375, ""openness"": 0.675, ""conscientiousness"": 0.5833333333333334}"
baseline,extraversion,high,bfi_25,openness,False,4,4,"{""extraversion"": 0.625, ""agreeableness"": 0.5555555555555556, ""neuroticism"": 0.4375, ""openness"": 0.675, ""conscientiousness"": 0.5833333333333334}"
baseline,extraversion,high,bfi_26,extraversion,False,4,4,"{""extraversion"": 0.625, ""agreeableness"": 0.5555555555555556, ""neuroticism"": 0.4375, ""openness"": 0.675, ""conscientiousness"": 0.5833333333333334}"
baseline,extraversion,high,bfi_27,agreeableness,True,3,3,"{""extraversion"": 0.625, ""agreeableness"": 0.5555555555555556, ""neuroticism"": 0.4375, ""openness"": 0.675, ""conscientiousness"": 0.5833333333333334}"
baseline,extraversion,high,bfi_28,conscientiousness,False,4,4,"{""extraversion"": 0.625, ""agreeableness"": 0.5555555555555556, ""neuroticism"": 0.4375, ""openness"": 0.675, ""conscientiousness"": 0.5833333333333334}"
baseline,extraversion,high,bfi_29,neuroticism,False,3,3,"{""extraversion"": 0.625, ""agreeableness"": 0.5555555555555556, ""neuroticism"": 0.4375, ""openness"": 0.675, ""conscientiousness"": 0.5833333333333334}"
baseline,extraversion,high,bfi_30,openness,False,4,4,"{""extraversion"": 0.625, ""agreeableness"": 0.5555555555555556, ""neuroticism"": 0.4375, ""openness"": 0.675, ""conscientiousness"": 0.5833333333333334}"
baseline,extraversion,high,bfi_31,extraversion,True,3,3,"{""extraversion"": 0.625, ""agreeableness"": 0.5555555555555556, ""neuroticism"": 0.4375, ""openness"": 0.675, ""conscientiousness"": 0.5833333333333334}"
baseline,extraversion,high,bfi_32,agreeableness,False,4,4,"{""extraversion"": 0.625, ""agreeableness"": 0.5555555555555556, ""neuroticism"": 0.4375, ""openness"": 0.675, ""conscientiousness"": 0.5833333333333334}"
baseline,extraversion,high,bfi_33,conscientiousness,False,3,3,"{""extraversion"": 0.625, ""agreeableness"": 0.5555555555555556, ""neuroticism"": 0.4375, ""openness"": 0.675, ""conscientiousness"": 0.5833333333333334}"
baseline,extraversion,high,bfi_34,neuroticism,True,3,3,"{""extraversion"": 0.625, ""agreeableness"": 0.5555555555555556, ""neuroticism"": 0.4375, ""openness"": 0.675, ""conscientiousness"": 0.5833333333333334}"
baseline,extraversion,high,bfi_35,openness,True,3,3,"{""extraversion"": 0.625, ""agreeableness"": 0.5555555555555556, ""neuroticism"": 0.4375, ""openness"": 0.675, ""conscientiousness"": 0.5833333333333334}"
baseline,extraversion,high,bfi_36,extraversion,False,4,4,"{""extraversion"": 0.625, ""agreeableness"": 0.5555555555555556, ""neuroticism"": 0.4375, ""openness"": 0.675, ""conscientiousness"": 0.5833333333333334}"
baseline,extraversion,high,bfi_37,agreeableness,True,3,3,"{""extraversion"": 0.625, ""agreeableness"": 0.5555555555555556, ""neuroticism"": 0.4375, ""openness"": 0.675, ""conscientiousness"": 0.5833333333333334}"
baseline,extraversion,high,bfi_38,conscientiousness,False,4,4,"{""extraversion"": 0.625, ""agreeableness"": 0.5555555555555556, ""neuroticism"": 0.4375, ""openness"": 0.675, ""conscientiousness"": 0.5833333333333334}"
baseline,extraversion,high,bfi_39,neuroticism,False,3,3,"{""extraversion"": 0.625, ""agreeableness"": 0.5555555555555556, ""neuroticism"": 0.4375, ""openness"": 0.675, ""conscientiousness"": 0.5833333333333334}"
baseline,extraversion,high,bfi_40,openness,False,4,4,"{""extraversion"": 0.625, ""agreeableness"": 0.5555555555555556, ""neuroticism"": 0.4375, ""openness"": 0.675, ""conscientiousness"": 0.5833333333333334}"
baseline,extraversion,high,bfi_41,openness,True,3,3,"{""extraversion"": 0.625, ""agreeableness"": 0.5555555555555556, ""neuroticism"": 0.4375, ""openness"": 0.675, ""conscientiousness"": 0.5833333333333334}"
baseline,extraversion,high,bfi_42,agreeableness,False,3,3,"{""extraversion"": 0.625, ""agreeableness"": 0.5555555555555556, ""neuroticism"": 0.4375, ""openness"": 0.675, ""conscientiousness"": 0.5833333333333334}"
baseline,extraversion,high,bfi_43,conscientiousness,True,3,3,"{""extraversion"": 0.625, ""agreeableness"": 0.5555555555555556, ""neuroticism"": 0.4375, ""openness"": 0.675, ""conscientiousness"": 0.5833333333333334}"
baseline,extraversion,high,bfi_44,openness,False,3,3,"{""extraversion"": 0.625, ""agreeableness"": 0.5555555555555556, ""neuroticism"": 0.4375, ""openness"": 0.675, ""conscientiousness"": 0.5833333333333334}"
baseline,extraversion,low,bfi_01,extraversion,False,3,3,"{""extraversion"": 0.625, ""agreeableness"": 0.5555555555555556, ""neuroticism"": 0.4375, ""openness"": 0.675, ""conscientiousness"": 0.5833333333333334}"
baseline,extraversion,low,bfi_02,agreeableness,True,3,3,"{""extraversion"": 0.625, ""agreeableness"": 0.5555555555555556, ""neuroticism"": 0.4375, ""openness"": 0.675, ""conscientiousness"": 0.5833333333333334}"
baseline,extraversion,low,bfi_03,conscientiousness,False,3,3,"{""extraversion"": 0.625, ""agreeableness"": 0.5555555555555556, ""neuroticism"": 0.4375, ""openness"": 0.675, ""conscientiousness"": 0.5833333333333334}"
baseline,extraversion,low,bfi_04,neuroticism,False,3,3,"{""extraversion"": 0.625, ""agreeableness"": 0.5555555555555556, ""neuroticism"": 0.4375, ""openness"": 0.675, ""conscientiousness"": 0.5833333333333334}"
baseline,extraversion,low,bfi_05,openness,False,4,4,"{""extraversion"": 0.625, ""agreeableness"": 0.5555555555555556, ""neuroticism"": 0.4375, ""openness"": 0.675, ""conscientiousness"": 0.5833333333333334}"
baseline,extraversion,low,bfi_06,extraversion,True,3,3,"{""extraversion"": 0.625, ""agreeableness"": 0.5555555555555556, ""neuroticism"": 0.4375, ""openness"": 0.675, ""conscientiousness"": 0.5833333333333334}"
baseline,extraversion,low,bfi_07,agreeableness,False,4,4,"{""extraversion"": 0.625, ""agreeableness"": 0.5555555555555556, ""neuroticism"": 0.4375, ""openness"": 0.675, ""conscientiousness"": 0.5833333333333334}"
baseline,extraversion,low,bfi_08,conscientiousness,True,3,3,"{""extraversion"": 0.625, ""agreeableness"": 0.5555555555555556, ""neuroticism"": 0.4375, ""openness"": 0.675, ""conscientiousness"": 0.5833333333333334}"
baseline,extraversion,low,bfi_09,neuroticism,True,4,4,"{""extraversion"": 0.625, ""agreeableness"": 0.5555555555555556, ""neuroticism"": 0.4375, ""openness"": 0.675, ""conscientiousness"": 0.5833333333333334}"
baseline,extraversion,low,bfi_10,openness,False,4,4,"{""extraversion"": 0.625, ""agreeableness"": 0.5555555555555556, ""neuroticism"": 0.4375, ""openness"": 0.675, ""conscientiousness"": 0.5833333333333334}"
baseline,extraversion,low,bfi_11,extraversion,False,4,4,"{""extraversion"": 0.625, ""agreeableness"": 0.5555555555555556, ""neuroticism"": 0.4375, ""openness"": 0.675, ""conscientiousness"": 0.5833333333333334}"
baseline,extraversion,low,bfi_12,agreeableness,True,3,3,"{""extraversion"": 0.625, ""agreeableness"": 0.5555555555555556, ""neuroticism"": 0.4375, ""openness"": 0.675, ""conscientiousness"": 0.5833333333333334}"
baseline,extraversion,low,bfi_13,conscientiousness,False,4,4,"{""extraversion"": 0.625, ""agreeableness"": 0.5555555555555556, ""neuroticism"": 0.4375, ""openness"": 0.675, ""conscientiousness"": 0.5833333333333334}"
baseline,extraversion,low,bfi_14,neuroticism,False,3,3,"{""extraversion"": 0.625, ""agreeableness"": 0.5555555555555556, ""neuroticism"": 0.4375, ""openness"": 0.675, ""conscientiousness"": 0.5833333333333334}"
baseline,extraversion,low,bfi_15,openness,False,4,4,"{""extraversion"": 0.625, ""agreeableness"": 0.5555555555555556, ""neuroticism"": 0.4375, ""openness"": 0.675, ""conscientiousness"": 0.5833333333333334}"
baseline,extraversion,low,bfi_16,extraversion,False,4,4,"{""extraversion"": 0.625, ""agreeableness"": 0.5555555555555556, ""neuroticism"": 0.4375, ""openness"": 0.675, ""conscientiousness"": 0.5833333333333334}"
baseline,extraversion,low,bfi_17,agreeableness,False,3,3,"{""extraversion"": 0.625, ""agreeableness"": 0.5555555555555556, ""neuroticism"": 0.4375, ""openness"": 0.675, ""conscientiousness"": 0.5833333333333334}"
baseline,extraversion,low,bfi_18,conscientiousness,True,3,3,"{""extraversion"": 0.625, ""agreeableness"": 0.5555555555555556, ""neuroticism"": 0.4375, ""openness"": 0.675, ""conscientiousness"": 0.5833333333333334}"
baseline,extraversion,low,bfi_19,neuroticism,False,3,3,"{""extraversion"": 0.625, ""agreeableness"": 0.5555555555555556, ""neuroticism"": 0.4375, ""openness"": 0.675, ""conscientiousness"": 0.5833333333333334}"
baseline,extraversion,low,bfi_20,openness,False,4,4,"{""extraversion"": 0.625, ""agreeableness"": 0.5555555555555556, ""neuroticism"": 0.4375, ""openness"": 0.675, ""conscientiousness"": 0.5833333333333334}"
baseline,extraversion,low,bfi_21,extraversion,True,3,3,"{""extraversion"": 0.625, ""agreeableness"": 0.5555555555555556, ""neuroticism"": 0.4375, ""openness"": 0.675, ""conscientiousness"": 0.5833333333333334}"
baseline,extraversion,low,bfi_22,agreeableness,False,3,3,"{""extraversion"": 0.625, ""agreeableness"": 0.5555555555555556, ""neuroticism"": 0.4375, ""openness"": 0.675, ""conscientiousness"": 0.5833333333333334}"
baseline,extraversion,low,bfi_23,conscientiousness,True,3,3,"{""extraversion"": 0.625, ""agreeableness"": 0.5555555555555556, ""neuroticism"": 0.4375, ""openness"": 0.675, ""conscientiousness"": 0.5833333333333334}"
baseline,extraversion,low,bfi_24,neuroticism,True,4,4,"{""extraversion"": 0.625, ""agreeableness"": 0.5555555555555556, ""neuroticism"": 0.4375, ""openness"": 0.675, ""conscientiousness"": 0.5833333333333334}"
baseline,extraversion,low,bfi_25,openness,False,4,4,"{""extraversion"": 0.625, ""agreeableness"": 0.5555555555555556, ""neuroticism"": 0.4375, ""openness"": 0.675, ""conscientiousness"": 0.5833333333333334}"
baseline,extraversion,low,bfi_26,extraversion,False,4,4,"{""extraversion"": 0.625, ""agreeableness"": 0.5555555555555556, ""neuroticism"": 0.4375, ""openness"": 0.675, ""conscientiousness"": 0.5833333333333334}"
baseline,extraversion,low,bfi_27,agreeableness,True,3,3,"{""extraversion"": 0.625, ""agreeableness"": 0.5555555555555556, ""neuroticism"": 0.4375, ""openness"": 0.675, ""conscientiousness"": 0.5833333333333334}"
baseline,extraversion,low,bfi_28,conscientiousness,False,4,4,"{""extraversion"": 0.625, ""agreeableness"": 0.5555555555555556, ""neuroticism"": 0.4375, ""openness"": 0.675, ""conscientiousness"": 0.5833333333333334}"
baseline,extraversion,low,bfi_29,neuroticism,False,3,3,"{""extraversion"": 0.625, ""agreeableness"": 0.5555555555555556, ""neuroticism"": 0.4375, ""openness"": 0.675, ""conscientiousness"": 0.5833333333333334}"
baseline,extraversion,low,bfi_30,openness,False,4,4,"{""extraversion"": 0.625, ""agreeableness"": 0.5555555555555556, ""neuroticism"": 0.4375, ""openness"": 0.675, ""conscientiousness"": 0.5833333333333334}"
baseline,extraversion,low,bfi_31,extraversion,True,3,3,"{""extraversion"": 0.625, ""agreeableness"": 0.5555555555555556, ""neuroticism"": 0.4375, ""openness"": 0.675, ""conscientiousness"": 0.5833333333333334}"
baseline,extraversion,low,bfi_32,agreeableness,False,4,4,"{""extraversion"": 0.625, ""agreeableness"": 0.5555555555555556, ""neuroticism"": 0.4375, ""openness"": 0.675, ""conscientiousness"": 0.5833333333333334}"
baseline,extraversion,low,bfi_33,conscientiousness,False,3,3,"{""extraversion"": 0.625, ""agreeableness"": 0.5555555555555556, ""neuroticism"": 0.4375, ""openness"": 0.675, ""conscientiousness"": 0.5833333333333334}"
baseline,extraversion,low,bfi_34,neuroticism,True,3,3,"{""extraversion"": 0.625, ""agreeableness"": 0.5555555555555556, ""neuroticism"": 0.4375, ""openness"": 0.675, ""conscientiousness"": 0.5833333333333334}"
baseline,extraversion,low,bfi_35,openness,True,3,3,"{""extraversion"": 0.625, ""agreeableness"": 0.5555555555555556, ""neuroticism"": 0.4375, ""openness"": 0.675, ""conscientiousness"": 0.5833333333333334}"
baseline,extraversion,low,bfi_36,extraversion,False,4,4,"{""extraversion"": 0.625, ""agreeableness"": 0.5555555555555556, ""neuroticism"": 0.4375, ""openness"": 0.675, ""conscientiousness"": 0.5833333333333334}"
baseline,extraversion,low,bfi_37,agreeableness,True,3,3,"{""extraversion"": 0.625, ""agreeableness"": 0.5555555555555556, ""neuroticism"": 0.4375, ""openness"": 0.675, ""conscientiousness"": 0.5833333333333334}"
baseline,extraversion,low,bfi_38,conscientiousness,False,4,4,"{""extraversion"": 0.625, ""agreeableness"": 0.5555555555555556, ""neuroticism"": 0.4375, ""openness"": 0.675, ""conscientiousness"": 0.5833333333333334}"
baseline,extraversion,low,bfi_39,neuroticism,False,3,3,"{""extraversion"": 0.625, ""agreeableness"": 0.5555555555555556, ""neuroticism"": 0.4375, ""openness"": 0.675, ""conscientiousness"": 0.5833333333333334}"
baseline,extraversion,low,bfi_40,openness,False,4,4,"{""extraversion"": 0.625, ""agreeableness"": 0.5555555555555556, ""neuroticism"": 0.4375, ""openness"": 0.675, ""conscientiousness"": 0.5833333333333334}"
baseline,extraversion,low,bfi_41,openness,True,3,3,"{""extraversion"": 0.625, ""agreeableness"": 0.5555555555555556, ""neuroticism"": 0.4375, ""openness"": 0.675, ""conscientiousness"": 0.5833333333333334}"
baseline,extraversion,low,bfi_42,agreeableness,False,3,3,"{""extraversion"": 0.625, ""agreeableness"": 0.5555555555555556, ""neuroticism"": 0.4375, ""openness"": 0.675, ""conscientiousness"": 0.5833333333333334}"
baseline,extraversion,low,bfi_43,conscientiousness,True,3,3,"{""extraversion"": 0.625, ""agreeableness"": 0.5555555555555556, ""neuroticism"": 0.4375, ""openness"": 0.675, ""conscientiousness"": 0.5833333333333334}"
baseline,extraversion,low,bfi_44,openness,False,3,3,"{""extraversion"": 0.625, ""agreeableness"": 0.5555555555555556, ""neuroticism"": 0.4375, ""openness"": 0.675, ""conscientiousness"": 0.5833333333333334}"
one_line_prompt,agreeableness,high,bfi_01,extraversion,False,4,4,"{""extraversion"": 0.65625, ""agreeableness"": 0.7222222222222222, ""neuroticism"": 0.34375, ""openness"": 0.7, ""conscientiousness"": 0.6111111111111112}"
one_line_prompt,agreeableness,high,bfi_02,agreeableness,True,3,3,"{""extraversion"": 0.65625, ""agreeableness"": 0.7222222222222222, ""neuroticism"": 0.34375, ""openness"": 0.7, ""conscientiousness"": 0.6111111111111112}"
one_line_prompt,agreeableness,high,bfi_03,conscientiousness,False,4,4,"{""extraversion"": 0.65625, ""agreeableness"": 0.7222222222222222, ""neuroticism"": 0.34375, ""openness"": 0.7, ""conscientiousness"": 0.6111111111111112}"
one_line_prompt,agreeableness,high,bfi_04,neuroticism,False,1,1,"{""extraversion"": 0.65625, ""agreeableness"": 0.7222222222222222, ""neuroticism"": 0.34375, ""openness"": 0.7, ""conscientiousness"": 0.6111111111111112}"
one_line_prompt,agreeableness,high,bfi_05,openness,False,4,4,"{""extraversion"": 0.65625, ""agreeableness"": 0.7222222222222222, ""neuroticism"": 0.34375, ""openness"": 0.7, ""conscientiousness"": 0.6111111111111112}"
one_line_prompt,agreeableness,high,bfi_06,extraversion,True,3,3,"{""extraversion"": 0.65625, ""agreeableness"": 0.7222222222222222, ""neuroticism"": 0.34375, ""openness"": 0.7, ""conscientiousness"": 0.6111111111111112}"
one_line_prompt,agreeableness,high,bfi_07,agreeableness,False,4,4,"{""extraversion"": 0.65625, ""agreeableness"": 0.7222222222222222, ""neuroticism"": 0.34375, ""openness"": 0.7, ""conscientiousness"": 0.6111111111111112}"
one_line_prompt,agreeableness,high,bfi_08,conscientiousness,True,3,3,"{""extraversion"": 0.65625, ""agreeableness"": 0.7222222222222222, ""neuroticism"": 0.34375, ""openness"": 0.7, ""conscientiousness"": 0.6111111111111112}"
one_line_prompt,agreeableness,high,bfi_09,neuroticism,True,4,4,"{""extraversion"": 0.65625, ""agreeableness"": 0.7222222222222222, ""neuroticism"": 0.34375, ""openness"": 0.7, ""conscientiousness"": 0.6111111111111112}"
one_line_prompt,agreeableness,high,bfi_10,openness,False,4,4,"{""extraversion"": 0.65625, ""agreeableness"": 0.7222222222222222, ""neuroticism"": 0.34375, ""openness"": 0.7, ""conscientiousness"": 0.6111111111111112}"
one_line_prompt,agreeableness,high,bfi_11,extraversion,False,4,4,"{""extraversion"": 0.65625, ""agreeableness"": 0.7222222222222222, ""neuroticism"": 0.34375, ""openness"": 0.7, ""conscientiousness"": 0.6111111111111112}"
one_line_prompt,agreeableness,high,bfi_12,agreeableness,True,4,4,"{""extraversion"": 0.65625, ""agreeableness"": 0.7222222222222222, ""neuroticism"": 0.34375, ""openness"": 0.7, ""conscientiousness"": 0.6111111111111112}"
one_line_prompt,agreeableness,high,bfi_13,conscientiousness,False,4,4,"{""extraversion"": 0.65625, ""agreeableness"": 0.7222222222222222, ""neuroticism"": 0.34375, ""openness"": 0.7, ""conscientiousness"": 0.6111111111111112}"
one_line_prompt,agreeableness,high,bfi_14,neuroticism,False,3,3,"{""extraversion"": 0.65625, ""agreeableness"": 0.7222222222222222, ""neuroticism"": 0.34375, ""openness"": 0.7, ""conscientiousness"": 0.6111111111111112}"
one_line_prompt,agreeableness,high,bfi_15,openness,False,4,4,"{""extraversion"": 0.65625, ""agreeableness"": 0.7222222222222222, ""neuroticism"": 0.34375, ""openness"": 0.7, ""conscientiousness"": 0.6111111111111112}"
one_line_prompt,agreeableness,high,bfi_16,extraversion,False,4,4,"{""extraversion"": 0.65625, ""agreeableness"": 0.7222222222222222, ""neuroticism"": 0.34375, ""openness"": 0.7, ""conscientiousness"": 0.6111111111111112}"
one_line_prompt,agreeableness,high,bfi_17,agreeableness,False,4,4,"{""extraversion"": 0.65625, ""agreeableness"": 0.7222222222222222, ""neuroticism"": 0.34375, ""openness"": 0.7, ""conscientiousness"": 0.6111111111111112}"
one_line_prompt,agreeableness,high,bfi_18,conscientiousness,True,3,3,"{""extraversion"": 0.65625, ""agreeableness"": 0.7222222222222222, ""neuroticism"": 0.34375, ""openness"": 0.7, ""conscientiousness"": 0.6111111111111112}"
one_line_prompt,agreeableness,high,bfi_19,neuroticism,False,3,3,"{""extraversion"": 0.65625, ""agreeableness"": 0.7222222222222222, ""neuroticism"": 0.34375, ""openness"": 0.7, ""conscientiousness"": 0.6111111111111112}"
one_line_prompt,agreeableness,high,bfi_20,openness,False,4,4,"{""extraversion"": 0.65625, ""agreeableness"": 0.7222222222222222, ""neuroticism"": 0.34375, ""openness"": 0.7, ""conscientiousness"": 0.6111111111111112}"
one_line_prompt,agreeableness,high,bfi_21,extraversion,True,3,3,"{""extraversion"": 0.65625, ""agreeableness"": 0.7222222222222222, ""neuroticism"": 0.34375, ""openness"": 0.7, ""conscientiousness"": 0.6111111111111112}"
one_line_prompt,agreeableness,high,bfi_22,agreeableness,False,4,4,"{""extraversion"": 0.65625, ""agreeableness"": 0.7222222222222222, ""neuroticism"": 0.34375, ""openness"": 0.7, ""conscientiousness"": 0.6111111111111112}"
one_line_prompt,agreeableness,high,bfi_23,conscientiousness,True,3,3,"{""extraversion"": 0.65625, ""agreeableness"": 0.7222222222222222, ""neuroticism"": 0.34375, ""openness"": 0.7, ""conscientiousness"": 0.6111111111111112}"
one_line_prompt,agreeableness,high,bfi_24,neuroticism,True,4,4,"{""extraversion"": 0.65625, ""agreeableness"": 0.7222222222222222, ""neuroticism"": 0.34375, ""openness"": 0.7, ""conscientiousness"": 0.6111111111111112}"
one_line_prompt,agreeableness,high,bfi_25,openness,False,4,4,"{""extraversion"": 0.65625, ""agreeableness"": 0.7222222222222222, ""neuroticism"": 0.34375, ""openness"": 0.7, ""conscientiousness"": 0.6111111111111112}"
one_line_prompt,agreeableness,high,bfi_26,extraversion,False,4,4,"{""extraversion"": 0.65625, ""agreeableness"": 0.7222222222222222, ""neuroticism"": 0.34375, ""openness"": 0.7, ""conscientiousness"": 0.6111111111111112}"
one_line_prompt,agreeableness,high,bfi_27,agreeableness,True,1,1,"{""extraversion"": 0.65625, ""agreeableness"": 0.7222222222222222, ""neuroticism"": 0.34375, ""openness"": 0.7, ""conscientiousness"": 0.6111111111111112}"
one_line_prompt,agreeableness,high,bfi_28,conscientiousness,False,4,4,"{""extraversion"": 0.65625, ""agreeableness"": 0.7222222222222222, ""neuroticism"": 0.34375, ""openness"": 0.7, ""conscientiousness"": 0.6111111111111112}"
one_line_prompt,agreeableness,high,bfi_29,neuroticism,False,3,3,"{""extraversion"": 0.65625, ""agreeableness"": 0.7222222222222222, ""neuroticism"": 0.34375, ""openness"": 0.7, ""conscientiousness"": 0.6111111111111112}"
one_line_prompt,agreeableness,high,bfi_30,openness,False,4,4,"{""extraversion"": 0.65625, ""agreeableness"": 0.7222222222222222, ""neuroticism"": 0.34375, ""openness"": 0.7, ""conscientiousness"": 0.6111111111111112}"
one_line_prompt,agreeableness,high,bfi_31,extraversion,True,3,3,"{""extraversion"": 0.65625, ""agreeableness"": 0.7222222222222222, ""neuroticism"": 0.34375, ""openness"": 0.7, ""conscientiousness"": 0.6111111111111112}"
one_line_prompt,agreeableness,high,bfi_32,agreeableness,False,4,4,"{""extraversion"": 0.65625, ""agreeableness"": 0.7222222222222222, ""neuroticism"": 0.34375, ""openness"": 0.7, ""conscientiousness"": 0.6111111111111112}"
one_line_prompt,agreeableness,high,bfi_33,conscientiousness,False,3,3,"{""extraversion"": 0.65625, ""agreeableness"": 0.7222222222222222, ""neuroticism"": 0.34375, ""openness"": 0.7, ""conscientiousness"": 0.6111111111111112}"
one_line_prompt,agreeableness,high,bfi_34,neuroticism,True,4,4,"{""extraversion"": 0.65625, ""agreeableness"": 0.7222222222222222, ""neuroticism"": 0.34375, ""openness"": 0.7, ""conscientiousness"": 0.6111111111111112}"
one_line_prompt,agreeableness,high,bfi_35,openness,True,3,3,"{""extraversion"": 0.65625, ""agreeableness"": 0.7222222222222222, ""neuroticism"": 0.34375, ""openness"": 0.7, ""conscientiousness"": 0.6111111111111112}"
one_line_prompt,agreeableness,high,bfi_36,extraversion,False,4,4,"{""extraversion"": 0.65625, ""agreeableness"": 0.7222222222222222, ""neuroticism"": 0.34375, ""openness"": 0.7, ""conscientiousness"": 0.6111111111111112}"
one_line_prompt,agreeableness,high,bfi_37,agreeableness,True,1,1,"{""extraversion"": 0.65625, ""agreeableness"": 0.7222222222222222, ""neuroticism"": 0.34375, ""openness"": 0.7, ""conscientiousness"": 0.6111111111111112}"
one_line_prompt,agreeableness,high,bfi_38,conscientiousness,False,4,4,"{""extraversion"": 0.65625, ""agreeableness"": 0.7222222222222222, ""neuroticism"": 0.34375, ""openness"": 0.7, ""conscientiousness"": 0.6111111111111112}"
one_line_prompt,agreeableness,high,bfi_39,neuroticism,False,3,3,"{""extraversion"": 0.65625, ""agreeableness"": 0.7222222222222222, ""neuroticism"": 0.34375, ""openness"": 0.7, ""conscientiousness"": 0.6111111111111112}"
one_line_prompt,agreeableness,high,bfi_40,openness,False,4,4,"{""extraversion"": 0.65625, ""agreeableness"": 0.7222222222222222, ""neuroticism"": 0.34375, ""openness"": 0.7, ""conscientiousness"": 0.6111111111111112}"
one_line_prompt,agreeableness,high,bfi_41,openness,True,3,3,"{""extraversion"": 0.65625, ""agreeableness"": 0.7222222222222222, ""neuroticism"": 0.34375, ""openness"": 0.7, ""conscientiousness"": 0.6111111111111112}"
one_line_prompt,agreeableness,high,bfi_42,agreeableness,False,4,4,"{""extraversion"": 0.65625, ""agreeableness"": 0.7222222222222222, ""neuroticism"": 0.34375, ""openness"": 0.7, ""conscientiousness"": 0.6111111111111112}"
one_line_prompt,agreeableness,high,bfi_43,conscientiousness,True,3,3,"{""extraversion"": 0.65625, ""agreeableness"": 0.7222222222222222, ""neuroticism"": 0.34375, ""openness"": 0.7, ""conscientiousness"": 0.6111111111111112}"
one_line_prompt,agreeableness,high,bfi_44,openness,False,4,4,"{""extraversion"": 0.65625, ""agreeableness"": 0.7222222222222222, ""neuroticism"": 0.34375, ""openness"": 0.7, ""conscientiousness"": 0.6111111111111112}"
one_line_prompt,agreeableness,low,bfi_01,extraversion,False,3,3,"{""extraversion"": 0.5, ""agreeableness"": 0.08333333333333333, ""neuroticism"": 0.625, ""openness"": 0.45, ""conscientiousness"": 0.4444444444444444}"
one_line_prompt,agreeableness,low,bfi_02,agreeableness,True,4,4,"{""extraversion"": 0.5, ""agreeableness"": 0.08333333333333333, ""neuroticism"": 0.625, ""openness"": 0.45, ""conscientiousness"": 0.4444444444444444}"
one_line_prompt,agreeableness,low,bfi_03,conscientiousness,False,1,1,"{""extraversion"": 0.5, ""agreeableness"": 0.08333333333333333, ""neuroticism"": 0.625, ""openness"": 0.45, ""conscientiousness"": 0.4444444444444444}"
one_line_prompt,agreeableness,low,bfi_04,neuroticism,False,1,1,"{""extraversion"": 0.5, ""agreeableness"": 0.08333333333333333, ""neuroticism"": 0.625, ""openness"": 0.45, ""conscientiousness"": 0.4444444444444444}"
one_line_prompt,agreeableness,low,bfi_05,openness,False,3,3,"{""extraversion"": 0.5, ""agreeableness"": 0.08333333333333333, ""neuroticism"": 0.625, ""openness"": 0.45, ""conscientiousness"": 0.4444444444444444}"
one_line_prompt,agreeableness,low,bfi_06,extraversion,True,3,3,"{""extraversion"": 0.5, ""agreeableness"": 0.08333333333333333, ""neuroticism"": 0.625, ""openness"": 0.45, ""conscientiousness"": 0.4444444444444444}"
one_line_prompt,agreeableness,low,bfi_07,agreeableness,False,1,1,"{""extraversion"": 0.5, ""agreeableness"": 0.08333333333333333, ""neuroticism"": 0.625, ""openness"": 0.45, ""conscientiousness"": 0.4444444444444444}"
one_line_prompt,agreeableness,low,bfi_08,conscientiousness,True,3,3,"{""extraversion"": 0.5, ""agreeableness"": 0.08333333333333333, ""neuroticism"": 0.625, ""openness"": 0.45, ""conscientiousness"": 0.4444444444444444}"
one_line_prompt,agreeableness,low,bfi_09,neuroticism,True,1,1,"{""extraversion"": 0.5, ""agreeableness"": 0.08333333333333333, ""neuroticism"": 0.625, ""openness"": 0.45, ""conscientiousness"": 0.4444444444444444}"
one_line_prompt,agreeableness,low,bfi_10,openness,False,2,2,"{""extraversion"": 0.5, ""agreeableness"": 0.08333333333333333, ""neuroticism"": 0.625, ""openness"": 0.45, ""conscientiousness"": 0.4444444444444444}"
one_line_prompt,agreeableness,low,bfi_11,extraversion,False,3,3,"{""extraversion"": 0.5, ""agreeableness"": 0.08333333333333333, ""neuroticism"": 0.625, ""openness"": 0.45, ""conscientiousness"": 0.4444444444444444}"
one_line_prompt,agreeableness,low,bfi_12,agreeableness,True,4,4,"{""extraversion"": 0.5, ""agreeableness"": 0.08333333333333333, ""neuroticism"": 0.625, ""openness"": 0.45, ""conscientiousness"": 0.4444444444444444}"
one_line_prompt,agreeableness,low,bfi_13,conscientiousness,False,2,2,"{""extraversion"": 0.5, ""agreeableness"": 0.08333333333333333, ""neuroticism"": 0.625, ""openness"": 0.45, ""conscientiousness"": 0.4444444444444444}"
one_line_prompt,agreeableness,low,bfi_14,neuroticism,False,4,4,"{""extraversion"": 0.5, ""agreeableness"": 0.08333333333333333, ""neuroticism"": 0.625, ""openness"": 0.45, ""conscientiousness"": 0.4444444444444444}"
one_line_prompt,agreeableness,low,bfi_15,openness,False,4,4,"{""extraversion"": 0.5, ""agreeableness"": 0.08333333333333333, ""neuroticism"": 0.625, ""openness"": 0.45, ""conscientiousness"": 0.4444444444444444}"
one_line_prompt,agreeableness,low,bfi_16,extraversion,False,3,3,"{""extraversion"": 0.5, ""agreeableness"": 0.08333333333333333, ""neuroticism"": 0.625, ""openness"": 0.45, ""conscientiousness"": 0.4444444444444444}"
one_line_prompt,agreeableness,low,bfi_17,agreeableness,False,1,1,"{""extraversion"": 0.5, ""agreeableness"": 0.08333333333333333, ""neuroticism"": 0.625, ""openness"": 0.45, ""conscientiousness"": 0.4444444444444444}"
one_line_prompt,agreeableness,low,bfi_18,conscientiousness,True,4,4,"{""extraversion"": 0.5, ""agreeableness"": 0.08333333333333333, ""neuroticism"": 0.625, ""openness"": 0.45, ""conscientiousness"": 0.4444444444444444}"
one_line_prompt,agreeableness,low,bfi_19,neuroticism,False,1,1,"{""extraversion"": 0.5, ""agreeableness"": 0.08333333333333333, ""neuroticism"": 0.625, ""openness"": 0.45, ""conscientiousness"": 0.4444444444444444}"
one_line_prompt,agreeableness,low,bfi_20,openness,False,3,3,"{""extraversion"": 0.5, ""agreeableness"": 0.08333333333333333, ""neuroticism"": 0.625, ""openness"": 0.45, ""conscientiousness"": 0.4444444444444444}"
one_line_prompt,agreeableness,low,bfi_21,extraversion,True,3,3,"{""extraversion"": 0.5, ""agreeableness"": 0.08333333333333333, ""neuroticism"": 0.625, ""openness"": 0.45, ""conscientiousness"": 0.4444444444444444}"
one_line_prompt,agreeableness,low,bfi_22,agreeableness,False,1,1,"{""extraversion"": 0.5, ""agreeableness"": 0.08333333333333333, ""neuroticism"": 0.625, ""openness"": 0.45, ""conscientiousness"": 0.4444444444444444}"
one_line_prompt,agreeableness,low,bfi_23,conscientiousness,True,1,1,"{""extraversion"": 0.5, ""agreeableness"": 0.08333333333333333, ""neuroticism"": 0.625, ""openness"": 0.45, ""conscientiousness"": 0.4444444444444444}"
one_line_prompt,agreeableness,low,bfi_24,neuroticism,True,1,1,"{""extraversion"": 0.5, ""agreeableness"": 0.08333333333333333, ""neuroticism"": 0.625, ""openness"": 0.45, ""conscientiousness"": 0.4444444444444444}"
one_line_prompt,agreeableness,low,bfi_25,openness,False,3,3,"{""extraversion"": 0.5, ""agreeableness"": 0.08333333333333333, ""neuroticism"": 0.625, ""openness"": 0.45, ""conscientiousness"": 0.4444444444444444}"
one_line_prompt,agreeableness,low,bfi_26,extraversion,False,2,2,"{""extraversion"": 0.5, ""agreeableness"": 0.08333333333333333, ""neuroticism"": 0.625, ""openness"": 0.45, ""conscientiousness"": 0.4444444444444444}"
one_line_prompt,agreeableness,low,bfi_27,agreeableness,True,5,5,"{""extraversion"": 0.5, ""agreeableness"": 0.08333333333333333, ""neuroticism"": 0.625, ""openness"": 0.45, ""conscientiousness"": 0.4444444444444444}"
one_line_prompt,agreeableness,low,bfi_28,conscientiousness,False,3,3,"{""extraversion"": 0.5, ""agreeableness"": 0.08333333333333333, ""neuroticism"": 0.625, ""openness"": 0.45, ""conscientiousness"": 0.4444444444444444}"
one_line_prompt,agreeableness,low,bfi_29,neuroticism,False,4,4,"{""extraversion"": 0.5, ""agreeableness"": 0.08333333333333333, ""neuroticism"": 0.625, ""openness"": 0.45, ""conscientiousness"": 0.4444444444444444}"
one_line_prompt,agreeableness,low,bfi_30,openness,False,3,3,"{""extraversion"": 0.5, ""agreeableness"": 0.08333333333333333, ""neuroticism"": 0.625, ""openness"": 0.45, ""conscientiousness"": 0.4444444444444444}"
one_line_prompt,agreeableness,low,bfi_31,extraversion,True,2,2,"{""extraversion"": 0.5, ""agreeableness"": 0.08333333333333333, ""neuroticism"": 0.625, ""openness"": 0.45, ""conscientiousness"": 0.4444444444444444}"
one_line_prompt,agreeableness,low,bfi_32,agreeableness,False,1,1,"{""extraversion"": 0.5, ""agreeableness"": 0.08333333333333333, ""neuroticism"": 0.625, ""openness"": 0.45, ""conscientiousness"": 0.4444444444444444}"
one_line_prompt,agreeableness,low,bfi_33,conscientiousness,False,3,3,"{""extraversion"": 0.5, ""agreeableness"": 0.08333333333333333, ""neuroticism"": 0.625, ""openness"": 0.45, ""conscientiousness"": 0.4444444444444444}"
one_line_prompt,agreeableness,low,bfi_34,neuroticism,True,1,1,"{""extraversion"": 0.5, ""agreeableness"": 0.08333333333333333, ""neuroticism"": 0.625, ""openness"": 0.45, ""conscientiousness"": 0.4444444444444444}"
one_line_prompt,agreeableness,low,bfi_35,openness,True,3,3,"{""extraversion"": 0.5, ""agreeableness"": 0.08333333333333333, ""neuroticism"": 0.625, ""openness"": 0.45, ""conscientiousness"": 0.4444444444444444}"
one_line_prompt,agreeableness,low,bfi_36,extraversion,False,3,3,"{""extraversion"": 0.5, ""agreeableness"": 0.08333333333333333, ""neuroticism"": 0.625, ""openness"": 0.45, ""conscientiousness"": 0.4444444444444444}"
one_line_prompt,agreeableness,low,bfi_37,agreeableness,True,4,4,"{""extraversion"": 0.5, ""agreeableness"": 0.08333333333333333, ""neuroticism"": 0.625, ""openness"": 0.45, ""conscientiousness"": 0.4444444444444444}"
one_line_prompt,agreeableness,low,bfi_38,conscientiousness,False,3,3,"{""extraversion"": 0.5, ""agreeableness"": 0.08333333333333333, ""neuroticism"": 0.625, ""openness"": 0.45, ""conscientiousness"": 0.4444444444444444}"
one_line_prompt,agreeableness,low,bfi_39,neuroticism,False,3,3,"{""extraversion"": 0.5, ""agreeableness"": 0.08333333333333333, ""neuroticism"": 0.625, ""openness"": 0.45, ""conscientiousness"": 0.4444444444444444}"
one_line_prompt,agreeableness,low,bfi_40,openness,False,2,2,"{""extraversion"": 0.5, ""agreeableness"": 0.08333333333333333, ""neuroticism"": 0.625, ""openness"": 0.45, ""conscientiousness"": 0.4444444444444444}"
one_line_prompt,agreeableness,low,bfi_41,openness,True,3,3,"{""extraversion"": 0.5, ""agreeableness"": 0.08333333333333333, ""neuroticism"": 0.625, ""openness"": 0.45, ""conscientiousness"": 0.4444444444444444}"
one_line_prompt,agreeableness,low,bfi_42,agreeableness,False,1,1,"{""extraversion"": 0.5, ""agreeableness"": 0.08333333333333333, ""neuroticism"": 0.625, ""openness"": 0.45, ""conscientiousness"": 0.4444444444444444}"
one_line_prompt,agreeableness,low,bfi_43,conscientiousness,True,3,3,"{""extraversion"": 0.5, ""agreeableness"": 0.08333333333333333, ""neuroticism"": 0.625, ""openness"": 0.45, ""conscientiousness"": 0.4444444444444444}"
one_line_prompt,agreeableness,low,bfi_44,openness,False,2,2,"{""extraversion"": 0.5, ""agreeableness"": 0.08333333333333333, ""neuroticism"": 0.625, ""openness"": 0.45, ""conscientiousness"": 0.4444444444444444}"
one_line_prompt,conscientiousness,high,bfi_01,extraversion,False,3,3,"{""extraversion"": 0.5, ""agreeableness"": 0.5833333333333334, ""neuroticism"": 0.4375, ""openness"": 0.45, ""conscientiousness"": 0.9444444444444444}"
one_line_prompt,conscientiousness,high,bfi_02,agreeableness,True,3,3,"{""extraversion"": 0.5, ""agreeableness"": 0.5833333333333334, ""neuroticism"": 0.4375, ""openness"": 0.45, ""conscientiousness"": 0.9444444444444444}"
one_line_prompt,conscientiousness,high,bfi_03,conscientiousness,False,5,5,"{""extraversion"": 0.5, ""agreeableness"": 0.5833333333333334, ""neuroticism"": 0.4375, ""openness"": 0.45, ""conscientiousness"": 0.9444444444444444}"
one_line_prompt,conscientiousness,high,bfi_04,neuroticism,False,1,1,"{""extraversion"": 0.5, ""agreeableness"": 0.5833333333333334, ""neuroticism"": 0.4375, ""openness"": 0.45, ""conscientiousness"": 0.9444444444444444}"
one_line_prompt,conscientiousness,high,bfi_05,openness,False,3,3,"{""extraversion"": 0.5, ""agreeableness"": 0.5833333333333334, ""neuroticism"": 0.4375, ""openness"": 0.45, ""conscientiousness"": 0.9444444444444444}"
one_line_prompt,conscientiousness,high,bfi_06,extraversion,True,3,3,"{""extraversion"": 0.5, ""agreeableness"": 0.5833333333333334, ""neuroticism"": 0.4375, ""openness"": 0.45, ""conscientiousness"": 0.9444444444444444}"
one_line_prompt,conscientiousness,high,bfi_07,agreeableness,False,4,4,"{""extraversion"": 0.5, ""agreeableness"": 0.5833333333333334, ""neuroticism"": 0.4375, ""openness"": 0.45, ""conscientiousness"": 0.9444444444444444}"
one_line_prompt,conscientiousness,high,bfi_08,conscientiousness,True,1,1,"{""extraversion"": 0.5, ""agreeableness"": 0.5833333333333334, ""neuroticism"": 0.4375, ""openness"": 0.45, ""conscientiousness"": 0.9444444444444444}"
one_line_prompt,conscientiousness,high,bfi_09,neuroticism,True,1,1,"{""extraversion"": 0.5, ""agreeableness"": 0.5833333333333334, ""neuroticism"": 0.4375, ""openness"": 0.45, ""conscientiousness"": 0.9444444444444444}"
one_line_prompt,conscientiousness,high,bfi_10,openness,False,3,3,"{""extraversion"": 0.5, ""agreeableness"": 0.5833333333333334, ""neuroticism"": 0.4375, ""openness"": 0.45, ""conscientiousness"": 0.9444444444444444}"
one_line_prompt,conscientiousness,high,bfi_11,extraversion,False,3,3,"{""extraversion"": 0.5, ""agreeableness"": 0.5833333333333334, ""neuroticism"": 0.4375, ""openness"": 0.45, ""conscientiousness"": 0.9444444444444444}"
one_line_prompt,conscientiousness,high,bfi_12,agreeableness,True,1,1,"{""extraversion"": 0.5, ""agreeableness"": 0.5833333333333334, ""neuroticism"": 0.4375, ""openness"": 0.45, ""conscientiousness"": 0.9444444444444444}"
one_line_prompt,conscientiousness,high,bfi_13,conscientiousness,False,5,5,"{""extraversion"": 0.5, ""agreeableness"": 0.5833333333333334, ""neuroticism"": 0.4375, ""openness"": 0.45, ""conscientiousness"": 0.9444444444444444}"
one_line_prompt,conscientiousness,high,bfi_14,neuroticism,False,3,3,"{""extraversion"": 0.5, ""agreeableness"": 0.5833333333333334, ""neuroticism"": 0.4375, ""openness"": 0.45, ""conscientiousness"": 0.9444444444444444}"
one_line_prompt,conscientiousness,high,bfi_15,openness,False,3,3,"{""extraversion"": 0.5, ""agreeableness"": 0.5833333333333334, ""neuroticism"": 0.4375, ""openness"": 0.45, ""conscientiousness"": 0.9444444444444444}"
one_line_prompt,conscientiousness,high,bfi_16,extraversion,False,3,3,"{""extraversion"": 0.5, ""agreeableness"": 0.5833333333333334, ""neuroticism"": 0.4375, ""openness"": 0.45, ""conscientiousness"": 0.9444444444444444}"
one_line_prompt,conscientiousness,high,bfi_17,agreeableness,False,1,1,"{""extraversion"": 0.5, ""agreeableness"": 0.5833333333333334, ""neuroticism"": 0.4375, ""openness"": 0.45, ""conscientiousness"": 0.9444444444444444}"
one_line_prompt,conscientiousness,high,bfi_18,conscientiousness,True,1,1,"{""extraversion"": 0.5, ""agreeableness"": 0.5833333333333334, ""neuroticism"": 0.4375, ""openness"": 0.45, ""conscientiousness"": 0.9444444444444444}"
one_line_prompt,conscientiousness,high,bfi_19,neuroticism,False,3,3,"{""extraversion"": 0.5, ""agreeableness"": 0.5833333333333334, ""neuroticism"": 0.4375, ""openness"": 0.45, ""conscientiousness"": 0.9444444444444444}"
one_line_prompt,conscientiousness,high,bfi_20,openness,False,3,3,"{""extraversion"": 0.5, ""agreeableness"": 0.5833333333333334, ""neuroticism"": 0.4375, ""openness"": 0.45, ""conscientiousness"": 0.9444444444444444}"
one_line_prompt,conscientiousness,high,bfi_21,extraversion,True,3,3,"{""extraversion"": 0.5, ""agreeableness"": 0.5833333333333334, ""neuroticism"": 0.4375, ""openness"": 0.45, ""conscientiousness"": 0.9444444444444444}"
one_line_prompt,conscientiousness,high,bfi_22,agreeableness,False,3,3,"{""extraversion"": 0.5, ""agreeableness"": 0.5833333333333334, ""neuroticism"": 0.4375, ""openness"": 0.45, ""conscientiousness"": 0.9444444444444444}"
one_line_prompt,conscientiousness,high,bfi_23,conscientiousness,True,1,1,"{""extraversion"": 0.5, ""agreeableness"": 0.5833333333333334, ""neuroticism"": 0.4375, ""openness"": 0.45, ""conscientiousness"": 0.9444444444444444}"
one_line_prompt,conscientiousness,high,bfi_24,neuroticism,True,4,4,"{""extraversion"": 0.5, ""agreeableness"": 0.5833333333333334, ""neuroticism"": 0.4375, ""openness"": 0.45, ""conscientiousness"": 0.9444444444444444}"
one_line_prompt,conscientiousness,high,bfi_25,openness,False,1,1,"{""extraversion"": 0.5, ""agreeableness"": 0.5833333333333334, ""neuroticism"": 0.4375, ""openness"": 0.45, ""conscientiousness"": 0.9444444444444444}"
one_line_prompt,conscientiousness,high,bfi_26,extraversion,False,3,3,"{""extraversion"": 0.5, ""agreeableness"": 0.5833333333333334, ""neuroticism"": 0.4375, ""openness"": 0.45, ""conscientiousness"": 0.9444444444444444}"
one_line_prompt,conscientiousness,high,bfi_27,agreeableness,True,3,3,"{""extraversion"": 0.5, ""agreeableness"": 0.5833333333333334, ""neuroticism"": 0.4375, ""openness"": 0.45, ""conscientiousness"": 0.9444444444444444}"
one_line_prompt,conscientiousness,high,bfi_28,conscientiousness,False,5,5,"{""extraversion"": 0.5, ""agreeableness"": 0.5833333333333334, ""neuroticism"": 0.4375, ""openness"": 0.45, ""conscientiousness"": 0.9444444444444444}"
one_line_prompt,conscientiousness,high,bfi_29,neuroticism,False,3,3,"{""extraversion"": 0.5, ""agreeableness"": 0.5833333333333334, ""neuroticism"": 0.4375, ""openness"": 0.45, ""conscientiousness"": 0.9444444444444444}"
one_line_prompt,conscientiousness,high,bfi_30,openness,False,3,3,"{""extraversion"": 0.5, ""agreeableness"": 0.5833333333333334, ""neuroticism"": 0.4375, ""openness"": 0.45, ""conscientiousness"": 0.9444444444444444}"
one_line_prompt,conscientiousness,high,bfi_31,extraversion,True,3,3,"{""extraversion"": 0.5, ""agreeableness"": 0.5833333333333334, ""neuroticism"": 0.4375, ""openness"": 0.45, ""conscientiousness"": 0.9444444444444444}"
one_line_prompt,conscientiousness,high,bfi_32,agreeableness,False,3,3,"{""extraversion"": 0.5, ""agreeableness"": 0.5833333333333334, ""neuroticism"": 0.4375, ""openness"": 0.45, ""conscientiousness"": 0.9444444444444444}"
one_line_prompt,conscientiousness,high,bfi_33,conscientiousness,False,3,3,"{""extraversion"": 0.5, ""agreeableness"": 0.5833333333333334, ""neuroticism"": 0.4375, ""openness"": 0.45, ""conscientiousness"": 0.9444444444444444}"
one_line_prompt,conscientiousness,high,bfi_34,neuroticism,True,4,4,"{""extraversion"": 0.5, ""agreeableness"": 0.5833333333333334, ""neuroticism"": 0.4375, ""openness"": 0.45, ""conscientiousness"": 0.9444444444444444}"
one_line_prompt,conscientiousness,high,bfi_35,openness,True,3,3,"{""extraversion"": 0.5, ""agreeableness"": 0.5833333333333334, ""neuroticism"": 0.4375, ""openness"": 0.45, ""conscientiousness"": 0.9444444444444444}"
one_line_prompt,conscientiousness,high,bfi_36,extraversion,False,3,3,"{""extraversion"": 0.5, ""agreeableness"": 0.5833333333333334, ""neuroticism"": 0.4375, ""openness"": 0.45, ""conscientiousness"": 0.9444444444444444}"
one_line_prompt,conscientiousness,high,bfi_37,agreeableness,True,1,1,"{""extraversion"": 0.5, ""agreeableness"": 0.5833333333333334, ""neuroticism"": 0.4375, ""openness"": 0.45, ""conscientiousness"": 0.9444444444444444}"
one_line_prompt,conscientiousness,high,bfi_38,conscientiousness,False,5,5,"{""extraversion"": 0.5, ""agreeableness"": 0.5833333333333334, ""neuroticism"": 0.4375, ""openness"": 0.45, ""conscientiousness"": 0.9444444444444444}"
one_line_prompt,conscientiousness,high,bfi_39,neuroticism,False,3,3,"{""extraversion"": 0.5, ""agreeableness"": 0.5833333333333334, ""neuroticism"": 0.4375, ""openness"": 0.45, ""conscientiousness"": 0.9444444444444444}"
one_line_prompt,conscientiousness,high,bfi_40,openness,False,3,3,"{""extraversion"": 0.5, ""agreeableness"": 0.5833333333333334, ""neuroticism"": 0.4375, ""openness"": 0.45, ""conscientiousness"": 0.9444444444444444}"
one_line_prompt,conscientiousness,high,bfi_41,openness,True,3,3,"{""extraversion"": 0.5, ""agreeableness"": 0.5833333333333334, ""neuroticism"": 0.4375, ""openness"": 0.45, ""conscientiousness"": 0.9444444444444444}"
one_line_prompt,conscientiousness,high,bfi_42,agreeableness,False,3,3,"{""extraversion"": 0.5, ""agreeableness"": 0.5833333333333334, ""neuroticism"": 0.4375, ""openness"": 0.45, ""conscientiousness"": 0.9444444444444444}"
one_line_prompt,conscientiousness,high,bfi_43,conscientiousness,True,1,1,"{""extraversion"": 0.5, ""agreeableness"": 0.5833333333333334, ""neuroticism"": 0.4375, ""openness"": 0.45, ""conscientiousness"": 0.9444444444444444}"
one_line_prompt,conscientiousness,high,bfi_44,openness,False,3,3,"{""extraversion"": 0.5, ""agreeableness"": 0.5833333333333334, ""neuroticism"": 0.4375, ""openness"": 0.45, ""conscientiousness"": 0.9444444444444444}"
one_line_prompt,conscientiousness,low,bfi_01,extraversion,False,4,4,"{""extraversion"": 0.625, ""agreeableness"": 0.3611111111111111, ""neuroticism"": 0.4375, ""openness"": 0.65, ""conscientiousness"": 0.4166666666666667}"
one_line_prompt,conscientiousness,low,bfi_02,agreeableness,True,3,3,"{""extraversion"": 0.625, ""agreeableness"": 0.3611111111111111, ""neuroticism"": 0.4375, ""openness"": 0.65, ""conscientiousness"": 0.4166666666666667}"
one_line_prompt,conscientiousness,low,bfi_03,conscientiousness,False,1,1,"{""extraversion"": 0.625, ""agreeableness"": 0.3611111111111111, ""neuroticism"": 0.4375, ""openness"": 0.65, ""conscientiousness"": 0.4166666666666667}"
one_line_prompt,conscientiousness,low,bfi_04,neuroticism,False,1,1,"{""extraversion"": 0.625, ""agreeableness"": 0.3611111111111111, ""neuroticism"": 0.4375, ""openness"": 0.65, ""conscientiousness"": 0.4166666666666667}"
one_line_prompt,conscientiousness,low,bfi_05,openness,False,4,4,"{""extraversion"": 0.625, ""agreeableness"": 0.3611111111111111, ""neuroticism"": 0.4375, ""openness"": 0.65, ""conscientiousness"": 0.4166666666666667}"
one_line_prompt,conscientiousness,low,bfi_06,extraversion,True,3,3,"{""extraversion"": 0.625, ""agreeableness"": 0.3611111111111111, ""neuroticism"": 0.4375, ""openness"": 0.65, ""conscientiousness"": 0.4166666666666667}"
one_line_prompt,conscientiousness,low,bfi_07,agreeableness,False,1,1,"{""extraversion"": 0.625, ""agreeableness"": 0.3611111111111111, ""neuroticism"": 0.4375, ""openness"": 0.65, ""conscientiousness"": 0.4166666666666667}"
one_line_prompt,conscientiousness,low,bfi_08,conscientiousness,True,4,4,"{""extraversion"": 0.625, ""agreeableness"": 0.3611111111111111, ""neuroticism"": 0.4375, ""openness"": 0.65, ""conscientiousness"": 0.4166666666666667}"
one_line_prompt,conscientiousness,low,bfi_09,neuroticism,True,4,4,"{""extraversion"": 0.625, ""agreeableness"": 0.3611111111111111, ""neuroticism"": 0.4375, ""openness"": 0.65, ""conscientiousness"": 0.4166666666666667}"
one_line_prompt,conscientiousness,low,bfi_10,openness,False,4,4,"{""extraversion"": 0.625, ""agreeableness"": 0.3611111111111111, ""neuroticism"": 0.4375, ""openness"": 0.65, ""conscientiousness"": 0.4166666666666667}"
one_line_prompt,conscientiousness,low,bfi_11,extraversion,False,4,4,"{""extraversion"": 0.625, ""agreeableness"": 0.3611111111111111, ""neuroticism"": 0.4375, ""openness"": 0.65, ""conscientiousness"": 0.4166666666666667}"
one_line_prompt,conscientiousness,low,bfi_12,agreeableness,True,3,3,"{""extraversion"": 0.625, ""agreeableness"": 0.3611111111111111, ""neuroticism"": 0.4375, ""openness"": 0.65, ""conscientiousness"": 0.4166666666666667}"
one_line_prompt,conscientiousness,low,bfi_13,conscientiousness,False,3,3,"{""extraversion"": 0.625, ""agreeableness"": 0.3611111111111111, ""neuroticism"": 0.4375, ""openness"": 0.65, ""conscientiousness"": 0.4166666666666667}"
one_line_prompt,conscientiousness,low,bfi_14,neuroticism,False,3,3,"{""extraversion"": 0.625, ""agreeableness"": 0.3611111111111111, ""neuroticism"": 0.4375, ""openness"": 0.65, ""conscientiousness"": 0.4166666666666667}"
one_line_prompt,conscientiousness,low,bfi_15,openness,False,3,3,"{""extraversion"": 0.625, ""agreeableness"": 0.3611111111111111, ""neuroticism"": 0.4375, ""openness"": 0.65, ""conscientiousness"": 0.4166666666666667}"
one_line_prompt,conscientiousness,low,bfi_16,extraversion,False,4,4,"{""extraversion"": 0.625, ""agreeableness"": 0.3611111111111111, ""neuroticism"": 0.4375, ""openness"": 0.65, ""conscientiousness"": 0.4166666666666667}"
one_line_prompt,conscientiousness,low,bfi_17,agreeableness,False,1,1,"{""extraversion"": 0.625, ""agreeableness"": 0.3611111111111111, ""neuroticism"": 0.4375, ""openness"": 0.65, ""conscientiousness"": 0.4166666666666667}"
one_line_prompt,conscientiousness,low,bfi_18,conscientiousness,True,5,5,"{""extraversion"": 0.625, ""agreeableness"": 0.3611111111111111, ""neuroticism"": 0.4375, ""openness"": 0.65, ""conscientiousness"": 0.4166666666666667}"
one_line_prompt,conscientiousness,low,bfi_19,neuroticism,False,1,1,"{""extraversion"": 0.625, ""agreeableness"": 0.3611111111111111, ""neuroticism"": 0.4375, ""openness"": 0.65, ""conscientiousness"": 0.4166666666666667}"
one_line_prompt,conscientiousness,low,bfi_20,openness,False,4,4,"{""extraversion"": 0.625, ""agreeableness"": 0.3611111111111111, ""neuroticism"": 0.4375, ""openness"": 0.65, ""conscientiousness"": 0.4166666666666667}"
one_line_prompt,conscientiousness,low,bfi_21,extraversion,True,3,3,"{""extraversion"": 0.625, ""agreeableness"": 0.3611111111111111, ""neuroticism"": 0.4375, ""openness"": 0.65, ""conscientiousness"": 0.4166666666666667}"
one_line_prompt,conscientiousness,low,bfi_22,agreeableness,False,3,3,"{""extraversion"": 0.625, ""agreeableness"": 0.3611111111111111, ""neuroticism"": 0.4375, ""openness"": 0.65, ""conscientiousness"": 0.4166666666666667}"
one_line_prompt,conscientiousness,low,bfi_23,conscientiousness,True,1,1,"{""extraversion"": 0.625, ""agreeableness"": 0.3611111111111111, ""neuroticism"": 0.4375, ""openness"": 0.65, ""conscientiousness"": 0.4166666666666667}"
one_line_prompt,conscientiousness,low,bfi_24,neuroticism,True,3,3,"{""extraversion"": 0.625, ""agreeableness"": 0.3611111111111111, ""neuroticism"": 0.4375, ""openness"": 0.65, ""conscientiousness"": 0.4166666666666667}"
one_line_prompt,conscientiousness,low,bfi_25,openness,False,4,4,"{""extraversion"": 0.625, ""agreeableness"": 0.3611111111111111, ""neuroticism"": 0.4375, ""openness"": 0.65, ""conscientiousness"": 0.4166666666666667}"
one_line_prompt,conscientiousness,low,bfi_26,extraversion,False,3,3,"{""extraversion"": 0.625, ""agreeableness"": 0.3611111111111111, ""neuroticism"": 0.4375, ""openness"": 0.65, ""conscientiousness"": 0.4166666666666667}"
one_line_prompt,conscientiousness,low,bfi_27,agreeableness,True,2,2,"{""extraversion"": 0.625, ""agreeableness"": 0.3611111111111111, ""neuroticism"": 0.4375, ""openness"": 0.65, ""conscientiousness"": 0.4166666666666667}"
one_line_prompt,conscientiousness,low,bfi_28,conscientiousness,False,3,3,"{""extraversion"": 0.625, ""agreeableness"": 0.3611111111111111, ""neuroticism"": 0.4375, ""openness"": 0.65, ""conscientiousness"": 0.4166666666666667}"
one_line_prompt,conscientiousness,low,bfi_29,neuroticism,False,4,4,"{""extraversion"": 0.625, ""agreeableness"": 0.3611111111111111, ""neuroticism"": 0.4375, ""openness"": 0.65, ""conscientiousness"": 0.4166666666666667}"
one_line_prompt,conscientiousness,low,bfi_30,openness,False,4,4,"{""extraversion"": 0.625, ""agreeableness"": 0.3611111111111111, ""neuroticism"": 0.4375, ""openness"": 0.65, ""conscientiousness"": 0.4166666666666667}"
one_line_prompt,conscientiousness,low,bfi_31,extraversion,True,3,3,"{""extraversion"": 0.625, ""agreeableness"": 0.3611111111111111, ""neuroticism"": 0.4375, ""openness"": 0.65, ""conscientiousness"": 0.4166666666666667}"
one_line_prompt,conscientiousness,low,bfi_32,agreeableness,False,1,1,"{""extraversion"": 0.625, ""agreeableness"": 0.3611111111111111, ""neuroticism"": 0.4375, ""openness"": 0.65, ""conscientiousness"": 0.4166666666666667}"
one_line_prompt,conscientiousness,low,bfi_33,conscientiousness,False,3,3,"{""extraversion"": 0.625, ""agreeableness"": 0.3611111111111111, ""neuroticism"": 0.4375, ""openness"": 0.65, ""conscientiousness"": 0.4166666666666667}"
one_line_prompt,conscientiousness,low,bfi_34,neuroticism,True,1,1,"{""extraversion"": 0.625, ""agreeableness"": 0.3611111111111111, ""neuroticism"": 0.4375, ""openness"": 0.65, ""conscientiousness"": 0.4166666666666667}"
one_line_prompt,conscientiousness,low,bfi_35,openness,True,3,3,"{""extraversion"": 0.625, ""agreeableness"": 0.3611111111111111, ""neuroticism"": 0.4375, ""openness"": 0.65, ""conscientiousness"": 0.4166666666666667}"
one_line_prompt,conscientiousness,low,bfi_36,extraversion,False,4,4,"{""extraversion"": 0.625, ""agreeableness"": 0.3611111111111111, ""neuroticism"": 0.4375, ""openness"": 0.65, ""conscientiousness"": 0.4166666666666667}"
one_line_prompt,conscientiousness,low,bfi_37,agreeableness,True,3,3,"{""extraversion"": 0.625, ""agreeableness"": 0.3611111111111111, ""neuroticism"": 0.4375, ""openness"": 0.65, ""conscientiousness"": 0.4166666666666667}"
one_line_prompt,conscientiousness,low,bfi_38,conscientiousness,False,3,3,"{""extraversion"": 0.625, ""agreeableness"": 0.3611111111111111, ""neuroticism"": 0.4375, ""openness"": 0.65, ""conscientiousness"": 0.4166666666666667}"
one_line_prompt,conscientiousness,low,bfi_39,neuroticism,False,3,3,"{""extraversion"": 0.625, ""agreeableness"": 0.3611111111111111, ""neuroticism"": 0.4375, ""openness"": 0.65, ""conscientiousness"": 0.4166666666666667}"
one_line_prompt,conscientiousness,low,bfi_40,openness,False,4,4,"{""extraversion"": 0.625, ""agreeableness"": 0.3611111111111111, ""neuroticism"": 0.4375, ""openness"": 0.65, ""conscientiousness"": 0.4166666666666667}"
one_line_prompt,conscientiousness,low,bfi_41,openness,True,3,3,"{""extraversion"": 0.625, ""agreeableness"": 0.3611111111111111, ""neuroticism"": 0.4375, ""openness"": 0.65, ""conscientiousness"": 0.4166666666666667}"
one_line_prompt,conscientiousness,low,bfi_42,agreeableness,False,3,3,"{""extraversion"": 0.625, ""agreeableness"": 0.3611111111111111, ""neuroticism"": 0.4375, ""openness"": 0.65, ""conscientiousness"": 0.4166666666666667}"
one_line_prompt,conscientiousness,low,bfi_43,conscientiousness,True,3,3,"{""extraversion"": 0.625, ""agreeableness"": 0.3611111111111111, ""neuroticism"": 0.4375, ""openness"": 0.65, ""conscientiousness"": 0.4166666666666667}"
one_line_prompt,conscientiousness,low,bfi_44,openness,False,3,3,"{""extraversion"": 0.625, ""agreeableness"": 0.3611111111111111, ""neuroticism"": 0.4375, ""openness"": 0.65, ""conscientiousness"": 0.4166666666666667}"
one_line_prompt,neuroticism,high,bfi_01,extraversion,False,3,3,"{""extraversion"": 0.3125, ""agreeableness"": 0.3888888888888889, ""neuroticism"": 1.0, ""openness"": 0.4, ""conscientiousness"": 0.4166666666666667}"
one_line_prompt,neuroticism,high,bfi_02,agreeableness,True,3,3,"{""extraversion"": 0.3125, ""agreeableness"": 0.3888888888888889, ""neuroticism"": 1.0, ""openness"": 0.4, ""conscientiousness"": 0.4166666666666667}"
one_line_prompt,neuroticism,high,bfi_03,conscientiousness,False,1,1,"{""extraversion"": 0.3125, ""agreeableness"": 0.3888888888888889, ""neuroticism"": 1.0, ""openness"": 0.4, ""conscientiousness"": 0.4166666666666667}"
one_line_prompt,neuroticism,high,bfi_04,neuroticism,False,5,5,"{""extraversion"": 0.3125, ""agreeableness"": 0.3888888888888889, ""neuroticism"": 1.0, ""openness"": 0.4, ""conscientiousness"": 0.4166666666666667}"
one_line_prompt,neuroticism,high,bfi_05,openness,False,1,1,"{""extraversion"": 0.3125, ""agreeableness"": 0.3888888888888889, ""neuroticism"": 1.0, ""openness"": 0.4, ""conscientiousness"": 0.4166666666666667}"
one_line_prompt,neuroticism,high,bfi_06,extraversion,True,3,3,"{""extraversion"": 0.3125, ""agreeableness"": 0.3888888888888889, ""neuroticism"": 1.0, ""openness"": 0.4, ""conscientiousness"": 0.4166666666666667}"
one_line_prompt,neuroticism,high,bfi_07,agreeableness,False,1,1,"{""extraversion"": 0.3125, ""agreeableness"": 0.3888888888888889, ""neuroticism"": 1.0, ""openness"": 0.4, ""conscientiousness"": 0.4166666666666667}"
one_line_prompt,neuroticism,high,bfi_08,conscientiousness,True,1,1,"{""extraversion"": 0.3125, ""agreeableness"": 0.3888888888888889, ""neuroticism"": 1.0, ""openness"": 0.4, ""conscientiousness"": 0.4166666666666667}"
one_line_prompt,neuroticism,high,bfi_09,neuroticism,True,1,1,"{""extraversion"": 0.3125, ""agreeableness"": 0.3888888888888889, ""neuroticism"": 1.0, ""openness"": 0.4, ""conscientiousness"": 0.4166666666666667}"
one_line_prompt,neuroticism,high,bfi_10,openness,False,3,3,"{""extraversion"": 0.3125, ""agreeableness"": 0.3888888888888889, ""neuroticism"": 1.0, ""openness"": 0.4, ""conscientiousness"": 0.4166666666666667}"
one_line_prompt,neuroticism,high,bfi_11,extraversion,False,3,3,"{""extraversion"": 0.3125, ""agreeableness"": 0.3888888888888889, ""neuroticism"": 1.0, ""openness"": 0.4, ""conscientiousness"": 0.4166666666666667}"
one_line_prompt,neuroticism,high,bfi_12,agreeableness,True,3,3,"{""extraversion"": 0.3125, ""agreeableness"": 0.3888888888888889, ""neuroticism"": 1.0, ""openness"": 0.4, ""conscientiousness"": 0.4166666666666667}"
one_line_prompt,neuroticism,high,bfi_13,conscientiousness,False,1,1,"{""extraversion"": 0.3125, ""agreeableness"": 0.3888888888888889, ""neuroticism"": 1.0, ""openness"": 0.4, ""conscientiousness"": 0.4166666666666667}"
one_line_prompt,neuroticism,high,bfi_14,neuroticism,False,5,5,"{""extraversion"": 0.3125, ""agreeableness"": 0.3888888888888889, ""neuroticism"": 1.0, ""openness"": 0.4, ""conscientiousness"": 0.4166666666666667}"
one_line_prompt,neuroticism,high,bfi_15,openness,False,3,3,"{""extraversion"": 0.3125, ""agreeableness"": 0.3888888888888889, ""neuroticism"": 1.0, ""openness"": 0.4, ""conscientiousness"": 0.4166666666666667}"
one_line_prompt,neuroticism,high,bfi_16,extraversion,False,1,1,"{""extraversion"": 0.3125, ""agreeableness"": 0.3888888888888889, ""neuroticism"": 1.0, ""openness"": 0.4, ""conscientiousness"": 0.4166666666666667}"
one_line_prompt,neuroticism,high,bfi_17,agreeableness,False,1,1,"{""extraversion"": 0.3125, ""agreeableness"": 0.3888888888888889, ""neuroticism"": 1.0, ""openness"": 0.4, ""conscientiousness"": 0.4166666666666667}"
one_line_prompt,neuroticism,high,bfi_18,conscientiousness,True,3,3,"{""extraversion"": 0.3125, ""agreeableness"": 0.3888888888888889, ""neuroticism"": 1.0, ""openness"": 0.4, ""conscientiousness"": 0.4166666666666667}"
one_line_prompt,neuroticism,high,bfi_19,neuroticism,False,5,5,"{""extraversion"": 0.3125, ""agreeableness"": 0.3888888888888889, ""neuroticism"": 1.0, ""openness"": 0.4, ""conscientiousness"": 0.4166666666666667}"
one_line_prompt,neuroticism,high,bfi_20,openness,False,3,3,"{""extraversion"": 0.3125, ""agreeableness"": 0.3888888888888889, ""neuroticism"": 1.0, ""openness"": 0.4, ""conscientiousness"": 0.4166666666666667}"
one_line_prompt,neuroticism,high,bfi_21,extraversion,True,3,3,"{""extraversion"": 0.3125, ""agreeableness"": 0.3888888888888889, ""neuroticism"": 1.0, ""openness"": 0.4, ""conscientiousness"": 0.4166666666666667}"
one_line_prompt,neuroticism,high,bfi_22,agreeableness,False,1,1,"{""extraversion"": 0.3125, ""agreeableness"": 0.3888888888888889, ""neuroticism"": 1.0, ""openness"": 0.4, ""conscientiousness"": 0.4166666666666667}"
one_line_prompt,neuroticism,high,bfi_23,conscientiousness,True,1,1,"{""extraversion"": 0.3125, ""agreeableness"": 0.3888888888888889, ""neuroticism"": 1.0, ""openness"": 0.4, ""conscientiousness"": 0.4166666666666667}"
one_line_prompt,neuroticism,high,bfi_24,neuroticism,True,1,1,"{""extraversion"": 0.3125, ""agreeableness"": 0.3888888888888889, ""neuroticism"": 1.0, ""openness"": 0.4, ""conscientiousness"": 0.4166666666666667}"
one_line_prompt,neuroticism,high,bfi_25,openness,False,3,3,"{""extraversion"": 0.3125, ""agreeableness"": 0.3888888888888889, ""neuroticism"": 1.0, ""openness"": 0.4, ""conscientiousness"": 0.4166666666666667}"
one_line_prompt,neuroticism,high,bfi_26,extraversion,False,1,1,"{""extraversion"": 0.3125, ""agreeableness"": 0.3888888888888889, ""neuroticism"": 1.0, ""openness"": 0.4, ""conscientiousness"": 0.4166666666666667}"
one_line_prompt,neuroticism,high,bfi_27,agreeableness,True,1,1,"{""extraversion"": 0.3125, ""agreeableness"": 0.3888888888888889, ""neuroticism"": 1.0, ""openness"": 0.4, ""conscientiousness"": 0.4166666666666667}"
one_line_prompt,neuroticism,high,bfi_28,conscientiousness,False,1,1,"{""extraversion"": 0.3125, ""agreeableness"": 0.3888888888888889, ""neuroticism"": 1.0, ""openness"": 0.4, ""conscientiousness"": 0.4166666666666667}"
one_line_prompt,neuroticism,high,bfi_29,neuroticism,False,5,5,"{""extraversion"": 0.3125, ""agreeableness"": 0.3888888888888889, ""neuroticism"": 1.0, ""openness"": 0.4, ""conscientiousness"": 0.4166666666666667}"
one_line_prompt,neuroticism,high,bfi_30,openness,False,3,3,"{""extraversion"": 0.3125, ""agreeableness"": 0.3888888888888889, ""neuroticism"": 1.0, ""openness"": 0.4, ""conscientiousness"": 0.4166666666666667}"
one_line_prompt,neuroticism,high,bfi_31,extraversion,True,3,3,"{""extraversion"": 0.3125, ""agreeableness"": 0.3888888888888889, ""neuroticism"": 1.0, ""openness"": 0.4, ""conscientiousness"": 0.4166666666666667}"
one_line_prompt,neuroticism,high,bfi_32,agreeableness,False,1,1,"{""extraversion"": 0.3125, ""agreeableness"": 0.3888888888888889, ""neuroticism"": 1.0, ""openness"": 0.4, ""conscientiousness"": 0.4166666666666667}"
one_line_prompt,neuroticism,high,bfi_33,conscientiousness,False,3,3,"{""extraversion"": 0.3125, ""agreeableness"": 0.3888888888888889, ""neuroticism"": 1.0, ""openness"": 0.4, ""conscientiousness"": 0.4166666666666667}"
one_line_prompt,neuroticism,high,bfi_34,neuroticism,True,1,1,"{""extraversion"": 0.3125, ""agreeableness"": 0.3888888888888889, ""neuroticism"": 1.0, ""openness"": 0.4, ""conscientiousness"": 0.4166666666666667}"
one_line_prompt,neuroticism,high,bfi_35,openness,True,3,3,"{""extraversion"": 0.3125, ""agreeableness"": 0.3888888888888889, ""neuroticism"": 1.0, ""openness"": 0.4, ""conscientiousness"": 0.4166666666666667}"
one_line_prompt,neuroticism,high,bfi_36,extraversion,False,1,1,"{""extraversion"": 0.3125, ""agreeableness"": 0.3888888888888889, ""neuroticism"": 1.0, ""openness"": 0.4, ""conscientiousness"": 0.4166666666666667}"
one_line_prompt,neuroticism,high,bfi_37,agreeableness,True,1,1,"{""extraversion"": 0.3125, ""agreeableness"": 0.3888888888888889, ""neuroticism"": 1.0, ""openness"": 0.4, ""conscientiousness"": 0.4166666666666667}"
one_line_prompt,neuroticism,high,bfi_38,conscientiousness,False,3,3,"{""extraversion"": 0.3125, ""agreeableness"": 0.3888888888888889, ""neuroticism"": 1.0, ""openness"": 0.4, ""conscientiousness"": 0.4166666666666667}"
one_line_prompt,neuroticism,high,bfi_39,neuroticism,False,5,5,"{""extraversion"": 0.3125, ""agreeableness"": 0.3888888888888889, ""neuroticism"": 1.0, ""openness"": 0.4, ""conscientiousness"": 0.4166666666666667}"
one_line_prompt,neuroticism,high,bfi_40,openness,False,1,1,"{""extraversion"": 0.3125, ""agreeableness"": 0.3888888888888889, ""neuroticism"": 1.0, ""openness"": 0.4, ""conscientiousness"": 0.4166666666666667}"
one_line_prompt,neuroticism,high,bfi_41,openness,True,3,3,"{""extraversion"": 0.3125, ""agreeableness"": 0.3888888888888889, ""neuroticism"": 1.0, ""openness"": 0.4, ""conscientiousness"": 0.4166666666666667}"
one_line_prompt,neuroticism,high,bfi_42,agreeableness,False,3,3,"{""extraversion"": 0.3125, ""agreeableness"": 0.3888888888888889, ""neuroticism"": 1.0, ""openness"": 0.4, ""conscientiousness"": 0.4166666666666667}"
one_line_prompt,neuroticism,high,bfi_43,conscientiousness,True,4,4,"{""extraversion"": 0.3125, ""agreeableness"": 0.3888888888888889, ""neuroticism"": 1.0, ""openness"": 0.4, ""conscientiousness"": 0.4166666666666667}"
one_line_prompt,neuroticism,high,bfi_44,openness,False,3,3,"{""extraversion"": 0.3125, ""agreeableness"": 0.3888888888888889, ""neuroticism"": 1.0, ""openness"": 0.4, ""conscientiousness"": 0.4166666666666667}"
one_line_prompt,neuroticism,low,bfi_01,extraversion,False,3,3,"{""extraversion"": 0.5, ""agreeableness"": 0.5277777777777778, ""neuroticism"": 0.34375, ""openness"": 0.575, ""conscientiousness"": 0.6111111111111112}"
one_line_prompt,neuroticism,low,bfi_02,agreeableness,True,3,3,"{""extraversion"": 0.5, ""agreeableness"": 0.5277777777777778, ""neuroticism"": 0.34375, ""openness"": 0.575, ""conscientiousness"": 0.6111111111111112}"
one_line_prompt,neuroticism,low,bfi_03,conscientiousness,False,4,4,"{""extraversion"": 0.5, ""agreeableness"": 0.5277777777777778, ""neuroticism"": 0.34375, ""openness"": 0.575, ""conscientiousness"": 0.6111111111111112}"
one_line_prompt,neuroticism,low,bfi_04,neuroticism,False,1,1,"{""extraversion"": 0.5, ""agreeableness"": 0.5277777777777778, ""neuroticism"": 0.34375, ""openness"": 0.575, ""conscientiousness"": 0.6111111111111112}"
one_line_prompt,neuroticism,low,bfi_05,openness,False,4,4,"{""extraversion"": 0.5, ""agreeableness"": 0.5277777777777778, ""neuroticism"": 0.34375, ""openness"": 0.575, ""conscientiousness"": 0.6111111111111112}"
one_line_prompt,neuroticism,low,bfi_06,extraversion,True,3,3,"{""extraversion"": 0.5, ""agreeableness"": 0.5277777777777778, ""neuroticism"": 0.34375, ""openness"": 0.575, ""conscientiousness"": 0.6111111111111112}"
one_line_prompt,neuroticism,low,bfi_07,agreeableness,False,4,4,"{""extraversion"": 0.5, ""agreeableness"": 0.5277777777777778, ""neuroticism"": 0.34375, ""openness"": 0.575, ""conscientiousness"": 0.6111111111111112}"
one_line_prompt,neuroticism,low,bfi_08,conscientiousness,True,3,3,"{""extraversion"": 0.5, ""agreeableness"": 0.5277777777777778, ""neuroticism"": 0.34375, ""openness"": 0.575, ""conscientiousness"": 0.6111111111111112}"
one_line_prompt,neuroticism,low,bfi_09,neuroticism,True,4,4,"{""extraversion"": 0.5, ""agreeableness"": 0.5277777777777778, ""neuroticism"": 0.34375, ""openness"": 0.575, ""conscientiousness"": 0.6111111111111112}"
one_line_prompt,neuroticism,low,bfi_10,openness,False,3,3,"{""extraversion"": 0.5, ""agreeableness"": 0.5277777777777778, ""neuroticism"": 0.34375, ""openness"": 0.575, ""conscientiousness"": 0.6111111111111112}"
one_line_prompt,neuroticism,low,bfi_11,extraversion,False,3,3,"{""extraversion"": 0.5, ""agreeableness"": 0.5277777777777778, ""neuroticism"": 0.34375, ""openness"": 0.575, ""conscientiousness"": 0.6111111111111112}"
one_line_prompt,neuroticism,low,bfi_12,agreeableness,True,3,3,"{""extraversion"": 0.5, ""agreeableness"": 0.5277777777777778, ""neuroticism"": 0.34375, ""openness"": 0.575, ""conscientiousness"": 0.6111111111111112}"
one_line_prompt,neuroticism,low,bfi_13,conscientiousness,False,4,4,"{""extraversion"": 0.5, ""agreeableness"": 0.5277777777777778, ""neuroticism"": 0.34375, ""openness"": 0.575, ""conscientiousness"": 0.6111111111111112}"
one_line_prompt,neuroticism,low,bfi_14,neuroticism,False,3,3,"{""extraversion"": 0.5, ""agreeableness"": 0.5277777777777778, ""neuroticism"": 0.34375, ""openness"": 0.575, ""conscientiousness"": 0.6111111111111112}"
one_line_prompt,neuroticism,low,bfi_15,openness,False,3,3,"{""extraversion"": 0.5, ""agreeableness"": 0.5277777777777778, ""neuroticism"": 0.34375, ""openness"": 0.575, ""conscientiousness"": 0.6111111111111112}"
one_line_prompt,neuroticism,low,bfi_16,extraversion,False,3,3,"{""extraversion"": 0.5, ""agreeableness"": 0.5277777777777778, ""neuroticism"": 0.34375, ""openness"": 0.575, ""conscientiousness"": 0.6111111111111112}"
one_line_prompt,neuroticism,low,bfi_17,agreeableness,False,3,3,"{""extraversion"": 0.5, ""agreeableness"": 0.5277777777777778, ""neuroticism"": 0.34375, ""openness"": 0.575, ""conscientiousness"": 0.6111111111111112}"
one_line_prompt,neuroticism,low,bfi_18,conscientiousness,True,3,3,"{""extraversion"": 0.5, ""agreeableness"": 0.5277777777777778, ""neuroticism"": 0.34375, ""openness"": 0.575, ""conscientiousness"": 0.6111111111111112}"
one_line_prompt,neuroticism,low,bfi_19,neuroticism,False,3,3,"{""extraversion"": 0.5, ""agreeableness"": 0.5277777777777778, ""neuroticism"": 0.34375, ""openness"": 0.575, ""conscientiousness"": 0.6111111111111112}"
one_line_prompt,neuroticism,low,bfi_20,openness,False,3,3,"{""extraversion"": 0.5, ""agreeableness"": 0.5277777777777778, ""neuroticism"": 0.34375, ""openness"": 0.575, ""conscientiousness"": 0.6111111111111112}"
one_line_prompt,neuroticism,low,bfi_21,extraversion,True,4,4,"{""extraversion"": 0.5, ""agreeableness"": 0.5277777777777778, ""neuroticism"": 0.34375, ""openness"": 0.575, ""conscientiousness"": 0.6111111111111112}"
one_line_prompt,neuroticism,low,bfi_22,agreeableness,False,3,3,"{""extraversion"": 0.5, ""agreeableness"": 0.5277777777777778, ""neuroticism"": 0.34375, ""openness"": 0.575, ""conscientiousness"": 0.6111111111111112}"
one_line_prompt,neuroticism,low,bfi_23,conscientiousness,True,3,3,"{""extraversion"": 0.5, ""agreeableness"": 0.5277777777777778, ""neuroticism"": 0.34375, ""openness"": 0.575, ""conscientiousness"": 0.6111111111111112}"
one_line_prompt,neuroticism,low,bfi_24,neuroticism,True,4,4,"{""extraversion"": 0.5, ""agreeableness"": 0.5277777777777778, ""neuroticism"": 0.34375, ""openness"": 0.575, ""conscientiousness"": 0.6111111111111112}"
one_line_prompt,neuroticism,low,bfi_25,openness,False,4,4,"{""extraversion"": 0.5, ""agreeableness"": 0.5277777777777778, ""neuroticism"": 0.34375, ""openness"": 0.575, ""conscientiousness"": 0.6111111111111112}"
one_line_prompt,neuroticism,low,bfi_26,extraversion,False,4,4,"{""extraversion"": 0.5, ""agreeableness"": 0.5277777777777778, ""neuroticism"": 0.34375, ""openness"": 0.575, ""conscientiousness"": 0.6111111111111112}"
one_line_prompt,neuroticism,low,bfi_27,agreeableness,True,3,3,"{""extraversion"": 0.5, ""agreeableness"": 0.5277777777777778, ""neuroticism"": 0.34375, ""openness"": 0.575, ""conscientiousness"": 0.6111111111111112}"
one_line_prompt,neuroticism,low,bfi_28,conscientiousness,False,4,4,"{""extraversion"": 0.5, ""agreeableness"": 0.5277777777777778, ""neuroticism"": 0.34375, ""openness"": 0.575, ""conscientiousness"": 0.6111111111111112}"
one_line_prompt,neuroticism,low,bfi_29,neuroticism,False,3,3,"{""extraversion"": 0.5, ""agreeableness"": 0.5277777777777778, ""neuroticism"": 0.34375, ""openness"": 0.575, ""conscientiousness"": 0.6111111111111112}"
one_line_prompt,neuroticism,low,bfi_30,openness,False,3,3,"{""extraversion"": 0.5, ""agreeableness"": 0.5277777777777778, ""neuroticism"": 0.34375, ""openness"": 0.575, ""conscientiousness"": 0.6111111111111112}"
one_line_prompt,neuroticism,low,bfi_31,extraversion,True,3,3,"{""extraversion"": 0.5, ""agreeableness"": 0.5277777777777778, ""neuroticism"": 0.34375, ""openness"": 0.575, ""conscientiousness"": 0.6111111111111112}"
one_line_prompt,neuroticism,low,bfi_32,agreeableness,False,3,3,"{""extraversion"": 0.5, ""agreeableness"": 0.5277777777777778, ""neuroticism"": 0.34375, ""openness"": 0.575, ""conscientiousness"": 0.6111111111111112}"
one_line_prompt,neuroticism,low,bfi_33,conscientiousness,False,3,3,"{""extraversion"": 0.5, ""agreeableness"": 0.5277777777777778, ""neuroticism"": 0.34375, ""openness"": 0.575, ""conscientiousness"": 0.6111111111111112}"
one_line_prompt,neuroticism,low,bfi_34,neuroticism,True,4,4,"{""extraversion"": 0.5, ""agreeableness"": 0.5277777777777778, ""neuroticism"": 0.34375, ""openness"": 0.575, ""conscientiousness"": 0.6111111111111112}"
one_line_prompt,neuroticism,low,bfi_35,openness,True,3,3,"{""extraversion"": 0.5, ""agreeableness"": 0.5277777777777778, ""neuroticism"": 0.34375, ""openness"": 0.575, ""conscientiousness"": 0.6111111111111112}"
one_line_prompt,neuroticism,low,bfi_36,extraversion,False,3,3,"{""extraversion"": 0.5, ""agreeableness"": 0.5277777777777778, ""neuroticism"": 0.34375, ""openness"": 0.575, ""conscientiousness"": 0.6111111111111112}"
one_line_prompt,neuroticism,low,bfi_37,agreeableness,True,3,3,"{""extraversion"": 0.5, ""agreeableness"": 0.5277777777777778, ""neuroticism"": 0.34375, ""openness"": 0.575, ""conscientiousness"": 0.6111111111111112}"
one_line_prompt,neuroticism,low,bfi_38,conscientiousness,False,4,4,"{""extraversion"": 0.5, ""agreeableness"": 0.5277777777777778, ""neuroticism"": 0.34375, ""openness"": 0.575, ""conscientiousness"": 0.6111111111111112}"
one_line_prompt,neuroticism,low,bfi_39,neuroticism,False,3,3,"{""extraversion"": 0.5, ""agreeableness"": 0.5277777777777778, ""neuroticism"": 0.34375, ""openness"": 0.575, ""conscientiousness"": 0.6111111111111112}"
one_line_prompt,neuroticism,low,bfi_40,openness,False,4,4,"{""extraversion"": 0.5, ""agreeableness"": 0.5277777777777778, ""neuroticism"": 0.34375, ""openness"": 0.575, ""conscientiousness"": 0.6111111111111112}"
one_line_prompt,neuroticism,low,bfi_41,openness,True,3,3,"{""extraversion"": 0.5, ""agreeableness"": 0.5277777777777778, ""neuroticism"": 0.34375, ""openness"": 0.575, ""conscientiousness"": 0.6111111111111112}"
one_line_prompt,neuroticism,low,bfi_42,agreeableness,False,3,3,"{""extraversion"": 0.5, ""agreeableness"": 0.5277777777777778, ""neuroticism"": 0.34375, ""openness"": 0.575, ""conscientiousness"": 0.6111111111111112}"
one_line_prompt,neuroticism,low,bfi_43,conscientiousness,True,3,3,"{""extraversion"": 0.5, ""agreeableness"": 0.5277777777777778, ""neuroticism"": 0.34375, ""openness"": 0.575, ""conscientiousness"": 0.6111111111111112}"
one_line_prompt,neuroticism,low,bfi_44,openness,False,3,3,"{""extraversion"": 0.5, ""agreeableness"": 0.5277777777777778, ""neuroticism"": 0.34375, ""openness"": 0.575, ""conscientiousness"": 0.6111111111111112}"
one_line_prompt,openness,high,bfi_01,extraversion,False,4,4,"{""extraversion"": 0.65625, ""agreeableness"": 0.6388888888888888, ""neuroticism"": 0.40625, ""openness"": 0.825, ""conscientiousness"": 0.5277777777777778}"
one_line_prompt,openness,high,bfi_02,agreeableness,True,3,3,"{""extraversion"": 0.65625, ""agreeableness"": 0.6388888888888888, ""neuroticism"": 0.40625, ""openness"": 0.825, ""conscientiousness"": 0.5277777777777778}"
one_line_prompt,openness,high,bfi_03,conscientiousness,False,3,3,"{""extraversion"": 0.65625, ""agreeableness"": 0.6388888888888888, ""neuroticism"": 0.40625, ""openness"": 0.825, ""conscientiousness"": 0.5277777777777778}"
one_line_prompt,openness,high,bfi_04,neuroticism,False,1,1,"{""extraversion"": 0.65625, ""agreeableness"": 0.6388888888888888, ""neuroticism"": 0.40625, ""openness"": 0.825, ""conscientiousness"": 0.5277777777777778}"
one_line_prompt,openness,high,bfi_05,openness,False,5,5,"{""extraversion"": 0.65625, ""agreeableness"": 0.6388888888888888, ""neuroticism"": 0.40625, ""openness"": 0.825, ""conscientiousness"": 0.5277777777777778}"
one_line_prompt,openness,high,bfi_06,extraversion,True,3,3,"{""extraversion"": 0.65625, ""agreeableness"": 0.6388888888888888, ""neuroticism"": 0.40625, ""openness"": 0.825, ""conscientiousness"": 0.5277777777777778}"
one_line_prompt,openness,high,bfi_07,agreeableness,False,4,4,"{""extraversion"": 0.65625, ""agreeableness"": 0.6388888888888888, ""neuroticism"": 0.40625, ""openness"": 0.825, ""conscientiousness"": 0.5277777777777778}"
one_line_prompt,openness,high,bfi_08,conscientiousness,True,3,3,"{""extraversion"": 0.65625, ""agreeableness"": 0.6388888888888888, ""neuroticism"": 0.40625, ""openness"": 0.825, ""conscientiousness"": 0.5277777777777778}"
one_line_prompt,openness,high,bfi_09,neuroticism,True,4,4,"{""extraversion"": 0.65625, ""agreeableness"": 0.6388888888888888, ""neuroticism"": 0.40625, ""openness"": 0.825, ""conscientiousness"": 0.5277777777777778}"
one_line_prompt,openness,high,bfi_10,openness,False,5,5,"{""extraversion"": 0.65625, ""agreeableness"": 0.6388888888888888, ""neuroticism"": 0.40625, ""openness"": 0.825, ""conscientiousness"": 0.5277777777777778}"
one_line_prompt,openness,high,bfi_11,extraversion,False,4,4,"{""extraversion"": 0.65625, ""agreeableness"": 0.6388888888888888, ""neuroticism"": 0.40625, ""openness"": 0.825, ""conscientiousness"": 0.5277777777777778}"
one_line_prompt,openness,high,bfi_12,agreeableness,True,3,3,"{""extraversion"": 0.65625, ""agreeableness"": 0.6388888888888888, ""neuroticism"": 0.40625, ""openness"": 0.825, ""conscientiousness"": 0.5277777777777778}"
one_line_prompt,openness,high,bfi_13,conscientiousness,False,3,3,"{""extraversion"": 0.65625, ""agreeableness"": 0.6388888888888888, ""neuroticism"": 0.40625, ""openness"": 0.825, ""conscientiousness"": 0.5277777777777778}"
one_line_prompt,openness,high,bfi_14,neuroticism,False,3,3,"{""extraversion"": 0.65625, ""agreeableness"": 0.6388888888888888, ""neuroticism"": 0.40625, ""openness"": 0.825, ""conscientiousness"": 0.5277777777777778}"
one_line_prompt,openness,high,bfi_15,openness,False,4,4,"{""extraversion"": 0.65625, ""agreeableness"": 0.6388888888888888, ""neuroticism"": 0.40625, ""openness"": 0.825, ""conscientiousness"": 0.5277777777777778}"
one_line_prompt,openness,high,bfi_16,extraversion,False,4,4,"{""extraversion"": 0.65625, ""agreeableness"": 0.6388888888888888, ""neuroticism"": 0.40625, ""openness"": 0.825, ""conscientiousness"": 0.5277777777777778}"
one_line_prompt,openness,high,bfi_17,agreeableness,False,4,4,"{""extraversion"": 0.65625, ""agreeableness"": 0.6388888888888888, ""neuroticism"": 0.40625, ""openness"": 0.825, ""conscientiousness"": 0.5277777777777778}"
one_line_prompt,openness,high,bfi_18,conscientiousness,True,3,3,"{""extraversion"": 0.65625, ""agreeableness"": 0.6388888888888888, ""neuroticism"": 0.40625, ""openness"": 0.825, ""conscientiousness"": 0.5277777777777778}"
one_line_prompt,openness,high,bfi_19,neuroticism,False,3,3,"{""extraversion"": 0.65625, ""agreeableness"": 0.6388888888888888, ""neuroticism"": 0.40625, ""openness"": 0.825, ""conscientiousness"": 0.5277777777777778}"
one_line_prompt,openness,high,bfi_20,openness,False,5,5,"{""extraversion"": 0.65625, ""agreeableness"": 0.6388888888888888, ""neuroticism"": 0.40625, ""openness"": 0.825, ""conscientiousness"": 0.5277777777777778}"
one_line_prompt,openness,high,bfi_21,extraversion,True,3,3,"{""extraversion"": 0.65625, ""agreeableness"": 0.6388888888888888, ""neuroticism"": 0.40625, ""openness"": 0.825, ""conscientiousness"": 0.5277777777777778}"
one_line_prompt,openness,high,bfi_22,agreeableness,False,4,4,"{""extraversion"": 0.65625, ""agreeableness"": 0.6388888888888888, ""neuroticism"": 0.40625, ""openness"": 0.825, ""conscientiousness"": 0.5277777777777778}"
one_line_prompt,openness,high,bfi_23,conscientiousness,True,3,3,"{""extraversion"": 0.65625, ""agreeableness"": 0.6388888888888888, ""neuroticism"": 0.40625, ""openness"": 0.825, ""conscientiousness"": 0.5277777777777778}"
one_line_prompt,openness,high,bfi_24,neuroticism,True,4,4,"{""extraversion"": 0.65625, ""agreeableness"": 0.6388888888888888, ""neuroticism"": 0.40625, ""openness"": 0.825, ""conscientiousness"": 0.5277777777777778}"
one_line_prompt,openness,high,bfi_25,openness,False,5,5,"{""extraversion"": 0.65625, ""agreeableness"": 0.6388888888888888, ""neuroticism"": 0.40625, ""openness"": 0.825, ""conscientiousness"": 0.5277777777777778}"
one_line_prompt,openness,high,bfi_26,extraversion,False,4,4,"{""extraversion"": 0.65625, ""agreeableness"": 0.6388888888888888, ""neuroticism"": 0.40625, ""openness"": 0.825, ""conscientiousness"": 0.5277777777777778}"
one_line_prompt,openness,high,bfi_27,agreeableness,True,3,3,"{""extraversion"": 0.65625, ""agreeableness"": 0.6388888888888888, ""neuroticism"": 0.40625, ""openness"": 0.825, ""conscientiousness"": 0.5277777777777778}"
one_line_prompt,openness,high,bfi_28,conscientiousness,False,4,4,"{""extraversion"": 0.65625, ""agreeableness"": 0.6388888888888888, ""neuroticism"": 0.40625, ""openness"": 0.825, ""conscientiousness"": 0.5277777777777778}"
one_line_prompt,openness,high,bfi_29,neuroticism,False,4,4,"{""extraversion"": 0.65625, ""agreeableness"": 0.6388888888888888, ""neuroticism"": 0.40625, ""openness"": 0.825, ""conscientiousness"": 0.5277777777777778}"
one_line_prompt,openness,high,bfi_30,openness,False,4,4,"{""extraversion"": 0.65625, ""agreeableness"": 0.6388888888888888, ""neuroticism"": 0.40625, ""openness"": 0.825, ""conscientiousness"": 0.5277777777777778}"
one_line_prompt,openness,high,bfi_31,extraversion,True,3,3,"{""extraversion"": 0.65625, ""agreeableness"": 0.6388888888888888, ""neuroticism"": 0.40625, ""openness"": 0.825, ""conscientiousness"": 0.5277777777777778}"
one_line_prompt,openness,high,bfi_32,agreeableness,False,4,4,"{""extraversion"": 0.65625, ""agreeableness"": 0.6388888888888888, ""neuroticism"": 0.40625, ""openness"": 0.825, ""conscientiousness"": 0.5277777777777778}"
one_line_prompt,openness,high,bfi_33,conscientiousness,False,3,3,"{""extraversion"": 0.65625, ""agreeableness"": 0.6388888888888888, ""neuroticism"": 0.40625, ""openness"": 0.825, ""conscientiousness"": 0.5277777777777778}"
one_line_prompt,openness,high,bfi_34,neuroticism,True,3,3,"{""extraversion"": 0.65625, ""agreeableness"": 0.6388888888888888, ""neuroticism"": 0.40625, ""openness"": 0.825, ""conscientiousness"": 0.5277777777777778}"
one_line_prompt,openness,high,bfi_35,openness,True,3,3,"{""extraversion"": 0.65625, ""agreeableness"": 0.6388888888888888, ""neuroticism"": 0.40625, ""openness"": 0.825, ""conscientiousness"": 0.5277777777777778}"
one_line_prompt,openness,high,bfi_36,extraversion,False,4,4,"{""extraversion"": 0.65625, ""agreeableness"": 0.6388888888888888, ""neuroticism"": 0.40625, ""openness"": 0.825, ""conscientiousness"": 0.5277777777777778}"
one_line_prompt,openness,high,bfi_37,agreeableness,True,3,3,"{""extraversion"": 0.65625, ""agreeableness"": 0.6388888888888888, ""neuroticism"": 0.40625, ""openness"": 0.825, ""conscientiousness"": 0.5277777777777778}"
one_line_prompt,openness,high,bfi_38,conscientiousness,False,3,3,"{""extraversion"": 0.65625, ""agreeableness"": 0.6388888888888888, ""neuroticism"": 0.40625, ""openness"": 0.825, ""conscientiousness"": 0.5277777777777778}"
one_line_prompt,openness,high,bfi_39,neuroticism,False,3,3,"{""extraversion"": 0.65625, ""agreeableness"": 0.6388888888888888, ""neuroticism"": 0.40625, ""openness"": 0.825, ""conscientiousness"": 0.5277777777777778}"
one_line_prompt,openness,high,bfi_40,openness,False,5,5,"{""extraversion"": 0.65625, ""agreeableness"": 0.6388888888888888, ""neuroticism"": 0.40625, ""openness"": 0.825, ""conscientiousness"": 0.5277777777777778}"
one_line_prompt,openness,high,bfi_41,openness,True,3,3,"{""extraversion"": 0.65625, ""agreeableness"": 0.6388888888888888, ""neuroticism"": 0.40625, ""openness"": 0.825, ""conscientiousness"": 0.5277777777777778}"
one_line_prompt,openness,high,bfi_42,agreeableness,False,4,4,"{""extraversion"": 0.65625, ""agreeableness"": 0.6388888888888888, ""neuroticism"": 0.40625, ""openness"": 0.825, ""conscientiousness"": 0.5277777777777778}"
one_line_prompt,openness,high,bfi_43,conscientiousness,True,3,3,"{""extraversion"": 0.65625, ""agreeableness"": 0.6388888888888888, ""neuroticism"": 0.40625, ""openness"": 0.825, ""conscientiousness"": 0.5277777777777778}"
one_line_prompt,openness,high,bfi_44,openness,False,4,4,"{""extraversion"": 0.65625, ""agreeableness"": 0.6388888888888888, ""neuroticism"": 0.40625, ""openness"": 0.825, ""conscientiousness"": 0.5277777777777778}"
one_line_prompt,openness,low,bfi_01,extraversion,False,3,3,"{""extraversion"": 0.5, ""agreeableness"": 0.5, ""neuroticism"": 0.46875, ""openness"": 0.475, ""conscientiousness"": 0.6111111111111112}"
one_line_prompt,openness,low,bfi_02,agreeableness,True,3,3,"{""extraversion"": 0.5, ""agreeableness"": 0.5, ""neuroticism"": 0.46875, ""openness"": 0.475, ""conscientiousness"": 0.6111111111111112}"
one_line_prompt,openness,low,bfi_03,conscientiousness,False,4,4,"{""extraversion"": 0.5, ""agreeableness"": 0.5, ""neuroticism"": 0.46875, ""openness"": 0.475, ""conscientiousness"": 0.6111111111111112}"
one_line_prompt,openness,low,bfi_04,neuroticism,False,3,3,"{""extraversion"": 0.5, ""agreeableness"": 0.5, ""neuroticism"": 0.46875, ""openness"": 0.475, ""conscientiousness"": 0.6111111111111112}"
one_line_prompt,openness,low,bfi_05,openness,False,3,3,"{""extraversion"": 0.5, ""agreeableness"": 0.5, ""neuroticism"": 0.46875, ""openness"": 0.475, ""conscientiousness"": 0.6111111111111112}"
one_line_prompt,openness,low,bfi_06,extraversion,True,3,3,"{""extraversion"": 0.5, ""agreeableness"": 0.5, ""neuroticism"": 0.46875, ""openness"": 0.475, ""conscientiousness"": 0.6111111111111112}"
one_line_prompt,openness,low,bfi_07,agreeableness,False,3,3,"{""extraversion"": 0.5, ""agreeableness"": 0.5, ""neuroticism"": 0.46875, ""openness"": 0.475, ""conscientiousness"": 0.6111111111111112}"
one_line_prompt,openness,low,bfi_08,conscientiousness,True,3,3,"{""extraversion"": 0.5, ""agreeableness"": 0.5, ""neuroticism"": 0.46875, ""openness"": 0.475, ""conscientiousness"": 0.6111111111111112}"
one_line_prompt,openness,low,bfi_09,neuroticism,True,3,3,"{""extraversion"": 0.5, ""agreeableness"": 0.5, ""neuroticism"": 0.46875, ""openness"": 0.475, ""conscientiousness"": 0.6111111111111112}"
one_line_prompt,openness,low,bfi_10,openness,False,3,3,"{""extraversion"": 0.5, ""agreeableness"": 0.5, ""neuroticism"": 0.46875, ""openness"": 0.475, ""conscientiousness"": 0.6111111111111112}"
one_line_prompt,openness,low,bfi_11,extraversion,False,3,3,"{""extraversion"": 0.5, ""agreeableness"": 0.5, ""neuroticism"": 0.46875, ""openness"": 0.475, ""conscientiousness"": 0.6111111111111112}"
one_line_prompt,openness,low,bfi_12,agreeableness,True,3,3,"{""extraversion"": 0.5, ""agreeableness"": 0.5, ""neuroticism"": 0.46875, ""openness"": 0.475, ""conscientiousness"": 0.6111111111111112}"
one_line_prompt,openness,low,bfi_13,conscientiousness,False,4,4,"{""extraversion"": 0.5, ""agreeableness"": 0.5, ""neuroticism"": 0.46875, ""openness"": 0.475, ""conscientiousness"": 0.6111111111111112}"
one_line_prompt,openness,low,bfi_14,neuroticism,False,3,3,"{""extraversion"": 0.5, ""agreeableness"": 0.5, ""neuroticism"": 0.46875, ""openness"": 0.475, ""conscientiousness"": 0.6111111111111112}"
one_line_prompt,openness,low,bfi_15,openness,False,3,3,"{""extraversion"": 0.5, ""agreeableness"": 0.5, ""neuroticism"": 0.46875, ""openness"": 0.475, ""conscientiousness"": 0.6111111111111112}"
one_line_prompt,openness,low,bfi_16,extraversion,False,3,3,"{""extraversion"": 0.5, ""agreeableness"": 0.5, ""neuroticism"": 0.46875, ""openness"": 0.475, ""conscientiousness"": 0.6111111111111112}"
one_line_prompt,openness,low,bfi_17,agreeableness,False,3,3,"{""extraversion"": 0.5, ""agreeableness"": 0.5, ""neuroticism"": 0.46875, ""openness"": 0.475, ""conscientiousness"": 0.6111111111111112}"
one_line_prompt,openness,low,bfi_18,conscientiousness,True,3,3,"{""extraversion"": 0.5, ""agreeableness"": 0.5, ""neuroticism"": 0.46875, ""openness"": 0.475, ""conscientiousness"": 0.6111111111111112}"
one_line_prompt,openness,low,bfi_19,neuroticism,False,3,3,"{""extraversion"": 0.5, ""agreeableness"": 0.5, ""neuroticism"": 0.46875, ""openness"": 0.475, ""conscientiousness"": 0.6111111111111112}"
one_line_prompt,openness,low,bfi_20,openness,False,3,3,"{""extraversion"": 0.5, ""agreeableness"": 0.5, ""neuroticism"": 0.46875, ""openness"": 0.475, ""conscientiousness"": 0.6111111111111112}"
one_line_prompt,openness,low,bfi_21,extraversion,True,3,3,"{""extraversion"": 0.5, ""agreeableness"": 0.5, ""neuroticism"": 0.46875, ""openness"": 0.475, ""conscientiousness"": 0.6111111111111112}"
one_line_prompt,openness,low,bfi_22,agreeableness,False,3,3,"{""extraversion"": 0.5, ""agreeableness"": 0.5, ""neuroticism"": 0.46875, ""openness"": 0.475, ""conscientiousness"": 0.6111111111111112}"
one_line_prompt,openness,low,bfi_23,conscientiousness,True,3,3,"{""extraversion"": 0.5, ""agreeableness"": 0.5, ""neuroticism"": 0.46875, ""openness"": 0.475, ""conscientiousness"": 0.6111111111111112}"
one_line_prompt,openness,low,bfi_24,neuroticism,True,4,4,"{""extraversion"": 0.5, ""agreeableness"": 0.5, ""neuroticism"": 0.46875, ""openness"": 0.475, ""conscientiousness"": 0.6111111111111112}"
one_line_prompt,openness,low,bfi_25,openness,False,3,3,"{""extraversion"": 0.5, ""agreeableness"": 0.5, ""neuroticism"": 0.46875, ""openness"": 0.475, ""conscientiousness"": 0.6111111111111112}"
one_line_prompt,openness,low,bfi_26,extraversion,False,3,3,"{""extraversion"": 0.5, ""agreeableness"": 0.5, ""neuroticism"": 0.46875, ""openness"": 0.475, ""conscientiousness"": 0.6111111111111112}"
one_line_prompt,openness,low,bfi_27,agreeableness,True,3,3,"{""extraversion"": 0.5, ""agreeableness"": 0.5, ""neuroticism"": 0.46875, ""openness"": 0.475, ""conscientiousness"": 0.6111111111111112}"
one_line_prompt,openness,low,bfi_28,conscientiousness,False,4,4,"{""extraversion"": 0.5, ""agreeableness"": 0.5, ""neuroticism"": 0.46875, ""openness"": 0.475, ""conscientiousness"": 0.6111111111111112}"
one_line_prompt,openness,low,bfi_29,neuroticism,False,3,3,"{""extraversion"": 0.5, ""agreeableness"": 0.5, ""neuroticism"": 0.46875, ""openness"": 0.475, ""conscientiousness"": 0.6111111111111112}"
one_line_prompt,openness,low,bfi_30,openness,False,3,3,"{""extraversion"": 0.5, ""agreeableness"": 0.5, ""neuroticism"": 0.46875, ""openness"": 0.475, ""conscientiousness"": 0.6111111111111112}"
one_line_prompt,openness,low,bfi_31,extraversion,True,3,3,"{""extraversion"": 0.5, ""agreeableness"": 0.5, ""neuroticism"": 0.46875, ""openness"": 0.475, ""conscientiousness"": 0.6111111111111112}"
one_line_prompt,openness,low,bfi_32,agreeableness,False,3,3,"{""extraversion"": 0.5, ""agreeableness"": 0.5, ""neuroticism"": 0.46875, ""openness"": 0.475, ""conscientiousness"": 0.6111111111111112}"
one_line_prompt,openness,low,bfi_33,conscientiousness,False,3,3,"{""extraversion"": 0.5, ""agreeableness"": 0.5, ""neuroticism"": 0.46875, ""openness"": 0.475, ""conscientiousness"": 0.6111111111111112}"
one_line_prompt,openness,low,bfi_34,neuroticism,True,3,3,"{""extraversion"": 0.5, ""agreeableness"": 0.5, ""neuroticism"": 0.46875, ""openness"": 0.475, ""conscientiousness"": 0.6111111111111112}"
one_line_prompt,openness,low,bfi_35,openness,True,4,4,"{""extraversion"": 0.5, ""agreeableness"": 0.5, ""neuroticism"": 0.46875, ""openness"": 0.475, ""conscientiousness"": 0.6111111111111112}"
one_line_prompt,openness,low,bfi_36,extraversion,False,3,3,"{""extraversion"": 0.5, ""agreeableness"": 0.5, ""neuroticism"": 0.46875, ""openness"": 0.475, ""conscientiousness"": 0.6111111111111112}"
one_line_prompt,openness,low,bfi_37,agreeableness,True,3,3,"{""extraversion"": 0.5, ""agreeableness"": 0.5, ""neuroticism"": 0.46875, ""openness"": 0.475, ""conscientiousness"": 0.6111111111111112}"
one_line_prompt,openness,low,bfi_38,conscientiousness,False,4,4,"{""extraversion"": 0.5, ""agreeableness"": 0.5, ""neuroticism"": 0.46875, ""openness"": 0.475, ""conscientiousness"": 0.6111111111111112}"
one_line_prompt,openness,low,bfi_39,neuroticism,False,3,3,"{""extraversion"": 0.5, ""agreeableness"": 0.5, ""neuroticism"": 0.46875, ""openness"": 0.475, ""conscientiousness"": 0.6111111111111112}"
one_line_prompt,openness,low,bfi_40,openness,False,3,3,"{""extraversion"": 0.5, ""agreeableness"": 0.5, ""neuroticism"": 0.46875, ""openness"": 0.475, ""conscientiousness"": 0.6111111111111112}"
one_line_prompt,openness,low,bfi_41,openness,True,3,3,"{""extraversion"": 0.5, ""agreeableness"": 0.5, ""neuroticism"": 0.46875, ""openness"": 0.475, ""conscientiousness"": 0.6111111111111112}"
one_line_prompt,openness,low,bfi_42,agreeableness,False,3,3,"{""extraversion"": 0.5, ""agreeableness"": 0.5, ""neuroticism"": 0.46875, ""openness"": 0.475, ""conscientiousness"": 0.6111111111111112}"
one_line_prompt,openness,low,bfi_43,conscientiousness,True,3,3,"{""extraversion"": 0.5, ""agreeableness"": 0.5, ""neuroticism"": 0.46875, ""openness"": 0.475, ""conscientiousness"": 0.6111111111111112}"
one_line_prompt,openness,low,bfi_44,openness,False,3,3,"{""extraversion"": 0.5, ""agreeableness"": 0.5, ""neuroticism"": 0.46875, ""openness"": 0.475, ""conscientiousness"": 0.6111111111111112}"
one_line_prompt,extraversion,high,bfi_01,extraversion,False,5,5,"{""extraversion"": 0.90625, ""agreeableness"": 0.6111111111111112, ""neuroticism"": 0.4375, ""openness"": 0.625, ""conscientiousness"": 0.6111111111111112}"
one_line_prompt,extraversion,high,bfi_02,agreeableness,True,3,3,"{""extraversion"": 0.90625, ""agreeableness"": 0.6111111111111112, ""neuroticism"": 0.4375, ""openness"": 0.625, ""conscientiousness"": 0.6111111111111112}"
one_line_prompt,extraversion,high,bfi_03,conscientiousness,False,4,4,"{""extraversion"": 0.90625, ""agreeableness"": 0.6111111111111112, ""neuroticism"": 0.4375, ""openness"": 0.625, ""conscientiousness"": 0.6111111111111112}"
one_line_prompt,extraversion,high,bfi_04,neuroticism,False,1,1,"{""extraversion"": 0.90625, ""agreeableness"": 0.6111111111111112, ""neuroticism"": 0.4375, ""openness"": 0.625, ""conscientiousness"": 0.6111111111111112}"
one_line_prompt,extraversion,high,bfi_05,openness,False,4,4,"{""extraversion"": 0.90625, ""agreeableness"": 0.6111111111111112, ""neuroticism"": 0.4375, ""openness"": 0.625, ""conscientiousness"": 0.6111111111111112}"
one_line_prompt,extraversion,high,bfi_06,extraversion,True,3,3,"{""extraversion"": 0.90625, ""agreeableness"": 0.6111111111111112, ""neuroticism"": 0.4375, ""openness"": 0.625, ""conscientiousness"": 0.6111111111111112}"
one_line_prompt,extraversion,high,bfi_07,agreeableness,False,4,4,"{""extraversion"": 0.90625, ""agreeableness"": 0.6111111111111112, ""neuroticism"": 0.4375, ""openness"": 0.625, ""conscientiousness"": 0.6111111111111112}"
one_line_prompt,extraversion,high,bfi_08,conscientiousness,True,3,3,"{""extraversion"": 0.90625, ""agreeableness"": 0.6111111111111112, ""neuroticism"": 0.4375, ""openness"": 0.625, ""conscientiousness"": 0.6111111111111112}"
one_line_prompt,extraversion,high,bfi_09,neuroticism,True,3,3,"{""extraversion"": 0.90625, ""agreeableness"": 0.6111111111111112, ""neuroticism"": 0.4375, ""openness"": 0.625, ""conscientiousness"": 0.6111111111111112}"
one_line_prompt,extraversion,high,bfi_10,openness,False,4,4,"{""extraversion"": 0.90625, ""agreeableness"": 0.6111111111111112, ""neuroticism"": 0.4375, ""openness"": 0.625, ""conscientiousness"": 0.6111111111111112}"
one_line_prompt,extraversion,high,bfi_11,extraversion,False,5,5,"{""extraversion"": 0.90625, ""agreeableness"": 0.6111111111111112, ""neuroticism"": 0.4375, ""openness"": 0.625, ""conscientiousness"": 0.6111111111111112}"
one_line_prompt,extraversion,high,bfi_12,agreeableness,True,3,3,"{""extraversion"": 0.90625, ""agreeableness"": 0.6111111111111112, ""neuroticism"": 0.4375, ""openness"": 0.625, ""conscientiousness"": 0.6111111111111112}"
one_line_prompt,extraversion,high,bfi_13,conscientiousness,False,4,4,"{""extraversion"": 0.90625, ""agreeableness"": 0.6111111111111112, ""neuroticism"": 0.4375, ""openness"": 0.625, ""conscientiousness"": 0.6111111111111112}"
one_line_prompt,extraversion,high,bfi_14,neuroticism,False,3,3,"{""extraversion"": 0.90625, ""agreeableness"": 0.6111111111111112, ""neuroticism"": 0.4375, ""openness"": 0.625, ""conscientiousness"": 0.6111111111111112}"
one_line_prompt,extraversion,high,bfi_15,openness,False,3,3,"{""extraversion"": 0.90625, ""agreeableness"": 0.6111111111111112, ""neuroticism"": 0.4375, ""openness"": 0.625, ""conscientiousness"": 0.6111111111111112}"
one_line_prompt,extraversion,high,bfi_16,extraversion,False,4,4,"{""extraversion"": 0.90625, ""agreeableness"": 0.6111111111111112, ""neuroticism"": 0.4375, ""openness"": 0.625, ""conscientiousness"": 0.6111111111111112}"
one_line_prompt,extraversion,high,bfi_17,agreeableness,False,4,4,"{""extraversion"": 0.90625, ""agreeableness"": 0.6111111111111112, ""neuroticism"": 0.4375, ""openness"": 0.625, ""conscientiousness"": 0.6111111111111112}"
one_line_prompt,extraversion,high,bfi_18,conscientiousness,True,3,3,"{""extraversion"": 0.90625, ""agreeableness"": 0.6111111111111112, ""neuroticism"": 0.4375, ""openness"": 0.625, ""conscientiousness"": 0.6111111111111112}"
one_line_prompt,extraversion,high,bfi_19,neuroticism,False,3,3,"{""extraversion"": 0.90625, ""agreeableness"": 0.6111111111111112, ""neuroticism"": 0.4375, ""openness"": 0.625, ""conscientiousness"": 0.6111111111111112}"
one_line_prompt,extraversion,high,bfi_20,openness,False,4,4,"{""extraversion"": 0.90625, ""agreeableness"": 0.6111111111111112, ""neuroticism"": 0.4375, ""openness"": 0.625, ""conscientiousness"": 0.6111111111111112}"
one_line_prompt,extraversion,high,bfi_21,extraversion,True,1,1,"{""extraversion"": 0.90625, ""agreeableness"": 0.6111111111111112, ""neuroticism"": 0.4375, ""openness"": 0.625, ""conscientiousness"": 0.6111111111111112}"
one_line_prompt,extraversion,high,bfi_22,agreeableness,False,4,4,"{""extraversion"": 0.90625, ""agreeableness"": 0.6111111111111112, ""neuroticism"": 0.4375, ""openness"": 0.625, ""conscientiousness"": 0.6111111111111112}"
one_line_prompt,extraversion,high,bfi_23,conscientiousness,True,3,3,"{""extraversion"": 0.90625, ""agreeableness"": 0.6111111111111112, ""neuroticism"": 0.4375, ""openness"": 0.625, ""conscientiousness"": 0.6111111111111112}"
one_line_prompt,extraversion,high,bfi_24,neuroticism,True,3,3,"{""extraversion"": 0.90625, ""agreeableness"": 0.6111111111111112, ""neuroticism"": 0.4375, ""openness"": 0.625, ""conscientiousness"": 0.6111111111111112}"
one_line_prompt,extraversion,high,bfi_25,openness,False,4,4,"{""extraversion"": 0.90625, ""agreeableness"": 0.6111111111111112, ""neuroticism"": 0.4375, ""openness"": 0.625, ""conscientiousness"": 0.6111111111111112}"
one_line_prompt,extraversion,high,bfi_26,extraversion,False,5,5,"{""extraversion"": 0.90625, ""agreeableness"": 0.6111111111111112, ""neuroticism"": 0.4375, ""openness"": 0.625, ""conscientiousness"": 0.6111111111111112}"
one_line_prompt,extraversion,high,bfi_27,agreeableness,True,3,3,"{""extraversion"": 0.90625, ""agreeableness"": 0.6111111111111112, ""neuroticism"": 0.4375, ""openness"": 0.625, ""conscientiousness"": 0.6111111111111112}"
one_line_prompt,extraversion,high,bfi_28,conscientiousness,False,4,4,"{""extraversion"": 0.90625, ""agreeableness"": 0.6111111111111112, ""neuroticism"": 0.4375, ""openness"": 0.625, ""conscientiousness"": 0.6111111111111112}"
one_line_prompt,extraversion,high,bfi_29,neuroticism,False,3,3,"{""extraversion"": 0.90625, ""agreeableness"": 0.6111111111111112, ""neuroticism"": 0.4375, ""openness"": 0.625, ""conscientiousness"": 0.6111111111111112}"
one_line_prompt,extraversion,high,bfi_30,openness,False,4,4,"{""extraversion"": 0.90625, ""agreeableness"": 0.6111111111111112, ""neuroticism"": 0.4375, ""openness"": 0.625, ""conscientiousness"": 0.6111111111111112}"
one_line_prompt,extraversion,high,bfi_31,extraversion,True,1,1,"{""extraversion"": 0.90625, ""agreeableness"": 0.6111111111111112, ""neuroticism"": 0.4375, ""openness"": 0.625, ""conscientiousness"": 0.6111111111111112}"
one_line_prompt,extraversion,high,bfi_32,agreeableness,False,4,4,"{""extraversion"": 0.90625, ""agreeableness"": 0.6111111111111112, ""neuroticism"": 0.4375, ""openness"": 0.625, ""conscientiousness"": 0.6111111111111112}"
one_line_prompt,extraversion,high,bfi_33,conscientiousness,False,3,3,"{""extraversion"": 0.90625, ""agreeableness"": 0.6111111111111112, ""neuroticism"": 0.4375, ""openness"": 0.625, ""conscientiousness"": 0.6111111111111112}"
one_line_prompt,extraversion,high,bfi_34,neuroticism,True,3,3,"{""extraversion"": 0.90625, ""agreeableness"": 0.6111111111111112, ""neuroticism"": 0.4375, ""openness"": 0.625, ""conscientiousness"": 0.6111111111111112}"
one_line_prompt,extraversion,high,bfi_35,openness,True,3,3,"{""extraversion"": 0.90625, ""agreeableness"": 0.6111111111111112, ""neuroticism"": 0.4375, ""openness"": 0.625, ""conscientiousness"": 0.6111111111111112}"
one_line_prompt,extraversion,high,bfi_36,extraversion,False,5,5,"{""extraversion"": 0.90625, ""agreeableness"": 0.6111111111111112, ""neuroticism"": 0.4375, ""openness"": 0.625, ""conscientiousness"": 0.6111111111111112}"
one_line_prompt,extraversion,high,bfi_37,agreeableness,True,3,3,"{""extraversion"": 0.90625, ""agreeableness"": 0.6111111111111112, ""neuroticism"": 0.4375, ""openness"": 0.625, ""conscientiousness"": 0.6111111111111112}"
one_line_prompt,extraversion,high,bfi_38,conscientiousness,False,4,4,"{""extraversion"": 0.90625, ""agreeableness"": 0.6111111111111112, ""neuroticism"": 0.4375, ""openness"": 0.625, ""conscientiousness"": 0.6111111111111112}"
one_line_prompt,extraversion,high,bfi_39,neuroticism,False,3,3,"{""extraversion"": 0.90625, ""agreeableness"": 0.6111111111111112, ""neuroticism"": 0.4375, ""openness"": 0.625, ""conscientiousness"": 0.6111111111111112}"
one_line_prompt,extraversion,high,bfi_40,openness,False,3,3,"{""extraversion"": 0.90625, ""agreeableness"": 0.6111111111111112, ""neuroticism"": 0.4375, ""openness"": 0.625, ""conscientiousness"": 0.6111111111111112}"
one_line_prompt,extraversion,high,bfi_41,openness,True,3,3,"{""extraversion"": 0.90625, ""agreeableness"": 0.6111111111111112, ""neuroticism"": 0.4375, ""openness"": 0.625, ""conscientiousness"": 0.6111111111111112}"
one_line_prompt,extraversion,high,bfi_42,agreeableness,False,3,3,"{""extraversion"": 0.90625, ""agreeableness"": 0.6111111111111112, ""neuroticism"": 0.4375, ""openness"": 0.625, ""conscientiousness"": 0.6111111111111112}"
one_line_prompt,extraversion,high,bfi_43,conscientiousness,True,3,3,"{""extraversion"": 0.90625, ""agreeableness"": 0.6111111111111112, ""neuroticism"": 0.4375, ""openness"": 0.625, ""conscientiousness"": 0.6111111111111112}"
one_line_prompt,extraversion,high,bfi_44,openness,False,3,3,"{""extraversion"": 0.90625, ""agreeableness"": 0.6111111111111112, ""neuroticism"": 0.4375, ""openness"": 0.625, ""conscientiousness"": 0.6111111111111112}"
one_line_prompt,extraversion,low,bfi_01,extraversion,False,3,3,"{""extraversion"": 0.4375, ""agreeableness"": 0.5, ""neuroticism"": 0.46875, ""openness"": 0.5, ""conscientiousness"": 0.5}"
one_line_prompt,extraversion,low,bfi_02,agreeableness,True,3,3,"{""extraversion"": 0.4375, ""agreeableness"": 0.5, ""neuroticism"": 0.46875, ""openness"": 0.5, ""conscientiousness"": 0.5}"
one_line_prompt,extraversion,low,bfi_03,conscientiousness,False,3,3,"{""extraversion"": 0.4375, ""agreeableness"": 0.5, ""neuroticism"": 0.46875, ""openness"": 0.5, ""conscientiousness"": 0.5}"
one_line_prompt,extraversion,low,bfi_04,neuroticism,False,3,3,"{""extraversion"": 0.4375, ""agreeableness"": 0.5, ""neuroticism"": 0.46875, ""openness"": 0.5, ""conscientiousness"": 0.5}"
one_line_prompt,extraversion,low,bfi_05,openness,False,3,3,"{""extraversion"": 0.4375, ""agreeableness"": 0.5, ""neuroticism"": 0.46875, ""openness"": 0.5, ""conscientiousness"": 0.5}"
one_line_prompt,extraversion,low,bfi_06,extraversion,True,4,4,"{""extraversion"": 0.4375, ""agreeableness"": 0.5, ""neuroticism"": 0.46875, ""openness"": 0.5, ""conscientiousness"": 0.5}"
one_line_prompt,extraversion,low,bfi_07,agreeableness,False,3,3,"{""extraversion"": 0.4375, ""agreeableness"": 0.5, ""neuroticism"": 0.46875, ""openness"": 0.5, ""conscientiousness"": 0.5}"
one_line_prompt,extraversion,low,bfi_08,conscientiousness,True,3,3,"{""extraversion"": 0.4375, ""agreeableness"": 0.5, ""neuroticism"": 0.46875, ""openness"": 0.5, ""conscientiousness"": 0.5}"
one_line_prompt,extraversion,low,bfi_09,neuroticism,True,3,3,"{""extraversion"": 0.4375, ""agreeableness"": 0.5, ""neuroticism"": 0.46875, ""openness"": 0.5, ""conscientiousness"": 0.5}"
one_line_prompt,extraversion,low,bfi_10,openness,False,3,3,"{""extraversion"": 0.4375, ""agreeableness"": 0.5, ""neuroticism"": 0.46875, ""openness"": 0.5, ""conscientiousness"": 0.5}"
one_line_prompt,extraversion,low,bfi_11,extraversion,False,3,3,"{""extraversion"": 0.4375, ""agreeableness"": 0.5, ""neuroticism"": 0.46875, ""openness"": 0.5, ""conscientiousness"": 0.5}"
one_line_prompt,extraversion,low,bfi_12,agreeableness,True,3,3,"{""extraversion"": 0.4375, ""agreeableness"": 0.5, ""neuroticism"": 0.46875, ""openness"": 0.5, ""conscientiousness"": 0.5}"
one_line_prompt,extraversion,low,bfi_13,conscientiousness,False,3,3,"{""extraversion"": 0.4375, ""agreeableness"": 0.5, ""neuroticism"": 0.46875, ""openness"": 0.5, ""conscientiousness"": 0.5}"
one_line_prompt,extraversion,low,bfi_14,neuroticism,False,3,3,"{""extraversion"": 0.4375, ""agreeableness"": 0.5, ""neuroticism"": 0.46875, ""openness"": 0.5, ""conscientiousness"": 0.5}"
one_line_prompt,extraversion,low,bfi_15,openness,False,3,3,"{""extraversion"": 0.4375, ""agreeableness"": 0.5, ""neuroticism"": 0.46875, ""openness"": 0.5, ""conscientiousness"": 0.5}"
one_line_prompt,extraversion,low,bfi_16,extraversion,False,3,3,"{""extraversion"": 0.4375, ""agreeableness"": 0.5, ""neuroticism"": 0.46875, ""openness"": 0.5, ""conscientiousness"": 0.5}"
one_line_prompt,extraversion,low,bfi_17,agreeableness,False,3,3,"{""extraversion"": 0.4375, ""agreeableness"": 0.5, ""neuroticism"": 0.46875, ""openness"": 0.5, ""conscientiousness"": 0.5}"
one_line_prompt,extraversion,low,bfi_18,conscientiousness,True,3,3,"{""extraversion"": 0.4375, ""agreeableness"": 0.5, ""neuroticism"": 0.46875, ""openness"": 0.5, ""conscientiousness"": 0.5}"
one_line_prompt,extraversion,low,bfi_19,neuroticism,False,3,3,"{""extraversion"": 0.4375, ""agreeableness"": 0.5, ""neuroticism"": 0.46875, ""openness"": 0.5, ""conscientiousness"": 0.5}"
one_line_prompt,extraversion,low,bfi_20,openness,False,3,3,"{""extraversion"": 0.4375, ""agreeableness"": 0.5, ""neuroticism"": 0.46875, ""openness"": 0.5, ""conscientiousness"": 0.5}"
one_line_prompt,extraversion,low,bfi_21,extraversion,True,4,4,"{""extraversion"": 0.4375, ""agreeableness"": 0.5, ""neuroticism"": 0.46875, ""openness"": 0.5, ""conscientiousness"": 0.5}"
one_line_prompt,extraversion,low,bfi_22,agreeableness,False,3,3,"{""extraversion"": 0.4375, ""agreeableness"": 0.5, ""neuroticism"": 0.46875, ""openness"": 0.5, ""conscientiousness"": 0.5}"
one_line_prompt,extraversion,low,bfi_23,conscientiousness,True,3,3,"{""extraversion"": 0.4375, ""agreeableness"": 0.5, ""neuroticism"": 0.46875, ""openness"": 0.5, ""conscientiousness"": 0.5}"
one_line_prompt,extraversion,low,bfi_24,neuroticism,True,4,4,"{""extraversion"": 0.4375, ""agreeableness"": 0.5, ""neuroticism"": 0.46875, ""openness"": 0.5, ""conscientiousness"": 0.5}"
one_line_prompt,extraversion,low,bfi_25,openness,False,3,3,"{""extraversion"": 0.4375, ""agreeableness"": 0.5, ""neuroticism"": 0.46875, ""openness"": 0.5, ""conscientiousness"": 0.5}"
one_line_prompt,extraversion,low,bfi_26,extraversion,False,3,3,"{""extraversion"": 0.4375, ""agreeableness"": 0.5, ""neuroticism"": 0.46875, ""openness"": 0.5, ""conscientiousness"": 0.5}"
one_line_prompt,extraversion,low,bfi_27,agreeableness,True,3,3,"{""extraversion"": 0.4375, ""agreeableness"": 0.5, ""neuroticism"": 0.46875, ""openness"": 0.5, ""conscientiousness"": 0.5}"
one_line_prompt,extraversion,low,bfi_28,conscientiousness,False,3,3,"{""extraversion"": 0.4375, ""agreeableness"": 0.5, ""neuroticism"": 0.46875, ""openness"": 0.5, ""conscientiousness"": 0.5}"
one_line_prompt,extraversion,low,bfi_29,neuroticism,False,3,3,"{""extraversion"": 0.4375, ""agreeableness"": 0.5, ""neuroticism"": 0.46875, ""openness"": 0.5, ""conscientiousness"": 0.5}"
one_line_prompt,extraversion,low,bfi_30,openness,False,3,3,"{""extraversion"": 0.4375, ""agreeableness"": 0.5, ""neuroticism"": 0.46875, ""openness"": 0.5, ""conscientiousness"": 0.5}"
one_line_prompt,extraversion,low,bfi_31,extraversion,True,3,3,"{""extraversion"": 0.4375, ""agreeableness"": 0.5, ""neuroticism"": 0.46875, ""openness"": 0.5, ""conscientiousness"": 0.5}"
one_line_prompt,extraversion,low,bfi_32,agreeableness,False,3,3,"{""extraversion"": 0.4375, ""agreeableness"": 0.5, ""neuroticism"": 0.46875, ""openness"": 0.5, ""conscientiousness"": 0.5}"
one_line_prompt,extraversion,low,bfi_33,conscientiousness,False,3,3,"{""extraversion"": 0.4375, ""agreeableness"": 0.5, ""neuroticism"": 0.46875, ""openness"": 0.5, ""conscientiousness"": 0.5}"
one_line_prompt,extraversion,low,bfi_34,neuroticism,True,3,3,"{""extraversion"": 0.4375, ""agreeableness"": 0.5, ""neuroticism"": 0.46875, ""openness"": 0.5, ""conscientiousness"": 0.5}"
one_line_prompt,extraversion,low,bfi_35,openness,True,3,3,"{""extraversion"": 0.4375, ""agreeableness"": 0.5, ""neuroticism"": 0.46875, ""openness"": 0.5, ""conscientiousness"": 0.5}"
one_line_prompt,extraversion,low,bfi_36,extraversion,False,3,3,"{""extraversion"": 0.4375, ""agreeableness"": 0.5, ""neuroticism"": 0.46875, ""openness"": 0.5, ""conscientiousness"": 0.5}"
one_line_prompt,extraversion,low,bfi_37,agreeableness,True,3,3,"{""extraversion"": 0.4375, ""agreeableness"": 0.5, ""neuroticism"": 0.46875, ""openness"": 0.5, ""conscientiousness"": 0.5}"
one_line_prompt,extraversion,low,bfi_38,conscientiousness,False,3,3,"{""extraversion"": 0.4375, ""agreeableness"": 0.5, ""neuroticism"": 0.46875, ""openness"": 0.5, ""conscientiousness"": 0.5}"
one_line_prompt,extraversion,low,bfi_39,neuroticism,False,3,3,"{""extraversion"": 0.4375, ""agreeableness"": 0.5, ""neuroticism"": 0.46875, ""openness"": 0.5, ""conscientiousness"": 0.5}"
one_line_prompt,extraversion,low,bfi_40,openness,False,3,3,"{""extraversion"": 0.4375, ""agreeableness"": 0.5, ""neuroticism"": 0.46875, ""openness"": 0.5, ""conscientiousness"": 0.5}"
one_line_prompt,extraversion,low,bfi_41,openness,True,3,3,"{""extraversion"": 0.4375, ""agreeableness"": 0.5, ""neuroticism"": 0.46875, ""openness"": 0.5, ""conscientiousness"": 0.5}"
one_line_prompt,extraversion,low,bfi_42,agreeableness,False,3,3,"{""extraversion"": 0.4375, ""agreeableness"": 0.5, ""neuroticism"": 0.46875, ""openness"": 0.5, ""conscientiousness"": 0.5}"
one_line_prompt,extraversion,low,bfi_43,conscientiousness,True,3,3,"{""extraversion"": 0.4375, ""agreeableness"": 0.5, ""neuroticism"": 0.46875, ""openness"": 0.5, ""conscientiousness"": 0.5}"
one_line_prompt,extraversion,low,bfi_44,openness,False,3,3,"{""extraversion"": 0.4375, ""agreeableness"": 0.5, ""neuroticism"": 0.46875, ""openness"": 0.5, ""conscientiousness"": 0.5}"
elaborate_prompt,agreeableness,high,bfi_01,extraversion,False,3,3,"{""extraversion"": 0.625, ""agreeableness"": 0.75, ""neuroticism"": 0.3125, ""openness"": 0.575, ""conscientiousness"": 0.5}"
elaborate_prompt,agreeableness,high,bfi_02,agreeableness,True,3,3,"{""extraversion"": 0.625, ""agreeableness"": 0.75, ""neuroticism"": 0.3125, ""openness"": 0.575, ""conscientiousness"": 0.5}"
elaborate_prompt,agreeableness,high,bfi_03,conscientiousness,False,3,3,"{""extraversion"": 0.625, ""agreeableness"": 0.75, ""neuroticism"": 0.3125, ""openness"": 0.575, ""conscientiousness"": 0.5}"
elaborate_prompt,agreeableness,high,bfi_04,neuroticism,False,1,1,"{""extraversion"": 0.625, ""agreeableness"": 0.75, ""neuroticism"": 0.3125, ""openness"": 0.575, ""conscientiousness"": 0.5}"
elaborate_prompt,agreeableness,high,bfi_05,openness,False,3,3,"{""extraversion"": 0.625, ""agreeableness"": 0.75, ""neuroticism"": 0.3125, ""openness"": 0.575, ""conscientiousness"": 0.5}"
elaborate_prompt,agreeableness,high,bfi_06,extraversion,True,3,3,"{""extraversion"": 0.625, ""agreeableness"": 0.75, ""neuroticism"": 0.3125, ""openness"": 0.575, ""conscientiousness"": 0.5}"
elaborate_prompt,agreeableness,high,bfi_07,agreeableness,False,5,5,"{""extraversion"": 0.625, ""agreeableness"": 0.75, ""neuroticism"": 0.3125, ""openness"": 0.575, ""conscientiousness"": 0.5}"
elaborate_prompt,agreeableness,high,bfi_08,conscientiousness,True,3,3,"{""extraversion"": 0.625, ""agreeableness"": 0.75, ""neuroticism"": 0.3125, ""openness"": 0.575, ""conscientiousness"": 0.5}"
elaborate_prompt,agreeableness,high,bfi_09,neuroticism,True,4,4,"{""extraversion"": 0.625, ""agreeableness"": 0.75, ""neuroticism"": 0.3125, ""openness"": 0.575, ""conscientiousness"": 0.5}"
elaborate_prompt,agreeableness,high,bfi_10,openness,False,3,3,"{""extraversion"": 0.625, ""agreeableness"": 0.75, ""neuroticism"": 0.3125, ""openness"": 0.575, ""conscientiousness"": 0.5}"
elaborate_prompt,agreeableness,high,bfi_11,extraversion,False,3,3,"{""extraversion"": 0.625, ""agreeableness"": 0.75, ""neuroticism"": 0.3125, ""openness"": 0.575, ""conscientiousness"": 0.5}"
elaborate_prompt,agreeableness,high,bfi_12,agreeableness,True,3,3,"{""extraversion"": 0.625, ""agreeableness"": 0.75, ""neuroticism"": 0.3125, ""openness"": 0.575, ""conscientiousness"": 0.5}"
elaborate_prompt,agreeableness,high,bfi_13,conscientiousness,False,3,3,"{""extraversion"": 0.625, ""agreeableness"": 0.75, ""neuroticism"": 0.3125, ""openness"": 0.575, ""conscientiousness"": 0.5}"
elaborate_prompt,agreeableness,high,bfi_14,neuroticism,False,3,3,"{""extraversion"": 0.625, ""agreeableness"": 0.75, ""neuroticism"": 0.3125, ""openness"": 0.575, ""conscientiousness"": 0.5}"
elaborate_prompt,agreeableness,high,bfi_15,openness,False,3,3,"{""extraversion"": 0.625, ""agreeableness"": 0.75, ""neuroticism"": 0.3125, ""openness"": 0.575, ""conscientiousness"": 0.5}"
elaborate_prompt,agreeableness,high,bfi_16,extraversion,False,4,4,"{""extraversion"": 0.625, ""agreeableness"": 0.75, ""neuroticism"": 0.3125, ""openness"": 0.575, ""conscientiousness"": 0.5}"
elaborate_prompt,agreeableness,high,bfi_17,agreeableness,False,5,5,"{""extraversion"": 0.625, ""agreeableness"": 0.75, ""neuroticism"": 0.3125, ""openness"": 0.575, ""conscientiousness"": 0.5}"
elaborate_prompt,agreeableness,high,bfi_18,conscientiousness,True,3,3,"{""extraversion"": 0.625, ""agreeableness"": 0.75, ""neuroticism"": 0.3125, ""openness"": 0.575, ""conscientiousness"": 0.5}"
elaborate_prompt,agreeableness,high,bfi_19,neuroticism,False,3,3,"{""extraversion"": 0.625, ""agreeableness"": 0.75, ""neuroticism"": 0.3125, ""openness"": 0.575, ""conscientiousness"": 0.5}"
elaborate_prompt,agreeableness,high,bfi_20,openness,False,4,4,"{""extraversion"": 0.625, ""agreeableness"": 0.75, ""neuroticism"": 0.3125, ""openness"": 0.575, ""conscientiousness"": 0.5}"
elaborate_prompt,agreeableness,high,bfi_21,extraversion,True,3,3,"{""extraversion"": 0.625, ""agreeableness"": 0.75, ""neuroticism"": 0.3125, ""openness"": 0.575, ""conscientiousness"": 0.5}"
elaborate_prompt,agreeableness,high,bfi_22,agreeableness,False,5,5,"{""extraversion"": 0.625, ""agreeableness"": 0.75, ""neuroticism"": 0.3125, ""openness"": 0.575, ""conscientiousness"": 0.5}"
elaborate_prompt,agreeableness,high,bfi_23,conscientiousness,True,3,3,"{""extraversion"": 0.625, ""agreeableness"": 0.75, ""neuroticism"": 0.3125, ""openness"": 0.575, ""conscientiousness"": 0.5}"
elaborate_prompt,agreeableness,high,bfi_24,neuroticism,True,4,4,"{""extraversion"": 0.625, ""agreeableness"": 0.75, ""neuroticism"": 0.3125, ""openness"": 0.575, ""conscientiousness"": 0.5}"
elaborate_prompt,agreeableness,high,bfi_25,openness,False,3,3,"{""extraversion"": 0.625, ""agreeableness"": 0.75, ""neuroticism"": 0.3125, ""openness"": 0.575, ""conscientiousness"": 0.5}"
elaborate_prompt,agreeableness,high,bfi_26,extraversion,False,5,5,"{""extraversion"": 0.625, ""agreeableness"": 0.75, ""neuroticism"": 0.3125, ""openness"": 0.575, ""conscientiousness"": 0.5}"
elaborate_prompt,agreeableness,high,bfi_27,agreeableness,True,3,3,"{""extraversion"": 0.625, ""agreeableness"": 0.75, ""neuroticism"": 0.3125, ""openness"": 0.575, ""conscientiousness"": 0.5}"
elaborate_prompt,agreeableness,high,bfi_28,conscientiousness,False,3,3,"{""extraversion"": 0.625, ""agreeableness"": 0.75, ""neuroticism"": 0.3125, ""openness"": 0.575, ""conscientiousness"": 0.5}"
elaborate_prompt,agreeableness,high,bfi_29,neuroticism,False,3,3,"{""extraversion"": 0.625, ""agreeableness"": 0.75, ""neuroticism"": 0.3125, ""openness"": 0.575, ""conscientiousness"": 0.5}"
elaborate_prompt,agreeableness,high,bfi_30,openness,False,4,4,"{""extraversion"": 0.625, ""agreeableness"": 0.75, ""neuroticism"": 0.3125, ""openness"": 0.575, ""conscientiousness"": 0.5}"
elaborate_prompt,agreeableness,high,bfi_31,extraversion,True,3,3,"{""extraversion"": 0.625, ""agreeableness"": 0.75, ""neuroticism"": 0.3125, ""openness"": 0.575, ""conscientiousness"": 0.5}"
elaborate_prompt,agreeableness,high,bfi_32,agreeableness,False,5,5,"{""extraversion"": 0.625, ""agreeableness"": 0.75, ""neuroticism"": 0.3125, ""openness"": 0.575, ""conscientiousness"": 0.5}"
elaborate_prompt,agreeableness,high,bfi_33,conscientiousness,False,3,3,"{""extraversion"": 0.625, ""agreeableness"": 0.75, ""neuroticism"": 0.3125, ""openness"": 0.575, ""conscientiousness"": 0.5}"
elaborate_prompt,agreeableness,high,bfi_34,neuroticism,True,5,5,"{""extraversion"": 0.625, ""agreeableness"": 0.75, ""neuroticism"": 0.3125, ""openness"": 0.575, ""conscientiousness"": 0.5}"
elaborate_prompt,agreeableness,high,bfi_35,openness,True,3,3,"{""extraversion"": 0.625, ""agreeableness"": 0.75, ""neuroticism"": 0.3125, ""openness"": 0.575, ""conscientiousness"": 0.5}"
elaborate_prompt,agreeableness,high,bfi_36,extraversion,False,4,4,"{""extraversion"": 0.625, ""agreeableness"": 0.75, ""neuroticism"": 0.3125, ""openness"": 0.575, ""conscientiousness"": 0.5}"
elaborate_prompt,agreeableness,high,bfi_37,agreeableness,True,3,3,"{""extraversion"": 0.625, ""agreeableness"": 0.75, ""neuroticism"": 0.3125, ""openness"": 0.575, ""conscientiousness"": 0.5}"
elaborate_prompt,agreeableness,high,bfi_38,conscientiousness,False,3,3,"{""extraversion"": 0.625, ""agreeableness"": 0.75, ""neuroticism"": 0.3125, ""openness"": 0.575, ""conscientiousness"": 0.5}"
elaborate_prompt,agreeableness,high,bfi_39,neuroticism,False,3,3,"{""extraversion"": 0.625, ""agreeableness"": 0.75, ""neuroticism"": 0.3125, ""openness"": 0.575, ""conscientiousness"": 0.5}"
elaborate_prompt,agreeableness,high,bfi_40,openness,False,4,4,"{""extraversion"": 0.625, ""agreeableness"": 0.75, ""neuroticism"": 0.3125, ""openness"": 0.575, ""conscientiousness"": 0.5}"
elaborate_prompt,agreeableness,high,bfi_41,openness,True,3,3,"{""extraversion"": 0.625, ""agreeableness"": 0.75, ""neuroticism"": 0.3125, ""openness"": 0.575, ""conscientiousness"": 0.5}"
elaborate_prompt,agreeableness,high,bfi_42,agreeableness,False,4,4,"{""extraversion"": 0.625, ""agreeableness"": 0.75, ""neuroticism"": 0.3125, ""openness"": 0.575, ""conscientiousness"": 0.5}"
elaborate_prompt,agreeableness,high,bfi_43,conscientiousness,True,3,3,"{""extraversion"": 0.625, ""agreeableness"": 0.75, ""neuroticism"": 0.3125, ""openness"": 0.575, ""conscientiousness"": 0.5}"
elaborate_prompt,agreeableness,high,bfi_44,openness,False,3,3,"{""extraversion"": 0.625, ""agreeableness"": 0.75, ""neuroticism"": 0.3125, ""openness"": 0.575, ""conscientiousness"": 0.5}"
elaborate_prompt,agreeableness,low,bfi_01,extraversion,False,4,4,"{""extraversion"": 0.5, ""agreeableness"": 0.4444444444444444, ""neuroticism"": 0.5625, ""openness"": 0.5, ""conscientiousness"": 0.5}"
elaborate_prompt,agreeableness,low,bfi_02,agreeableness,True,4,4,"{""extraversion"": 0.5, ""agreeableness"": 0.4444444444444444, ""neuroticism"": 0.5625, ""openness"": 0.5, ""conscientiousness"": 0.5}"
elaborate_prompt,agreeableness,low,bfi_03,conscientiousness,False,3,3,"{""extraversion"": 0.5, ""agreeableness"": 0.4444444444444444, ""neuroticism"": 0.5625, ""openness"": 0.5, ""conscientiousness"": 0.5}"
elaborate_prompt,agreeableness,low,bfi_04,neuroticism,False,3,3,"{""extraversion"": 0.5, ""agreeableness"": 0.4444444444444444, ""neuroticism"": 0.5625, ""openness"": 0.5, ""conscientiousness"": 0.5}"
elaborate_prompt,agreeableness,low,bfi_05,openness,False,3,3,"{""extraversion"": 0.5, ""agreeableness"": 0.4444444444444444, ""neuroticism"": 0.5625, ""openness"": 0.5, ""conscientiousness"": 0.5}"
elaborate_prompt,agreeableness,low,bfi_06,extraversion,True,4,4,"{""extraversion"": 0.5, ""agreeableness"": 0.4444444444444444, ""neuroticism"": 0.5625, ""openness"": 0.5, ""conscientiousness"": 0.5}"
elaborate_prompt,agreeableness,low,bfi_07,agreeableness,False,3,3,"{""extraversion"": 0.5, ""agreeableness"": 0.4444444444444444, ""neuroticism"": 0.5625, ""openness"": 0.5, ""conscientiousness"": 0.5}"
elaborate_prompt,agreeableness,low,bfi_08,conscientiousness,True,3,3,"{""extraversion"": 0.5, ""agreeableness"": 0.4444444444444444, ""neuroticism"": 0.5625, ""openness"": 0.5, ""conscientiousness"": 0.5}"
elaborate_prompt,agreeableness,low,bfi_09,neuroticism,True,3,3,"{""extraversion"": 0.5, ""agreeableness"": 0.4444444444444444, ""neuroticism"": 0.5625, ""openness"": 0.5, ""conscientiousness"": 0.5}"
elaborate_prompt,agreeableness,low,bfi_10,openness,False,3,3,"{""extraversion"": 0.5, ""agreeableness"": 0.4444444444444444, ""neuroticism"": 0.5625, ""openness"": 0.5, ""conscientiousness"": 0.5}"
elaborate_prompt,agreeableness,low,bfi_11,extraversion,False,3,3,"{""extraversion"": 0.5, ""agreeableness"": 0.4444444444444444, ""neuroticism"": 0.5625, ""openness"": 0.5, ""conscientiousness"": 0.5}"
elaborate_prompt,agreeableness,low,bfi_12,agreeableness,True,4,4,"{""extraversion"": 0.5, ""agreeableness"": 0.4444444444444444, ""neuroticism"": 0.5625, ""openness"": 0.5, ""conscientiousness"": 0.5}"
elaborate_prompt,agreeableness,low,bfi_13,conscientiousness,False,3,3,"{""extraversion"": 0.5, ""agreeableness"": 0.4444444444444444, ""neuroticism"": 0.5625, ""openness"": 0.5, ""conscientiousness"": 0.5}"
elaborate_prompt,agreeableness,low,bfi_14,neuroticism,False,4,4,"{""extraversion"": 0.5, ""agreeableness"": 0.4444444444444444, ""neuroticism"": 0.5625, ""openness"": 0.5, ""conscientiousness"": 0.5}"
elaborate_prompt,agreeableness,low,bfi_15,openness,False,3,3,"{""extraversion"": 0.5, ""agreeableness"": 0.4444444444444444, ""neuroticism"": 0.5625, ""openness"": 0.5, ""conscientiousness"": 0.5}"
elaborate_prompt,agreeableness,low,bfi_16,extraversion,False,3,3,"{""extraversion"": 0.5, ""agreeableness"": 0.4444444444444444, ""neuroticism"": 0.5625, ""openness"": 0.5, ""conscientiousness"": 0.5}"
elaborate_prompt,agreeableness,low,bfi_17,agreeableness,False,4,4,"{""extraversion"": 0.5, ""agreeableness"": 0.4444444444444444, ""neuroticism"": 0.5625, ""openness"": 0.5, ""conscientiousness"": 0.5}"
elaborate_prompt,agreeableness,low,bfi_18,conscientiousness,True,3,3,"{""extraversion"": 0.5, ""agreeableness"": 0.4444444444444444, ""neuroticism"": 0.5625, ""openness"": 0.5, ""conscientiousness"": 0.5}"
elaborate_prompt,agreeableness,low,bfi_19,neuroticism,False,4,4,"{""extraversion"": 0.5, ""agreeableness"": 0.4444444444444444, ""neuroticism"": 0.5625, ""openness"": 0.5, ""conscientiousness"": 0.5}"
elaborate_prompt,agreeableness,low,bfi_20,openness,False,4,4,"{""extraversion"": 0.5, ""agreeableness"": 0.4444444444444444, ""neuroticism"": 0.5625, ""openness"": 0.5, ""conscientiousness"": 0.5}"
elaborate_prompt,agreeableness,low,bfi_21,extraversion,True,3,3,"{""extraversion"": 0.5, ""agreeableness"": 0.4444444444444444, ""neuroticism"": 0.5625, ""openness"": 0.5, ""conscientiousness"": 0.5}"
elaborate_prompt,agreeableness,low,bfi_22,agreeableness,False,3,3,"{""extraversion"": 0.5, ""agreeableness"": 0.4444444444444444, ""neuroticism"": 0.5625, ""openness"": 0.5, ""conscientiousness"": 0.5}"
elaborate_prompt,agreeableness,low,bfi_23,conscientiousness,True,3,3,"{""extraversion"": 0.5, ""agreeableness"": 0.4444444444444444, ""neuroticism"": 0.5625, ""openness"": 0.5, ""conscientiousness"": 0.5}"
elaborate_prompt,agreeableness,low,bfi_24,neuroticism,True,3,3,"{""extraversion"": 0.5, ""agreeableness"": 0.4444444444444444, ""neuroticism"": 0.5625, ""openness"": 0.5, ""conscientiousness"": 0.5}"
elaborate_prompt,agreeableness,low,bfi_25,openness,False,3,3,"{""extraversion"": 0.5, ""agreeableness"": 0.4444444444444444, ""neuroticism"": 0.5625, ""openness"": 0.5, ""conscientiousness"": 0.5}"
elaborate_prompt,agreeableness,low,bfi_26,extraversion,False,3,3,"{""extraversion"": 0.5, ""agreeableness"": 0.4444444444444444, ""neuroticism"": 0.5625, ""openness"": 0.5, ""conscientiousness"": 0.5}"
elaborate_prompt,agreeableness,low,bfi_27,agreeableness,True,4,4,"{""extraversion"": 0.5, ""agreeableness"": 0.4444444444444444, ""neuroticism"": 0.5625, ""openness"": 0.5, ""conscientiousness"": 0.5}"
elaborate_prompt,agreeableness,low,bfi_28,conscientiousness,False,3,3,"{""extraversion"": 0.5, ""agreeableness"": 0.4444444444444444, ""neuroticism"": 0.5625, ""openness"": 0.5, ""conscientiousness"": 0.5}"
elaborate_prompt,agreeableness,low,bfi_29,neuroticism,False,4,4,"{""extraversion"": 0.5, ""agreeableness"": 0.4444444444444444, ""neuroticism"": 0.5625, ""openness"": 0.5, ""conscientiousness"": 0.5}"
elaborate_prompt,agreeableness,low,bfi_30,openness,False,3,3,"{""extraversion"": 0.5, ""agreeableness"": 0.4444444444444444, ""neuroticism"": 0.5625, ""openness"": 0.5, ""conscientiousness"": 0.5}"
elaborate_prompt,agreeableness,low,bfi_31,extraversion,True,3,3,"{""extraversion"": 0.5, ""agreeableness"": 0.4444444444444444, ""neuroticism"": 0.5625, ""openness"": 0.5, ""conscientiousness"": 0.5}"
elaborate_prompt,agreeableness,low,bfi_32,agreeableness,False,3,3,"{""extraversion"": 0.5, ""agreeableness"": 0.4444444444444444, ""neuroticism"": 0.5625, ""openness"": 0.5, ""conscientiousness"": 0.5}"
elaborate_prompt,agreeableness,low,bfi_33,conscientiousness,False,3,3,"{""extraversion"": 0.5, ""agreeableness"": 0.4444444444444444, ""neuroticism"": 0.5625, ""openness"": 0.5, ""conscientiousness"": 0.5}"
elaborate_prompt,agreeableness,low,bfi_34,neuroticism,True,4,4,"{""extraversion"": 0.5, ""agreeableness"": 0.4444444444444444, ""neuroticism"": 0.5625, ""openness"": 0.5, ""conscientiousness"": 0.5}"
elaborate_prompt,agreeableness,low,bfi_35,openness,True,3,3,"{""extraversion"": 0.5, ""agreeableness"": 0.4444444444444444, ""neuroticism"": 0.5625, ""openness"": 0.5, ""conscientiousness"": 0.5}"
elaborate_prompt,agreeableness,low,bfi_36,extraversion,False,3,3,"{""extraversion"": 0.5, ""agreeableness"": 0.4444444444444444, ""neuroticism"": 0.5625, ""openness"": 0.5, ""conscientiousness"": 0.5}"
elaborate_prompt,agreeableness,low,bfi_37,agreeableness,True,4,4,"{""extraversion"": 0.5, ""agreeableness"": 0.4444444444444444, ""neuroticism"": 0.5625, ""openness"": 0.5, ""conscientiousness"": 0.5}"
elaborate_prompt,agreeableness,low,bfi_38,conscientiousness,False,4,4,"{""extraversion"": 0.5, ""agreeableness"": 0.4444444444444444, ""neuroticism"": 0.5625, ""openness"": 0.5, ""conscientiousness"": 0.5}"
elaborate_prompt,agreeableness,low,bfi_39,neuroticism,False,3,3,"{""extraversion"": 0.5, ""agreeableness"": 0.4444444444444444, ""neuroticism"": 0.5625, ""openness"": 0.5, ""conscientiousness"": 0.5}"
elaborate_prompt,agreeableness,low,bfi_40,openness,False,3,3,"{""extraversion"": 0.5, ""agreeableness"": 0.4444444444444444, ""neuroticism"": 0.5625, ""openness"": 0.5, ""conscientiousness"": 0.5}"
elaborate_prompt,agreeableness,low,bfi_41,openness,True,4,4,"{""extraversion"": 0.5, ""agreeableness"": 0.4444444444444444, ""neuroticism"": 0.5625, ""openness"": 0.5, ""conscientiousness"": 0.5}"
elaborate_prompt,agreeableness,low,bfi_42,agreeableness,False,4,4,"{""extraversion"": 0.5, ""agreeableness"": 0.4444444444444444, ""neuroticism"": 0.5625, ""openness"": 0.5, ""conscientiousness"": 0.5}"
elaborate_prompt,agreeableness,low,bfi_43,conscientiousness,True,4,4,"{""extraversion"": 0.5, ""agreeableness"": 0.4444444444444444, ""neuroticism"": 0.5625, ""openness"": 0.5, ""conscientiousness"": 0.5}"
elaborate_prompt,agreeableness,low,bfi_44,openness,False,3,3,"{""extraversion"": 0.5, ""agreeableness"": 0.4444444444444444, ""neuroticism"": 0.5625, ""openness"": 0.5, ""conscientiousness"": 0.5}"
elaborate_prompt,conscientiousness,high,bfi_01,extraversion,False,3,3,"{""extraversion"": 0.5, ""agreeableness"": 0.5, ""neuroticism"": 0.46875, ""openness"": 0.5, ""conscientiousness"": 0.6666666666666666}"
elaborate_prompt,conscientiousness,high,bfi_02,agreeableness,True,3,3,"{""extraversion"": 0.5, ""agreeableness"": 0.5, ""neuroticism"": 0.46875, ""openness"": 0.5, ""conscientiousness"": 0.6666666666666666}"
elaborate_prompt,conscientiousness,high,bfi_03,conscientiousness,False,5,5,"{""extraversion"": 0.5, ""agreeableness"": 0.5, ""neuroticism"": 0.46875, ""openness"": 0.5, ""conscientiousness"": 0.6666666666666666}"
elaborate_prompt,conscientiousness,high,bfi_04,neuroticism,False,3,3,"{""extraversion"": 0.5, ""agreeableness"": 0.5, ""neuroticism"": 0.46875, ""openness"": 0.5, ""conscientiousness"": 0.6666666666666666}"
elaborate_prompt,conscientiousness,high,bfi_05,openness,False,3,3,"{""extraversion"": 0.5, ""agreeableness"": 0.5, ""neuroticism"": 0.46875, ""openness"": 0.5, ""conscientiousness"": 0.6666666666666666}"
elaborate_prompt,conscientiousness,high,bfi_06,extraversion,True,3,3,"{""extraversion"": 0.5, ""agreeableness"": 0.5, ""neuroticism"": 0.46875, ""openness"": 0.5, ""conscientiousness"": 0.6666666666666666}"
elaborate_prompt,conscientiousness,high,bfi_07,agreeableness,False,3,3,"{""extraversion"": 0.5, ""agreeableness"": 0.5, ""neuroticism"": 0.46875, ""openness"": 0.5, ""conscientiousness"": 0.6666666666666666}"
elaborate_prompt,conscientiousness,high,bfi_08,conscientiousness,True,3,3,"{""extraversion"": 0.5, ""agreeableness"": 0.5, ""neuroticism"": 0.46875, ""openness"": 0.5, ""conscientiousness"": 0.6666666666666666}"
elaborate_prompt,conscientiousness,high,bfi_09,neuroticism,True,3,3,"{""extraversion"": 0.5, ""agreeableness"": 0.5, ""neuroticism"": 0.46875, ""openness"": 0.5, ""conscientiousness"": 0.6666666666666666}"
elaborate_prompt,conscientiousness,high,bfi_10,openness,False,3,3,"{""extraversion"": 0.5, ""agreeableness"": 0.5, ""neuroticism"": 0.46875, ""openness"": 0.5, ""conscientiousness"": 0.6666666666666666}"
elaborate_prompt,conscientiousness,high,bfi_11,extraversion,False,3,3,"{""extraversion"": 0.5, ""agreeableness"": 0.5, ""neuroticism"": 0.46875, ""openness"": 0.5, ""conscientiousness"": 0.6666666666666666}"
elaborate_prompt,conscientiousness,high,bfi_12,agreeableness,True,3,3,"{""extraversion"": 0.5, ""agreeableness"": 0.5, ""neuroticism"": 0.46875, ""openness"": 0.5, ""conscientiousness"": 0.6666666666666666}"
elaborate_prompt,conscientiousness,high,bfi_13,conscientiousness,False,5,5,"{""extraversion"": 0.5, ""agreeableness"": 0.5, ""neuroticism"": 0.46875, ""openness"": 0.5, ""conscientiousness"": 0.6666666666666666}"
elaborate_prompt,conscientiousness,high,bfi_14,neuroticism,False,3,3,"{""extraversion"": 0.5, ""agreeableness"": 0.5, ""neuroticism"": 0.46875, ""openness"": 0.5, ""conscientiousness"": 0.6666666666666666}"
elaborate_prompt,conscientiousness,high,bfi_15,openness,False,3,3,"{""extraversion"": 0.5, ""agreeableness"": 0.5, ""neuroticism"": 0.46875, ""openness"": 0.5, ""conscientiousness"": 0.6666666666666666}"
elaborate_prompt,conscientiousness,high,bfi_16,extraversion,False,3,3,"{""extraversion"": 0.5, ""agreeableness"": 0.5, ""neuroticism"": 0.46875, ""openness"": 0.5, ""conscientiousness"": 0.6666666666666666}"
elaborate_prompt,conscientiousness,high,bfi_17,agreeableness,False,3,3,"{""extraversion"": 0.5, ""agreeableness"": 0.5, ""neuroticism"": 0.46875, ""openness"": 0.5, ""conscientiousness"": 0.6666666666666666}"
elaborate_prompt,conscientiousness,high,bfi_18,conscientiousness,True,3,3,"{""extraversion"": 0.5, ""agreeableness"": 0.5, ""neuroticism"": 0.46875, ""openness"": 0.5, ""conscientiousness"": 0.6666666666666666}"
elaborate_prompt,conscientiousness,high,bfi_19,neuroticism,False,3,3,"{""extraversion"": 0.5, ""agreeableness"": 0.5, ""neuroticism"": 0.46875, ""openness"": 0.5, ""conscientiousness"": 0.6666666666666666}"
elaborate_prompt,conscientiousness,high,bfi_20,openness,False,3,3,"{""extraversion"": 0.5, ""agreeableness"": 0.5, ""neuroticism"": 0.46875, ""openness"": 0.5, ""conscientiousness"": 0.6666666666666666}"
elaborate_prompt,conscientiousness,high,bfi_21,extraversion,True,3,3,"{""extraversion"": 0.5, ""agreeableness"": 0.5, ""neuroticism"": 0.46875, ""openness"": 0.5, ""conscientiousness"": 0.6666666666666666}"
elaborate_prompt,conscientiousness,high,bfi_22,agreeableness,False,3,3,"{""extraversion"": 0.5, ""agreeableness"": 0.5, ""neuroticism"": 0.46875, ""openness"": 0.5, ""conscientiousness"": 0.6666666666666666}"
elaborate_prompt,conscientiousness,high,bfi_23,conscientiousness,True,5,5,"{""extraversion"": 0.5, ""agreeableness"": 0.5, ""neuroticism"": 0.46875, ""openness"": 0.5, ""conscientiousness"": 0.6666666666666666}"
elaborate_prompt,conscientiousness,high,bfi_24,neuroticism,True,4,4,"{""extraversion"": 0.5, ""agreeableness"": 0.5, ""neuroticism"": 0.46875, ""openness"": 0.5, ""conscientiousness"": 0.6666666666666666}"
elaborate_prompt,conscientiousness,high,bfi_25,openness,False,3,3,"{""extraversion"": 0.5, ""agreeableness"": 0.5, ""neuroticism"": 0.46875, ""openness"": 0.5, ""conscientiousness"": 0.6666666666666666}"
elaborate_prompt,conscientiousness,high,bfi_26,extraversion,False,3,3,"{""extraversion"": 0.5, ""agreeableness"": 0.5, ""neuroticism"": 0.46875, ""openness"": 0.5, ""conscientiousness"": 0.6666666666666666}"
elaborate_prompt,conscientiousness,high,bfi_27,agreeableness,True,3,3,"{""extraversion"": 0.5, ""agreeableness"": 0.5, ""neuroticism"": 0.46875, ""openness"": 0.5, ""conscientiousness"": 0.6666666666666666}"
elaborate_prompt,conscientiousness,high,bfi_28,conscientiousness,False,5,5,"{""extraversion"": 0.5, ""agreeableness"": 0.5, ""neuroticism"": 0.46875, ""openness"": 0.5, ""conscientiousness"": 0.6666666666666666}"
elaborate_prompt,conscientiousness,high,bfi_29,neuroticism,False,3,3,"{""extraversion"": 0.5, ""agreeableness"": 0.5, ""neuroticism"": 0.46875, ""openness"": 0.5, ""conscientiousness"": 0.6666666666666666}"
elaborate_prompt,conscientiousness,high,bfi_30,openness,False,3,3,"{""extraversion"": 0.5, ""agreeableness"": 0.5, ""neuroticism"": 0.46875, ""openness"": 0.5, ""conscientiousness"": 0.6666666666666666}"
elaborate_prompt,conscientiousness,high,bfi_31,extraversion,True,3,3,"{""extraversion"": 0.5, ""agreeableness"": 0.5, ""neuroticism"": 0.46875, ""openness"": 0.5, ""conscientiousness"": 0.6666666666666666}"
elaborate_prompt,conscientiousness,high,bfi_32,agreeableness,False,3,3,"{""extraversion"": 0.5, ""agreeableness"": 0.5, ""neuroticism"": 0.46875, ""openness"": 0.5, ""conscientiousness"": 0.6666666666666666}"
elaborate_prompt,conscientiousness,high,bfi_33,conscientiousness,False,3,3,"{""extraversion"": 0.5, ""agreeableness"": 0.5, ""neuroticism"": 0.46875, ""openness"": 0.5, ""conscientiousness"": 0.6666666666666666}"
elaborate_prompt,conscientiousness,high,bfi_34,neuroticism,True,3,3,"{""extraversion"": 0.5, ""agreeableness"": 0.5, ""neuroticism"": 0.46875, ""openness"": 0.5, ""conscientiousness"": 0.6666666666666666}"
elaborate_prompt,conscientiousness,high,bfi_35,openness,True,3,3,"{""extraversion"": 0.5, ""agreeableness"": 0.5, ""neuroticism"": 0.46875, ""openness"": 0.5, ""conscientiousness"": 0.6666666666666666}"
elaborate_prompt,conscientiousness,high,bfi_36,extraversion,False,3,3,"{""extraversion"": 0.5, ""agreeableness"": 0.5, ""neuroticism"": 0.46875, ""openness"": 0.5, ""conscientiousness"": 0.6666666666666666}"
elaborate_prompt,conscientiousness,high,bfi_37,agreeableness,True,3,3,"{""extraversion"": 0.5, ""agreeableness"": 0.5, ""neuroticism"": 0.46875, ""openness"": 0.5, ""conscientiousness"": 0.6666666666666666}"
elaborate_prompt,conscientiousness,high,bfi_38,conscientiousness,False,5,5,"{""extraversion"": 0.5, ""agreeableness"": 0.5, ""neuroticism"": 0.46875, ""openness"": 0.5, ""conscientiousness"": 0.6666666666666666}"
elaborate_prompt,conscientiousness,high,bfi_39,neuroticism,False,3,3,"{""extraversion"": 0.5, ""agreeableness"": 0.5, ""neuroticism"": 0.46875, ""openness"": 0.5, ""conscientiousness"": 0.6666666666666666}"
elaborate_prompt,conscientiousness,high,bfi_40,openness,False,3,3,"{""extraversion"": 0.5, ""agreeableness"": 0.5, ""neuroticism"": 0.46875, ""openness"": 0.5, ""conscientiousness"": 0.6666666666666666}"
elaborate_prompt,conscientiousness,high,bfi_41,openness,True,3,3,"{""extraversion"": 0.5, ""agreeableness"": 0.5, ""neuroticism"": 0.46875, ""openness"": 0.5, ""conscientiousness"": 0.6666666666666666}"
elaborate_prompt,conscientiousness,high,bfi_42,agreeableness,False,3,3,"{""extraversion"": 0.5, ""agreeableness"": 0.5, ""neuroticism"": 0.46875, ""openness"": 0.5, ""conscientiousness"": 0.6666666666666666}"
elaborate_prompt,conscientiousness,high,bfi_43,conscientiousness,True,3,3,"{""extraversion"": 0.5, ""agreeableness"": 0.5, ""neuroticism"": 0.46875, ""openness"": 0.5, ""conscientiousness"": 0.6666666666666666}"
elaborate_prompt,conscientiousness,high,bfi_44,openness,False,3,3,"{""extraversion"": 0.5, ""agreeableness"": 0.5, ""neuroticism"": 0.46875, ""openness"": 0.5, ""conscientiousness"": 0.6666666666666666}"
elaborate_prompt,conscientiousness,low,bfi_01,extraversion,False,3,3,"{""extraversion"": 0.5, ""agreeableness"": 0.4722222222222222, ""neuroticism"": 0.53125, ""openness"": 0.6, ""conscientiousness"": 0.5555555555555556}"
elaborate_prompt,conscientiousness,low,bfi_02,agreeableness,True,3,3,"{""extraversion"": 0.5, ""agreeableness"": 0.4722222222222222, ""neuroticism"": 0.53125, ""openness"": 0.6, ""conscientiousness"": 0.5555555555555556}"
elaborate_prompt,conscientiousness,low,bfi_03,conscientiousness,False,4,4,"{""extraversion"": 0.5, ""agreeableness"": 0.4722222222222222, ""neuroticism"": 0.53125, ""openness"": 0.6, ""conscientiousness"": 0.5555555555555556}"
elaborate_prompt,conscientiousness,low,bfi_04,neuroticism,False,3,3,"{""extraversion"": 0.5, ""agreeableness"": 0.4722222222222222, ""neuroticism"": 0.53125, ""openness"": 0.6, ""conscientiousness"": 0.5555555555555556}"
elaborate_prompt,conscientiousness,low,bfi_05,openness,False,3,3,"{""extraversion"": 0.5, ""agreeableness"": 0.4722222222222222, ""neuroticism"": 0.53125, ""openness"": 0.6, ""conscientiousness"": 0.5555555555555556}"
elaborate_prompt,conscientiousness,low,bfi_06,extraversion,True,4,4,"{""extraversion"": 0.5, ""agreeableness"": 0.4722222222222222, ""neuroticism"": 0.53125, ""openness"": 0.6, ""conscientiousness"": 0.5555555555555556}"
elaborate_prompt,conscientiousness,low,bfi_07,agreeableness,False,3,3,"{""extraversion"": 0.5, ""agreeableness"": 0.4722222222222222, ""neuroticism"": 0.53125, ""openness"": 0.6, ""conscientiousness"": 0.5555555555555556}"
elaborate_prompt,conscientiousness,low,bfi_08,conscientiousness,True,4,4,"{""extraversion"": 0.5, ""agreeableness"": 0.4722222222222222, ""neuroticism"": 0.53125, ""openness"": 0.6, ""conscientiousness"": 0.5555555555555556}"
elaborate_prompt,conscientiousness,low,bfi_09,neuroticism,True,4,4,"{""extraversion"": 0.5, ""agreeableness"": 0.4722222222222222, ""neuroticism"": 0.53125, ""openness"": 0.6, ""conscientiousness"": 0.5555555555555556}"
elaborate_prompt,conscientiousness,low,bfi_10,openness,False,3,3,"{""extraversion"": 0.5, ""agreeableness"": 0.4722222222222222, ""neuroticism"": 0.53125, ""openness"": 0.6, ""conscientiousness"": 0.5555555555555556}"
elaborate_prompt,conscientiousness,low,bfi_11,extraversion,False,4,4,"{""extraversion"": 0.5, ""agreeableness"": 0.4722222222222222, ""neuroticism"": 0.53125, ""openness"": 0.6, ""conscientiousness"": 0.5555555555555556}"
elaborate_prompt,conscientiousness,low,bfi_12,agreeableness,True,3,3,"{""extraversion"": 0.5, ""agreeableness"": 0.4722222222222222, ""neuroticism"": 0.53125, ""openness"": 0.6, ""conscientiousness"": 0.5555555555555556}"
elaborate_prompt,conscientiousness,low,bfi_13,conscientiousness,False,4,4,"{""extraversion"": 0.5, ""agreeableness"": 0.4722222222222222, ""neuroticism"": 0.53125, ""openness"": 0.6, ""conscientiousness"": 0.5555555555555556}"
elaborate_prompt,conscientiousness,low,bfi_14,neuroticism,False,3,3,"{""extraversion"": 0.5, ""agreeableness"": 0.4722222222222222, ""neuroticism"": 0.53125, ""openness"": 0.6, ""conscientiousness"": 0.5555555555555556}"
elaborate_prompt,conscientiousness,low,bfi_15,openness,False,3,3,"{""extraversion"": 0.5, ""agreeableness"": 0.4722222222222222, ""neuroticism"": 0.53125, ""openness"": 0.6, ""conscientiousness"": 0.5555555555555556}"
elaborate_prompt,conscientiousness,low,bfi_16,extraversion,False,4,4,"{""extraversion"": 0.5, ""agreeableness"": 0.4722222222222222, ""neuroticism"": 0.53125, ""openness"": 0.6, ""conscientiousness"": 0.5555555555555556}"
elaborate_prompt,conscientiousness,low,bfi_17,agreeableness,False,3,3,"{""extraversion"": 0.5, ""agreeableness"": 0.4722222222222222, ""neuroticism"": 0.53125, ""openness"": 0.6, ""conscientiousness"": 0.5555555555555556}"
elaborate_prompt,conscientiousness,low,bfi_18,conscientiousness,True,4,4,"{""extraversion"": 0.5, ""agreeableness"": 0.4722222222222222, ""neuroticism"": 0.53125, ""openness"": 0.6, ""conscientiousness"": 0.5555555555555556}"
elaborate_prompt,conscientiousness,low,bfi_19,neuroticism,False,4,4,"{""extraversion"": 0.5, ""agreeableness"": 0.4722222222222222, ""neuroticism"": 0.53125, ""openness"": 0.6, ""conscientiousness"": 0.5555555555555556}"
elaborate_prompt,conscientiousness,low,bfi_20,openness,False,4,4,"{""extraversion"": 0.5, ""agreeableness"": 0.4722222222222222, ""neuroticism"": 0.53125, ""openness"": 0.6, ""conscientiousness"": 0.5555555555555556}"
elaborate_prompt,conscientiousness,low,bfi_21,extraversion,True,4,4,"{""extraversion"": 0.5, ""agreeableness"": 0.4722222222222222, ""neuroticism"": 0.53125, ""openness"": 0.6, ""conscientiousness"": 0.5555555555555556}"
elaborate_prompt,conscientiousness,low,bfi_22,agreeableness,False,3,3,"{""extraversion"": 0.5, ""agreeableness"": 0.4722222222222222, ""neuroticism"": 0.53125, ""openness"": 0.6, ""conscientiousness"": 0.5555555555555556}"
elaborate_prompt,conscientiousness,low,bfi_23,conscientiousness,True,3,3,"{""extraversion"": 0.5, ""agreeableness"": 0.4722222222222222, ""neuroticism"": 0.53125, ""openness"": 0.6, ""conscientiousness"": 0.5555555555555556}"
elaborate_prompt,conscientiousness,low,bfi_24,neuroticism,True,3,3,"{""extraversion"": 0.5, ""agreeableness"": 0.4722222222222222, ""neuroticism"": 0.53125, ""openness"": 0.6, ""conscientiousness"": 0.5555555555555556}"
elaborate_prompt,conscientiousness,low,bfi_25,openness,False,4,4,"{""extraversion"": 0.5, ""agreeableness"": 0.4722222222222222, ""neuroticism"": 0.53125, ""openness"": 0.6, ""conscientiousness"": 0.5555555555555556}"
elaborate_prompt,conscientiousness,low,bfi_26,extraversion,False,3,3,"{""extraversion"": 0.5, ""agreeableness"": 0.4722222222222222, ""neuroticism"": 0.53125, ""openness"": 0.6, ""conscientiousness"": 0.5555555555555556}"
elaborate_prompt,conscientiousness,low,bfi_27,agreeableness,True,4,4,"{""extraversion"": 0.5, ""agreeableness"": 0.4722222222222222, ""neuroticism"": 0.53125, ""openness"": 0.6, ""conscientiousness"": 0.5555555555555556}"
elaborate_prompt,conscientiousness,low,bfi_28,conscientiousness,False,4,4,"{""extraversion"": 0.5, ""agreeableness"": 0.4722222222222222, ""neuroticism"": 0.53125, ""openness"": 0.6, ""conscientiousness"": 0.5555555555555556}"
elaborate_prompt,conscientiousness,low,bfi_29,neuroticism,False,4,4,"{""extraversion"": 0.5, ""agreeableness"": 0.4722222222222222, ""neuroticism"": 0.53125, ""openness"": 0.6, ""conscientiousness"": 0.5555555555555556}"
elaborate_prompt,conscientiousness,low,bfi_30,openness,False,4,4,"{""extraversion"": 0.5, ""agreeableness"": 0.4722222222222222, ""neuroticism"": 0.53125, ""openness"": 0.6, ""conscientiousness"": 0.5555555555555556}"
elaborate_prompt,conscientiousness,low,bfi_31,extraversion,True,3,3,"{""extraversion"": 0.5, ""agreeableness"": 0.4722222222222222, ""neuroticism"": 0.53125, ""openness"": 0.6, ""conscientiousness"": 0.5555555555555556}"
elaborate_prompt,conscientiousness,low,bfi_32,agreeableness,False,3,3,"{""extraversion"": 0.5, ""agreeableness"": 0.4722222222222222, ""neuroticism"": 0.53125, ""openness"": 0.6, ""conscientiousness"": 0.5555555555555556}"
elaborate_prompt,conscientiousness,low,bfi_33,conscientiousness,False,3,3,"{""extraversion"": 0.5, ""agreeableness"": 0.4722222222222222, ""neuroticism"": 0.53125, ""openness"": 0.6, ""conscientiousness"": 0.5555555555555556}"
elaborate_prompt,conscientiousness,low,bfi_34,neuroticism,True,3,3,"{""extraversion"": 0.5, ""agreeableness"": 0.4722222222222222, ""neuroticism"": 0.53125, ""openness"": 0.6, ""conscientiousness"": 0.5555555555555556}"
elaborate_prompt,conscientiousness,low,bfi_35,openness,True,3,3,"{""extraversion"": 0.5, ""agreeableness"": 0.4722222222222222, ""neuroticism"": 0.53125, ""openness"": 0.6, ""conscientiousness"": 0.5555555555555556}"
elaborate_prompt,conscientiousness,low,bfi_36,extraversion,False,3,3,"{""extraversion"": 0.5, ""agreeableness"": 0.4722222222222222, ""neuroticism"": 0.53125, ""openness"": 0.6, ""conscientiousness"": 0.5555555555555556}"
elaborate_prompt,conscientiousness,low,bfi_37,agreeableness,True,3,3,"{""extraversion"": 0.5, ""agreeableness"": 0.4722222222222222, ""neuroticism"": 0.53125, ""openness"": 0.6, ""conscientiousness"": 0.5555555555555556}"
elaborate_prompt,conscientiousness,low,bfi_38,conscientiousness,False,4,4,"{""extraversion"": 0.5, ""agreeableness"": 0.4722222222222222, ""neuroticism"": 0.53125, ""openness"": 0.6, ""conscientiousness"": 0.5555555555555556}"
elaborate_prompt,conscientiousness,low,bfi_39,neuroticism,False,3,3,"{""extraversion"": 0.5, ""agreeableness"": 0.4722222222222222, ""neuroticism"": 0.53125, ""openness"": 0.6, ""conscientiousness"": 0.5555555555555556}"
elaborate_prompt,conscientiousness,low,bfi_40,openness,False,4,4,"{""extraversion"": 0.5, ""agreeableness"": 0.4722222222222222, ""neuroticism"": 0.53125, ""openness"": 0.6, ""conscientiousness"": 0.5555555555555556}"
elaborate_prompt,conscientiousness,low,bfi_41,openness,True,3,3,"{""extraversion"": 0.5, ""agreeableness"": 0.4722222222222222, ""neuroticism"": 0.53125, ""openness"": 0.6, ""conscientiousness"": 0.5555555555555556}"
elaborate_prompt,conscientiousness,low,bfi_42,agreeableness,False,3,3,"{""extraversion"": 0.5, ""agreeableness"": 0.4722222222222222, ""neuroticism"": 0.53125, ""openness"": 0.6, ""conscientiousness"": 0.5555555555555556}"
elaborate_prompt,conscientiousness,low,bfi_43,conscientiousness,True,3,3,"{""extraversion"": 0.5, ""agreeableness"": 0.4722222222222222, ""neuroticism"": 0.53125, ""openness"": 0.6, ""conscientiousness"": 0.5555555555555556}"
elaborate_prompt,conscientiousness,low,bfi_44,openness,False,3,3,"{""extraversion"": 0.5, ""agreeableness"": 0.4722222222222222, ""neuroticism"": 0.53125, ""openness"": 0.6, ""conscientiousness"": 0.5555555555555556}"
elaborate_prompt,neuroticism,high,bfi_01,extraversion,False,3,3,"{""extraversion"": 0.3125, ""agreeableness"": 0.5555555555555556, ""neuroticism"": 0.78125, ""openness"": 0.5, ""conscientiousness"": 0.3888888888888889}"
elaborate_prompt,neuroticism,high,bfi_02,agreeableness,True,3,3,"{""extraversion"": 0.3125, ""agreeableness"": 0.5555555555555556, ""neuroticism"": 0.78125, ""openness"": 0.5, ""conscientiousness"": 0.3888888888888889}"
elaborate_prompt,neuroticism,high,bfi_03,conscientiousness,False,1,1,"{""extraversion"": 0.3125, ""agreeableness"": 0.5555555555555556, ""neuroticism"": 0.78125, ""openness"": 0.5, ""conscientiousness"": 0.3888888888888889}"
elaborate_prompt,neuroticism,high,bfi_04,neuroticism,False,5,5,"{""extraversion"": 0.3125, ""agreeableness"": 0.5555555555555556, ""neuroticism"": 0.78125, ""openness"": 0.5, ""conscientiousness"": 0.3888888888888889}"
elaborate_prompt,neuroticism,high,bfi_05,openness,False,3,3,"{""extraversion"": 0.3125, ""agreeableness"": 0.5555555555555556, ""neuroticism"": 0.78125, ""openness"": 0.5, ""conscientiousness"": 0.3888888888888889}"
elaborate_prompt,neuroticism,high,bfi_06,extraversion,True,3,3,"{""extraversion"": 0.3125, ""agreeableness"": 0.5555555555555556, ""neuroticism"": 0.78125, ""openness"": 0.5, ""conscientiousness"": 0.3888888888888889}"
elaborate_prompt,neuroticism,high,bfi_07,agreeableness,False,1,1,"{""extraversion"": 0.3125, ""agreeableness"": 0.5555555555555556, ""neuroticism"": 0.78125, ""openness"": 0.5, ""conscientiousness"": 0.3888888888888889}"
elaborate_prompt,neuroticism,high,bfi_08,conscientiousness,True,3,3,"{""extraversion"": 0.3125, ""agreeableness"": 0.5555555555555556, ""neuroticism"": 0.78125, ""openness"": 0.5, ""conscientiousness"": 0.3888888888888889}"
elaborate_prompt,neuroticism,high,bfi_09,neuroticism,True,3,3,"{""extraversion"": 0.3125, ""agreeableness"": 0.5555555555555556, ""neuroticism"": 0.78125, ""openness"": 0.5, ""conscientiousness"": 0.3888888888888889}"
elaborate_prompt,neuroticism,high,bfi_10,openness,False,3,3,"{""extraversion"": 0.3125, ""agreeableness"": 0.5555555555555556, ""neuroticism"": 0.78125, ""openness"": 0.5, ""conscientiousness"": 0.3888888888888889}"
elaborate_prompt,neuroticism,high,bfi_11,extraversion,False,1,1,"{""extraversion"": 0.3125, ""agreeableness"": 0.5555555555555556, ""neuroticism"": 0.78125, ""openness"": 0.5, ""conscientiousness"": 0.3888888888888889}"
elaborate_prompt,neuroticism,high,bfi_12,agreeableness,True,1,1,"{""extraversion"": 0.3125, ""agreeableness"": 0.5555555555555556, ""neuroticism"": 0.78125, ""openness"": 0.5, ""conscientiousness"": 0.3888888888888889}"
elaborate_prompt,neuroticism,high,bfi_13,conscientiousness,False,3,3,"{""extraversion"": 0.3125, ""agreeableness"": 0.5555555555555556, ""neuroticism"": 0.78125, ""openness"": 0.5, ""conscientiousness"": 0.3888888888888889}"
elaborate_prompt,neuroticism,high,bfi_14,neuroticism,False,4,4,"{""extraversion"": 0.3125, ""agreeableness"": 0.5555555555555556, ""neuroticism"": 0.78125, ""openness"": 0.5, ""conscientiousness"": 0.3888888888888889}"
elaborate_prompt,neuroticism,high,bfi_15,openness,False,3,3,"{""extraversion"": 0.3125, ""agreeableness"": 0.5555555555555556, ""neuroticism"": 0.78125, ""openness"": 0.5, ""conscientiousness"": 0.3888888888888889}"
elaborate_prompt,neuroticism,high,bfi_16,extraversion,False,1,1,"{""extraversion"": 0.3125, ""agreeableness"": 0.5555555555555556, ""neuroticism"": 0.78125, ""openness"": 0.5, ""conscientiousness"": 0.3888888888888889}"
elaborate_prompt,neuroticism,high,bfi_17,agreeableness,False,3,3,"{""extraversion"": 0.3125, ""agreeableness"": 0.5555555555555556, ""neuroticism"": 0.78125, ""openness"": 0.5, ""conscientiousness"": 0.3888888888888889}"
elaborate_prompt,neuroticism,high,bfi_18,conscientiousness,True,4,4,"{""extraversion"": 0.3125, ""agreeableness"": 0.5555555555555556, ""neuroticism"": 0.78125, ""openness"": 0.5, ""conscientiousness"": 0.3888888888888889}"
elaborate_prompt,neuroticism,high,bfi_19,neuroticism,False,5,5,"{""extraversion"": 0.3125, ""agreeableness"": 0.5555555555555556, ""neuroticism"": 0.78125, ""openness"": 0.5, ""conscientiousness"": 0.3888888888888889}"
elaborate_prompt,neuroticism,high,bfi_20,openness,False,3,3,"{""extraversion"": 0.3125, ""agreeableness"": 0.5555555555555556, ""neuroticism"": 0.78125, ""openness"": 0.5, ""conscientiousness"": 0.3888888888888889}"
elaborate_prompt,neuroticism,high,bfi_21,extraversion,True,3,3,"{""extraversion"": 0.3125, ""agreeableness"": 0.5555555555555556, ""neuroticism"": 0.78125, ""openness"": 0.5, ""conscientiousness"": 0.3888888888888889}"
elaborate_prompt,neuroticism,high,bfi_22,agreeableness,False,3,3,"{""extraversion"": 0.3125, ""agreeableness"": 0.5555555555555556, ""neuroticism"": 0.78125, ""openness"": 0.5, ""conscientiousness"": 0.3888888888888889}"
elaborate_prompt,neuroticism,high,bfi_23,conscientiousness,True,3,3,"{""extraversion"": 0.3125, ""agreeableness"": 0.5555555555555556, ""neuroticism"": 0.78125, ""openness"": 0.5, ""conscientiousness"": 0.3888888888888889}"
elaborate_prompt,neuroticism,high,bfi_24,neuroticism,True,3,3,"{""extraversion"": 0.3125, ""agreeableness"": 0.5555555555555556, ""neuroticism"": 0.78125, ""openness"": 0.5, ""conscientiousness"": 0.3888888888888889}"
elaborate_prompt,neuroticism,high,bfi_25,openness,False,3,3,"{""extraversion"": 0.3125, ""agreeableness"": 0.5555555555555556, ""neuroticism"": 0.78125, ""openness"": 0.5, ""conscientiousness"": 0.3888888888888889}"
elaborate_prompt,neuroticism,high,bfi_26,extraversion,False,1,1,"{""extraversion"": 0.3125, ""agreeableness"": 0.5555555555555556, ""neuroticism"": 0.78125, ""openness"": 0.5, ""conscientiousness"": 0.3888888888888889}"
elaborate_prompt,neuroticism,high,bfi_27,agreeableness,True,1,1,"{""extraversion"": 0.3125, ""agreeableness"": 0.5555555555555556, ""neuroticism"": 0.78125, ""openness"": 0.5, ""conscientiousness"": 0.3888888888888889}"
elaborate_prompt,neuroticism,high,bfi_28,conscientiousness,False,3,3,"{""extraversion"": 0.3125, ""agreeableness"": 0.5555555555555556, ""neuroticism"": 0.78125, ""openness"": 0.5, ""conscientiousness"": 0.3888888888888889}"
elaborate_prompt,neuroticism,high,bfi_29,neuroticism,False,5,5,"{""extraversion"": 0.3125, ""agreeableness"": 0.5555555555555556, ""neuroticism"": 0.78125, ""openness"": 0.5, ""conscientiousness"": 0.3888888888888889}"
elaborate_prompt,neuroticism,high,bfi_30,openness,False,3,3,"{""extraversion"": 0.3125, ""agreeableness"": 0.5555555555555556, ""neuroticism"": 0.78125, ""openness"": 0.5, ""conscientiousness"": 0.3888888888888889}"
elaborate_prompt,neuroticism,high,bfi_31,extraversion,True,3,3,"{""extraversion"": 0.3125, ""agreeableness"": 0.5555555555555556, ""neuroticism"": 0.78125, ""openness"": 0.5, ""conscientiousness"": 0.3888888888888889}"
elaborate_prompt,neuroticism,high,bfi_32,agreeableness,False,1,1,"{""extraversion"": 0.3125, ""agreeableness"": 0.5555555555555556, ""neuroticism"": 0.78125, ""openness"": 0.5, ""conscientiousness"": 0.3888888888888889}"
elaborate_prompt,neuroticism,high,bfi_33,conscientiousness,False,3,3,"{""extraversion"": 0.3125, ""agreeableness"": 0.5555555555555556, ""neuroticism"": 0.78125, ""openness"": 0.5, ""conscientiousness"": 0.3888888888888889}"
elaborate_prompt,neuroticism,high,bfi_34,neuroticism,True,3,3,"{""extraversion"": 0.3125, ""agreeableness"": 0.5555555555555556, ""neuroticism"": 0.78125, ""openness"": 0.5, ""conscientiousness"": 0.3888888888888889}"
elaborate_prompt,neuroticism,high,bfi_35,openness,True,3,3,"{""extraversion"": 0.3125, ""agreeableness"": 0.5555555555555556, ""neuroticism"": 0.78125, ""openness"": 0.5, ""conscientiousness"": 0.3888888888888889}"
elaborate_prompt,neuroticism,high,bfi_36,extraversion,False,3,3,"{""extraversion"": 0.3125, ""agreeableness"": 0.5555555555555556, ""neuroticism"": 0.78125, ""openness"": 0.5, ""conscientiousness"": 0.3888888888888889}"
elaborate_prompt,neuroticism,high,bfi_37,agreeableness,True,1,1,"{""extraversion"": 0.3125, ""agreeableness"": 0.5555555555555556, ""neuroticism"": 0.78125, ""openness"": 0.5, ""conscientiousness"": 0.3888888888888889}"
elaborate_prompt,neuroticism,high,bfi_38,conscientiousness,False,3,3,"{""extraversion"": 0.3125, ""agreeableness"": 0.5555555555555556, ""neuroticism"": 0.78125, ""openness"": 0.5, ""conscientiousness"": 0.3888888888888889}"
elaborate_prompt,neuroticism,high,bfi_39,neuroticism,False,5,5,"{""extraversion"": 0.3125, ""agreeableness"": 0.5555555555555556, ""neuroticism"": 0.78125, ""openness"": 0.5, ""conscientiousness"": 0.3888888888888889}"
elaborate_prompt,neuroticism,high,bfi_40,openness,False,3,3,"{""extraversion"": 0.3125, ""agreeableness"": 0.5555555555555556, ""neuroticism"": 0.78125, ""openness"": 0.5, ""conscientiousness"": 0.3888888888888889}"
elaborate_prompt,neuroticism,high,bfi_41,openness,True,3,3,"{""extraversion"": 0.3125, ""agreeableness"": 0.5555555555555556, ""neuroticism"": 0.78125, ""openness"": 0.5, ""conscientiousness"": 0.3888888888888889}"
elaborate_prompt,neuroticism,high,bfi_42,agreeableness,False,3,3,"{""extraversion"": 0.3125, ""agreeableness"": 0.5555555555555556, ""neuroticism"": 0.78125, ""openness"": 0.5, ""conscientiousness"": 0.3888888888888889}"
elaborate_prompt,neuroticism,high,bfi_43,conscientiousness,True,4,4,"{""extraversion"": 0.3125, ""agreeableness"": 0.5555555555555556, ""neuroticism"": 0.78125, ""openness"": 0.5, ""conscientiousness"": 0.3888888888888889}"
elaborate_prompt,neuroticism,high,bfi_44,openness,False,3,3,"{""extraversion"": 0.3125, ""agreeableness"": 0.5555555555555556, ""neuroticism"": 0.78125, ""openness"": 0.5, ""conscientiousness"": 0.3888888888888889}"
elaborate_prompt,neuroticism,low,bfi_01,extraversion,False,3,3,"{""extraversion"": 0.5, ""agreeableness"": 0.5555555555555556, ""neuroticism"": 0.375, ""openness"": 0.5, ""conscientiousness"": 0.5555555555555556}"
elaborate_prompt,neuroticism,low,bfi_02,agreeableness,True,3,3,"{""extraversion"": 0.5, ""agreeableness"": 0.5555555555555556, ""neuroticism"": 0.375, ""openness"": 0.5, ""conscientiousness"": 0.5555555555555556}"
elaborate_prompt,neuroticism,low,bfi_03,conscientiousness,False,3,3,"{""extraversion"": 0.5, ""agreeableness"": 0.5555555555555556, ""neuroticism"": 0.375, ""openness"": 0.5, ""conscientiousness"": 0.5555555555555556}"
elaborate_prompt,neuroticism,low,bfi_04,neuroticism,False,3,3,"{""extraversion"": 0.5, ""agreeableness"": 0.5555555555555556, ""neuroticism"": 0.375, ""openness"": 0.5, ""conscientiousness"": 0.5555555555555556}"
elaborate_prompt,neuroticism,low,bfi_05,openness,False,3,3,"{""extraversion"": 0.5, ""agreeableness"": 0.5555555555555556, ""neuroticism"": 0.375, ""openness"": 0.5, ""conscientiousness"": 0.5555555555555556}"
elaborate_prompt,neuroticism,low,bfi_06,extraversion,True,3,3,"{""extraversion"": 0.5, ""agreeableness"": 0.5555555555555556, ""neuroticism"": 0.375, ""openness"": 0.5, ""conscientiousness"": 0.5555555555555556}"
elaborate_prompt,neuroticism,low,bfi_07,agreeableness,False,3,3,"{""extraversion"": 0.5, ""agreeableness"": 0.5555555555555556, ""neuroticism"": 0.375, ""openness"": 0.5, ""conscientiousness"": 0.5555555555555556}"
elaborate_prompt,neuroticism,low,bfi_08,conscientiousness,True,1,1,"{""extraversion"": 0.5, ""agreeableness"": 0.5555555555555556, ""neuroticism"": 0.375, ""openness"": 0.5, ""conscientiousness"": 0.5555555555555556}"
elaborate_prompt,neuroticism,low,bfi_09,neuroticism,True,4,4,"{""extraversion"": 0.5, ""agreeableness"": 0.5555555555555556, ""neuroticism"": 0.375, ""openness"": 0.5, ""conscientiousness"": 0.5555555555555556}"
elaborate_prompt,neuroticism,low,bfi_10,openness,False,3,3,"{""extraversion"": 0.5, ""agreeableness"": 0.5555555555555556, ""neuroticism"": 0.375, ""openness"": 0.5, ""conscientiousness"": 0.5555555555555556}"
elaborate_prompt,neuroticism,low,bfi_11,extraversion,False,3,3,"{""extraversion"": 0.5, ""agreeableness"": 0.5555555555555556, ""neuroticism"": 0.375, ""openness"": 0.5, ""conscientiousness"": 0.5555555555555556}"
elaborate_prompt,neuroticism,low,bfi_12,agreeableness,True,3,3,"{""extraversion"": 0.5, ""agreeableness"": 0.5555555555555556, ""neuroticism"": 0.375, ""openness"": 0.5, ""conscientiousness"": 0.5555555555555556}"
elaborate_prompt,neuroticism,low,bfi_13,conscientiousness,False,3,3,"{""extraversion"": 0.5, ""agreeableness"": 0.5555555555555556, ""neuroticism"": 0.375, ""openness"": 0.5, ""conscientiousness"": 0.5555555555555556}"
elaborate_prompt,neuroticism,low,bfi_14,neuroticism,False,3,3,"{""extraversion"": 0.5, ""agreeableness"": 0.5555555555555556, ""neuroticism"": 0.375, ""openness"": 0.5, ""conscientiousness"": 0.5555555555555556}"
elaborate_prompt,neuroticism,low,bfi_15,openness,False,3,3,"{""extraversion"": 0.5, ""agreeableness"": 0.5555555555555556, ""neuroticism"": 0.375, ""openness"": 0.5, ""conscientiousness"": 0.5555555555555556}"
elaborate_prompt,neuroticism,low,bfi_16,extraversion,False,3,3,"{""extraversion"": 0.5, ""agreeableness"": 0.5555555555555556, ""neuroticism"": 0.375, ""openness"": 0.5, ""conscientiousness"": 0.5555555555555556}"
elaborate_prompt,neuroticism,low,bfi_17,agreeableness,False,3,3,"{""extraversion"": 0.5, ""agreeableness"": 0.5555555555555556, ""neuroticism"": 0.375, ""openness"": 0.5, ""conscientiousness"": 0.5555555555555556}"
elaborate_prompt,neuroticism,low,bfi_18,conscientiousness,True,3,3,"{""extraversion"": 0.5, ""agreeableness"": 0.5555555555555556, ""neuroticism"": 0.375, ""openness"": 0.5, ""conscientiousness"": 0.5555555555555556}"
elaborate_prompt,neuroticism,low,bfi_19,neuroticism,False,3,3,"{""extraversion"": 0.5, ""agreeableness"": 0.5555555555555556, ""neuroticism"": 0.375, ""openness"": 0.5, ""conscientiousness"": 0.5555555555555556}"
elaborate_prompt,neuroticism,low,bfi_20,openness,False,3,3,"{""extraversion"": 0.5, ""agreeableness"": 0.5555555555555556, ""neuroticism"": 0.375, ""openness"": 0.5, ""conscientiousness"": 0.5555555555555556}"
elaborate_prompt,neuroticism,low,bfi_21,extraversion,True,3,3,"{""extraversion"": 0.5, ""agreeableness"": 0.5555555555555556, ""neuroticism"": 0.375, ""openness"": 0.5, ""conscientiousness"": 0.5555555555555556}"
elaborate_prompt,neuroticism,low,bfi_22,agreeableness,False,3,3,"{""extraversion"": 0.5, ""agreeableness"": 0.5555555555555556, ""neuroticism"": 0.375, ""openness"": 0.5, ""conscientiousness"": 0.5555555555555556}"
elaborate_prompt,neuroticism,low,bfi_23,conscientiousness,True,3,3,"{""extraversion"": 0.5, ""agreeableness"": 0.5555555555555556, ""neuroticism"": 0.375, ""openness"": 0.5, ""conscientiousness"": 0.5555555555555556}"
elaborate_prompt,neuroticism,low,bfi_24,neuroticism,True,4,4,"{""extraversion"": 0.5, ""agreeableness"": 0.5555555555555556, ""neuroticism"": 0.375, ""openness"": 0.5, ""conscientiousness"": 0.5555555555555556}"
elaborate_prompt,neuroticism,low,bfi_25,openness,False,3,3,"{""extraversion"": 0.5, ""agreeableness"": 0.5555555555555556, ""neuroticism"": 0.375, ""openness"": 0.5, ""conscientiousness"": 0.5555555555555556}"
elaborate_prompt,neuroticism,low,bfi_26,extraversion,False,3,3,"{""extraversion"": 0.5, ""agreeableness"": 0.5555555555555556, ""neuroticism"": 0.375, ""openness"": 0.5, ""conscientiousness"": 0.5555555555555556}"
elaborate_prompt,neuroticism,low,bfi_27,agreeableness,True,1,1,"{""extraversion"": 0.5, ""agreeableness"": 0.5555555555555556, ""neuroticism"": 0.375, ""openness"": 0.5, ""conscientiousness"": 0.5555555555555556}"
elaborate_prompt,neuroticism,low,bfi_28,conscientiousness,False,3,3,"{""extraversion"": 0.5, ""agreeableness"": 0.5555555555555556, ""neuroticism"": 0.375, ""openness"": 0.5, ""conscientiousness"": 0.5555555555555556}"
elaborate_prompt,neuroticism,low,bfi_29,neuroticism,False,3,3,"{""extraversion"": 0.5, ""agreeableness"": 0.5555555555555556, ""neuroticism"": 0.375, ""openness"": 0.5, ""conscientiousness"": 0.5555555555555556}"
elaborate_prompt,neuroticism,low,bfi_30,openness,False,3,3,"{""extraversion"": 0.5, ""agreeableness"": 0.5555555555555556, ""neuroticism"": 0.375, ""openness"": 0.5, ""conscientiousness"": 0.5555555555555556}"
elaborate_prompt,neuroticism,low,bfi_31,extraversion,True,3,3,"{""extraversion"": 0.5, ""agreeableness"": 0.5555555555555556, ""neuroticism"": 0.375, ""openness"": 0.5, ""conscientiousness"": 0.5555555555555556}"
elaborate_prompt,neuroticism,low,bfi_32,agreeableness,False,3,3,"{""extraversion"": 0.5, ""agreeableness"": 0.5555555555555556, ""neuroticism"": 0.375, ""openness"": 0.5, ""conscientiousness"": 0.5555555555555556}"
elaborate_prompt,neuroticism,low,bfi_33,conscientiousness,False,3,3,"{""extraversion"": 0.5, ""agreeableness"": 0.5555555555555556, ""neuroticism"": 0.375, ""openness"": 0.5, ""conscientiousness"": 0.5555555555555556}"
elaborate_prompt,neuroticism,low,bfi_34,neuroticism,True,5,5,"{""extraversion"": 0.5, ""agreeableness"": 0.5555555555555556, ""neuroticism"": 0.375, ""openness"": 0.5, ""conscientiousness"": 0.5555555555555556}"
elaborate_prompt,neuroticism,low,bfi_35,openness,True,3,3,"{""extraversion"": 0.5, ""agreeableness"": 0.5555555555555556, ""neuroticism"": 0.375, ""openness"": 0.5, ""conscientiousness"": 0.5555555555555556}"
elaborate_prompt,neuroticism,low,bfi_36,extraversion,False,3,3,"{""extraversion"": 0.5, ""agreeableness"": 0.5555555555555556, ""neuroticism"": 0.375, ""openness"": 0.5, ""conscientiousness"": 0.5555555555555556}"
elaborate_prompt,neuroticism,low,bfi_37,agreeableness,True,3,3,"{""extraversion"": 0.5, ""agreeableness"": 0.5555555555555556, ""neuroticism"": 0.375, ""openness"": 0.5, ""conscientiousness"": 0.5555555555555556}"
elaborate_prompt,neuroticism,low,bfi_38,conscientiousness,False,3,3,"{""extraversion"": 0.5, ""agreeableness"": 0.5555555555555556, ""neuroticism"": 0.375, ""openness"": 0.5, ""conscientiousness"": 0.5555555555555556}"
elaborate_prompt,neuroticism,low,bfi_39,neuroticism,False,3,3,"{""extraversion"": 0.5, ""agreeableness"": 0.5555555555555556, ""neuroticism"": 0.375, ""openness"": 0.5, ""conscientiousness"": 0.5555555555555556}"
elaborate_prompt,neuroticism,low,bfi_40,openness,False,3,3,"{""extraversion"": 0.5, ""agreeableness"": 0.5555555555555556, ""neuroticism"": 0.375, ""openness"": 0.5, ""conscientiousness"": 0.5555555555555556}"
elaborate_prompt,neuroticism,low,bfi_41,openness,True,3,3,"{""extraversion"": 0.5, ""agreeableness"": 0.5555555555555556, ""neuroticism"": 0.375, ""openness"": 0.5, ""conscientiousness"": 0.5555555555555556}"
elaborate_prompt,neuroticism,low,bfi_42,agreeableness,False,3,3,"{""extraversion"": 0.5, ""agreeableness"": 0.5555555555555556, ""neuroticism"": 0.375, ""openness"": 0.5, ""conscientiousness"": 0.5555555555555556}"
elaborate_prompt,neuroticism,low,bfi_43,conscientiousness,True,3,3,"{""extraversion"": 0.5, ""agreeableness"": 0.5555555555555556, ""neuroticism"": 0.375, ""openness"": 0.5, ""conscientiousness"": 0.5555555555555556}"
elaborate_prompt,neuroticism,low,bfi_44,openness,False,3,3,"{""extraversion"": 0.5, ""agreeableness"": 0.5555555555555556, ""neuroticism"": 0.375, ""openness"": 0.5, ""conscientiousness"": 0.5555555555555556}"
elaborate_prompt,openness,high,bfi_01,extraversion,False,4,4,"{""extraversion"": 0.65625, ""agreeableness"": 0.5833333333333334, ""neuroticism"": 0.4375, ""openness"": 0.7, ""conscientiousness"": 0.5}"
elaborate_prompt,openness,high,bfi_02,agreeableness,True,3,3,"{""extraversion"": 0.65625, ""agreeableness"": 0.5833333333333334, ""neuroticism"": 0.4375, ""openness"": 0.7, ""conscientiousness"": 0.5}"
elaborate_prompt,openness,high,bfi_03,conscientiousness,False,3,3,"{""extraversion"": 0.65625, ""agreeableness"": 0.5833333333333334, ""neuroticism"": 0.4375, ""openness"": 0.7, ""conscientiousness"": 0.5}"
elaborate_prompt,openness,high,bfi_04,neuroticism,False,3,3,"{""extraversion"": 0.65625, ""agreeableness"": 0.5833333333333334, ""neuroticism"": 0.4375, ""openness"": 0.7, ""conscientiousness"": 0.5}"
elaborate_prompt,openness,high,bfi_05,openness,False,4,4,"{""extraversion"": 0.65625, ""agreeableness"": 0.5833333333333334, ""neuroticism"": 0.4375, ""openness"": 0.7, ""conscientiousness"": 0.5}"
elaborate_prompt,openness,high,bfi_06,extraversion,True,3,3,"{""extraversion"": 0.65625, ""agreeableness"": 0.5833333333333334, ""neuroticism"": 0.4375, ""openness"": 0.7, ""conscientiousness"": 0.5}"
elaborate_prompt,openness,high,bfi_07,agreeableness,False,4,4,"{""extraversion"": 0.65625, ""agreeableness"": 0.5833333333333334, ""neuroticism"": 0.4375, ""openness"": 0.7, ""conscientiousness"": 0.5}"
elaborate_prompt,openness,high,bfi_08,conscientiousness,True,3,3,"{""extraversion"": 0.65625, ""agreeableness"": 0.5833333333333334, ""neuroticism"": 0.4375, ""openness"": 0.7, ""conscientiousness"": 0.5}"
elaborate_prompt,openness,high,bfi_09,neuroticism,True,4,4,"{""extraversion"": 0.65625, ""agreeableness"": 0.5833333333333334, ""neuroticism"": 0.4375, ""openness"": 0.7, ""conscientiousness"": 0.5}"
elaborate_prompt,openness,high,bfi_10,openness,False,4,4,"{""extraversion"": 0.65625, ""agreeableness"": 0.5833333333333334, ""neuroticism"": 0.4375, ""openness"": 0.7, ""conscientiousness"": 0.5}"
elaborate_prompt,openness,high,bfi_11,extraversion,False,4,4,"{""extraversion"": 0.65625, ""agreeableness"": 0.5833333333333334, ""neuroticism"": 0.4375, ""openness"": 0.7, ""conscientiousness"": 0.5}"
elaborate_prompt,openness,high,bfi_12,agreeableness,True,3,3,"{""extraversion"": 0.65625, ""agreeableness"": 0.5833333333333334, ""neuroticism"": 0.4375, ""openness"": 0.7, ""conscientiousness"": 0.5}"
elaborate_prompt,openness,high,bfi_13,conscientiousness,False,3,3,"{""extraversion"": 0.65625, ""agreeableness"": 0.5833333333333334, ""neuroticism"": 0.4375, ""openness"": 0.7, ""conscientiousness"": 0.5}"
elaborate_prompt,openness,high,bfi_14,neuroticism,False,3,3,"{""extraversion"": 0.65625, ""agreeableness"": 0.5833333333333334, ""neuroticism"": 0.4375, ""openness"": 0.7, ""conscientiousness"": 0.5}"
elaborate_prompt,openness,high,bfi_15,openness,False,4,4,"{""extraversion"": 0.65625, ""agreeableness"": 0.5833333333333334, ""neuroticism"": 0.4375, ""openness"": 0.7, ""conscientiousness"": 0.5}"
elaborate_prompt,openness,high,bfi_16,extraversion,False,4,4,"{""extraversion"": 0.65625, ""agreeableness"": 0.5833333333333334, ""neuroticism"": 0.4375, ""openness"": 0.7, ""conscientiousness"": 0.5}"
elaborate_prompt,openness,high,bfi_17,agreeableness,False,4,4,"{""extraversion"": 0.65625, ""agreeableness"": 0.5833333333333334, ""neuroticism"": 0.4375, ""openness"": 0.7, ""conscientiousness"": 0.5}"
elaborate_prompt,openness,high,bfi_18,conscientiousness,True,3,3,"{""extraversion"": 0.65625, ""agreeableness"": 0.5833333333333334, ""neuroticism"": 0.4375, ""openness"": 0.7, ""conscientiousness"": 0.5}"
elaborate_prompt,openness,high,bfi_19,neuroticism,False,3,3,"{""extraversion"": 0.65625, ""agreeableness"": 0.5833333333333334, ""neuroticism"": 0.4375, ""openness"": 0.7, ""conscientiousness"": 0.5}"
elaborate_prompt,openness,high,bfi_20,openness,False,4,4,"{""extraversion"": 0.65625, ""agreeableness"": 0.5833333333333334, ""neuroticism"": 0.4375, ""openness"": 0.7, ""conscientiousness"": 0.5}"
elaborate_prompt,openness,high,bfi_21,extraversion,True,3,3,"{""extraversion"": 0.65625, ""agreeableness"": 0.5833333333333334, ""neuroticism"": 0.4375, ""openness"": 0.7, ""conscientiousness"": 0.5}"
elaborate_prompt,openness,high,bfi_22,agreeableness,False,3,3,"{""extraversion"": 0.65625, ""agreeableness"": 0.5833333333333334, ""neuroticism"": 0.4375, ""openness"": 0.7, ""conscientiousness"": 0.5}"
elaborate_prompt,openness,high,bfi_23,conscientiousness,True,3,3,"{""extraversion"": 0.65625, ""agreeableness"": 0.5833333333333334, ""neuroticism"": 0.4375, ""openness"": 0.7, ""conscientiousness"": 0.5}"
elaborate_prompt,openness,high,bfi_24,neuroticism,True,4,4,"{""extraversion"": 0.65625, ""agreeableness"": 0.5833333333333334, ""neuroticism"": 0.4375, ""openness"": 0.7, ""conscientiousness"": 0.5}"
elaborate_prompt,openness,high,bfi_25,openness,False,4,4,"{""extraversion"": 0.65625, ""agreeableness"": 0.5833333333333334, ""neuroticism"": 0.4375, ""openness"": 0.7, ""conscientiousness"": 0.5}"
elaborate_prompt,openness,high,bfi_26,extraversion,False,4,4,"{""extraversion"": 0.65625, ""agreeableness"": 0.5833333333333334, ""neuroticism"": 0.4375, ""openness"": 0.7, ""conscientiousness"": 0.5}"
elaborate_prompt,openness,high,bfi_27,agreeableness,True,3,3,"{""extraversion"": 0.65625, ""agreeableness"": 0.5833333333333334, ""neuroticism"": 0.4375, ""openness"": 0.7, ""conscientiousness"": 0.5}"
elaborate_prompt,openness,high,bfi_28,conscientiousness,False,3,3,"{""extraversion"": 0.65625, ""agreeableness"": 0.5833333333333334, ""neuroticism"": 0.4375, ""openness"": 0.7, ""conscientiousness"": 0.5}"
elaborate_prompt,openness,high,bfi_29,neuroticism,False,3,3,"{""extraversion"": 0.65625, ""agreeableness"": 0.5833333333333334, ""neuroticism"": 0.4375, ""openness"": 0.7, ""conscientiousness"": 0.5}"
elaborate_prompt,openness,high,bfi_30,openness,False,4,4,"{""extraversion"": 0.65625, ""agreeableness"": 0.5833333333333334, ""neuroticism"": 0.4375, ""openness"": 0.7, ""conscientiousness"": 0.5}"
elaborate_prompt,openness,high,bfi_31,extraversion,True,3,3,"{""extraversion"": 0.65625, ""agreeableness"": 0.5833333333333334, ""neuroticism"": 0.4375, ""openness"": 0.7, ""conscientiousness"": 0.5}"
elaborate_prompt,openness,high,bfi_32,agreeableness,False,4,4,"{""extraversion"": 0.65625, ""agreeableness"": 0.5833333333333334, ""neuroticism"": 0.4375, ""openness"": 0.7, ""conscientiousness"": 0.5}"
elaborate_prompt,openness,high,bfi_33,conscientiousness,False,3,3,"{""extraversion"": 0.65625, ""agreeableness"": 0.5833333333333334, ""neuroticism"": 0.4375, ""openness"": 0.7, ""conscientiousness"": 0.5}"
elaborate_prompt,openness,high,bfi_34,neuroticism,True,3,3,"{""extraversion"": 0.65625, ""agreeableness"": 0.5833333333333334, ""neuroticism"": 0.4375, ""openness"": 0.7, ""conscientiousness"": 0.5}"
elaborate_prompt,openness,high,bfi_35,openness,True,3,3,"{""extraversion"": 0.65625, ""agreeableness"": 0.5833333333333334, ""neuroticism"": 0.4375, ""openness"": 0.7, ""conscientiousness"": 0.5}"
elaborate_prompt,openness,high,bfi_36,extraversion,False,4,4,"{""extraversion"": 0.65625, ""agreeableness"": 0.5833333333333334, ""neuroticism"": 0.4375, ""openness"": 0.7, ""conscientiousness"": 0.5}"
elaborate_prompt,openness,high,bfi_37,agreeableness,True,3,3,"{""extraversion"": 0.65625, ""agreeableness"": 0.5833333333333334, ""neuroticism"": 0.4375, ""openness"": 0.7, ""conscientiousness"": 0.5}"
elaborate_prompt,openness,high,bfi_38,conscientiousness,False,3,3,"{""extraversion"": 0.65625, ""agreeableness"": 0.5833333333333334, ""neuroticism"": 0.4375, ""openness"": 0.7, ""conscientiousness"": 0.5}"
elaborate_prompt,openness,high,bfi_39,neuroticism,False,3,3,"{""extraversion"": 0.65625, ""agreeableness"": 0.5833333333333334, ""neuroticism"": 0.4375, ""openness"": 0.7, ""conscientiousness"": 0.5}"
elaborate_prompt,openness,high,bfi_40,openness,False,4,4,"{""extraversion"": 0.65625, ""agreeableness"": 0.5833333333333334, ""neuroticism"": 0.4375, ""openness"": 0.7, ""conscientiousness"": 0.5}"
elaborate_prompt,openness,high,bfi_41,openness,True,3,3,"{""extraversion"": 0.65625, ""agreeableness"": 0.5833333333333334, ""neuroticism"": 0.4375, ""openness"": 0.7, ""conscientiousness"": 0.5}"
elaborate_prompt,openness,high,bfi_42,agreeableness,False,3,3,"{""extraversion"": 0.65625, ""agreeableness"": 0.5833333333333334, ""neuroticism"": 0.4375, ""openness"": 0.7, ""conscientiousness"": 0.5}"
elaborate_prompt,openness,high,bfi_43,conscientiousness,True,3,3,"{""extraversion"": 0.65625, ""agreeableness"": 0.5833333333333334, ""neuroticism"": 0.4375, ""openness"": 0.7, ""conscientiousness"": 0.5}"
elaborate_prompt,openness,high,bfi_44,openness,False,4,4,"{""extraversion"": 0.65625, ""agreeableness"": 0.5833333333333334, ""neuroticism"": 0.4375, ""openness"": 0.7, ""conscientiousness"": 0.5}"
elaborate_prompt,openness,low,bfi_01,extraversion,False,3,3,"{""extraversion"": 0.5, ""agreeableness"": 0.5, ""neuroticism"": 0.5, ""openness"": 0.5, ""conscientiousness"": 0.5}"
elaborate_prompt,openness,low,bfi_02,agreeableness,True,3,3,"{""extraversion"": 0.5, ""agreeableness"": 0.5, ""neuroticism"": 0.5, ""openness"": 0.5, ""conscientiousness"": 0.5}"
elaborate_prompt,openness,low,bfi_03,conscientiousness,False,3,3,"{""extraversion"": 0.5, ""agreeableness"": 0.5, ""neuroticism"": 0.5, ""openness"": 0.5, ""conscientiousness"": 0.5}"
elaborate_prompt,openness,low,bfi_04,neuroticism,False,3,3,"{""extraversion"": 0.5, ""agreeableness"": 0.5, ""neuroticism"": 0.5, ""openness"": 0.5, ""conscientiousness"": 0.5}"
elaborate_prompt,openness,low,bfi_05,openness,False,3,3,"{""extraversion"": 0.5, ""agreeableness"": 0.5, ""neuroticism"": 0.5, ""openness"": 0.5, ""conscientiousness"": 0.5}"
elaborate_prompt,openness,low,bfi_06,extraversion,True,3,3,"{""extraversion"": 0.5, ""agreeableness"": 0.5, ""neuroticism"": 0.5, ""openness"": 0.5, ""conscientiousness"": 0.5}"
elaborate_prompt,openness,low,bfi_07,agreeableness,False,3,3,"{""extraversion"": 0.5, ""agreeableness"": 0.5, ""neuroticism"": 0.5, ""openness"": 0.5, ""conscientiousness"": 0.5}"
elaborate_prompt,openness,low,bfi_08,conscientiousness,True,3,3,"{""extraversion"": 0.5, ""agreeableness"": 0.5, ""neuroticism"": 0.5, ""openness"": 0.5, ""conscientiousness"": 0.5}"
elaborate_prompt,openness,low,bfi_09,neuroticism,True,3,3,"{""extraversion"": 0.5, ""agreeableness"": 0.5, ""neuroticism"": 0.5, ""openness"": 0.5, ""conscientiousness"": 0.5}"
elaborate_prompt,openness,low,bfi_10,openness,False,3,3,"{""extraversion"": 0.5, ""agreeableness"": 0.5, ""neuroticism"": 0.5, ""openness"": 0.5, ""conscientiousness"": 0.5}"
elaborate_prompt,openness,low,bfi_11,extraversion,False,3,3,"{""extraversion"": 0.5, ""agreeableness"": 0.5, ""neuroticism"": 0.5, ""openness"": 0.5, ""conscientiousness"": 0.5}"
elaborate_prompt,openness,low,bfi_12,agreeableness,True,3,3,"{""extraversion"": 0.5, ""agreeableness"": 0.5, ""neuroticism"": 0.5, ""openness"": 0.5, ""conscientiousness"": 0.5}"
elaborate_prompt,openness,low,bfi_13,conscientiousness,False,3,3,"{""extraversion"": 0.5, ""agreeableness"": 0.5, ""neuroticism"": 0.5, ""openness"": 0.5, ""conscientiousness"": 0.5}"
elaborate_prompt,openness,low,bfi_14,neuroticism,False,3,3,"{""extraversion"": 0.5, ""agreeableness"": 0.5, ""neuroticism"": 0.5, ""openness"": 0.5, ""conscientiousness"": 0.5}"
elaborate_prompt,openness,low,bfi_15,openness,False,3,3,"{""extraversion"": 0.5, ""agreeableness"": 0.5, ""neuroticism"": 0.5, ""openness"": 0.5, ""conscientiousness"": 0.5}"
elaborate_prompt,openness,low,bfi_16,extraversion,False,3,3,"{""extraversion"": 0.5, ""agreeableness"": 0.5, ""neuroticism"": 0.5, ""openness"": 0.5, ""conscientiousness"": 0.5}"
elaborate_prompt,openness,low,bfi_17,agreeableness,False,3,3,"{""extraversion"": 0.5, ""agreeableness"": 0.5, ""neuroticism"": 0.5, ""openness"": 0.5, ""conscientiousness"": 0.5}"
elaborate_prompt,openness,low,bfi_18,conscientiousness,True,3,3,"{""extraversion"": 0.5, ""agreeableness"": 0.5, ""neuroticism"": 0.5, ""openness"": 0.5, ""conscientiousness"": 0.5}"
elaborate_prompt,openness,low,bfi_19,neuroticism,False,3,3,"{""extraversion"": 0.5, ""agreeableness"": 0.5, ""neuroticism"": 0.5, ""openness"": 0.5, ""conscientiousness"": 0.5}"
elaborate_prompt,openness,low,bfi_20,openness,False,3,3,"{""extraversion"": 0.5, ""agreeableness"": 0.5, ""neuroticism"": 0.5, ""openness"": 0.5, ""conscientiousness"": 0.5}"
elaborate_prompt,openness,low,bfi_21,extraversion,True,3,3,"{""extraversion"": 0.5, ""agreeableness"": 0.5, ""neuroticism"": 0.5, ""openness"": 0.5, ""conscientiousness"": 0.5}"
elaborate_prompt,openness,low,bfi_22,agreeableness,False,3,3,"{""extraversion"": 0.5, ""agreeableness"": 0.5, ""neuroticism"": 0.5, ""openness"": 0.5, ""conscientiousness"": 0.5}"
elaborate_prompt,openness,low,bfi_23,conscientiousness,True,3,3,"{""extraversion"": 0.5, ""agreeableness"": 0.5, ""neuroticism"": 0.5, ""openness"": 0.5, ""conscientiousness"": 0.5}"
elaborate_prompt,openness,low,bfi_24,neuroticism,True,3,3,"{""extraversion"": 0.5, ""agreeableness"": 0.5, ""neuroticism"": 0.5, ""openness"": 0.5, ""conscientiousness"": 0.5}"
elaborate_prompt,openness,low,bfi_25,openness,False,3,3,"{""extraversion"": 0.5, ""agreeableness"": 0.5, ""neuroticism"": 0.5, ""openness"": 0.5, ""conscientiousness"": 0.5}"
elaborate_prompt,openness,low,bfi_26,extraversion,False,3,3,"{""extraversion"": 0.5, ""agreeableness"": 0.5, ""neuroticism"": 0.5, ""openness"": 0.5, ""conscientiousness"": 0.5}"
elaborate_prompt,openness,low,bfi_27,agreeableness,True,3,3,"{""extraversion"": 0.5, ""agreeableness"": 0.5, ""neuroticism"": 0.5, ""openness"": 0.5, ""conscientiousness"": 0.5}"
elaborate_prompt,openness,low,bfi_28,conscientiousness,False,3,3,"{""extraversion"": 0.5, ""agreeableness"": 0.5, ""neuroticism"": 0.5, ""openness"": 0.5, ""conscientiousness"": 0.5}"
elaborate_prompt,openness,low,bfi_29,neuroticism,False,3,3,"{""extraversion"": 0.5, ""agreeableness"": 0.5, ""neuroticism"": 0.5, ""openness"": 0.5, ""conscientiousness"": 0.5}"
elaborate_prompt,openness,low,bfi_30,openness,False,3,3,"{""extraversion"": 0.5, ""agreeableness"": 0.5, ""neuroticism"": 0.5, ""openness"": 0.5, ""conscientiousness"": 0.5}"
elaborate_prompt,openness,low,bfi_31,extraversion,True,3,3,"{""extraversion"": 0.5, ""agreeableness"": 0.5, ""neuroticism"": 0.5, ""openness"": 0.5, ""conscientiousness"": 0.5}"
elaborate_prompt,openness,low,bfi_32,agreeableness,False,3,3,"{""extraversion"": 0.5, ""agreeableness"": 0.5, ""neuroticism"": 0.5, ""openness"": 0.5, ""conscientiousness"": 0.5}"
elaborate_prompt,openness,low,bfi_33,conscientiousness,False,3,3,"{""extraversion"": 0.5, ""agreeableness"": 0.5, ""neuroticism"": 0.5, ""openness"": 0.5, ""conscientiousness"": 0.5}"
elaborate_prompt,openness,low,bfi_34,neuroticism,True,3,3,"{""extraversion"": 0.5, ""agreeableness"": 0.5, ""neuroticism"": 0.5, ""openness"": 0.5, ""conscientiousness"": 0.5}"
elaborate_prompt,openness,low,bfi_35,openness,True,3,3,"{""extraversion"": 0.5, ""agreeableness"": 0.5, ""neuroticism"": 0.5, ""openness"": 0.5, ""conscientiousness"": 0.5}"
elaborate_prompt,openness,low,bfi_36,extraversion,False,3,3,"{""extraversion"": 0.5, ""agreeableness"": 0.5, ""neuroticism"": 0.5, ""openness"": 0.5, ""conscientiousness"": 0.5}"
elaborate_prompt,openness,low,bfi_37,agreeableness,True,3,3,"{""extraversion"": 0.5, ""agreeableness"": 0.5, ""neuroticism"": 0.5, ""openness"": 0.5, ""conscientiousness"": 0.5}"
elaborate_prompt,openness,low,bfi_38,conscientiousness,False,3,3,"{""extraversion"": 0.5, ""agreeableness"": 0.5, ""neuroticism"": 0.5, ""openness"": 0.5, ""conscientiousness"": 0.5}"
elaborate_prompt,openness,low,bfi_39,neuroticism,False,3,3,"{""extraversion"": 0.5, ""agreeableness"": 0.5, ""neuroticism"": 0.5, ""openness"": 0.5, ""conscientiousness"": 0.5}"
elaborate_prompt,openness,low,bfi_40,openness,False,3,3,"{""extraversion"": 0.5, ""agreeableness"": 0.5, ""neuroticism"": 0.5, ""openness"": 0.5, ""conscientiousness"": 0.5}"
elaborate_prompt,openness,low,bfi_41,openness,True,3,3,"{""extraversion"": 0.5, ""agreeableness"": 0.5, ""neuroticism"": 0.5, ""openness"": 0.5, ""conscientiousness"": 0.5}"
elaborate_prompt,openness,low,bfi_42,agreeableness,False,3,3,"{""extraversion"": 0.5, ""agreeableness"": 0.5, ""neuroticism"": 0.5, ""openness"": 0.5, ""conscientiousness"": 0.5}"
elaborate_prompt,openness,low,bfi_43,conscientiousness,True,3,3,"{""extraversion"": 0.5, ""agreeableness"": 0.5, ""neuroticism"": 0.5, ""openness"": 0.5, ""conscientiousness"": 0.5}"
elaborate_prompt,openness,low,bfi_44,openness,False,3,3,"{""extraversion"": 0.5, ""agreeableness"": 0.5, ""neuroticism"": 0.5, ""openness"": 0.5, ""conscientiousness"": 0.5}"
elaborate_prompt,extraversion,high,bfi_01,extraversion,False,5,5,"{""extraversion"": 0.75, ""agreeableness"": 0.6944444444444444, ""neuroticism"": 0.375, ""openness"": 0.625, ""conscientiousness"": 0.5}"
elaborate_prompt,extraversion,high,bfi_02,agreeableness,True,3,3,"{""extraversion"": 0.75, ""agreeableness"": 0.6944444444444444, ""neuroticism"": 0.375, ""openness"": 0.625, ""conscientiousness"": 0.5}"
elaborate_prompt,extraversion,high,bfi_03,conscientiousness,False,3,3,"{""extraversion"": 0.75, ""agreeableness"": 0.6944444444444444, ""neuroticism"": 0.375, ""openness"": 0.625, ""conscientiousness"": 0.5}"
elaborate_prompt,extraversion,high,bfi_04,neuroticism,False,1,1,"{""extraversion"": 0.75, ""agreeableness"": 0.6944444444444444, ""neuroticism"": 0.375, ""openness"": 0.625, ""conscientiousness"": 0.5}"
elaborate_prompt,extraversion,high,bfi_05,openness,False,4,4,"{""extraversion"": 0.75, ""agreeableness"": 0.6944444444444444, ""neuroticism"": 0.375, ""openness"": 0.625, ""conscientiousness"": 0.5}"
elaborate_prompt,extraversion,high,bfi_06,extraversion,True,3,3,"{""extraversion"": 0.75, ""agreeableness"": 0.6944444444444444, ""neuroticism"": 0.375, ""openness"": 0.625, ""conscientiousness"": 0.5}"
elaborate_prompt,extraversion,high,bfi_07,agreeableness,False,4,4,"{""extraversion"": 0.75, ""agreeableness"": 0.6944444444444444, ""neuroticism"": 0.375, ""openness"": 0.625, ""conscientiousness"": 0.5}"
elaborate_prompt,extraversion,high,bfi_08,conscientiousness,True,3,3,"{""extraversion"": 0.75, ""agreeableness"": 0.6944444444444444, ""neuroticism"": 0.375, ""openness"": 0.625, ""conscientiousness"": 0.5}"
elaborate_prompt,extraversion,high,bfi_09,neuroticism,True,3,3,"{""extraversion"": 0.75, ""agreeableness"": 0.6944444444444444, ""neuroticism"": 0.375, ""openness"": 0.625, ""conscientiousness"": 0.5}"
elaborate_prompt,extraversion,high,bfi_10,openness,False,4,4,"{""extraversion"": 0.75, ""agreeableness"": 0.6944444444444444, ""neuroticism"": 0.375, ""openness"": 0.625, ""conscientiousness"": 0.5}"
elaborate_prompt,extraversion,high,bfi_11,extraversion,False,5,5,"{""extraversion"": 0.75, ""agreeableness"": 0.6944444444444444, ""neuroticism"": 0.375, ""openness"": 0.625, ""conscientiousness"": 0.5}"
elaborate_prompt,extraversion,high,bfi_12,agreeableness,True,3,3,"{""extraversion"": 0.75, ""agreeableness"": 0.6944444444444444, ""neuroticism"": 0.375, ""openness"": 0.625, ""conscientiousness"": 0.5}"
elaborate_prompt,extraversion,high,bfi_13,conscientiousness,False,3,3,"{""extraversion"": 0.75, ""agreeableness"": 0.6944444444444444, ""neuroticism"": 0.375, ""openness"": 0.625, ""conscientiousness"": 0.5}"
elaborate_prompt,extraversion,high,bfi_14,neuroticism,False,1,1,"{""extraversion"": 0.75, ""agreeableness"": 0.6944444444444444, ""neuroticism"": 0.375, ""openness"": 0.625, ""conscientiousness"": 0.5}"
elaborate_prompt,extraversion,high,bfi_15,openness,False,3,3,"{""extraversion"": 0.75, ""agreeableness"": 0.6944444444444444, ""neuroticism"": 0.375, ""openness"": 0.625, ""conscientiousness"": 0.5}"
elaborate_prompt,extraversion,high,bfi_16,extraversion,False,5,5,"{""extraversion"": 0.75, ""agreeableness"": 0.6944444444444444, ""neuroticism"": 0.375, ""openness"": 0.625, ""conscientiousness"": 0.5}"
elaborate_prompt,extraversion,high,bfi_17,agreeableness,False,4,4,"{""extraversion"": 0.75, ""agreeableness"": 0.6944444444444444, ""neuroticism"": 0.375, ""openness"": 0.625, ""conscientiousness"": 0.5}"
elaborate_prompt,extraversion,high,bfi_18,conscientiousness,True,3,3,"{""extraversion"": 0.75, ""agreeableness"": 0.6944444444444444, ""neuroticism"": 0.375, ""openness"": 0.625, ""conscientiousness"": 0.5}"
elaborate_prompt,extraversion,high,bfi_19,neuroticism,False,3,3,"{""extraversion"": 0.75, ""agreeableness"": 0.6944444444444444, ""neuroticism"": 0.375, ""openness"": 0.625, ""conscientiousness"": 0.5}"
elaborate_prompt,extraversion,high,bfi_20,openness,False,4,4,"{""extraversion"": 0.75, ""agreeableness"": 0.6944444444444444, ""neuroticism"": 0.375, ""openness"": 0.625, ""conscientiousness"": 0.5}"
elaborate_prompt,extraversion,high,bfi_21,extraversion,True,5,5,"{""extraversion"": 0.75, ""agreeableness"": 0.6944444444444444, ""neuroticism"": 0.375, ""openness"": 0.625, ""conscientiousness"": 0.5}"
elaborate_prompt,extraversion,high,bfi_22,agreeableness,False,4,4,"{""extraversion"": 0.75, ""agreeableness"": 0.6944444444444444, ""neuroticism"": 0.375, ""openness"": 0.625, ""conscientiousness"": 0.5}"
elaborate_prompt,extraversion,high,bfi_23,conscientiousness,True,5,5,"{""extraversion"": 0.75, ""agreeableness"": 0.6944444444444444, ""neuroticism"": 0.375, ""openness"": 0.625, ""conscientiousness"": 0.5}"
elaborate_prompt,extraversion,high,bfi_24,neuroticism,True,3,3,"{""extraversion"": 0.75, ""agreeableness"": 0.6944444444444444, ""neuroticism"": 0.375, ""openness"": 0.625, ""conscientiousness"": 0.5}"
elaborate_prompt,extraversion,high,bfi_25,openness,False,4,4,"{""extraversion"": 0.75, ""agreeableness"": 0.6944444444444444, ""neuroticism"": 0.375, ""openness"": 0.625, ""conscientiousness"": 0.5}"
elaborate_prompt,extraversion,high,bfi_26,extraversion,False,5,5,"{""extraversion"": 0.75, ""agreeableness"": 0.6944444444444444, ""neuroticism"": 0.375, ""openness"": 0.625, ""conscientiousness"": 0.5}"
elaborate_prompt,extraversion,high,bfi_27,agreeableness,True,1,1,"{""extraversion"": 0.75, ""agreeableness"": 0.6944444444444444, ""neuroticism"": 0.375, ""openness"": 0.625, ""conscientiousness"": 0.5}"
elaborate_prompt,extraversion,high,bfi_28,conscientiousness,False,4,4,"{""extraversion"": 0.75, ""agreeableness"": 0.6944444444444444, ""neuroticism"": 0.375, ""openness"": 0.625, ""conscientiousness"": 0.5}"
elaborate_prompt,extraversion,high,bfi_29,neuroticism,False,3,3,"{""extraversion"": 0.75, ""agreeableness"": 0.6944444444444444, ""neuroticism"": 0.375, ""openness"": 0.625, ""conscientiousness"": 0.5}"
elaborate_prompt,extraversion,high,bfi_30,openness,False,4,4,"{""extraversion"": 0.75, ""agreeableness"": 0.6944444444444444, ""neuroticism"": 0.375, ""openness"": 0.625, ""conscientiousness"": 0.5}"
elaborate_prompt,extraversion,high,bfi_31,extraversion,True,3,3,"{""extraversion"": 0.75, ""agreeableness"": 0.6944444444444444, ""neuroticism"": 0.375, ""openness"": 0.625, ""conscientiousness"": 0.5}"
elaborate_prompt,extraversion,high,bfi_32,agreeableness,False,3,3,"{""extraversion"": 0.75, ""agreeableness"": 0.6944444444444444, ""neuroticism"": 0.375, ""openness"": 0.625, ""conscientiousness"": 0.5}"
elaborate_prompt,extraversion,high,bfi_33,conscientiousness,False,3,3,"{""extraversion"": 0.75, ""agreeableness"": 0.6944444444444444, ""neuroticism"": 0.375, ""openness"": 0.625, ""conscientiousness"": 0.5}"
elaborate_prompt,extraversion,high,bfi_34,neuroticism,True,3,3,"{""extraversion"": 0.75, ""agreeableness"": 0.6944444444444444, ""neuroticism"": 0.375, ""openness"": 0.625, ""conscientiousness"": 0.5}"
elaborate_prompt,extraversion,high,bfi_35,openness,True,3,3,"{""extraversion"": 0.75, ""agreeableness"": 0.6944444444444444, ""neuroticism"": 0.375, ""openness"": 0.625, ""conscientiousness"": 0.5}"
elaborate_prompt,extraversion,high,bfi_36,extraversion,False,5,5,"{""extraversion"": 0.75, ""agreeableness"": 0.6944444444444444, ""neuroticism"": 0.375, ""openness"": 0.625, ""conscientiousness"": 0.5}"
elaborate_prompt,extraversion,high,bfi_37,agreeableness,True,1,1,"{""extraversion"": 0.75, ""agreeableness"": 0.6944444444444444, ""neuroticism"": 0.375, ""openness"": 0.625, ""conscientiousness"": 0.5}"
elaborate_prompt,extraversion,high,bfi_38,conscientiousness,False,4,4,"{""extraversion"": 0.75, ""agreeableness"": 0.6944444444444444, ""neuroticism"": 0.375, ""openness"": 0.625, ""conscientiousness"": 0.5}"
elaborate_prompt,extraversion,high,bfi_39,neuroticism,False,3,3,"{""extraversion"": 0.75, ""agreeableness"": 0.6944444444444444, ""neuroticism"": 0.375, ""openness"": 0.625, ""conscientiousness"": 0.5}"
elaborate_prompt,extraversion,high,bfi_40,openness,False,3,3,"{""extraversion"": 0.75, ""agreeableness"": 0.6944444444444444, ""neuroticism"": 0.375, ""openness"": 0.625, ""conscientiousness"": 0.5}"
elaborate_prompt,extraversion,high,bfi_41,openness,True,3,3,"{""extraversion"": 0.75, ""agreeableness"": 0.6944444444444444, ""neuroticism"": 0.375, ""openness"": 0.625, ""conscientiousness"": 0.5}"
elaborate_prompt,extraversion,high,bfi_42,agreeableness,False,3,3,"{""extraversion"": 0.75, ""agreeableness"": 0.6944444444444444, ""neuroticism"": 0.375, ""openness"": 0.625, ""conscientiousness"": 0.5}"
elaborate_prompt,extraversion,high,bfi_43,conscientiousness,True,3,3,"{""extraversion"": 0.75, ""agreeableness"": 0.6944444444444444, ""neuroticism"": 0.375, ""openness"": 0.625, ""conscientiousness"": 0.5}"
elaborate_prompt,extraversion,high,bfi_44,openness,False,3,3,"{""extraversion"": 0.75, ""agreeableness"": 0.6944444444444444, ""neuroticism"": 0.375, ""openness"": 0.625, ""conscientiousness"": 0.5}"
elaborate_prompt,extraversion,low,bfi_01,extraversion,False,3,3,"{""extraversion"": 0.5, ""agreeableness"": 0.5, ""neuroticism"": 0.5, ""openness"": 0.5, ""conscientiousness"": 0.5}"
elaborate_prompt,extraversion,low,bfi_02,agreeableness,True,3,3,"{""extraversion"": 0.5, ""agreeableness"": 0.5, ""neuroticism"": 0.5, ""openness"": 0.5, ""conscientiousness"": 0.5}"
elaborate_prompt,extraversion,low,bfi_03,conscientiousness,False,3,3,"{""extraversion"": 0.5, ""agreeableness"": 0.5, ""neuroticism"": 0.5, ""openness"": 0.5, ""conscientiousness"": 0.5}"
elaborate_prompt,extraversion,low,bfi_04,neuroticism,False,3,3,"{""extraversion"": 0.5, ""agreeableness"": 0.5, ""neuroticism"": 0.5, ""openness"": 0.5, ""conscientiousness"": 0.5}"
elaborate_prompt,extraversion,low,bfi_05,openness,False,3,3,"{""extraversion"": 0.5, ""agreeableness"": 0.5, ""neuroticism"": 0.5, ""openness"": 0.5, ""conscientiousness"": 0.5}"
elaborate_prompt,extraversion,low,bfi_06,extraversion,True,3,3,"{""extraversion"": 0.5, ""agreeableness"": 0.5, ""neuroticism"": 0.5, ""openness"": 0.5, ""conscientiousness"": 0.5}"
elaborate_prompt,extraversion,low,bfi_07,agreeableness,False,3,3,"{""extraversion"": 0.5, ""agreeableness"": 0.5, ""neuroticism"": 0.5, ""openness"": 0.5, ""conscientiousness"": 0.5}"
elaborate_prompt,extraversion,low,bfi_08,conscientiousness,True,3,3,"{""extraversion"": 0.5, ""agreeableness"": 0.5, ""neuroticism"": 0.5, ""openness"": 0.5, ""conscientiousness"": 0.5}"
elaborate_prompt,extraversion,low,bfi_09,neuroticism,True,3,3,"{""extraversion"": 0.5, ""agreeableness"": 0.5, ""neuroticism"": 0.5, ""openness"": 0.5, ""conscientiousness"": 0.5}"
elaborate_prompt,extraversion,low,bfi_10,openness,False,3,3,"{""extraversion"": 0.5, ""agreeableness"": 0.5, ""neuroticism"": 0.5, ""openness"": 0.5, ""conscientiousness"": 0.5}"
elaborate_prompt,extraversion,low,bfi_11,extraversion,False,3,3,"{""extraversion"": 0.5, ""agreeableness"": 0.5, ""neuroticism"": 0.5, ""openness"": 0.5, ""conscientiousness"": 0.5}"
elaborate_prompt,extraversion,low,bfi_12,agreeableness,True,3,3,"{""extraversion"": 0.5, ""agreeableness"": 0.5, ""neuroticism"": 0.5, ""openness"": 0.5, ""conscientiousness"": 0.5}"
elaborate_prompt,extraversion,low,bfi_13,conscientiousness,False,3,3,"{""extraversion"": 0.5, ""agreeableness"": 0.5, ""neuroticism"": 0.5, ""openness"": 0.5, ""conscientiousness"": 0.5}"
elaborate_prompt,extraversion,low,bfi_14,neuroticism,False,3,3,"{""extraversion"": 0.5, ""agreeableness"": 0.5, ""neuroticism"": 0.5, ""openness"": 0.5, ""conscientiousness"": 0.5}"
elaborate_prompt,extraversion,low,bfi_15,openness,False,3,3,"{""extraversion"": 0.5, ""agreeableness"": 0.5, ""neuroticism"": 0.5, ""openness"": 0.5, ""conscientiousness"": 0.5}"
elaborate_prompt,extraversion,low,bfi_16,extraversion,False,3,3,"{""extraversion"": 0.5, ""agreeableness"": 0.5, ""neuroticism"": 0.5, ""openness"": 0.5, ""conscientiousness"": 0.5}"
elaborate_prompt,extraversion,low,bfi_17,agreeableness,False,3,3,"{""extraversion"": 0.5, ""agreeableness"": 0.5, ""neuroticism"": 0.5, ""openness"": 0.5, ""conscientiousness"": 0.5}"
elaborate_prompt,extraversion,low,bfi_18,conscientiousness,True,3,3,"{""extraversion"": 0.5, ""agreeableness"": 0.5, ""neuroticism"": 0.5, ""openness"": 0.5, ""conscientiousness"": 0.5}"
elaborate_prompt,extraversion,low,bfi_19,neuroticism,False,3,3,"{""extraversion"": 0.5, ""agreeableness"": 0.5, ""neuroticism"": 0.5, ""openness"": 0.5, ""conscientiousness"": 0.5}"
elaborate_prompt,extraversion,low,bfi_20,openness,False,3,3,"{""extraversion"": 0.5, ""agreeableness"": 0.5, ""neuroticism"": 0.5, ""openness"": 0.5, ""conscientiousness"": 0.5}"
elaborate_prompt,extraversion,low,bfi_21,extraversion,True,3,3,"{""extraversion"": 0.5, ""agreeableness"": 0.5, ""neuroticism"": 0.5, ""openness"": 0.5, ""conscientiousness"": 0.5}"
elaborate_prompt,extraversion,low,bfi_22,agreeableness,False,3,3,"{""extraversion"": 0.5, ""agreeableness"": 0.5, ""neuroticism"": 0.5, ""openness"": 0.5, ""conscientiousness"": 0.5}"
elaborate_prompt,extraversion,low,bfi_23,conscientiousness,True,3,3,"{""extraversion"": 0.5, ""agreeableness"": 0.5, ""neuroticism"": 0.5, ""openness"": 0.5, ""conscientiousness"": 0.5}"
elaborate_prompt,extraversion,low,bfi_24,neuroticism,True,3,3,"{""extraversion"": 0.5, ""agreeableness"": 0.5, ""neuroticism"": 0.5, ""openness"": 0.5, ""conscientiousness"": 0.5}"
elaborate_prompt,extraversion,low,bfi_25,openness,False,3,3,"{""extraversion"": 0.5, ""agreeableness"": 0.5, ""neuroticism"": 0.5, ""openness"": 0.5, ""conscientiousness"": 0.5}"
elaborate_prompt,extraversion,low,bfi_26,extraversion,False,3,3,"{""extraversion"": 0.5, ""agreeableness"": 0.5, ""neuroticism"": 0.5, ""openness"": 0.5, ""conscientiousness"": 0.5}"
elaborate_prompt,extraversion,low,bfi_27,agreeableness,True,3,3,"{""extraversion"": 0.5, ""agreeableness"": 0.5, ""neuroticism"": 0.5, ""openness"": 0.5, ""conscientiousness"": 0.5}"
elaborate_prompt,extraversion,low,bfi_28,conscientiousness,False,3,3,"{""extraversion"": 0.5, ""agreeableness"": 0.5, ""neuroticism"": 0.5, ""openness"": 0.5, ""conscientiousness"": 0.5}"
elaborate_prompt,extraversion,low,bfi_29,neuroticism,False,3,3,"{""extraversion"": 0.5, ""agreeableness"": 0.5, ""neuroticism"": 0.5, ""openness"": 0.5, ""conscientiousness"": 0.5}"
elaborate_prompt,extraversion,low,bfi_30,openness,False,3,3,"{""extraversion"": 0.5, ""agreeableness"": 0.5, ""neuroticism"": 0.5, ""openness"": 0.5, ""conscientiousness"": 0.5}"
elaborate_prompt,extraversion,low,bfi_31,extraversion,True,3,3,"{""extraversion"": 0.5, ""agreeableness"": 0.5, ""neuroticism"": 0.5, ""openness"": 0.5, ""conscientiousness"": 0.5}"
elaborate_prompt,extraversion,low,bfi_32,agreeableness,False,3,3,"{""extraversion"": 0.5, ""agreeableness"": 0.5, ""neuroticism"": 0.5, ""openness"": 0.5, ""conscientiousness"": 0.5}"
elaborate_prompt,extraversion,low,bfi_33,conscientiousness,False,3,3,"{""extraversion"": 0.5, ""agreeableness"": 0.5, ""neuroticism"": 0.5, ""openness"": 0.5, ""conscientiousness"": 0.5}"
elaborate_prompt,extraversion,low,bfi_34,neuroticism,True,3,3,"{""extraversion"": 0.5, ""agreeableness"": 0.5, ""neuroticism"": 0.5, ""openness"": 0.5, ""conscientiousness"": 0.5}"
elaborate_prompt,extraversion,low,bfi_35,openness,True,3,3,"{""extraversion"": 0.5, ""agreeableness"": 0.5, ""neuroticism"": 0.5, ""openness"": 0.5, ""conscientiousness"": 0.5}"
elaborate_prompt,extraversion,low,bfi_36,extraversion,False,3,3,"{""extraversion"": 0.5, ""agreeableness"": 0.5, ""neuroticism"": 0.5, ""openness"": 0.5, ""conscientiousness"": 0.5}"
elaborate_prompt,extraversion,low,bfi_37,agreeableness,True,3,3,"{""extraversion"": 0.5, ""agreeableness"": 0.5, ""neuroticism"": 0.5, ""openness"": 0.5, ""conscientiousness"": 0.5}"
elaborate_prompt,extraversion,low,bfi_38,conscientiousness,False,3,3,"{""extraversion"": 0.5, ""agreeableness"": 0.5, ""neuroticism"": 0.5, ""openness"": 0.5, ""conscientiousness"": 0.5}"
elaborate_prompt,extraversion,low,bfi_39,neuroticism,False,3,3,"{""extraversion"": 0.5, ""agreeableness"": 0.5, ""neuroticism"": 0.5, ""openness"": 0.5, ""conscientiousness"": 0.5}"
elaborate_prompt,extraversion,low,bfi_40,openness,False,3,3,"{""extraversion"": 0.5, ""agreeableness"": 0.5, ""neuroticism"": 0.5, ""openness"": 0.5, ""conscientiousness"": 0.5}"
elaborate_prompt,extraversion,low,bfi_41,openness,True,3,3,"{""extraversion"": 0.5, ""agreeableness"": 0.5, ""neuroticism"": 0.5, ""openness"": 0.5, ""conscientiousness"": 0.5}"
elaborate_prompt,extraversion,low,bfi_42,agreeableness,False,3,3,"{""extraversion"": 0.5, ""agreeableness"": 0.5, ""neuroticism"": 0.5, ""openness"": 0.5, ""conscientiousness"": 0.5}"
elaborate_prompt,extraversion,low,bfi_43,conscientiousness,True,3,3,"{""extraversion"": 0.5, ""agreeableness"": 0.5, ""neuroticism"": 0.5, ""openness"": 0.5, ""conscientiousness"": 0.5}"
elaborate_prompt,extraversion,low,bfi_44,openness,False,3,3,"{""extraversion"": 0.5, ""agreeableness"": 0.5, ""neuroticism"": 0.5, ""openness"": 0.5, ""conscientiousness"": 0.5}"
as_pas_only,agreeableness,high,bfi_01,extraversion,False,3,3,"{""extraversion"": 0.625, ""agreeableness"": 0.5555555555555556, ""neuroticism"": 0.4375, ""openness"": 0.675, ""conscientiousness"": 0.5833333333333334}"
as_pas_only,agreeableness,high,bfi_02,agreeableness,True,3,3,"{""extraversion"": 0.625, ""agreeableness"": 0.5555555555555556, ""neuroticism"": 0.4375, ""openness"": 0.675, ""conscientiousness"": 0.5833333333333334}"
as_pas_only,agreeableness,high,bfi_03,conscientiousness,False,3,3,"{""extraversion"": 0.625, ""agreeableness"": 0.5555555555555556, ""neuroticism"": 0.4375, ""openness"": 0.675, ""conscientiousness"": 0.5833333333333334}"
as_pas_only,agreeableness,high,bfi_04,neuroticism,False,3,3,"{""extraversion"": 0.625, ""agreeableness"": 0.5555555555555556, ""neuroticism"": 0.4375, ""openness"": 0.675, ""conscientiousness"": 0.5833333333333334}"
as_pas_only,agreeableness,high,bfi_05,openness,False,4,4,"{""extraversion"": 0.625, ""agreeableness"": 0.5555555555555556, ""neuroticism"": 0.4375, ""openness"": 0.675, ""conscientiousness"": 0.5833333333333334}"
as_pas_only,agreeableness,high,bfi_06,extraversion,True,3,3,"{""extraversion"": 0.625, ""agreeableness"": 0.5555555555555556, ""neuroticism"": 0.4375, ""openness"": 0.675, ""conscientiousness"": 0.5833333333333334}"
as_pas_only,agreeableness,high,bfi_07,agreeableness,False,4,4,"{""extraversion"": 0.625, ""agreeableness"": 0.5555555555555556, ""neuroticism"": 0.4375, ""openness"": 0.675, ""conscientiousness"": 0.5833333333333334}"
as_pas_only,agreeableness,high,bfi_08,conscientiousness,True,3,3,"{""extraversion"": 0.625, ""agreeableness"": 0.5555555555555556, ""neuroticism"": 0.4375, ""openness"": 0.675, ""conscientiousness"": 0.5833333333333334}"
as_pas_only,agreeableness,high,bfi_09,neuroticism,True,4,4,"{""extraversion"": 0.625, ""agreeableness"": 0.5555555555555556, ""neuroticism"": 0.4375, ""openness"": 0.675, ""conscientiousness"": 0.5833333333333334}"
as_pas_only,agreeableness,high,bfi_10,openness,False,4,4,"{""extraversion"": 0.625, ""agreeableness"": 0.5555555555555556, ""neuroticism"": 0.4375, ""openness"": 0.675, ""conscientiousness"": 0.5833333333333334}"
as_pas_only,agreeableness,high,bfi_11,extraversion,False,4,4,"{""extraversion"": 0.625, ""agreeableness"": 0.5555555555555556, ""neuroticism"": 0.4375, ""openness"": 0.675, ""conscientiousness"": 0.5833333333333334}"
as_pas_only,agreeableness,high,bfi_12,agreeableness,True,3,3,"{""extraversion"": 0.625, ""agreeableness"": 0.5555555555555556, ""neuroticism"": 0.4375, ""openness"": 0.675, ""conscientiousness"": 0.5833333333333334}"
as_pas_only,agreeableness,high,bfi_13,conscientiousness,False,4,4,"{""extraversion"": 0.625, ""agreeableness"": 0.5555555555555556, ""neuroticism"": 0.4375, ""openness"": 0.675, ""conscientiousness"": 0.5833333333333334}"
as_pas_only,agreeableness,high,bfi_14,neuroticism,False,3,3,"{""extraversion"": 0.625, ""agreeableness"": 0.5555555555555556, ""neuroticism"": 0.4375, ""openness"": 0.675, ""conscientiousness"": 0.5833333333333334}"
as_pas_only,agreeableness,high,bfi_15,openness,False,4,4,"{""extraversion"": 0.625, ""agreeableness"": 0.5555555555555556, ""neuroticism"": 0.4375, ""openness"": 0.675, ""conscientiousness"": 0.5833333333333334}"
as_pas_only,agreeableness,high,bfi_16,extraversion,False,4,4,"{""extraversion"": 0.625, ""agreeableness"": 0.5555555555555556, ""neuroticism"": 0.4375, ""openness"": 0.675, ""conscientiousness"": 0.5833333333333334}"
as_pas_only,agreeableness,high,bfi_17,agreeableness,False,3,3,"{""extraversion"": 0.625, ""agreeableness"": 0.5555555555555556, ""neuroticism"": 0.4375, ""openness"": 0.675, ""conscientiousness"": 0.5833333333333334}"
as_pas_only,agreeableness,high,bfi_18,conscientiousness,True,3,3,"{""extraversion"": 0.625, ""agreeableness"": 0.5555555555555556, ""neuroticism"": 0.4375, ""openness"": 0.675, ""conscientiousness"": 0.5833333333333334}"
as_pas_only,agreeableness,high,bfi_19,neuroticism,False,3,3,"{""extraversion"": 0.625, ""agreeableness"": 0.5555555555555556, ""neuroticism"": 0.4375, ""openness"": 0.675, ""conscientiousness"": 0.5833333333333334}"
as_pas_only,agreeableness,high,bfi_20,openness,False,4,4,"{""extraversion"": 0.625, ""agreeableness"": 0.5555555555555556, ""neuroticism"": 0.4375, ""openness"": 0.675, ""conscientiousness"": 0.5833333333333334}"
as_pas_only,agreeableness,high,bfi_21,extraversion,True,3,3,"{""extraversion"": 0.625, ""agreeableness"": 0.5555555555555556, ""neuroticism"": 0.4375, ""openness"": 0.675, ""conscientiousness"": 0.5833333333333334}"
as_pas_only,agreeableness,high,bfi_22,agreeableness,False,3,3,"{""extraversion"": 0.625, ""agreeableness"": 0.5555555555555556, ""neuroticism"": 0.4375, ""openness"": 0.675, ""conscientiousness"": 0.5833333333333334}"
as_pas_only,agreeableness,high,bfi_23,conscientiousness,True,3,3,"{""extraversion"": 0.625, ""agreeableness"": 0.5555555555555556, ""neuroticism"": 0.4375, ""openness"": 0.675, ""conscientiousness"": 0.5833333333333334}"
as_pas_only,agreeableness,high,bfi_24,neuroticism,True,4,4,"{""extraversion"": 0.625, ""agreeableness"": 0.5555555555555556, ""neuroticism"": 0.4375, ""openness"": 0.675, ""conscientiousness"": 0.5833333333333334}"
as_pas_only,agreeableness,high,bfi_25,openness,False,4,4,"{""extraversion"": 0.625, ""agreeableness"": 0.5555555555555556, ""neuroticism"": 0.4375, ""openness"": 0.675, ""conscientiousness"": 0.5833333333333334}"
as_pas_only,agreeableness,high,bfi_26,extraversion,False,4,4,"{""extraversion"": 0.625, ""agreeableness"": 0.5555555555555556, ""neuroticism"": 0.4375, ""openness"": 0.675, ""conscientiousness"": 0.5833333333333334}"
as_pas_only,agreeableness,high,bfi_27,agreeableness,True,3,3,"{""extraversion"": 0.625, ""agreeableness"": 0.5555555555555556, ""neuroticism"": 0.4375, ""openness"": 0.675, ""conscientiousness"": 0.5833333333333334}"
as_pas_only,agreeableness,high,bfi_28,conscientiousness,False,4,4,"{""extraversion"": 0.625, ""agreeableness"": 0.5555555555555556, ""neuroticism"": 0.4375, ""openness"": 0.675, ""conscientiousness"": 0.5833333333333334}"
as_pas_only,agreeableness,high,bfi_29,neuroticism,False,3,3,"{""extraversion"": 0.625, ""agreeableness"": 0.5555555555555556, ""neuroticism"": 0.4375, ""openness"": 0.675, ""conscientiousness"": 0.5833333333333334}"
as_pas_only,agreeableness,high,bfi_30,openness,False,4,4,"{""extraversion"": 0.625, ""agreeableness"": 0.5555555555555556, ""neuroticism"": 0.4375, ""openness"": 0.675, ""conscientiousness"": 0.5833333333333334}"
as_pas_only,agreeableness,high,bfi_31,extraversion,True,3,3,"{""extraversion"": 0.625, ""agreeableness"": 0.5555555555555556, ""neuroticism"": 0.4375, ""openness"": 0.675, ""conscientiousness"": 0.5833333333333334}"
as_pas_only,agreeableness,high,bfi_32,agreeableness,False,4,4,"{""extraversion"": 0.625, ""agreeableness"": 0.5555555555555556, ""neuroticism"": 0.4375, ""openness"": 0.675, ""conscientiousness"": 0.5833333333333334}"
as_pas_only,agreeableness,high,bfi_33,conscientiousness,False,3,3,"{""extraversion"": 0.625, ""agreeableness"": 0.5555555555555556, ""neuroticism"": 0.4375, ""openness"": 0.675, ""conscientiousness"": 0.5833333333333334}"
as_pas_only,agreeableness,high,bfi_34,neuroticism,True,3,3,"{""extraversion"": 0.625, ""agreeableness"": 0.5555555555555556, ""neuroticism"": 0.4375, ""openness"": 0.675, ""conscientiousness"": 0.5833333333333334}"
as_pas_only,agreeableness,high,bfi_35,openness,True,3,3,"{""extraversion"": 0.625, ""agreeableness"": 0.5555555555555556, ""neuroticism"": 0.4375, ""openness"": 0.675, ""conscientiousness"": 0.5833333333333334}"
as_pas_only,agreeableness,high,bfi_36,extraversion,False,4,4,"{""extraversion"": 0.625, ""agreeableness"": 0.5555555555555556, ""neuroticism"": 0.4375, ""openness"": 0.675, ""conscientiousness"": 0.5833333333333334}"
as_pas_only,agreeableness,high,bfi_37,agreeableness,True,3,3,"{""extraversion"": 0.625, ""agreeableness"": 0.5555555555555556, ""neuroticism"": 0.4375, ""openness"": 0.675, ""conscientiousness"": 0.5833333333333334}"
as_pas_only,agreeableness,high,bfi_38,conscientiousness,False,4,4,"{""extraversion"": 0.625, ""agreeableness"": 0.5555555555555556, ""neuroticism"": 0.4375, ""openness"": 0.675, ""conscientiousness"": 0.5833333333333334}"
as_pas_only,agreeableness,high,bfi_39,neuroticism,False,3,3,"{""extraversion"": 0.625, ""agreeableness"": 0.5555555555555556, ""neuroticism"": 0.4375, ""openness"": 0.675, ""conscientiousness"": 0.5833333333333334}"
as_pas_only,agreeableness,high,bfi_40,openness,False,4,4,"{""extraversion"": 0.625, ""agreeableness"": 0.5555555555555556, ""neuroticism"": 0.4375, ""openness"": 0.675, ""conscientiousness"": 0.5833333333333334}"
as_pas_only,agreeableness,high,bfi_41,openness,True,3,3,"{""extraversion"": 0.625, ""agreeableness"": 0.5555555555555556, ""neuroticism"": 0.4375, ""openness"": 0.675, ""conscientiousness"": 0.5833333333333334}"
as_pas_only,agreeableness,high,bfi_42,agreeableness,False,3,3,"{""extraversion"": 0.625, ""agreeableness"": 0.5555555555555556, ""neuroticism"": 0.4375, ""openness"": 0.675, ""conscientiousness"": 0.5833333333333334}"
as_pas_only,agreeableness,high,bfi_43,conscientiousness,True,3,3,"{""extraversion"": 0.625, ""agreeableness"": 0.5555555555555556, ""neuroticism"": 0.4375, ""openness"": 0.675, ""conscientiousness"": 0.5833333333333334}"
as_pas_only,agreeableness,high,bfi_44,openness,False,3,3,"{""extraversion"": 0.625, ""agreeableness"": 0.5555555555555556, ""neuroticism"": 0.4375, ""openness"": 0.675, ""conscientiousness"": 0.5833333333333334}"
as_pas_only,agreeableness,low,bfi_01,extraversion,False,3,3,"{""extraversion"": 0.625, ""agreeableness"": 0.5555555555555556, ""neuroticism"": 0.4375, ""openness"": 0.675, ""conscientiousness"": 0.5833333333333334}"
as_pas_only,agreeableness,low,bfi_02,agreeableness,True,3,3,"{""extraversion"": 0.625, ""agreeableness"": 0.5555555555555556, ""neuroticism"": 0.4375, ""openness"": 0.675, ""conscientiousness"": 0.5833333333333334}"
as_pas_only,agreeableness,low,bfi_03,conscientiousness,False,3,3,"{""extraversion"": 0.625, ""agreeableness"": 0.5555555555555556, ""neuroticism"": 0.4375, ""openness"": 0.675, ""conscientiousness"": 0.5833333333333334}"
as_pas_only,agreeableness,low,bfi_04,neuroticism,False,3,3,"{""extraversion"": 0.625, ""agreeableness"": 0.5555555555555556, ""neuroticism"": 0.4375, ""openness"": 0.675, ""conscientiousness"": 0.5833333333333334}"
as_pas_only,agreeableness,low,bfi_05,openness,False,4,4,"{""extraversion"": 0.625, ""agreeableness"": 0.5555555555555556, ""neuroticism"": 0.4375, ""openness"": 0.675, ""conscientiousness"": 0.5833333333333334}"
as_pas_only,agreeableness,low,bfi_06,extraversion,True,3,3,"{""extraversion"": 0.625, ""agreeableness"": 0.5555555555555556, ""neuroticism"": 0.4375, ""openness"": 0.675, ""conscientiousness"": 0.5833333333333334}"
as_pas_only,agreeableness,low,bfi_07,agreeableness,False,4,4,"{""extraversion"": 0.625, ""agreeableness"": 0.5555555555555556, ""neuroticism"": 0.4375, ""openness"": 0.675, ""conscientiousness"": 0.5833333333333334}"
as_pas_only,agreeableness,low,bfi_08,conscientiousness,True,3,3,"{""extraversion"": 0.625, ""agreeableness"": 0.5555555555555556, ""neuroticism"": 0.4375, ""openness"": 0.675, ""conscientiousness"": 0.5833333333333334}"
as_pas_only,agreeableness,low,bfi_09,neuroticism,True,4,4,"{""extraversion"": 0.625, ""agreeableness"": 0.5555555555555556, ""neuroticism"": 0.4375, ""openness"": 0.675, ""conscientiousness"": 0.5833333333333334}"
as_pas_only,agreeableness,low,bfi_10,openness,False,4,4,"{""extraversion"": 0.625, ""agreeableness"": 0.5555555555555556, ""neuroticism"": 0.4375, ""openness"": 0.675, ""conscientiousness"": 0.5833333333333334}"
as_pas_only,agreeableness,low,bfi_11,extraversion,False,4,4,"{""extraversion"": 0.625, ""agreeableness"": 0.5555555555555556, ""neuroticism"": 0.4375, ""openness"": 0.675, ""conscientiousness"": 0.5833333333333334}"
as_pas_only,agreeableness,low,bfi_12,agreeableness,True,3,3,"{""extraversion"": 0.625, ""agreeableness"": 0.5555555555555556, ""neuroticism"": 0.4375, ""openness"": 0.675, ""conscientiousness"": 0.5833333333333334}"
as_pas_only,agreeableness,low,bfi_13,conscientiousness,False,4,4,"{""extraversion"": 0.625, ""agreeableness"": 0.5555555555555556, ""neuroticism"": 0.4375, ""openness"": 0.675, ""conscientiousness"": 0.5833333333333334}"
as_pas_only,agreeableness,low,bfi_14,neuroticism,False,3,3,"{""extraversion"": 0.625, ""agreeableness"": 0.5555555555555556, ""neuroticism"": 0.4375, ""openness"": 0.675, ""conscientiousness"": 0.5833333333333334}"
as_pas_only,agreeableness,low,bfi_15,openness,False,4,4,"{""extraversion"": 0.625, ""agreeableness"": 0.5555555555555556, ""neuroticism"": 0.4375, ""openness"": 0.675, ""conscientiousness"": 0.5833333333333334}"
as_pas_only,agreeableness,low,bfi_16,extraversion,False,4,4,"{""extraversion"": 0.625, ""agreeableness"": 0.5555555555555556, ""neuroticism"": 0.4375, ""openness"": 0.675, ""conscientiousness"": 0.5833333333333334}"
as_pas_only,agreeableness,low,bfi_17,agreeableness,False,3,3,"{""extraversion"": 0.625, ""agreeableness"": 0.5555555555555556, ""neuroticism"": 0.4375, ""openness"": 0.675, ""conscientiousness"": 0.5833333333333334}"
as_pas_only,agreeableness,low,bfi_18,conscientiousness,True,3,3,"{""extraversion"": 0.625, ""agreeableness"": 0.5555555555555556, ""neuroticism"": 0.4375, ""openness"": 0.675, ""conscientiousness"": 0.5833333333333334}"
as_pas_only,agreeableness,low,bfi_19,neuroticism,False,3,3,"{""extraversion"": 0.625, ""agreeableness"": 0.5555555555555556, ""neuroticism"": 0.4375, ""openness"": 0.675, ""conscientiousness"": 0.5833333333333334}"
as_pas_only,agreeableness,low,bfi_20,openness,False,4,4,"{""extraversion"": 0.625, ""agreeableness"": 0.5555555555555556, ""neuroticism"": 0.4375, ""openness"": 0.675, ""conscientiousness"": 0.5833333333333334}"
as_pas_only,agreeableness,low,bfi_21,extraversion,True,3,3,"{""extraversion"": 0.625, ""agreeableness"": 0.5555555555555556, ""neuroticism"": 0.4375, ""openness"": 0.675, ""conscientiousness"": 0.5833333333333334}"
as_pas_only,agreeableness,low,bfi_22,agreeableness,False,3,3,"{""extraversion"": 0.625, ""agreeableness"": 0.5555555555555556, ""neuroticism"": 0.4375, ""openness"": 0.675, ""conscientiousness"": 0.5833333333333334}"
as_pas_only,agreeableness,low,bfi_23,conscientiousness,True,3,3,"{""extraversion"": 0.625, ""agreeableness"": 0.5555555555555556, ""neuroticism"": 0.4375, ""openness"": 0.675, ""conscientiousness"": 0.5833333333333334}"
as_pas_only,agreeableness,low,bfi_24,neuroticism,True,4,4,"{""extraversion"": 0.625, ""agreeableness"": 0.5555555555555556, ""neuroticism"": 0.4375, ""openness"": 0.675, ""conscientiousness"": 0.5833333333333334}"
as_pas_only,agreeableness,low,bfi_25,openness,False,4,4,"{""extraversion"": 0.625, ""agreeableness"": 0.5555555555555556, ""neuroticism"": 0.4375, ""openness"": 0.675, ""conscientiousness"": 0.5833333333333334}"
as_pas_only,agreeableness,low,bfi_26,extraversion,False,4,4,"{""extraversion"": 0.625, ""agreeableness"": 0.5555555555555556, ""neuroticism"": 0.4375, ""openness"": 0.675, ""conscientiousness"": 0.5833333333333334}"
as_pas_only,agreeableness,low,bfi_27,agreeableness,True,3,3,"{""extraversion"": 0.625, ""agreeableness"": 0.5555555555555556, ""neuroticism"": 0.4375, ""openness"": 0.675, ""conscientiousness"": 0.5833333333333334}"
as_pas_only,agreeableness,low,bfi_28,conscientiousness,False,4,4,"{""extraversion"": 0.625, ""agreeableness"": 0.5555555555555556, ""neuroticism"": 0.4375, ""openness"": 0.675, ""conscientiousness"": 0.5833333333333334}"
as_pas_only,agreeableness,low,bfi_29,neuroticism,False,3,3,"{""extraversion"": 0.625, ""agreeableness"": 0.5555555555555556, ""neuroticism"": 0.4375, ""openness"": 0.675, ""conscientiousness"": 0.5833333333333334}"
as_pas_only,agreeableness,low,bfi_30,openness,False,4,4,"{""extraversion"": 0.625, ""agreeableness"": 0.5555555555555556, ""neuroticism"": 0.4375, ""openness"": 0.675, ""conscientiousness"": 0.5833333333333334}"
as_pas_only,agreeableness,low,bfi_31,extraversion,True,3,3,"{""extraversion"": 0.625, ""agreeableness"": 0.5555555555555556, ""neuroticism"": 0.4375, ""openness"": 0.675, ""conscientiousness"": 0.5833333333333334}"
as_pas_only,agreeableness,low,bfi_32,agreeableness,False,4,4,"{""extraversion"": 0.625, ""agreeableness"": 0.5555555555555556, ""neuroticism"": 0.4375, ""openness"": 0.675, ""conscientiousness"": 0.5833333333333334}"
as_pas_only,agreeableness,low,bfi_33,conscientiousness,False,3,3,"{""extraversion"": 0.625, ""agreeableness"": 0.5555555555555556, ""neuroticism"": 0.4375, ""openness"": 0.675, ""conscientiousness"": 0.5833333333333334}"
as_pas_only,agreeableness,low,bfi_34,neuroticism,True,3,3,"{""extraversion"": 0.625, ""agreeableness"": 0.5555555555555556, ""neuroticism"": 0.4375, ""openness"": 0.675, ""conscientiousness"": 0.5833333333333334}"
as_pas_only,agreeableness,low,bfi_35,openness,True,3,3,"{""extraversion"": 0.625, ""agreeableness"": 0.5555555555555556, ""neuroticism"": 0.4375, ""openness"": 0.675, ""conscientiousness"": 0.5833333333333334}"
as_pas_only,agreeableness,low,bfi_36,extraversion,False,4,4,"{""extraversion"": 0.625, ""agreeableness"": 0.5555555555555556, ""neuroticism"": 0.4375, ""openness"": 0.675, ""conscientiousness"": 0.5833333333333334}"
as_pas_only,agreeableness,low,bfi_37,agreeableness,True,3,3,"{""extraversion"": 0.625, ""agreeableness"": 0.5555555555555556, ""neuroticism"": 0.4375, ""openness"": 0.675, ""conscientiousness"": 0.5833333333333334}"
as_pas_only,agreeableness,low,bfi_38,conscientiousness,False,4,4,"{""extraversion"": 0.625, ""agreeableness"": 0.5555555555555556, ""neuroticism"": 0.4375, ""openness"": 0.675, ""conscientiousness"": 0.5833333333333334}"
as_pas_only,agreeableness,low,bfi_39,neuroticism,False,3,3,"{""extraversion"": 0.625, ""agreeableness"": 0.5555555555555556, ""neuroticism"": 0.4375, ""openness"": 0.675, ""conscientiousness"": 0.5833333333333334}"
as_pas_only,agreeableness,low,bfi_40,openness,False,4,4,"{""extraversion"": 0.625, ""agreeableness"": 0.5555555555555556, ""neuroticism"": 0.4375, ""openness"": 0.675, ""conscientiousness"": 0.5833333333333334}"
as_pas_only,agreeableness,low,bfi_41,openness,True,3,3,"{""extraversion"": 0.625, ""agreeableness"": 0.5555555555555556, ""neuroticism"": 0.4375, ""openness"": 0.675, ""conscientiousness"": 0.5833333333333334}"
as_pas_only,agreeableness,low,bfi_42,agreeableness,False,3,3,"{""extraversion"": 0.625, ""agreeableness"": 0.5555555555555556, ""neuroticism"": 0.4375, ""openness"": 0.675, ""conscientiousness"": 0.5833333333333334}"
as_pas_only,agreeableness,low,bfi_43,conscientiousness,True,3,3,"{""extraversion"": 0.625, ""agreeableness"": 0.5555555555555556, ""neuroticism"": 0.4375, ""openness"": 0.675, ""conscientiousness"": 0.5833333333333334}"
as_pas_only,agreeableness,low,bfi_44,openness,False,3,3,"{""extraversion"": 0.625, ""agreeableness"": 0.5555555555555556, ""neuroticism"": 0.4375, ""openness"": 0.675, ""conscientiousness"": 0.5833333333333334}"
as_pas_only,conscientiousness,high,bfi_01,extraversion,False,3,3,"{""extraversion"": 0.625, ""agreeableness"": 0.5555555555555556, ""neuroticism"": 0.4375, ""openness"": 0.675, ""conscientiousness"": 0.5833333333333334}"
as_pas_only,conscientiousness,high,bfi_02,agreeableness,True,3,3,"{""extraversion"": 0.625, ""agreeableness"": 0.5555555555555556, ""neuroticism"": 0.4375, ""openness"": 0.675, ""conscientiousness"": 0.5833333333333334}"
as_pas_only,conscientiousness,high,bfi_03,conscientiousness,False,3,3,"{""extraversion"": 0.625, ""agreeableness"": 0.5555555555555556, ""neuroticism"": 0.4375, ""openness"": 0.675, ""conscientiousness"": 0.5833333333333334}"
as_pas_only,conscientiousness,high,bfi_04,neuroticism,False,3,3,"{""extraversion"": 0.625, ""agreeableness"": 0.5555555555555556, ""neuroticism"": 0.4375, ""openness"": 0.675, ""conscientiousness"": 0.5833333333333334}"
as_pas_only,conscientiousness,high,bfi_05,openness,False,4,4,"{""extraversion"": 0.625, ""agreeableness"": 0.5555555555555556, ""neuroticism"": 0.4375, ""openness"": 0.675, ""conscientiousness"": 0.5833333333333334}"
as_pas_only,conscientiousness,high,bfi_06,extraversion,True,3,3,"{""extraversion"": 0.625, ""agreeableness"": 0.5555555555555556, ""neuroticism"": 0.4375, ""openness"": 0.675, ""conscientiousness"": 0.5833333333333334}"
as_pas_only,conscientiousness,high,bfi_07,agreeableness,False,4,4,"{""extraversion"": 0.625, ""agreeableness"": 0.5555555555555556, ""neuroticism"": 0.4375, ""openness"": 0.675, ""conscientiousness"": 0.5833333333333334}"
as_pas_only,conscientiousness,high,bfi_08,conscientiousness,True,3,3,"{""extraversion"": 0.625, ""agreeableness"": 0.5555555555555556, ""neuroticism"": 0.4375, ""openness"": 0.675, ""conscientiousness"": 0.5833333333333334}"
as_pas_only,conscientiousness,high,bfi_09,neuroticism,True,4,4,"{""extraversion"": 0.625, ""agreeableness"": 0.5555555555555556, ""neuroticism"": 0.4375, ""openness"": 0.675, ""conscientiousness"": 0.5833333333333334}"
as_pas_only,conscientiousness,high,bfi_10,openness,False,4,4,"{""extraversion"": 0.625, ""agreeableness"": 0.5555555555555556, ""neuroticism"": 0.4375, ""openness"": 0.675, ""conscientiousness"": 0.5833333333333334}"
as_pas_only,conscientiousness,high,bfi_11,extraversion,False,4,4,"{""extraversion"": 0.625, ""agreeableness"": 0.5555555555555556, ""neuroticism"": 0.4375, ""openness"": 0.675, ""conscientiousness"": 0.5833333333333334}"
as_pas_only,conscientiousness,high,bfi_12,agreeableness,True,3,3,"{""extraversion"": 0.625, ""agreeableness"": 0.5555555555555556, ""neuroticism"": 0.4375, ""openness"": 0.675, ""conscientiousness"": 0.5833333333333334}"
as_pas_only,conscientiousness,high,bfi_13,conscientiousness,False,4,4,"{""extraversion"": 0.625, ""agreeableness"": 0.5555555555555556, ""neuroticism"": 0.4375, ""openness"": 0.675, ""conscientiousness"": 0.5833333333333334}"
as_pas_only,conscientiousness,high,bfi_14,neuroticism,False,3,3,"{""extraversion"": 0.625, ""agreeableness"": 0.5555555555555556, ""neuroticism"": 0.4375, ""openness"": 0.675, ""conscientiousness"": 0.5833333333333334}"
as_pas_only,conscientiousness,high,bfi_15,openness,False,4,4,"{""extraversion"": 0.625, ""agreeableness"": 0.5555555555555556, ""neuroticism"": 0.4375, ""openness"": 0.675, ""conscientiousness"": 0.5833333333333334}"
as_pas_only,conscientiousness,high,bfi_16,extraversion,False,4,4,"{""extraversion"": 0.625, ""agreeableness"": 0.5555555555555556, ""neuroticism"": 0.4375, ""openness"": 0.675, ""conscientiousness"": 0.5833333333333334}"
as_pas_only,conscientiousness,high,bfi_17,agreeableness,False,3,3,"{""extraversion"": 0.625, ""agreeableness"": 0.5555555555555556, ""neuroticism"": 0.4375, ""openness"": 0.675, ""conscientiousness"": 0.5833333333333334}"
as_pas_only,conscientiousness,high,bfi_18,conscientiousness,True,3,3,"{""extraversion"": 0.625, ""agreeableness"": 0.5555555555555556, ""neuroticism"": 0.4375, ""openness"": 0.675, ""conscientiousness"": 0.5833333333333334}"
as_pas_only,conscientiousness,high,bfi_19,neuroticism,False,3,3,"{""extraversion"": 0.625, ""agreeableness"": 0.5555555555555556, ""neuroticism"": 0.4375, ""openness"": 0.675, ""conscientiousness"": 0.5833333333333334}"
as_pas_only,conscientiousness,high,bfi_20,openness,False,4,4,"{""extraversion"": 0.625, ""agreeableness"": 0.5555555555555556, ""neuroticism"": 0.4375, ""openness"": 0.675, ""conscientiousness"": 0.5833333333333334}"
as_pas_only,conscientiousness,high,bfi_21,extraversion,True,3,3,"{""extraversion"": 0.625, ""agreeableness"": 0.5555555555555556, ""neuroticism"": 0.4375, ""openness"": 0.675, ""conscientiousness"": 0.5833333333333334}"
as_pas_only,conscientiousness,high,bfi_22,agreeableness,False,3,3,"{""extraversion"": 0.625, ""agreeableness"": 0.5555555555555556, ""neuroticism"": 0.4375, ""openness"": 0.675, ""conscientiousness"": 0.5833333333333334}"
as_pas_only,conscientiousness,high,bfi_23,conscientiousness,True,3,3,"{""extraversion"": 0.625, ""agreeableness"": 0.5555555555555556, ""neuroticism"": 0.4375, ""openness"": 0.675, ""conscientiousness"": 0.5833333333333334}"
as_pas_only,conscientiousness,high,bfi_24,neuroticism,True,4,4,"{""extraversion"": 0.625, ""agreeableness"": 0.5555555555555556, ""neuroticism"": 0.4375, ""openness"": 0.675, ""conscientiousness"": 0.5833333333333334}"
as_pas_only,conscientiousness,high,bfi_25,openness,False,4,4,"{""extraversion"": 0.625, ""agreeableness"": 0.5555555555555556, ""neuroticism"": 0.4375, ""openness"": 0.675, ""conscientiousness"": 0.5833333333333334}"
as_pas_only,conscientiousness,high,bfi_26,extraversion,False,4,4,"{""extraversion"": 0.625, ""agreeableness"": 0.5555555555555556, ""neuroticism"": 0.4375, ""openness"": 0.675, ""conscientiousness"": 0.5833333333333334}"
as_pas_only,conscientiousness,high,bfi_27,agreeableness,True,3,3,"{""extraversion"": 0.625, ""agreeableness"": 0.5555555555555556, ""neuroticism"": 0.4375, ""openness"": 0.675, ""conscientiousness"": 0.5833333333333334}"
as_pas_only,conscientiousness,high,bfi_28,conscientiousness,False,4,4,"{""extraversion"": 0.625, ""agreeableness"": 0.5555555555555556, ""neuroticism"": 0.4375, ""openness"": 0.675, ""conscientiousness"": 0.5833333333333334}"
as_pas_only,conscientiousness,high,bfi_29,neuroticism,False,3,3,"{""extraversion"": 0.625, ""agreeableness"": 0.5555555555555556, ""neuroticism"": 0.4375, ""openness"": 0.675, ""conscientiousness"": 0.5833333333333334}"
as_pas_only,conscientiousness,high,bfi_30,openness,False,4,4,"{""extraversion"": 0.625, ""agreeableness"": 0.5555555555555556, ""neuroticism"": 0.4375, ""openness"": 0.675, ""conscientiousness"": 0.5833333333333334}"
as_pas_only,conscientiousness,high,bfi_31,extraversion,True,3,3,"{""extraversion"": 0.625, ""agreeableness"": 0.5555555555555556, ""neuroticism"": 0.4375, ""openness"": 0.675, ""conscientiousness"": 0.5833333333333334}"
as_pas_only,conscientiousness,high,bfi_32,agreeableness,False,4,4,"{""extraversion"": 0.625, ""agreeableness"": 0.5555555555555556, ""neuroticism"": 0.4375, ""openness"": 0.675, ""conscientiousness"": 0.5833333333333334}"
as_pas_only,conscientiousness,high,bfi_33,conscientiousness,False,3,3,"{""extraversion"": 0.625, ""agreeableness"": 0.5555555555555556, ""neuroticism"": 0.4375, ""openness"": 0.675, ""conscientiousness"": 0.5833333333333334}"
as_pas_only,conscientiousness,high,bfi_34,neuroticism,True,3,3,"{""extraversion"": 0.625, ""agreeableness"": 0.5555555555555556, ""neuroticism"": 0.4375, ""openness"": 0.675, ""conscientiousness"": 0.5833333333333334}"
as_pas_only,conscientiousness,high,bfi_35,openness,True,3,3,"{""extraversion"": 0.625, ""agreeableness"": 0.5555555555555556, ""neuroticism"": 0.4375, ""openness"": 0.675, ""conscientiousness"": 0.5833333333333334}"
as_pas_only,conscientiousness,high,bfi_36,extraversion,False,4,4,"{""extraversion"": 0.625, ""agreeableness"": 0.5555555555555556, ""neuroticism"": 0.4375, ""openness"": 0.675, ""conscientiousness"": 0.5833333333333334}"
as_pas_only,conscientiousness,high,bfi_37,agreeableness,True,3,3,"{""extraversion"": 0.625, ""agreeableness"": 0.5555555555555556, ""neuroticism"": 0.4375, ""openness"": 0.675, ""conscientiousness"": 0.5833333333333334}"
as_pas_only,conscientiousness,high,bfi_38,conscientiousness,False,4,4,"{""extraversion"": 0.625, ""agreeableness"": 0.5555555555555556, ""neuroticism"": 0.4375, ""openness"": 0.675, ""conscientiousness"": 0.5833333333333334}"
as_pas_only,conscientiousness,high,bfi_39,neuroticism,False,3,3,"{""extraversion"": 0.625, ""agreeableness"": 0.5555555555555556, ""neuroticism"": 0.4375, ""openness"": 0.675, ""conscientiousness"": 0.5833333333333334}"
as_pas_only,conscientiousness,high,bfi_40,openness,False,4,4,"{""extraversion"": 0.625, ""agreeableness"": 0.5555555555555556, ""neuroticism"": 0.4375, ""openness"": 0.675, ""conscientiousness"": 0.5833333333333334}"
as_pas_only,conscientiousness,high,bfi_41,openness,True,3,3,"{""extraversion"": 0.625, ""agreeableness"": 0.5555555555555556, ""neuroticism"": 0.4375, ""openness"": 0.675, ""conscientiousness"": 0.5833333333333334}"
as_pas_only,conscientiousness,high,bfi_42,agreeableness,False,3,3,"{""extraversion"": 0.625, ""agreeableness"": 0.5555555555555556, ""neuroticism"": 0.4375, ""openness"": 0.675, ""conscientiousness"": 0.5833333333333334}"
as_pas_only,conscientiousness,high,bfi_43,conscientiousness,True,3,3,"{""extraversion"": 0.625, ""agreeableness"": 0.5555555555555556, ""neuroticism"": 0.4375, ""openness"": 0.675, ""conscientiousness"": 0.5833333333333334}"
as_pas_only,conscientiousness,high,bfi_44,openness,False,3,3,"{""extraversion"": 0.625, ""agreeableness"": 0.5555555555555556, ""neuroticism"": 0.4375, ""openness"": 0.675, ""conscientiousness"": 0.5833333333333334}"
as_pas_only,conscientiousness,low,bfi_01,extraversion,False,3,3,"{""extraversion"": 0.625, ""agreeableness"": 0.5555555555555556, ""neuroticism"": 0.4375, ""openness"": 0.675, ""conscientiousness"": 0.5833333333333334}"
as_pas_only,conscientiousness,low,bfi_02,agreeableness,True,3,3,"{""extraversion"": 0.625, ""agreeableness"": 0.5555555555555556, ""neuroticism"": 0.4375, ""openness"": 0.675, ""conscientiousness"": 0.5833333333333334}"
as_pas_only,conscientiousness,low,bfi_03,conscientiousness,False,3,3,"{""extraversion"": 0.625, ""agreeableness"": 0.5555555555555556, ""neuroticism"": 0.4375, ""openness"": 0.675, ""conscientiousness"": 0.5833333333333334}"
as_pas_only,conscientiousness,low,bfi_04,neuroticism,False,3,3,"{""extraversion"": 0.625, ""agreeableness"": 0.5555555555555556, ""neuroticism"": 0.4375, ""openness"": 0.675, ""conscientiousness"": 0.5833333333333334}"
as_pas_only,conscientiousness,low,bfi_05,openness,False,4,4,"{""extraversion"": 0.625, ""agreeableness"": 0.5555555555555556, ""neuroticism"": 0.4375, ""openness"": 0.675, ""conscientiousness"": 0.5833333333333334}"
as_pas_only,conscientiousness,low,bfi_06,extraversion,True,3,3,"{""extraversion"": 0.625, ""agreeableness"": 0.5555555555555556, ""neuroticism"": 0.4375, ""openness"": 0.675, ""conscientiousness"": 0.5833333333333334}"
as_pas_only,conscientiousness,low,bfi_07,agreeableness,False,4,4,"{""extraversion"": 0.625, ""agreeableness"": 0.5555555555555556, ""neuroticism"": 0.4375, ""openness"": 0.675, ""conscientiousness"": 0.5833333333333334}"
as_pas_only,conscientiousness,low,bfi_08,conscientiousness,True,3,3,"{""extraversion"": 0.625, ""agreeableness"": 0.5555555555555556, ""neuroticism"": 0.4375, ""openness"": 0.675, ""conscientiousness"": 0.5833333333333334}"
as_pas_only,conscientiousness,low,bfi_09,neuroticism,True,4,4,"{""extraversion"": 0.625, ""agreeableness"": 0.5555555555555556, ""neuroticism"": 0.4375, ""openness"": 0.675, ""conscientiousness"": 0.5833333333333334}"
as_pas_only,conscientiousness,low,bfi_10,openness,False,4,4,"{""extraversion"": 0.625, ""agreeableness"": 0.5555555555555556, ""neuroticism"": 0.4375, ""openness"": 0.675, ""conscientiousness"": 0.5833333333333334}"
as_pas_only,conscientiousness,low,bfi_11,extraversion,False,4,4,"{""extraversion"": 0.625, ""agreeableness"": 0.5555555555555556, ""neuroticism"": 0.4375, ""openness"": 0.675, ""conscientiousness"": 0.5833333333333334}"
as_pas_only,conscientiousness,low,bfi_12,agreeableness,True,3,3,"{""extraversion"": 0.625, ""agreeableness"": 0.5555555555555556, ""neuroticism"": 0.4375, ""openness"": 0.675, ""conscientiousness"": 0.5833333333333334}"
as_pas_only,conscientiousness,low,bfi_13,conscientiousness,False,4,4,"{""extraversion"": 0.625, ""agreeableness"": 0.5555555555555556, ""neuroticism"": 0.4375, ""openness"": 0.675, ""conscientiousness"": 0.5833333333333334}"
as_pas_only,conscientiousness,low,bfi_14,neuroticism,False,3,3,"{""extraversion"": 0.625, ""agreeableness"": 0.5555555555555556, ""neuroticism"": 0.4375, ""openness"": 0.675, ""conscientiousness"": 0.5833333333333334}"
as_pas_only,conscientiousness,low,bfi_15,openness,False,4,4,"{""extraversion"": 0.625, ""agreeableness"": 0.5555555555555556, ""neuroticism"": 0.4375, ""openness"": 0.675, ""conscientiousness"": 0.5833333333333334}"
as_pas_only,conscientiousness,low,bfi_16,extraversion,False,4,4,"{""extraversion"": 0.625, ""agreeableness"": 0.5555555555555556, ""neuroticism"": 0.4375, ""openness"": 0.675, ""conscientiousness"": 0.5833333333333334}"
as_pas_only,conscientiousness,low,bfi_17,agreeableness,False,3,3,"{""extraversion"": 0.625, ""agreeableness"": 0.5555555555555556, ""neuroticism"": 0.4375, ""openness"": 0.675, ""conscientiousness"": 0.5833333333333334}"
as_pas_only,conscientiousness,low,bfi_18,conscientiousness,True,3,3,"{""extraversion"": 0.625, ""agreeableness"": 0.5555555555555556, ""neuroticism"": 0.4375, ""openness"": 0.675, ""conscientiousness"": 0.5833333333333334}"
as_pas_only,conscientiousness,low,bfi_19,neuroticism,False,3,3,"{""extraversion"": 0.625, ""agreeableness"": 0.5555555555555556, ""neuroticism"": 0.4375, ""openness"": 0.675, ""conscientiousness"": 0.5833333333333334}"
as_pas_only,conscientiousness,low,bfi_20,openness,False,4,4,"{""extraversion"": 0.625, ""agreeableness"": 0.5555555555555556, ""neuroticism"": 0.4375, ""openness"": 0.675, ""conscientiousness"": 0.5833333333333334}"
as_pas_only,conscientiousness,low,bfi_21,extraversion,True,3,3,"{""extraversion"": 0.625, ""agreeableness"": 0.5555555555555556, ""neuroticism"": 0.4375, ""openness"": 0.675, ""conscientiousness"": 0.5833333333333334}"
as_pas_only,conscientiousness,low,bfi_22,agreeableness,False,3,3,"{""extraversion"": 0.625, ""agreeableness"": 0.5555555555555556, ""neuroticism"": 0.4375, ""openness"": 0.675, ""conscientiousness"": 0.5833333333333334}"
as_pas_only,conscientiousness,low,bfi_23,conscientiousness,True,3,3,"{""extraversion"": 0.625, ""agreeableness"": 0.5555555555555556, ""neuroticism"": 0.4375, ""openness"": 0.675, ""conscientiousness"": 0.5833333333333334}"
as_pas_only,conscientiousness,low,bfi_24,neuroticism,True,4,4,"{""extraversion"": 0.625, ""agreeableness"": 0.5555555555555556, ""neuroticism"": 0.4375, ""openness"": 0.675, ""conscientiousness"": 0.5833333333333334}"
as_pas_only,conscientiousness,low,bfi_25,openness,False,4,4,"{""extraversion"": 0.625, ""agreeableness"": 0.5555555555555556, ""neuroticism"": 0.4375, ""openness"": 0.675, ""conscientiousness"": 0.5833333333333334}"
as_pas_only,conscientiousness,low,bfi_26,extraversion,False,4,4,"{""extraversion"": 0.625, ""agreeableness"": 0.5555555555555556, ""neuroticism"": 0.4375, ""openness"": 0.675, ""conscientiousness"": 0.5833333333333334}"
as_pas_only,conscientiousness,low,bfi_27,agreeableness,True,3,3,"{""extraversion"": 0.625, ""agreeableness"": 0.5555555555555556, ""neuroticism"": 0.4375, ""openness"": 0.675, ""conscientiousness"": 0.5833333333333334}"
as_pas_only,conscientiousness,low,bfi_28,conscientiousness,False,4,4,"{""extraversion"": 0.625, ""agreeableness"": 0.5555555555555556, ""neuroticism"": 0.4375, ""openness"": 0.675, ""conscientiousness"": 0.5833333333333334}"
as_pas_only,conscientiousness,low,bfi_29,neuroticism,False,3,3,"{""extraversion"": 0.625, ""agreeableness"": 0.5555555555555556, ""neuroticism"": 0.4375, ""openness"": 0.675, ""conscientiousness"": 0.5833333333333334}"
as_pas_only,conscientiousness,low,bfi_30,openness,False,4,4,"{""extraversion"": 0.625, ""agreeableness"": 0.5555555555555556, ""neuroticism"": 0.4375, ""openness"": 0.675, ""conscientiousness"": 0.5833333333333334}"
as_pas_only,conscientiousness,low,bfi_31,extraversion,True,3,3,"{""extraversion"": 0.625, ""agreeableness"": 0.5555555555555556, ""neuroticism"": 0.4375, ""openness"": 0.675, ""conscientiousness"": 0.5833333333333334}"
as_pas_only,conscientiousness,low,bfi_32,agreeableness,False,4,4,"{""extraversion"": 0.625, ""agreeableness"": 0.5555555555555556, ""neuroticism"": 0.4375, ""openness"": 0.675, ""conscientiousness"": 0.5833333333333334}"
as_pas_only,conscientiousness,low,bfi_33,conscientiousness,False,3,3,"{""extraversion"": 0.625, ""agreeableness"": 0.5555555555555556, ""neuroticism"": 0.4375, ""openness"": 0.675, ""conscientiousness"": 0.5833333333333334}"
as_pas_only,conscientiousness,low,bfi_34,neuroticism,True,3,3,"{""extraversion"": 0.625, ""agreeableness"": 0.5555555555555556, ""neuroticism"": 0.4375, ""openness"": 0.675, ""conscientiousness"": 0.5833333333333334}"
as_pas_only,conscientiousness,low,bfi_35,openness,True,3,3,"{""extraversion"": 0.625, ""agreeableness"": 0.5555555555555556, ""neuroticism"": 0.4375, ""openness"": 0.675, ""conscientiousness"": 0.5833333333333334}"
as_pas_only,conscientiousness,low,bfi_36,extraversion,False,4,4,"{""extraversion"": 0.625, ""agreeableness"": 0.5555555555555556, ""neuroticism"": 0.4375, ""openness"": 0.675, ""conscientiousness"": 0.5833333333333334}"
as_pas_only,conscientiousness,low,bfi_37,agreeableness,True,3,3,"{""extraversion"": 0.625, ""agreeableness"": 0.5555555555555556, ""neuroticism"": 0.4375, ""openness"": 0.675, ""conscientiousness"": 0.5833333333333334}"
as_pas_only,conscientiousness,low,bfi_38,conscientiousness,False,4,4,"{""extraversion"": 0.625, ""agreeableness"": 0.5555555555555556, ""neuroticism"": 0.4375, ""openness"": 0.675, ""conscientiousness"": 0.5833333333333334}"
as_pas_only,conscientiousness,low,bfi_39,neuroticism,False,3,3,"{""extraversion"": 0.625, ""agreeableness"": 0.5555555555555556, ""neuroticism"": 0.4375, ""openness"": 0.675, ""conscientiousness"": 0.5833333333333334}"
as_pas_only,conscientiousness,low,bfi_40,openness,False,4,4,"{""extraversion"": 0.625, ""agreeableness"": 0.5555555555555556, ""neuroticism"": 0.4375, ""openness"": 0.675, ""conscientiousness"": 0.5833333333333334}"
as_pas_only,conscientiousness,low,bfi_41,openness,True,3,3,"{""extraversion"": 0.625, ""agreeableness"": 0.5555555555555556, ""neuroticism"": 0.4375, ""openness"": 0.675, ""conscientiousness"": 0.5833333333333334}"
as_pas_only,conscientiousness,low,bfi_42,agreeableness,False,3,3,"{""extraversion"": 0.625, ""agreeableness"": 0.5555555555555556, ""neuroticism"": 0.4375, ""openness"": 0.675, ""conscientiousness"": 0.5833333333333334}"
as_pas_only,conscientiousness,low,bfi_43,conscientiousness,True,3,3,"{""extraversion"": 0.625, ""agreeableness"": 0.5555555555555556, ""neuroticism"": 0.4375, ""openness"": 0.675, ""conscientiousness"": 0.5833333333333334}"
as_pas_only,conscientiousness,low,bfi_44,openness,False,3,3,"{""extraversion"": 0.625, ""agreeableness"": 0.5555555555555556, ""neuroticism"": 0.4375, ""openness"": 0.675, ""conscientiousness"": 0.5833333333333334}"
as_pas_only,neuroticism,high,bfi_01,extraversion,False,3,3,"{""extraversion"": 0.625, ""agreeableness"": 0.5555555555555556, ""neuroticism"": 0.4375, ""openness"": 0.675, ""conscientiousness"": 0.5833333333333334}"
as_pas_only,neuroticism,high,bfi_02,agreeableness,True,3,3,"{""extraversion"": 0.625, ""agreeableness"": 0.5555555555555556, ""neuroticism"": 0.4375, ""openness"": 0.675, ""conscientiousness"": 0.5833333333333334}"
as_pas_only,neuroticism,high,bfi_03,conscientiousness,False,3,3,"{""extraversion"": 0.625, ""agreeableness"": 0.5555555555555556, ""neuroticism"": 0.4375, ""openness"": 0.675, ""conscientiousness"": 0.5833333333333334}"
as_pas_only,neuroticism,high,bfi_04,neuroticism,False,3,3,"{""extraversion"": 0.625, ""agreeableness"": 0.5555555555555556, ""neuroticism"": 0.4375, ""openness"": 0.675, ""conscientiousness"": 0.5833333333333334}"
as_pas_only,neuroticism,high,bfi_05,openness,False,4,4,"{""extraversion"": 0.625, ""agreeableness"": 0.5555555555555556, ""neuroticism"": 0.4375, ""openness"": 0.675, ""conscientiousness"": 0.5833333333333334}"
as_pas_only,neuroticism,high,bfi_06,extraversion,True,3,3,"{""extraversion"": 0.625, ""agreeableness"": 0.5555555555555556, ""neuroticism"": 0.4375, ""openness"": 0.675, ""conscientiousness"": 0.5833333333333334}"
as_pas_only,neuroticism,high,bfi_07,agreeableness,False,4,4,"{""extraversion"": 0.625, ""agreeableness"": 0.5555555555555556, ""neuroticism"": 0.4375, ""openness"": 0.675, ""conscientiousness"": 0.5833333333333334}"
as_pas_only,neuroticism,high,bfi_08,conscientiousness,True,3,3,"{""extraversion"": 0.625, ""agreeableness"": 0.5555555555555556, ""neuroticism"": 0.4375, ""openness"": 0.675, ""conscientiousness"": 0.5833333333333334}"
as_pas_only,neuroticism,high,bfi_09,neuroticism,True,4,4,"{""extraversion"": 0.625, ""agreeableness"": 0.5555555555555556, ""neuroticism"": 0.4375, ""openness"": 0.675, ""conscientiousness"": 0.5833333333333334}"
as_pas_only,neuroticism,high,bfi_10,openness,False,4,4,"{""extraversion"": 0.625, ""agreeableness"": 0.5555555555555556, ""neuroticism"": 0.4375, ""openness"": 0.675, ""conscientiousness"": 0.5833333333333334}"
as_pas_only,neuroticism,high,bfi_11,extraversion,False,4,4,"{""extraversion"": 0.625, ""agreeableness"": 0.5555555555555556, ""neuroticism"": 0.4375, ""openness"": 0.675, ""conscientiousness"": 0.5833333333333334}"
as_pas_only,neuroticism,high,bfi_12,agreeableness,True,3,3,"{""extraversion"": 0.625, ""agreeableness"": 0.5555555555555556, ""neuroticism"": 0.4375, ""openness"": 0.675, ""conscientiousness"": 0.5833333333333334}"
as_pas_only,neuroticism,high,bfi_13,conscientiousness,False,4,4,"{""extraversion"": 0.625, ""agreeableness"": 0.5555555555555556, ""neuroticism"": 0.4375, ""openness"": 0.675, ""conscientiousness"": 0.5833333333333334}"
as_pas_only,neuroticism,high,bfi_14,neuroticism,False,3,3,"{""extraversion"": 0.625, ""agreeableness"": 0.5555555555555556, ""neuroticism"": 0.4375, ""openness"": 0.675, ""conscientiousness"": 0.5833333333333334}"
as_pas_only,neuroticism,high,bfi_15,openness,False,4,4,"{""extraversion"": 0.625, ""agreeableness"": 0.5555555555555556, ""neuroticism"": 0.4375, ""openness"": 0.675, ""conscientiousness"": 0.5833333333333334}"
as_pas_only,neuroticism,high,bfi_16,extraversion,False,4,4,"{""extraversion"": 0.625, ""agreeableness"": 0.5555555555555556, ""neuroticism"": 0.4375, ""openness"": 0.675, ""conscientiousness"": 0.5833333333333334}"
as_pas_only,neuroticism,high,bfi_17,agreeableness,False,3,3,"{""extraversion"": 0.625, ""agreeableness"": 0.5555555555555556, ""neuroticism"": 0.4375, ""openness"": 0.675, ""conscientiousness"": 0.5833333333333334}"
as_pas_only,neuroticism,high,bfi_18,conscientiousness,True,3,3,"{""extraversion"": 0.625, ""agreeableness"": 0.5555555555555556, ""neuroticism"": 0.4375, ""openness"": 0.675, ""conscientiousness"": 0.5833333333333334}"
as_pas_only,neuroticism,high,bfi_19,neuroticism,False,3,3,"{""extraversion"": 0.625, ""agreeableness"": 0.5555555555555556, ""neuroticism"": 0.4375, ""openness"": 0.675, ""conscientiousness"": 0.5833333333333334}"
as_pas_only,neuroticism,high,bfi_20,openness,False,4,4,"{""extraversion"": 0.625, ""agreeableness"": 0.5555555555555556, ""neuroticism"": 0.4375, ""openness"": 0.675, ""conscientiousness"": 0.5833333333333334}"
as_pas_only,neuroticism,high,bfi_21,extraversion,True,3,3,"{""extraversion"": 0.625, ""agreeableness"": 0.5555555555555556, ""neuroticism"": 0.4375, ""openness"": 0.675, ""conscientiousness"": 0.5833333333333334}"
as_pas_only,neuroticism,high,bfi_22,agreeableness,False,3,3,"{""extraversion"": 0.625, ""agreeableness"": 0.5555555555555556, ""neuroticism"": 0.4375, ""openness"": 0.675, ""conscientiousness"": 0.5833333333333334}"
as_pas_only,neuroticism,high,bfi_23,conscientiousness,True,3,3,"{""extraversion"": 0.625, ""agreeableness"": 0.5555555555555556, ""neuroticism"": 0.4375, ""openness"": 0.675, ""conscientiousness"": 0.5833333333333334}"
as_pas_only,neuroticism,high,bfi_24,neuroticism,True,4,4,"{""extraversion"": 0.625, ""agreeableness"": 0.5555555555555556, ""neuroticism"": 0.4375, ""openness"": 0.675, ""conscientiousness"": 0.5833333333333334}"
as_pas_only,neuroticism,high,bfi_25,openness,False,4,4,"{""extraversion"": 0.625, ""agreeableness"": 0.5555555555555556, ""neuroticism"": 0.4375, ""openness"": 0.675, ""conscientiousness"": 0.5833333333333334}"
as_pas_only,neuroticism,high,bfi_26,extraversion,False,4,4,"{""extraversion"": 0.625, ""agreeableness"": 0.5555555555555556, ""neuroticism"": 0.4375, ""openness"": 0.675, ""conscientiousness"": 0.5833333333333334}"
as_pas_only,neuroticism,high,bfi_27,agreeableness,True,3,3,"{""extraversion"": 0.625, ""agreeableness"": 0.5555555555555556, ""neuroticism"": 0.4375, ""openness"": 0.675, ""conscientiousness"": 0.5833333333333334}"
as_pas_only,neuroticism,high,bfi_28,conscientiousness,False,4,4,"{""extraversion"": 0.625, ""agreeableness"": 0.5555555555555556, ""neuroticism"": 0.4375, ""openness"": 0.675, ""conscientiousness"": 0.5833333333333334}"
as_pas_only,neuroticism,high,bfi_29,neuroticism,False,3,3,"{""extraversion"": 0.625, ""agreeableness"": 0.5555555555555556, ""neuroticism"": 0.4375, ""openness"": 0.675, ""conscientiousness"": 0.5833333333333334}"
as_pas_only,neuroticism,high,bfi_30,openness,False,4,4,"{""extraversion"": 0.625, ""agreeableness"": 0.5555555555555556, ""neuroticism"": 0.4375, ""openness"": 0.675, ""conscientiousness"": 0.5833333333333334}"
as_pas_only,neuroticism,high,bfi_31,extraversion,True,3,3,"{""extraversion"": 0.625, ""agreeableness"": 0.5555555555555556, ""neuroticism"": 0.4375, ""openness"": 0.675, ""conscientiousness"": 0.5833333333333334}"
as_pas_only,neuroticism,high,bfi_32,agreeableness,False,4,4,"{""extraversion"": 0.625, ""agreeableness"": 0.5555555555555556, ""neuroticism"": 0.4375, ""openness"": 0.675, ""conscientiousness"": 0.5833333333333334}"
as_pas_only,neuroticism,high,bfi_33,conscientiousness,False,3,3,"{""extraversion"": 0.625, ""agreeableness"": 0.5555555555555556, ""neuroticism"": 0.4375, ""openness"": 0.675, ""conscientiousness"": 0.5833333333333334}"
as_pas_only,neuroticism,high,bfi_34,neuroticism,True,3,3,"{""extraversion"": 0.625, ""agreeableness"": 0.5555555555555556, ""neuroticism"": 0.4375, ""openness"": 0.675, ""conscientiousness"": 0.5833333333333334}"
as_pas_only,neuroticism,high,bfi_35,openness,True,3,3,"{""extraversion"": 0.625, ""agreeableness"": 0.5555555555555556, ""neuroticism"": 0.4375, ""openness"": 0.675, ""conscientiousness"": 0.5833333333333334}"
as_pas_only,neuroticism,high,bfi_36,extraversion,False,4,4,"{""extraversion"": 0.625, ""agreeableness"": 0.5555555555555556, ""neuroticism"": 0.4375, ""openness"": 0.675, ""conscientiousness"": 0.5833333333333334}"
as_pas_only,neuroticism,high,bfi_37,agreeableness,True,3,3,"{""extraversion"": 0.625, ""agreeableness"": 0.5555555555555556, ""neuroticism"": 0.4375, ""openness"": 0.675, ""conscientiousness"": 0.5833333333333334}"
as_pas_only,neuroticism,high,bfi_38,conscientiousness,False,4,4,"{""extraversion"": 0.625, ""agreeableness"": 0.5555555555555556, ""neuroticism"": 0.4375, ""openness"": 0.675, ""conscientiousness"": 0.5833333333333334}"
as_pas_only,neuroticism,high,bfi_39,neuroticism,False,3,3,"{""extraversion"": 0.625, ""agreeableness"": 0.5555555555555556, ""neuroticism"": 0.4375, ""openness"": 0.675, ""conscientiousness"": 0.5833333333333334}"
as_pas_only,neuroticism,high,bfi_40,openness,False,4,4,"{""extraversion"": 0.625, ""agreeableness"": 0.5555555555555556, ""neuroticism"": 0.4375, ""openness"": 0.675, ""conscientiousness"": 0.5833333333333334}"
as_pas_only,neuroticism,high,bfi_41,openness,True,3,3,"{""extraversion"": 0.625, ""agreeableness"": 0.5555555555555556, ""neuroticism"": 0.4375, ""openness"": 0.675, ""conscientiousness"": 0.5833333333333334}"
as_pas_only,neuroticism,high,bfi_42,agreeableness,False,3,3,"{""extraversion"": 0.625, ""agreeableness"": 0.5555555555555556, ""neuroticism"": 0.4375, ""openness"": 0.675, ""conscientiousness"": 0.5833333333333334}"
as_pas_only,neuroticism,high,bfi_43,conscientiousness,True,3,3,"{""extraversion"": 0.625, ""agreeableness"": 0.5555555555555556, ""neuroticism"": 0.4375, ""openness"": 0.675, ""conscientiousness"": 0.5833333333333334}"
as_pas_only,neuroticism,high,bfi_44,openness,False,3,3,"{""extraversion"": 0.625, ""agreeableness"": 0.5555555555555556, ""neuroticism"": 0.4375, ""openness"": 0.675, ""conscientiousness"": 0.5833333333333334}"
as_pas_only,neuroticism,low,bfi_01,extraversion,False,3,3,"{""extraversion"": 0.625, ""agreeableness"": 0.5555555555555556, ""neuroticism"": 0.4375, ""openness"": 0.675, ""conscientiousness"": 0.5833333333333334}"
as_pas_only,neuroticism,low,bfi_02,agreeableness,True,3,3,"{""extraversion"": 0.625, ""agreeableness"": 0.5555555555555556, ""neuroticism"": 0.4375, ""openness"": 0.675, ""conscientiousness"": 0.5833333333333334}"
as_pas_only,neuroticism,low,bfi_03,conscientiousness,False,3,3,"{""extraversion"": 0.625, ""agreeableness"": 0.5555555555555556, ""neuroticism"": 0.4375, ""openness"": 0.675, ""conscientiousness"": 0.5833333333333334}"
as_pas_only,neuroticism,low,bfi_04,neuroticism,False,3,3,"{""extraversion"": 0.625, ""agreeableness"": 0.5555555555555556, ""neuroticism"": 0.4375, ""openness"": 0.675, ""conscientiousness"": 0.5833333333333334}"
as_pas_only,neuroticism,low,bfi_05,openness,False,4,4,"{""extraversion"": 0.625, ""agreeableness"": 0.5555555555555556, ""neuroticism"": 0.4375, ""openness"": 0.675, ""conscientiousness"": 0.5833333333333334}"
as_pas_only,neuroticism,low,bfi_06,extraversion,True,3,3,"{""extraversion"": 0.625, ""agreeableness"": 0.5555555555555556, ""neuroticism"": 0.4375, ""openness"": 0.675, ""conscientiousness"": 0.5833333333333334}"
as_pas_only,neuroticism,low,bfi_07,agreeableness,False,4,4,"{""extraversion"": 0.625, ""agreeableness"": 0.5555555555555556, ""neuroticism"": 0.4375, ""openness"": 0.675, ""conscientiousness"": 0.5833333333333334}"
as_pas_only,neuroticism,low,bfi_08,conscientiousness,True,3,3,"{""extraversion"": 0.625, ""agreeableness"": 0.5555555555555556, ""neuroticism"": 0.4375, ""openness"": 0.675, ""conscientiousness"": 0.5833333333333334}"
as_pas_only,neuroticism,low,bfi_09,neuroticism,True,4,4,"{""extraversion"": 0.625, ""agreeableness"": 0.5555555555555556, ""neuroticism"": 0.4375, ""openness"": 0.675, ""conscientiousness"": 0.5833333333333334}"
as_pas_only,neuroticism,low,bfi_10,openness,False,4,4,"{""extraversion"": 0.625, ""agreeableness"": 0.5555555555555556, ""neuroticism"": 0.4375, ""openness"": 0.675, ""conscientiousness"": 0.5833333333333334}"
as_pas_only,neuroticism,low,bfi_11,extraversion,False,4,4,"{""extraversion"": 0.625, ""agreeableness"": 0.5555555555555556, ""neuroticism"": 0.4375, ""openness"": 0.675, ""conscientiousness"": 0.5833333333333334}"
as_pas_only,neuroticism,low,bfi_12,agreeableness,True,3,3,"{""extraversion"": 0.625, ""agreeableness"": 0.5555555555555556, ""neuroticism"": 0.4375, ""openness"": 0.675, ""conscientiousness"": 0.5833333333333334}"
as_pas_only,neuroticism,low,bfi_13,conscientiousness,False,4,4,"{""extraversion"": 0.625, ""agreeableness"": 0.5555555555555556, ""neuroticism"": 0.4375, ""openness"": 0.675, ""conscientiousness"": 0.5833333333333334}"
as_pas_only,neuroticism,low,bfi_14,neuroticism,False,3,3,"{""extraversion"": 0.625, ""agreeableness"": 0.5555555555555556, ""neuroticism"": 0.4375, ""openness"": 0.675, ""conscientiousness"": 0.5833333333333334}"
as_pas_only,neuroticism,low,bfi_15,openness,False,4,4,"{""extraversion"": 0.625, ""agreeableness"": 0.5555555555555556, ""neuroticism"": 0.4375, ""openness"": 0.675, ""conscientiousness"": 0.5833333333333334}"
as_pas_only,neuroticism,low,bfi_16,extraversion,False,4,4,"{""extraversion"": 0.625, ""agreeableness"": 0.5555555555555556, ""neuroticism"": 0.4375, ""openness"": 0.675, ""conscientiousness"": 0.5833333333333334}"
as_pas_only,neuroticism,low,bfi_17,agreeableness,False,3,3,"{""extraversion"": 0.625, ""agreeableness"": 0.5555555555555556, ""neuroticism"": 0.4375, ""openness"": 0.675, ""conscientiousness"": 0.5833333333333334}"
as_pas_only,neuroticism,low,bfi_18,conscientiousness,True,3,3,"{""extraversion"": 0.625, ""agreeableness"": 0.5555555555555556, ""neuroticism"": 0.4375, ""openness"": 0.675, ""conscientiousness"": 0.5833333333333334}"
as_pas_only,neuroticism,low,bfi_19,neuroticism,False,3,3,"{""extraversion"": 0.625, ""agreeableness"": 0.5555555555555556, ""neuroticism"": 0.4375, ""openness"": 0.675, ""conscientiousness"": 0.5833333333333334}"
as_pas_only,neuroticism,low,bfi_20,openness,False,4,4,"{""extraversion"": 0.625, ""agreeableness"": 0.5555555555555556, ""neuroticism"": 0.4375, ""openness"": 0.675, ""conscientiousness"": 0.5833333333333334}"
as_pas_only,neuroticism,low,bfi_21,extraversion,True,3,3,"{""extraversion"": 0.625, ""agreeableness"": 0.5555555555555556, ""neuroticism"": 0.4375, ""openness"": 0.675, ""conscientiousness"": 0.5833333333333334}"
as_pas_only,neuroticism,low,bfi_22,agreeableness,False,3,3,"{""extraversion"": 0.625, ""agreeableness"": 0.5555555555555556, ""neuroticism"": 0.4375, ""openness"": 0.675, ""conscientiousness"": 0.5833333333333334}"
as_pas_only,neuroticism,low,bfi_23,conscientiousness,True,3,3,"{""extraversion"": 0.625, ""agreeableness"": 0.5555555555555556, ""neuroticism"": 0.4375, ""openness"": 0.675, ""conscientiousness"": 0.5833333333333334}"
as_pas_only,neuroticism,low,bfi_24,neuroticism,True,4,4,"{""extraversion"": 0.625, ""agreeableness"": 0.5555555555555556, ""neuroticism"": 0.4375, ""openness"": 0.675, ""conscientiousness"": 0.5833333333333334}"
as_pas_only,neuroticism,low,bfi_25,openness,False,4,4,"{""extraversion"": 0.625, ""agreeableness"": 0.5555555555555556, ""neuroticism"": 0.4375, ""openness"": 0.675, ""conscientiousness"": 0.5833333333333334}"
as_pas_only,neuroticism,low,bfi_26,extraversion,False,4,4,"{""extraversion"": 0.625, ""agreeableness"": 0.5555555555555556, ""neuroticism"": 0.4375, ""openness"": 0.675, ""conscientiousness"": 0.5833333333333334}"
as_pas_only,neuroticism,low,bfi_27,agreeableness,True,3,3,"{""extraversion"": 0.625, ""agreeableness"": 0.5555555555555556, ""neuroticism"": 0.4375, ""openness"": 0.675, ""conscientiousness"": 0.5833333333333334}"
as_pas_only,neuroticism,low,bfi_28,conscientiousness,False,4,4,"{""extraversion"": 0.625, ""agreeableness"": 0.5555555555555556, ""neuroticism"": 0.4375, ""openness"": 0.675, ""conscientiousness"": 0.5833333333333334}"
as_pas_only,neuroticism,low,bfi_29,neuroticism,False,3,3,"{""extraversion"": 0.625, ""agreeableness"": 0.5555555555555556, ""neuroticism"": 0.4375, ""openness"": 0.675, ""conscientiousness"": 0.5833333333333334}"
as_pas_only,neuroticism,low,bfi_30,openness,False,4,4,"{""extraversion"": 0.625, ""agreeableness"": 0.5555555555555556, ""neuroticism"": 0.4375, ""openness"": 0.675, ""conscientiousness"": 0.5833333333333334}"
as_pas_only,neuroticism,low,bfi_31,extraversion,True,3,3,"{""extraversion"": 0.625, ""agreeableness"": 0.5555555555555556, ""neuroticism"": 0.4375, ""openness"": 0.675, ""conscientiousness"": 0.5833333333333334}"
as_pas_only,neuroticism,low,bfi_32,agreeableness,False,4,4,"{""extraversion"": 0.625, ""agreeableness"": 0.5555555555555556, ""neuroticism"": 0.4375, ""openness"": 0.675, ""conscientiousness"": 0.5833333333333334}"
as_pas_only,neuroticism,low,bfi_33,conscientiousness,False,3,3,"{""extraversion"": 0.625, ""agreeableness"": 0.5555555555555556, ""neuroticism"": 0.4375, ""openness"": 0.675, ""conscientiousness"": 0.5833333333333334}"
as_pas_only,neuroticism,low,bfi_34,neuroticism,True,3,3,"{""extraversion"": 0.625, ""agreeableness"": 0.5555555555555556, ""neuroticism"": 0.4375, ""openness"": 0.675, ""conscientiousness"": 0.5833333333333334}"
as_pas_only,neuroticism,low,bfi_35,openness,True,3,3,"{""extraversion"": 0.625, ""agreeableness"": 0.5555555555555556, ""neuroticism"": 0.4375, ""openness"": 0.675, ""conscientiousness"": 0.5833333333333334}"
as_pas_only,neuroticism,low,bfi_36,extraversion,False,4,4,"{""extraversion"": 0.625, ""agreeableness"": 0.5555555555555556, ""neuroticism"": 0.4375, ""openness"": 0.675, ""conscientiousness"": 0.5833333333333334}"
as_pas_only,neuroticism,low,bfi_37,agreeableness,True,3,3,"{""extraversion"": 0.625, ""agreeableness"": 0.5555555555555556, ""neuroticism"": 0.4375, ""openness"": 0.675, ""conscientiousness"": 0.5833333333333334}"
as_pas_only,neuroticism,low,bfi_38,conscientiousness,False,4,4,"{""extraversion"": 0.625, ""agreeableness"": 0.5555555555555556, ""neuroticism"": 0.4375, ""openness"": 0.675, ""conscientiousness"": 0.5833333333333334}"
as_pas_only,neuroticism,low,bfi_39,neuroticism,False,3,3,"{""extraversion"": 0.625, ""agreeableness"": 0.5555555555555556, ""neuroticism"": 0.4375, ""openness"": 0.675, ""conscientiousness"": 0.5833333333333334}"
as_pas_only,neuroticism,low,bfi_40,openness,False,4,4,"{""extraversion"": 0.625, ""agreeableness"": 0.5555555555555556, ""neuroticism"": 0.4375, ""openness"": 0.675, ""conscientiousness"": 0.5833333333333334}"
as_pas_only,neuroticism,low,bfi_41,openness,True,3,3,"{""extraversion"": 0.625, ""agreeableness"": 0.5555555555555556, ""neuroticism"": 0.4375, ""openness"": 0.675, ""conscientiousness"": 0.5833333333333334}"
as_pas_only,neuroticism,low,bfi_42,agreeableness,False,3,3,"{""extraversion"": 0.625, ""agreeableness"": 0.5555555555555556, ""neuroticism"": 0.4375, ""openness"": 0.675, ""conscientiousness"": 0.5833333333333334}"
as_pas_only,neuroticism,low,bfi_43,conscientiousness,True,3,3,"{""extraversion"": 0.625, ""agreeableness"": 0.5555555555555556, ""neuroticism"": 0.4375, ""openness"": 0.675, ""conscientiousness"": 0.5833333333333334}"
as_pas_only,neuroticism,low,bfi_44,openness,False,3,3,"{""extraversion"": 0.625, ""agreeableness"": 0.5555555555555556, ""neuroticism"": 0.4375, ""openness"": 0.675, ""conscientiousness"": 0.5833333333333334}"
as_pas_only,openness,high,bfi_01,extraversion,False,3,3,"{""extraversion"": 0.625, ""agreeableness"": 0.5555555555555556, ""neuroticism"": 0.4375, ""openness"": 0.675, ""conscientiousness"": 0.5833333333333334}"
as_pas_only,openness,high,bfi_02,agreeableness,True,3,3,"{""extraversion"": 0.625, ""agreeableness"": 0.5555555555555556, ""neuroticism"": 0.4375, ""openness"": 0.675, ""conscientiousness"": 0.5833333333333334}"
as_pas_only,openness,high,bfi_03,conscientiousness,False,3,3,"{""extraversion"": 0.625, ""agreeableness"": 0.5555555555555556, ""neuroticism"": 0.4375, ""openness"": 0.675, ""conscientiousness"": 0.5833333333333334}"
as_pas_only,openness,high,bfi_04,neuroticism,False,3,3,"{""extraversion"": 0.625, ""agreeableness"": 0.5555555555555556, ""neuroticism"": 0.4375, ""openness"": 0.675, ""conscientiousness"": 0.5833333333333334}"
as_pas_only,openness,high,bfi_05,openness,False,4,4,"{""extraversion"": 0.625, ""agreeableness"": 0.5555555555555556, ""neuroticism"": 0.4375, ""openness"": 0.675, ""conscientiousness"": 0.5833333333333334}"
as_pas_only,openness,high,bfi_06,extraversion,True,3,3,"{""extraversion"": 0.625, ""agreeableness"": 0.5555555555555556, ""neuroticism"": 0.4375, ""openness"": 0.675, ""conscientiousness"": 0.5833333333333334}"
as_pas_only,openness,high,bfi_07,agreeableness,False,4,4,"{""extraversion"": 0.625, ""agreeableness"": 0.5555555555555556, ""neuroticism"": 0.4375, ""openness"": 0.675, ""conscientiousness"": 0.5833333333333334}"
as_pas_only,openness,high,bfi_08,conscientiousness,True,3,3,"{""extraversion"": 0.625, ""agreeableness"": 0.5555555555555556, ""neuroticism"": 0.4375, ""openness"": 0.675, ""conscientiousness"": 0.5833333333333334}"
as_pas_only,openness,high,bfi_09,neuroticism,True,4,4,"{""extraversion"": 0.625, ""agreeableness"": 0.5555555555555556, ""neuroticism"": 0.4375, ""openness"": 0.675, ""conscientiousness"": 0.5833333333333334}"
as_pas_only,openness,high,bfi_10,openness,False,4,4,"{""extraversion"": 0.625, ""agreeableness"": 0.5555555555555556, ""neuroticism"": 0.4375, ""openness"": 0.675, ""conscientiousness"": 0.5833333333333334}"
as_pas_only,openness,high,bfi_11,extraversion,False,4,4,"{""extraversion"": 0.625, ""agreeableness"": 0.5555555555555556, ""neuroticism"": 0.4375, ""openness"": 0.675, ""conscientiousness"": 0.5833333333333334}"
as_pas_only,openness,high,bfi_12,agreeableness,True,3,3,"{""extraversion"": 0.625, ""agreeableness"": 0.5555555555555556, ""neuroticism"": 0.4375, ""openness"": 0.675, ""conscientiousness"": 0.5833333333333334}"
as_pas_only,openness,high,bfi_13,conscientiousness,False,4,4,"{""extraversion"": 0.625, ""agreeableness"": 0.5555555555555556, ""neuroticism"": 0.4375, ""openness"": 0.675, ""conscientiousness"": 0.5833333333333334}"
as_pas_only,openness,high,bfi_14,neuroticism,False,3,3,"{""extraversion"": 0.625, ""agreeableness"": 0.5555555555555556, ""neuroticism"": 0.4375, ""openness"": 0.675, ""conscientiousness"": 0.5833333333333334}"
as_pas_only,openness,high,bfi_15,openness,False,4,4,"{""extraversion"": 0.625, ""agreeableness"": 0.5555555555555556, ""neuroticism"": 0.4375, ""openness"": 0.675, ""conscientiousness"": 0.5833333333333334}"
as_pas_only,openness,high,bfi_16,extraversion,False,4,4,"{""extraversion"": 0.625, ""agreeableness"": 0.5555555555555556, ""neuroticism"": 0.4375, ""openness"": 0.675, ""conscientiousness"": 0.5833333333333334}"
as_pas_only,openness,high,bfi_17,agreeableness,False,3,3,"{""extraversion"": 0.625, ""agreeableness"": 0.5555555555555556, ""neuroticism"": 0.4375, ""openness"": 0.675, ""conscientiousness"": 0.5833333333333334}"
as_pas_only,openness,high,bfi_18,conscientiousness,True,3,3,"{""extraversion"": 0.625, ""agreeableness"": 0.5555555555555556, ""neuroticism"": 0.4375, ""openness"": 0.675, ""conscientiousness"": 0.5833333333333334}"
as_pas_only,openness,high,bfi_19,neuroticism,False,3,3,"{""extraversion"": 0.625, ""agreeableness"": 0.5555555555555556, ""neuroticism"": 0.4375, ""openness"": 0.675, ""conscientiousness"": 0.5833333333333334}"
as_pas_only,openness,high,bfi_20,openness,False,4,4,"{""extraversion"": 0.625, ""agreeableness"": 0.5555555555555556, ""neuroticism"": 0.4375, ""openness"": 0.675, ""conscientiousness"": 0.5833333333333334}"
as_pas_only,openness,high,bfi_21,extraversion,True,3,3,"{""extraversion"": 0.625, ""agreeableness"": 0.5555555555555556, ""neuroticism"": 0.4375, ""openness"": 0.675, ""conscientiousness"": 0.5833333333333334}"
as_pas_only,openness,high,bfi_22,agreeableness,False,3,3,"{""extraversion"": 0.625, ""agreeableness"": 0.5555555555555556, ""neuroticism"": 0.4375, ""openness"": 0.675, ""conscientiousness"": 0.5833333333333334}"
as_pas_only,openness,high,bfi_23,conscientiousness,True,3,3,"{""extraversion"": 0.625, ""agreeableness"": 0.5555555555555556, ""neuroticism"": 0.4375, ""openness"": 0.675, ""conscientiousness"": 0.5833333333333334}"
as_pas_only,openness,high,bfi_24,neuroticism,True,4,4,"{""extraversion"": 0.625, ""agreeableness"": 0.5555555555555556, ""neuroticism"": 0.4375, ""openness"": 0.675, ""conscientiousness"": 0.5833333333333334}"
as_pas_only,openness,high,bfi_25,openness,False,4,4,"{""extraversion"": 0.625, ""agreeableness"": 0.5555555555555556, ""neuroticism"": 0.4375, ""openness"": 0.675, ""conscientiousness"": 0.5833333333333334}"
as_pas_only,openness,high,bfi_26,extraversion,False,4,4,"{""extraversion"": 0.625, ""agreeableness"": 0.5555555555555556, ""neuroticism"": 0.4375, ""openness"": 0.675, ""conscientiousness"": 0.5833333333333334}"
as_pas_only,openness,high,bfi_27,agreeableness,True,3,3,"{""extraversion"": 0.625, ""agreeableness"": 0.5555555555555556, ""neuroticism"": 0.4375, ""openness"": 0.675, ""conscientiousness"": 0.5833333333333334}"
as_pas_only,openness,high,bfi_28,conscientiousness,False,4,4,"{""extraversion"": 0.625, ""agreeableness"": 0.5555555555555556, ""neuroticism"": 0.4375, ""openness"": 0.675, ""conscientiousness"": 0.5833333333333334}"
as_pas_only,openness,high,bfi_29,neuroticism,False,3,3,"{""extraversion"": 0.625, ""agreeableness"": 0.5555555555555556, ""neuroticism"": 0.4375, ""openness"": 0.675, ""conscientiousness"": 0.5833333333333334}"
as_pas_only,openness,high,bfi_30,openness,False,4,4,"{""extraversion"": 0.625, ""agreeableness"": 0.5555555555555556, ""neuroticism"": 0.4375, ""openness"": 0.675, ""conscientiousness"": 0.5833333333333334}"
as_pas_only,openness,high,bfi_31,extraversion,True,3,3,"{""extraversion"": 0.625, ""agreeableness"": 0.5555555555555556, ""neuroticism"": 0.4375, ""openness"": 0.675, ""conscientiousness"": 0.5833333333333334}"
as_pas_only,openness,high,bfi_32,agreeableness,False,4,4,"{""extraversion"": 0.625, ""agreeableness"": 0.5555555555555556, ""neuroticism"": 0.4375, ""openness"": 0.675, ""conscientiousness"": 0.5833333333333334}"
as_pas_only,openness,high,bfi_33,conscientiousness,False,3,3,"{""extraversion"": 0.625, ""agreeableness"": 0.5555555555555556, ""neuroticism"": 0.4375, ""openness"": 0.675, ""conscientiousness"": 0.5833333333333334}"
as_pas_only,openness,high,bfi_34,neuroticism,True,3,3,"{""extraversion"": 0.625, ""agreeableness"": 0.5555555555555556, ""neuroticism"": 0.4375, ""openness"": 0.675, ""conscientiousness"": 0.5833333333333334}"
as_pas_only,openness,high,bfi_35,openness,True,3,3,"{""extraversion"": 0.625, ""agreeableness"": 0.5555555555555556, ""neuroticism"": 0.4375, ""openness"": 0.675, ""conscientiousness"": 0.5833333333333334}"
as_pas_only,openness,high,bfi_36,extraversion,False,4,4,"{""extraversion"": 0.625, ""agreeableness"": 0.5555555555555556, ""neuroticism"": 0.4375, ""openness"": 0.675, ""conscientiousness"": 0.5833333333333334}"
as_pas_only,openness,high,bfi_37,agreeableness,True,3,3,"{""extraversion"": 0.625, ""agreeableness"": 0.5555555555555556, ""neuroticism"": 0.4375, ""openness"": 0.675, ""conscientiousness"": 0.5833333333333334}"
as_pas_only,openness,high,bfi_38,conscientiousness,False,4,4,"{""extraversion"": 0.625, ""agreeableness"": 0.5555555555555556, ""neuroticism"": 0.4375, ""openness"": 0.675, ""conscientiousness"": 0.5833333333333334}"
as_pas_only,openness,high,bfi_39,neuroticism,False,3,3,"{""extraversion"": 0.625, ""agreeableness"": 0.5555555555555556, ""neuroticism"": 0.4375, ""openness"": 0.675, ""conscientiousness"": 0.5833333333333334}"
as_pas_only,openness,high,bfi_40,openness,False,4,4,"{""extraversion"": 0.625, ""agreeableness"": 0.5555555555555556, ""neuroticism"": 0.4375, ""openness"": 0.675, ""conscientiousness"": 0.5833333333333334}"
as_pas_only,openness,high,bfi_41,openness,True,3,3,"{""extraversion"": 0.625, ""agreeableness"": 0.5555555555555556, ""neuroticism"": 0.4375, ""openness"": 0.675, ""conscientiousness"": 0.5833333333333334}"
as_pas_only,openness,high,bfi_42,agreeableness,False,3,3,"{""extraversion"": 0.625, ""agreeableness"": 0.5555555555555556, ""neuroticism"": 0.4375, ""openness"": 0.675, ""conscientiousness"": 0.5833333333333334}"
as_pas_only,openness,high,bfi_43,conscientiousness,True,3,3,"{""extraversion"": 0.625, ""agreeableness"": 0.5555555555555556, ""neuroticism"": 0.4375, ""openness"": 0.675, ""conscientiousness"": 0.5833333333333334}"
as_pas_only,openness,high,bfi_44,openness,False,3,3,"{""extraversion"": 0.625, ""agreeableness"": 0.5555555555555556, ""neuroticism"": 0.4375, ""openness"": 0.675, ""conscientiousness"": 0.5833333333333334}"
as_pas_only,openness,low,bfi_01,extraversion,False,3,3,"{""extraversion"": 0.625, ""agreeableness"": 0.5555555555555556, ""neuroticism"": 0.4375, ""openness"": 0.675, ""conscientiousness"": 0.5833333333333334}"
as_pas_only,openness,low,bfi_02,agreeableness,True,3,3,"{""extraversion"": 0.625, ""agreeableness"": 0.5555555555555556, ""neuroticism"": 0.4375, ""openness"": 0.675, ""conscientiousness"": 0.5833333333333334}"
as_pas_only,openness,low,bfi_03,conscientiousness,False,3,3,"{""extraversion"": 0.625, ""agreeableness"": 0.5555555555555556, ""neuroticism"": 0.4375, ""openness"": 0.675, ""conscientiousness"": 0.5833333333333334}"
as_pas_only,openness,low,bfi_04,neuroticism,False,3,3,"{""extraversion"": 0.625, ""agreeableness"": 0.5555555555555556, ""neuroticism"": 0.4375, ""openness"": 0.675, ""conscientiousness"": 0.5833333333333334}"
as_pas_only,openness,low,bfi_05,openness,False,4,4,"{""extraversion"": 0.625, ""agreeableness"": 0.5555555555555556, ""neuroticism"": 0.4375, ""openness"": 0.675, ""conscientiousness"": 0.5833333333333334}"
as_pas_only,openness,low,bfi_06,extraversion,True,3,3,"{""extraversion"": 0.625, ""agreeableness"": 0.5555555555555556, ""neuroticism"": 0.4375, ""openness"": 0.675, ""conscientiousness"": 0.5833333333333334}"
as_pas_only,openness,low,bfi_07,agreeableness,False,4,4,"{""extraversion"": 0.625, ""agreeableness"": 0.5555555555555556, ""neuroticism"": 0.4375, ""openness"": 0.675, ""conscientiousness"": 0.5833333333333334}"
as_pas_only,openness,low,bfi_08,conscientiousness,True,3,3,"{""extraversion"": 0.625, ""agreeableness"": 0.5555555555555556, ""neuroticism"": 0.4375, ""openness"": 0.675, ""conscientiousness"": 0.5833333333333334}"
as_pas_only,openness,low,bfi_09,neuroticism,True,4,4,"{""extraversion"": 0.625, ""agreeableness"": 0.5555555555555556, ""neuroticism"": 0.4375, ""openness"": 0.675, ""conscientiousness"": 0.5833333333333334}"
as_pas_only,openness,low,bfi_10,openness,False,4,4,"{""extraversion"": 0.625, ""agreeableness"": 0.5555555555555556, ""neuroticism"": 0.4375, ""openness"": 0.675, ""conscientiousness"": 0.5833333333333334}"
as_pas_only,openness,low,bfi_11,extraversion,False,4,4,"{""extraversion"": 0.625, ""agreeableness"": 0.5555555555555556, ""neuroticism"": 0.4375, ""openness"": 0.675, ""conscientiousness"": 0.5833333333333334}"
as_pas_only,openness,low,bfi_12,agreeableness,True,3,3,"{""extraversion"": 0.625, ""agreeableness"": 0.5555555555555556, ""neuroticism"": 0.4375, ""openness"": 0.675, ""conscientiousness"": 0.5833333333333334}"
as_pas_only,openness,low,bfi_13,conscientiousness,False,4,4,"{""extraversion"": 0.625, ""agreeableness"": 0.5555555555555556, ""neuroticism"": 0.4375, ""openness"": 0.675, ""conscientiousness"": 0.5833333333333334}"
as_pas_only,openness,low,bfi_14,neuroticism,False,3,3,"{""extraversion"": 0.625, ""agreeableness"": 0.5555555555555556, ""neuroticism"": 0.4375, ""openness"": 0.675, ""conscientiousness"": 0.5833333333333334}"
as_pas_only,openness,low,bfi_15,openness,False,4,4,"{""extraversion"": 0.625, ""agreeableness"": 0.5555555555555556, ""neuroticism"": 0.4375, ""openness"": 0.675, ""conscientiousness"": 0.5833333333333334}"
as_pas_only,openness,low,bfi_16,extraversion,False,4,4,"{""extraversion"": 0.625, ""agreeableness"": 0.5555555555555556, ""neuroticism"": 0.4375, ""openness"": 0.675, ""conscientiousness"": 0.5833333333333334}"
as_pas_only,openness,low,bfi_17,agreeableness,False,3,3,"{""extraversion"": 0.625, ""agreeableness"": 0.5555555555555556, ""neuroticism"": 0.4375, ""openness"": 0.675, ""conscientiousness"": 0.5833333333333334}"
as_pas_only,openness,low,bfi_18,conscientiousness,True,3,3,"{""extraversion"": 0.625, ""agreeableness"": 0.5555555555555556, ""neuroticism"": 0.4375, ""openness"": 0.675, ""conscientiousness"": 0.5833333333333334}"
as_pas_only,openness,low,bfi_19,neuroticism,False,3,3,"{""extraversion"": 0.625, ""agreeableness"": 0.5555555555555556, ""neuroticism"": 0.4375, ""openness"": 0.675, ""conscientiousness"": 0.5833333333333334}"
as_pas_only,openness,low,bfi_20,openness,False,4,4,"{""extraversion"": 0.625, ""agreeableness"": 0.5555555555555556, ""neuroticism"": 0.4375, ""openness"": 0.675, ""conscientiousness"": 0.5833333333333334}"
as_pas_only,openness,low,bfi_21,extraversion,True,3,3,"{""extraversion"": 0.625, ""agreeableness"": 0.5555555555555556, ""neuroticism"": 0.4375, ""openness"": 0.675, ""conscientiousness"": 0.5833333333333334}"
as_pas_only,openness,low,bfi_22,agreeableness,False,3,3,"{""extraversion"": 0.625, ""agreeableness"": 0.5555555555555556, ""neuroticism"": 0.4375, ""openness"": 0.675, ""conscientiousness"": 0.5833333333333334}"
as_pas_only,openness,low,bfi_23,conscientiousness,True,3,3,"{""extraversion"": 0.625, ""agreeableness"": 0.5555555555555556, ""neuroticism"": 0.4375, ""openness"": 0.675, ""conscientiousness"": 0.5833333333333334}"
as_pas_only,openness,low,bfi_24,neuroticism,True,4,4,"{""extraversion"": 0.625, ""agreeableness"": 0.5555555555555556, ""neuroticism"": 0.4375, ""openness"": 0.675, ""conscientiousness"": 0.5833333333333334}"
as_pas_only,openness,low,bfi_25,openness,False,4,4,"{""extraversion"": 0.625, ""agreeableness"": 0.5555555555555556, ""neuroticism"": 0.4375, ""openness"": 0.675, ""conscientiousness"": 0.5833333333333334}"
as_pas_only,openness,low,bfi_26,extraversion,False,4,4,"{""extraversion"": 0.625, ""agreeableness"": 0.5555555555555556, ""neuroticism"": 0.4375, ""openness"": 0.675, ""conscientiousness"": 0.5833333333333334}"
as_pas_only,openness,low,bfi_27,agreeableness,True,3,3,"{""extraversion"": 0.625, ""agreeableness"": 0.5555555555555556, ""neuroticism"": 0.4375, ""openness"": 0.675, ""conscientiousness"": 0.5833333333333334}"
as_pas_only,openness,low,bfi_28,conscientiousness,False,4,4,"{""extraversion"": 0.625, ""agreeableness"": 0.5555555555555556, ""neuroticism"": 0.4375, ""openness"": 0.675, ""conscientiousness"": 0.5833333333333334}"
as_pas_only,openness,low,bfi_29,neuroticism,False,3,3,"{""extraversion"": 0.625, ""agreeableness"": 0.5555555555555556, ""neuroticism"": 0.4375, ""openness"": 0.675, ""conscientiousness"": 0.5833333333333334}"
as_pas_only,openness,low,bfi_30,openness,False,4,4,"{""extraversion"": 0.625, ""agreeableness"": 0.5555555555555556, ""neuroticism"": 0.4375, ""openness"": 0.675, ""conscientiousness"": 0.5833333333333334}"
as_pas_only,openness,low,bfi_31,extraversion,True,3,3,"{""extraversion"": 0.625, ""agreeableness"": 0.5555555555555556, ""neuroticism"": 0.4375, ""openness"": 0.675, ""conscientiousness"": 0.5833333333333334}"
as_pas_only,openness,low,bfi_32,agreeableness,False,4,4,"{""extraversion"": 0.625, ""agreeableness"": 0.5555555555555556, ""neuroticism"": 0.4375, ""openness"": 0.675, ""conscientiousness"": 0.5833333333333334}"
as_pas_only,openness,low,bfi_33,conscientiousness,False,3,3,"{""extraversion"": 0.625, ""agreeableness"": 0.5555555555555556, ""neuroticism"": 0.4375, ""openness"": 0.675, ""conscientiousness"": 0.5833333333333334}"
as_pas_only,openness,low,bfi_34,neuroticism,True,3,3,"{""extraversion"": 0.625, ""agreeableness"": 0.5555555555555556, ""neuroticism"": 0.4375, ""openness"": 0.675, ""conscientiousness"": 0.5833333333333334}"
as_pas_only,openness,low,bfi_35,openness,True,3,3,"{""extraversion"": 0.625, ""agreeableness"": 0.5555555555555556, ""neuroticism"": 0.4375, ""openness"": 0.675, ""conscientiousness"": 0.5833333333333334}"
as_pas_only,openness,low,bfi_36,extraversion,False,4,4,"{""extraversion"": 0.625, ""agreeableness"": 0.5555555555555556, ""neuroticism"": 0.4375, ""openness"": 0.675, ""conscientiousness"": 0.5833333333333334}"
as_pas_only,openness,low,bfi_37,agreeableness,True,3,3,"{""extraversion"": 0.625, ""agreeableness"": 0.5555555555555556, ""neuroticism"": 0.4375, ""openness"": 0.675, ""conscientiousness"": 0.5833333333333334}"
as_pas_only,openness,low,bfi_38,conscientiousness,False,4,4,"{""extraversion"": 0.625, ""agreeableness"": 0.5555555555555556, ""neuroticism"": 0.4375, ""openness"": 0.675, ""conscientiousness"": 0.5833333333333334}"
as_pas_only,openness,low,bfi_39,neuroticism,False,3,3,"{""extraversion"": 0.625, ""agreeableness"": 0.5555555555555556, ""neuroticism"": 0.4375, ""openness"": 0.675, ""conscientiousness"": 0.5833333333333334}"
as_pas_only,openness,low,bfi_40,openness,False,4,4,"{""extraversion"": 0.625, ""agreeableness"": 0.5555555555555556, ""neuroticism"": 0.4375, ""openness"": 0.675, ""conscientiousness"": 0.5833333333333334}"
as_pas_only,openness,low,bfi_41,openness,True,3,3,"{""extraversion"": 0.625, ""agreeableness"": 0.5555555555555556, ""neuroticism"": 0.4375, ""openness"": 0.675, ""conscientiousness"": 0.5833333333333334}"
as_pas_only,openness,low,bfi_42,agreeableness,False,3,3,"{""extraversion"": 0.625, ""agreeableness"": 0.5555555555555556, ""neuroticism"": 0.4375, ""openness"": 0.675, ""conscientiousness"": 0.5833333333333334}"
as_pas_only,openness,low,bfi_43,conscientiousness,True,3,3,"{""extraversion"": 0.625, ""agreeableness"": 0.5555555555555556, ""neuroticism"": 0.4375, ""openness"": 0.675, ""conscientiousness"": 0.5833333333333334}"
as_pas_only,openness,low,bfi_44,openness,False,3,3,"{""extraversion"": 0.625, ""agreeableness"": 0.5555555555555556, ""neuroticism"": 0.4375, ""openness"": 0.675, ""conscientiousness"": 0.5833333333333334}"
as_pas_only,extraversion,high,bfi_01,extraversion,False,3,3,"{""extraversion"": 0.625, ""agreeableness"": 0.5555555555555556, ""neuroticism"": 0.4375, ""openness"": 0.675, ""conscientiousness"": 0.5833333333333334}"
as_pas_only,extraversion,high,bfi_02,agreeableness,True,3,3,"{""extraversion"": 0.625, ""agreeableness"": 0.5555555555555556, ""neuroticism"": 0.4375, ""openness"": 0.675, ""conscientiousness"": 0.5833333333333334}"
as_pas_only,extraversion,high,bfi_03,conscientiousness,False,3,3,"{""extraversion"": 0.625, ""agreeableness"": 0.5555555555555556, ""neuroticism"": 0.4375, ""openness"": 0.675, ""conscientiousness"": 0.5833333333333334}"
as_pas_only,extraversion,high,bfi_04,neuroticism,False,3,3,"{""extraversion"": 0.625, ""agreeableness"": 0.5555555555555556, ""neuroticism"": 0.4375, ""openness"": 0.675, ""conscientiousness"": 0.5833333333333334}"
as_pas_only,extraversion,high,bfi_05,openness,False,4,4,"{""extraversion"": 0.625, ""agreeableness"": 0.5555555555555556, ""neuroticism"": 0.4375, ""openness"": 0.675, ""conscientiousness"": 0.5833333333333334}"
as_pas_only,extraversion,high,bfi_06,extraversion,True,3,3,"{""extraversion"": 0.625, ""agreeableness"": 0.5555555555555556, ""neuroticism"": 0.4375, ""openness"": 0.675, ""conscientiousness"": 0.5833333333333334}"
as_pas_only,extraversion,high,bfi_07,agreeableness,False,4,4,"{""extraversion"": 0.625, ""agreeableness"": 0.5555555555555556, ""neuroticism"": 0.4375, ""openness"": 0.675, ""conscientiousness"": 0.5833333333333334}"
as_pas_only,extraversion,high,bfi_08,conscientiousness,True,3,3,"{""extraversion"": 0.625, ""agreeableness"": 0.5555555555555556, ""neuroticism"": 0.4375, ""openness"": 0.675, ""conscientiousness"": 0.5833333333333334}"
as_pas_only,extraversion,high,bfi_09,neuroticism,True,4,4,"{""extraversion"": 0.625, ""agreeableness"": 0.5555555555555556, ""neuroticism"": 0.4375, ""openness"": 0.675, ""conscientiousness"": 0.5833333333333334}"
as_pas_only,extraversion,high,bfi_10,openness,False,4,4,"{""extraversion"": 0.625, ""agreeableness"": 0.5555555555555556, ""neuroticism"": 0.4375, ""openness"": 0.675, ""conscientiousness"": 0.5833333333333334}"
as_pas_only,extraversion,high,bfi_11,extraversion,False,4,4,"{""extraversion"": 0.625, ""agreeableness"": 0.5555555555555556, ""neuroticism"": 0.4375, ""openness"": 0.675, ""conscientiousness"": 0.5833333333333334}"
as_pas_only,extraversion,high,bfi_12,agreeableness,True,3,3,"{""extraversion"": 0.625, ""agreeableness"": 0.5555555555555556, ""neuroticism"": 0.4375, ""openness"": 0.675, ""conscientiousness"": 0.5833333333333334}"
as_pas_only,extraversion,high,bfi_13,conscientiousness,False,4,4,"{""extraversion"": 0.625, ""agreeableness"": 0.5555555555555556, ""neuroticism"": 0.4375, ""openness"": 0.675, ""conscientiousness"": 0.5833333333333334}"
as_pas_only,extraversion,high,bfi_14,neuroticism,False,3,3,"{""extraversion"": 0.625, ""agreeableness"": 0.5555555555555556, ""neuroticism"": 0.4375, ""openness"": 0.675, ""conscientiousness"": 0.5833333333333334}"
as_pas_only,extraversion,high,bfi_15,openness,False,4,4,"{""extraversion"": 0.625, ""agreeableness"": 0.5555555555555556, ""neuroticism"": 0.4375, ""openness"": 0.675, ""conscientiousness"": 0.5833333333333334}"
as_pas_only,extraversion,high,bfi_16,extraversion,False,4,4,"{""extraversion"": 0.625, ""agreeableness"": 0.5555555555555556, ""neuroticism"": 0.4375, ""openness"": 0.675, ""conscientiousness"": 0.5833333333333334}"
as_pas_only,extraversion,high,bfi_17,agreeableness,False,3,3,"{""extraversion"": 0.625, ""agreeableness"": 0.5555555555555556, ""neuroticism"": 0.4375, ""openness"": 0.675, ""conscientiousness"": 0.5833333333333334}"
as_pas_only,extraversion,high,bfi_18,conscientiousness,True,3,3,"{""extraversion"": 0.625, ""agreeableness"": 0.5555555555555556, ""neuroticism"": 0.4375, ""openness"": 0.675, ""conscientiousness"": 0.5833333333333334}"
as_pas_only,extraversion,high,bfi_19,neuroticism,False,3,3,"{""extraversion"": 0.625, ""agreeableness"": 0.5555555555555556, ""neuroticism"": 0.4375, ""openness"": 0.675, ""conscientiousness"": 0.5833333333333334}"
as_pas_only,extraversion,high,bfi_20,openness,False,4,4,"{""extraversion"": 0.625, ""agreeableness"": 0.5555555555555556, ""neuroticism"": 0.4375, ""openness"": 0.675, ""conscientiousness"": 0.5833333333333334}"
as_pas_only,extraversion,high,bfi_21,extraversion,True,3,3,"{""extraversion"": 0.625, ""agreeableness"": 0.5555555555555556, ""neuroticism"": 0.4375, ""openness"": 0.675, ""conscientiousness"": 0.5833333333333334}"
as_pas_only,extraversion,high,bfi_22,agreeableness,False,3,3,"{""extraversion"": 0.625, ""agreeableness"": 0.5555555555555556, ""neuroticism"": 0.4375, ""openness"": 0.675, ""conscientiousness"": 0.5833333333333334}"
as_pas_only,extraversion,high,bfi_23,conscientiousness,True,3,3,"{""extraversion"": 0.625, ""agreeableness"": 0.5555555555555556, ""neuroticism"": 0.4375, ""openness"": 0.675, ""conscientiousness"": 0.5833333333333334}"
as_pas_only,extraversion,high,bfi_24,neuroticism,True,4,4,"{""extraversion"": 0.625, ""agreeableness"": 0.5555555555555556, ""neuroticism"": 0.4375, ""openness"": 0.675, ""conscientiousness"": 0.5833333333333334}"
as_pas_only,extraversion,high,bfi_25,openness,False,4,4,"{""extraversion"": 0.625, ""agreeableness"": 0.5555555555555556, ""neuroticism"": 0.4375, ""openness"": 0.675, ""conscientiousness"": 0.5833333333333334}"
as_pas_only,extraversion,high,bfi_26,extraversion,False,4,4,"{""extraversion"": 0.625, ""agreeableness"": 0.5555555555555556, ""neuroticism"": 0.4375, ""openness"": 0.675, ""conscientiousness"": 0.5833333333333334}"
as_pas_only,extraversion,high,bfi_27,agreeableness,True,3,3,"{""extraversion"": 0.625, ""agreeableness"": 0.5555555555555556, ""neuroticism"": 0.4375, ""openness"": 0.675, ""conscientiousness"": 0.5833333333333334}"
as_pas_only,extraversion,high,bfi_28,conscientiousness,False,4,4,"{""extraversion"": 0.625, ""agreeableness"": 0.5555555555555556, ""neuroticism"": 0.4375, ""openness"": 0.675, ""conscientiousness"": 0.5833333333333334}"
as_pas_only,extraversion,high,bfi_29,neuroticism,False,3,3,"{""extraversion"": 0.625, ""agreeableness"": 0.5555555555555556, ""neuroticism"": 0.4375, ""openness"": 0.675, ""conscientiousness"": 0.5833333333333334}"
as_pas_only,extraversion,high,bfi_30,openness,False,4,4,"{""extraversion"": 0.625, ""agreeableness"": 0.5555555555555556, ""neuroticism"": 0.4375, ""openness"": 0.675, ""conscientiousness"": 0.5833333333333334}"
as_pas_only,extraversion,high,bfi_31,extraversion,True,3,3,"{""extraversion"": 0.625, ""agreeableness"": 0.5555555555555556, ""neuroticism"": 0.4375, ""openness"": 0.675, ""conscientiousness"": 0.5833333333333334}"
as_pas_only,extraversion,high,bfi_32,agreeableness,False,4,4,"{""extraversion"": 0.625, ""agreeableness"": 0.5555555555555556, ""neuroticism"": 0.4375, ""openness"": 0.675, ""conscientiousness"": 0.5833333333333334}"
as_pas_only,extraversion,high,bfi_33,conscientiousness,False,3,3,"{""extraversion"": 0.625, ""agreeableness"": 0.5555555555555556, ""neuroticism"": 0.4375, ""openness"": 0.675, ""conscientiousness"": 0.5833333333333334}"
as_pas_only,extraversion,high,bfi_34,neuroticism,True,3,3,"{""extraversion"": 0.625, ""agreeableness"": 0.5555555555555556, ""neuroticism"": 0.4375, ""openness"": 0.675, ""conscientiousness"": 0.5833333333333334}"
as_pas_only,extraversion,high,bfi_35,openness,True,3,3,"{""extraversion"": 0.625, ""agreeableness"": 0.5555555555555556, ""neuroticism"": 0.4375, ""openness"": 0.675, ""conscientiousness"": 0.5833333333333334}"
as_pas_only,extraversion,high,bfi_36,extraversion,False,4,4,"{""extraversion"": 0.625, ""agreeableness"": 0.5555555555555556, ""neuroticism"": 0.4375, ""openness"": 0.675, ""conscientiousness"": 0.5833333333333334}"
as_pas_only,extraversion,high,bfi_37,agreeableness,True,3,3,"{""extraversion"": 0.625, ""agreeableness"": 0.5555555555555556, ""neuroticism"": 0.4375, ""openness"": 0.675, ""conscientiousness"": 0.5833333333333334}"
as_pas_only,extraversion,high,bfi_38,conscientiousness,False,4,4,"{""extraversion"": 0.625, ""agreeableness"": 0.5555555555555556, ""neuroticism"": 0.4375, ""openness"": 0.675, ""conscientiousness"": 0.5833333333333334}"
as_pas_only,extraversion,high,bfi_39,neuroticism,False,3,3,"{""extraversion"": 0.625, ""agreeableness"": 0.5555555555555556, ""neuroticism"": 0.4375, ""openness"": 0.675, ""conscientiousness"": 0.5833333333333334}"
as_pas_only,extraversion,high,bfi_40,openness,False,4,4,"{""extraversion"": 0.625, ""agreeableness"": 0.5555555555555556, ""neuroticism"": 0.4375, ""openness"": 0.675, ""conscientiousness"": 0.5833333333333334}"
as_pas_only,extraversion,high,bfi_41,openness,True,3,3,"{""extraversion"": 0.625, ""agreeableness"": 0.5555555555555556, ""neuroticism"": 0.4375, ""openness"": 0.675, ""conscientiousness"": 0.5833333333333334}"
as_pas_only,extraversion,high,bfi_42,agreeableness,False,3,3,"{""extraversion"": 0.625, ""agreeableness"": 0.5555555555555556, ""neuroticism"": 0.4375, ""openness"": 0.675, ""conscientiousness"": 0.5833333333333334}"
as_pas_only,extraversion,high,bfi_43,conscientiousness,True,3,3,"{""extraversion"": 0.625, ""agreeableness"": 0.5555555555555556, ""neuroticism"": 0.4375, ""openness"": 0.675, ""conscientiousness"": 0.5833333333333334}"
as_pas_only,extraversion,high,bfi_44,openness,False,3,3,"{""extraversion"": 0.625, ""agreeableness"": 0.5555555555555556, ""neuroticism"": 0.4375, ""openness"": 0.675, ""conscientiousness"": 0.5833333333333334}"
as_pas_only,extraversion,low,bfi_01,extraversion,False,3,3,"{""extraversion"": 0.625, ""agreeableness"": 0.5555555555555556, ""neuroticism"": 0.4375, ""openness"": 0.675, ""conscientiousness"": 0.5833333333333334}"
as_pas_only,extraversion,low,bfi_02,agreeableness,True,3,3,"{""extraversion"": 0.625, ""agreeableness"": 0.5555555555555556, ""neuroticism"": 0.4375, ""openness"": 0.675, ""conscientiousness"": 0.5833333333333334}"
as_pas_only,extraversion,low,bfi_03,conscientiousness,False,3,3,"{""extraversion"": 0.625, ""agreeableness"": 0.5555555555555556, ""neuroticism"": 0.4375, ""openness"": 0.675, ""conscientiousness"": 0.5833333333333334}"
as_pas_only,extraversion,low,bfi_04,neuroticism,False,3,3,"{""extraversion"": 0.625, ""agreeableness"": 0.5555555555555556, ""neuroticism"": 0.4375, ""openness"": 0.675, ""conscientiousness"": 0.5833333333333334}"
as_pas_only,extraversion,low,bfi_05,openness,False,4,4,"{""extraversion"": 0.625, ""agreeableness"": 0.5555555555555556, ""neuroticism"": 0.4375, ""openness"": 0.675, ""conscientiousness"": 0.5833333333333334}"
as_pas_only,extraversion,low,bfi_06,extraversion,True,3,3,"{""extraversion"": 0.625, ""agreeableness"": 0.5555555555555556, ""neuroticism"": 0.4375, ""openness"": 0.675, ""conscientiousness"": 0.5833333333333334}"
as_pas_only,extraversion,low,bfi_07,agreeableness,False,4,4,"{""extraversion"": 0.625, ""agreeableness"": 0.5555555555555556, ""neuroticism"": 0.4375, ""openness"": 0.675, ""conscientiousness"": 0.5833333333333334}"
as_pas_only,extraversion,low,bfi_08,conscientiousness,True,3,3,"{""extraversion"": 0.625, ""agreeableness"": 0.5555555555555556, ""neuroticism"": 0.4375, ""openness"": 0.675, ""conscientiousness"": 0.5833333333333334}"
as_pas_only,extraversion,low,bfi_09,neuroticism,True,4,4,"{""extraversion"": 0.625, ""agreeableness"": 0.5555555555555556, ""neuroticism"": 0.4375, ""openness"": 0.675, ""conscientiousness"": 0.5833333333333334}"
as_pas_only,extraversion,low,bfi_10,openness,False,4,4,"{""extraversion"": 0.625, ""agreeableness"": 0.5555555555555556, ""neuroticism"": 0.4375, ""openness"": 0.675, ""conscientiousness"": 0.5833333333333334}"
as_pas_only,extraversion,low,bfi_11,extraversion,False,4,4,"{""extraversion"": 0.625, ""agreeableness"": 0.5555555555555556, ""neuroticism"": 0.4375, ""openness"": 0.675, ""conscientiousness"": 0.5833333333333334}"
as_pas_only,extraversion,low,bfi_12,agreeableness,True,3,3,"{""extraversion"": 0.625, ""agreeableness"": 0.5555555555555556, ""neuroticism"": 0.4375, ""openness"": 0.675, ""conscientiousness"": 0.5833333333333334}"
as_pas_only,extraversion,low,bfi_13,conscientiousness,False,4,4,"{""extraversion"": 0.625, ""agreeableness"": 0.5555555555555556, ""neuroticism"": 0.4375, ""openness"": 0.675, ""conscientiousness"": 0.5833333333333334}"
as_pas_only,extraversion,low,bfi_14,neuroticism,False,3,3,"{""extraversion"": 0.625, ""agreeableness"": 0.5555555555555556, ""neuroticism"": 0.4375, ""openness"": 0.675, ""conscientiousness"": 0.5833333333333334}"
as_pas_only,extraversion,low,bfi_15,openness,False,4,4,"{""extraversion"": 0.625, ""agreeableness"": 0.5555555555555556, ""neuroticism"": 0.4375, ""openness"": 0.675, ""conscientiousness"": 0.5833333333333334}"
as_pas_only,extraversion,low,bfi_16,extraversion,False,4,4,"{""extraversion"": 0.625, ""agreeableness"": 0.5555555555555556, ""neuroticism"": 0.4375, ""openness"": 0.675, ""conscientiousness"": 0.5833333333333334}"
as_pas_only,extraversion,low,bfi_17,agreeableness,False,3,3,"{""extraversion"": 0.625, ""agreeableness"": 0.5555555555555556, ""neuroticism"": 0.4375, ""openness"": 0.675, ""conscientiousness"": 0.5833333333333334}"
as_pas_only,extraversion,low,bfi_18,conscientiousness,True,3,3,"{""extraversion"": 0.625, ""agreeableness"": 0.5555555555555556, ""neuroticism"": 0.4375, ""openness"": 0.675, ""conscientiousness"": 0.5833333333333334}"
as_pas_only,extraversion,low,bfi_19,neuroticism,False,3,3,"{""extraversion"": 0.625, ""agreeableness"": 0.5555555555555556, ""neuroticism"": 0.4375, ""openness"": 0.675, ""conscientiousness"": 0.5833333333333334}"
as_pas_only,extraversion,low,bfi_20,openness,False,4,4,"{""extraversion"": 0.625, ""agreeableness"": 0.5555555555555556, ""neuroticism"": 0.4375, ""openness"": 0.675, ""conscientiousness"": 0.5833333333333334}"
as_pas_only,extraversion,low,bfi_21,extraversion,True,3,3,"{""extraversion"": 0.625, ""agreeableness"": 0.5555555555555556, ""neuroticism"": 0.4375, ""openness"": 0.675, ""conscientiousness"": 0.5833333333333334}"
as_pas_only,extraversion,low,bfi_22,agreeableness,False,3,3,"{""extraversion"": 0.625, ""agreeableness"": 0.5555555555555556, ""neuroticism"": 0.4375, ""openness"": 0.675, ""conscientiousness"": 0.5833333333333334}"
as_pas_only,extraversion,low,bfi_23,conscientiousness,True,3,3,"{""extraversion"": 0.625, ""agreeableness"": 0.5555555555555556, ""neuroticism"": 0.4375, ""openness"": 0.675, ""conscientiousness"": 0.5833333333333334}"
as_pas_only,extraversion,low,bfi_24,neuroticism,True,4,4,"{""extraversion"": 0.625, ""agreeableness"": 0.5555555555555556, ""neuroticism"": 0.4375, ""openness"": 0.675, ""conscientiousness"": 0.5833333333333334}"
as_pas_only,extraversion,low,bfi_25,openness,False,4,4,"{""extraversion"": 0.625, ""agreeableness"": 0.5555555555555556, ""neuroticism"": 0.4375, ""openness"": 0.675, ""conscientiousness"": 0.5833333333333334}"
as_pas_only,extraversion,low,bfi_26,extraversion,False,4,4,"{""extraversion"": 0.625, ""agreeableness"": 0.5555555555555556, ""neuroticism"": 0.4375, ""openness"": 0.675, ""conscientiousness"": 0.5833333333333334}"
as_pas_only,extraversion,low,bfi_27,agreeableness,True,3,3,"{""extraversion"": 0.625, ""agreeableness"": 0.5555555555555556, ""neuroticism"": 0.4375, ""openness"": 0.675, ""conscientiousness"": 0.5833333333333334}"
as_pas_only,extraversion,low,bfi_28,conscientiousness,False,4,4,"{""extraversion"": 0.625, ""agreeableness"": 0.5555555555555556, ""neuroticism"": 0.4375, ""openness"": 0.675, ""conscientiousness"": 0.5833333333333334}"
as_pas_only,extraversion,low,bfi_29,neuroticism,False,3,3,"{""extraversion"": 0.625, ""agreeableness"": 0.5555555555555556, ""neuroticism"": 0.4375, ""openness"": 0.675, ""conscientiousness"": 0.5833333333333334}"
as_pas_only,extraversion,low,bfi_30,openness,False,4,4,"{""extraversion"": 0.625, ""agreeableness"": 0.5555555555555556, ""neuroticism"": 0.4375, ""openness"": 0.675, ""conscientiousness"": 0.5833333333333334}"
as_pas_only,extraversion,low,bfi_31,extraversion,True,3,3,"{""extraversion"": 0.625, ""agreeableness"": 0.5555555555555556, ""neuroticism"": 0.4375, ""openness"": 0.675, ""conscientiousness"": 0.5833333333333334}"
as_pas_only,extraversion,low,bfi_32,agreeableness,False,4,4,"{""extraversion"": 0.625, ""agreeableness"": 0.5555555555555556, ""neuroticism"": 0.4375, ""openness"": 0.675, ""conscientiousness"": 0.5833333333333334}"
as_pas_only,extraversion,low,bfi_33,conscientiousness,False,3,3,"{""extraversion"": 0.625, ""agreeableness"": 0.5555555555555556, ""neuroticism"": 0.4375, ""openness"": 0.675, ""conscientiousness"": 0.5833333333333334}"
as_pas_only,extraversion,low,bfi_34,neuroticism,True,3,3,"{""extraversion"": 0.625, ""agreeableness"": 0.5555555555555556, ""neuroticism"": 0.4375, ""openness"": 0.675, ""conscientiousness"": 0.5833333333333334}"
as_pas_only,extraversion,low,bfi_35,openness,True,3,3,"{""extraversion"": 0.625, ""agreeableness"": 0.5555555555555556, ""neuroticism"": 0.4375, ""openness"": 0.675, ""conscientiousness"": 0.5833333333333334}"
as_pas_only,extraversion,low,bfi_36,extraversion,False,4,4,"{""extraversion"": 0.625, ""agreeableness"": 0.5555555555555556, ""neuroticism"": 0.4375, ""openness"": 0.675, ""conscientiousness"": 0.5833333333333334}"
as_pas_only,extraversion,low,bfi_37,agreeableness,True,3,3,"{""extraversion"": 0.625, ""agreeableness"": 0.5555555555555556, ""neuroticism"": 0.4375, ""openness"": 0.675, ""conscientiousness"": 0.5833333333333334}"
as_pas_only,extraversion,low,bfi_38,conscientiousness,False,4,4,"{""extraversion"": 0.625, ""agreeableness"": 0.5555555555555556, ""neuroticism"": 0.4375, ""openness"": 0.675, ""conscientiousness"": 0.5833333333333334}"
as_pas_only,extraversion,low,bfi_39,neuroticism,False,3,3,"{""extraversion"": 0.625, ""agreeableness"": 0.5555555555555556, ""neuroticism"": 0.4375, ""openness"": 0.675, ""conscientiousness"": 0.5833333333333334}"
as_pas_only,extraversion,low,bfi_40,openness,False,4,4,"{""extraversion"": 0.625, ""agreeableness"": 0.5555555555555556, ""neuroticism"": 0.4375, ""openness"": 0.675, ""conscientiousness"": 0.5833333333333334}"
as_pas_only,extraversion,low,bfi_41,openness,True,3,3,"{""extraversion"": 0.625, ""agreeableness"": 0.5555555555555556, ""neuroticism"": 0.4375, ""openness"": 0.675, ""conscientiousness"": 0.5833333333333334}"
as_pas_only,extraversion,low,bfi_42,agreeableness,False,3,3,"{""extraversion"": 0.625, ""agreeableness"": 0.5555555555555556, ""neuroticism"": 0.4375, ""openness"": 0.675, ""conscientiousness"": 0.5833333333333334}"
as_pas_only,extraversion,low,bfi_43,conscientiousness,True,3,3,"{""extraversion"": 0.625, ""agreeableness"": 0.5555555555555556, ""neuroticism"": 0.4375, ""openness"": 0.675, ""conscientiousness"": 0.5833333333333334}"
as_pas_only,extraversion,low,bfi_44,openness,False,3,3,"{""extraversion"": 0.625, ""agreeableness"": 0.5555555555555556, ""neuroticism"": 0.4375, ""openness"": 0.675, ""conscientiousness"": 0.5833333333333334}"
elaborate_prompt_as_pas,agreeableness,high,bfi_01,extraversion,False,3,3,"{""extraversion"": 0.625, ""agreeableness"": 0.75, ""neuroticism"": 0.3125, ""openness"": 0.575, ""conscientiousness"": 0.5}"
elaborate_prompt_as_pas,agreeableness,high,bfi_02,agreeableness,True,3,3,"{""extraversion"": 0.625, ""agreeableness"": 0.75, ""neuroticism"": 0.3125, ""openness"": 0.575, ""conscientiousness"": 0.5}"
elaborate_prompt_as_pas,agreeableness,high,bfi_03,conscientiousness,False,3,3,"{""extraversion"": 0.625, ""agreeableness"": 0.75, ""neuroticism"": 0.3125, ""openness"": 0.575, ""conscientiousness"": 0.5}"
elaborate_prompt_as_pas,agreeableness,high,bfi_04,neuroticism,False,1,1,"{""extraversion"": 0.625, ""agreeableness"": 0.75, ""neuroticism"": 0.3125, ""openness"": 0.575, ""conscientiousness"": 0.5}"
elaborate_prompt_as_pas,agreeableness,high,bfi_05,openness,False,3,3,"{""extraversion"": 0.625, ""agreeableness"": 0.75, ""neuroticism"": 0.3125, ""openness"": 0.575, ""conscientiousness"": 0.5}"
elaborate_prompt_as_pas,agreeableness,high,bfi_06,extraversion,True,3,3,"{""extraversion"": 0.625, ""agreeableness"": 0.75, ""neuroticism"": 0.3125, ""openness"": 0.575, ""conscientiousness"": 0.5}"
elaborate_prompt_as_pas,agreeableness,high,bfi_07,agreeableness,False,5,5,"{""extraversion"": 0.625, ""agreeableness"": 0.75, ""neuroticism"": 0.3125, ""openness"": 0.575, ""conscientiousness"": 0.5}"
elaborate_prompt_as_pas,agreeableness,high,bfi_08,conscientiousness,True,3,3,"{""extraversion"": 0.625, ""agreeableness"": 0.75, ""neuroticism"": 0.3125, ""openness"": 0.575, ""conscientiousness"": 0.5}"
elaborate_prompt_as_pas,agreeableness,high,bfi_09,neuroticism,True,4,4,"{""extraversion"": 0.625, ""agreeableness"": 0.75, ""neuroticism"": 0.3125, ""openness"": 0.575, ""conscientiousness"": 0.5}"
elaborate_prompt_as_pas,agreeableness,high,bfi_10,openness,False,3,3,"{""extraversion"": 0.625, ""agreeableness"": 0.75, ""neuroticism"": 0.3125, ""openness"": 0.575, ""conscientiousness"": 0.5}"
elaborate_prompt_as_pas,agreeableness,high,bfi_11,extraversion,False,3,3,"{""extraversion"": 0.625, ""agreeableness"": 0.75, ""neuroticism"": 0.3125, ""openness"": 0.575, ""conscientiousness"": 0.5}"
elaborate_prompt_as_pas,agreeableness,high,bfi_12,agreeableness,True,3,3,"{""extraversion"": 0.625, ""agreeableness"": 0.75, ""neuroticism"": 0.3125, ""openness"": 0.575, ""conscientiousness"": 0.5}"
elaborate_prompt_as_pas,agreeableness,high,bfi_13,conscientiousness,False,3,3,"{""extraversion"": 0.625, ""agreeableness"": 0.75, ""neuroticism"": 0.3125, ""openness"": 0.575, ""conscientiousness"": 0.5}"
elaborate_prompt_as_pas,agreeableness,high,bfi_14,neuroticism,False,3,3,"{""extraversion"": 0.625, ""agreeableness"": 0.75, ""neuroticism"": 0.3125, ""openness"": 0.575, ""conscientiousness"": 0.5}"
elaborate_prompt_as_pas,agreeableness,high,bfi_15,openness,False,3,3,"{""extraversion"": 0.625, ""agreeableness"": 0.75, ""neuroticism"": 0.3125, ""openness"": 0.575, ""conscientiousness"": 0.5}"
elaborate_prompt_as_pas,agreeableness,high,bfi_16,extraversion,False,4,4,"{""extraversion"": 0.625, ""agreeableness"": 0.75, ""neuroticism"": 0.3125, ""openness"": 0.575, ""conscientiousness"": 0.5}"
elaborate_prompt_as_pas,agreeableness,high,bfi_17,agreeableness,False,5,5,"{""extraversion"": 0.625, ""agreeableness"": 0.75, ""neuroticism"": 0.3125, ""openness"": 0.575, ""conscientiousness"": 0.5}"
elaborate_prompt_as_pas,agreeableness,high,bfi_18,conscientiousness,True,3,3,"{""extraversion"": 0.625, ""agreeableness"": 0.75, ""neuroticism"": 0.3125, ""openness"": 0.575, ""conscientiousness"": 0.5}"
elaborate_prompt_as_pas,agreeableness,high,bfi_19,neuroticism,False,3,3,"{""extraversion"": 0.625, ""agreeableness"": 0.75, ""neuroticism"": 0.3125, ""openness"": 0.575, ""conscientiousness"": 0.5}"
elaborate_prompt_as_pas,agreeableness,high,bfi_20,openness,False,4,4,"{""extraversion"": 0.625, ""agreeableness"": 0.75, ""neuroticism"": 0.3125, ""openness"": 0.575, ""conscientiousness"": 0.5}"
elaborate_prompt_as_pas,agreeableness,high,bfi_21,extraversion,True,3,3,"{""extraversion"": 0.625, ""agreeableness"": 0.75, ""neuroticism"": 0.3125, ""openness"": 0.575, ""conscientiousness"": 0.5}"
elaborate_prompt_as_pas,agreeableness,high,bfi_22,agreeableness,False,5,5,"{""extraversion"": 0.625, ""agreeableness"": 0.75, ""neuroticism"": 0.3125, ""openness"": 0.575, ""conscientiousness"": 0.5}"
elaborate_prompt_as_pas,agreeableness,high,bfi_23,conscientiousness,True,3,3,"{""extraversion"": 0.625, ""agreeableness"": 0.75, ""neuroticism"": 0.3125, ""openness"": 0.575, ""conscientiousness"": 0.5}"
elaborate_prompt_as_pas,agreeableness,high,bfi_24,neuroticism,True,4,4,"{""extraversion"": 0.625, ""agreeableness"": 0.75, ""neuroticism"": 0.3125, ""openness"": 0.575, ""conscientiousness"": 0.5}"
elaborate_prompt_as_pas,agreeableness,high,bfi_25,openness,False,3,3,"{""extraversion"": 0.625, ""agreeableness"": 0.75, ""neuroticism"": 0.3125, ""openness"": 0.575, ""conscientiousness"": 0.5}"
elaborate_prompt_as_pas,agreeableness,high,bfi_26,extraversion,False,5,5,"{""extraversion"": 0.625, ""agreeableness"": 0.75, ""neuroticism"": 0.3125, ""openness"": 0.575, ""conscientiousness"": 0.5}"
elaborate_prompt_as_pas,agreeableness,high,bfi_27,agreeableness,True,3,3,"{""extraversion"": 0.625, ""agreeableness"": 0.75, ""neuroticism"": 0.3125, ""openness"": 0.575, ""conscientiousness"": 0.5}"
elaborate_prompt_as_pas,agreeableness,high,bfi_28,conscientiousness,False,3,3,"{""extraversion"": 0.625, ""agreeableness"": 0.75, ""neuroticism"": 0.3125, ""openness"": 0.575, ""conscientiousness"": 0.5}"
elaborate_prompt_as_pas,agreeableness,high,bfi_29,neuroticism,False,3,3,"{""extraversion"": 0.625, ""agreeableness"": 0.75, ""neuroticism"": 0.3125, ""openness"": 0.575, ""conscientiousness"": 0.5}"
elaborate_prompt_as_pas,agreeableness,high,bfi_30,openness,False,4,4,"{""extraversion"": 0.625, ""agreeableness"": 0.75, ""neuroticism"": 0.3125, ""openness"": 0.575, ""conscientiousness"": 0.5}"
elaborate_prompt_as_pas,agreeableness,high,bfi_31,extraversion,True,3,3,"{""extraversion"": 0.625, ""agreeableness"": 0.75, ""neuroticism"": 0.3125, ""openness"": 0.575, ""conscientiousness"": 0.5}"
elaborate_prompt_as_pas,agreeableness,high,bfi_32,agreeableness,False,5,5,"{""extraversion"": 0.625, ""agreeableness"": 0.75, ""neuroticism"": 0.3125, ""openness"": 0.575, ""conscientiousness"": 0.5}"
elaborate_prompt_as_pas,agreeableness,high,bfi_33,conscientiousness,False,3,3,"{""extraversion"": 0.625, ""agreeableness"": 0.75, ""neuroticism"": 0.3125, ""openness"": 0.575, ""conscientiousness"": 0.5}"
elaborate_prompt_as_pas,agreeableness,high,bfi_34,neuroticism,True,5,5,"{""extraversion"": 0.625, ""agreeableness"": 0.75, ""neuroticism"": 0.3125, ""openness"": 0.575, ""conscientiousness"": 0.5}"
elaborate_prompt_as_pas,agreeableness,high,bfi_35,openness,True,3,3,"{""extraversion"": 0.625, ""agreeableness"": 0.75, ""neuroticism"": 0.3125, ""openness"": 0.575, ""conscientiousness"": 0.5}"
elaborate_prompt_as_pas,agreeableness,high,bfi_36,extraversion,False,4,4,"{""extraversion"": 0.625, ""agreeableness"": 0.75, ""neuroticism"": 0.3125, ""openness"": 0.575, ""conscientiousness"": 0.5}"
elaborate_prompt_as_pas,agreeableness,high,bfi_37,agreeableness,True,3,3,"{""extraversion"": 0.625, ""agreeableness"": 0.75, ""neuroticism"": 0.3125, ""openness"": 0.575, ""conscientiousness"": 0.5}"
elaborate_prompt_as_pas,agreeableness,high,bfi_38,conscientiousness,False,3,3,"{""extraversion"": 0.625, ""agreeableness"": 0.75, ""neuroticism"": 0.3125, ""openness"": 0.575, ""conscientiousness"": 0.5}"
elaborate_prompt_as_pas,agreeableness,high,bfi_39,neuroticism,False,3,3,"{""extraversion"": 0.625, ""agreeableness"": 0.75, ""neuroticism"": 0.3125, ""openness"": 0.575, ""conscientiousness"": 0.5}"
elaborate_prompt_as_pas,agreeableness,high,bfi_40,openness,False,4,4,"{""extraversion"": 0.625, ""agreeableness"": 0.75, ""neuroticism"": 0.3125, ""openness"": 0.575, ""conscientiousness"": 0.5}"
elaborate_prompt_as_pas,agreeableness,high,bfi_41,openness,True,3,3,"{""extraversion"": 0.625, ""agreeableness"": 0.75, ""neuroticism"": 0.3125, ""openness"": 0.575, ""conscientiousness"": 0.5}"
elaborate_prompt_as_pas,agreeableness,high,bfi_42,agreeableness,False,4,4,"{""extraversion"": 0.625, ""agreeableness"": 0.75, ""neuroticism"": 0.3125, ""openness"": 0.575, ""conscientiousness"": 0.5}"
elaborate_prompt_as_pas,agreeableness,high,bfi_43,conscientiousness,True,3,3,"{""extraversion"": 0.625, ""agreeableness"": 0.75, ""neuroticism"": 0.3125, ""openness"": 0.575, ""conscientiousness"": 0.5}"
elaborate_prompt_as_pas,agreeableness,high,bfi_44,openness,False,3,3,"{""extraversion"": 0.625, ""agreeableness"": 0.75, ""neuroticism"": 0.3125, ""openness"": 0.575, ""conscientiousness"": 0.5}"
elaborate_prompt_as_pas,agreeableness,low,bfi_01,extraversion,False,4,4,"{""extraversion"": 0.5, ""agreeableness"": 0.4444444444444444, ""neuroticism"": 0.5625, ""openness"": 0.5, ""conscientiousness"": 0.5}"
elaborate_prompt_as_pas,agreeableness,low,bfi_02,agreeableness,True,4,4,"{""extraversion"": 0.5, ""agreeableness"": 0.4444444444444444, ""neuroticism"": 0.5625, ""openness"": 0.5, ""conscientiousness"": 0.5}"
elaborate_prompt_as_pas,agreeableness,low,bfi_03,conscientiousness,False,3,3,"{""extraversion"": 0.5, ""agreeableness"": 0.4444444444444444, ""neuroticism"": 0.5625, ""openness"": 0.5, ""conscientiousness"": 0.5}"
elaborate_prompt_as_pas,agreeableness,low,bfi_04,neuroticism,False,3,3,"{""extraversion"": 0.5, ""agreeableness"": 0.4444444444444444, ""neuroticism"": 0.5625, ""openness"": 0.5, ""conscientiousness"": 0.5}"
elaborate_prompt_as_pas,agreeableness,low,bfi_05,openness,False,3,3,"{""extraversion"": 0.5, ""agreeableness"": 0.4444444444444444, ""neuroticism"": 0.5625, ""openness"": 0.5, ""conscientiousness"": 0.5}"
elaborate_prompt_as_pas,agreeableness,low,bfi_06,extraversion,True,4,4,"{""extraversion"": 0.5, ""agreeableness"": 0.4444444444444444, ""neuroticism"": 0.5625, ""openness"": 0.5, ""conscientiousness"": 0.5}"
elaborate_prompt_as_pas,agreeableness,low,bfi_07,agreeableness,False,3,3,"{""extraversion"": 0.5, ""agreeableness"": 0.4444444444444444, ""neuroticism"": 0.5625, ""openness"": 0.5, ""conscientiousness"": 0.5}"
elaborate_prompt_as_pas,agreeableness,low,bfi_08,conscientiousness,True,3,3,"{""extraversion"": 0.5, ""agreeableness"": 0.4444444444444444, ""neuroticism"": 0.5625, ""openness"": 0.5, ""conscientiousness"": 0.5}"
elaborate_prompt_as_pas,agreeableness,low,bfi_09,neuroticism,True,3,3,"{""extraversion"": 0.5, ""agreeableness"": 0.4444444444444444, ""neuroticism"": 0.5625, ""openness"": 0.5, ""conscientiousness"": 0.5}"
elaborate_prompt_as_pas,agreeableness,low,bfi_10,openness,False,3,3,"{""extraversion"": 0.5, ""agreeableness"": 0.4444444444444444, ""neuroticism"": 0.5625, ""openness"": 0.5, ""conscientiousness"": 0.5}"
elaborate_prompt_as_pas,agreeableness,low,bfi_11,extraversion,False,3,3,"{""extraversion"": 0.5, ""agreeableness"": 0.4444444444444444, ""neuroticism"": 0.5625, ""openness"": 0.5, ""conscientiousness"": 0.5}"
elaborate_prompt_as_pas,agreeableness,low,bfi_12,agreeableness,True,4,4,"{""extraversion"": 0.5, ""agreeableness"": 0.4444444444444444, ""neuroticism"": 0.5625, ""openness"": 0.5, ""conscientiousness"": 0.5}"
elaborate_prompt_as_pas,agreeableness,low,bfi_13,conscientiousness,False,3,3,"{""extraversion"": 0.5, ""agreeableness"": 0.4444444444444444, ""neuroticism"": 0.5625, ""openness"": 0.5, ""conscientiousness"": 0.5}"
elaborate_prompt_as_pas,agreeableness,low,bfi_14,neuroticism,False,4,4,"{""extraversion"": 0.5, ""agreeableness"": 0.4444444444444444, ""neuroticism"": 0.5625, ""openness"": 0.5, ""conscientiousness"": 0.5}"
elaborate_prompt_as_pas,agreeableness,low,bfi_15,openness,False,3,3,"{""extraversion"": 0.5, ""agreeableness"": 0.4444444444444444, ""neuroticism"": 0.5625, ""openness"": 0.5, ""conscientiousness"": 0.5}"
elaborate_prompt_as_pas,agreeableness,low,bfi_16,extraversion,False,3,3,"{""extraversion"": 0.5, ""agreeableness"": 0.4444444444444444, ""neuroticism"": 0.5625, ""openness"": 0.5, ""conscientiousness"": 0.5}"
elaborate_prompt_as_pas,agreeableness,low,bfi_17,agreeableness,False,4,4,"{""extraversion"": 0.5, ""agreeableness"": 0.4444444444444444, ""neuroticism"": 0.5625, ""openness"": 0.5, ""conscientiousness"": 0.5}"
elaborate_prompt_as_pas,agreeableness,low,bfi_18,conscientiousness,True,3,3,"{""extraversion"": 0.5, ""agreeableness"": 0.4444444444444444, ""neuroticism"": 0.5625, ""openness"": 0.5, ""conscientiousness"": 0.5}"
elaborate_prompt_as_pas,agreeableness,low,bfi_19,neuroticism,False,4,4,"{""extraversion"": 0.5, ""agreeableness"": 0.4444444444444444, ""neuroticism"": 0.5625, ""openness"": 0.5, ""conscientiousness"": 0.5}"
elaborate_prompt_as_pas,agreeableness,low,bfi_20,openness,False,4,4,"{""extraversion"": 0.5, ""agreeableness"": 0.4444444444444444, ""neuroticism"": 0.5625, ""openness"": 0.5, ""conscientiousness"": 0.5}"
elaborate_prompt_as_pas,agreeableness,low,bfi_21,extraversion,True,3,3,"{""extraversion"": 0.5, ""agreeableness"": 0.4444444444444444, ""neuroticism"": 0.5625, ""openness"": 0.5, ""conscientiousness"": 0.5}"
elaborate_prompt_as_pas,agreeableness,low,bfi_22,agreeableness,False,3,3,"{""extraversion"": 0.5, ""agreeableness"": 0.4444444444444444, ""neuroticism"": 0.5625, ""openness"": 0.5, ""conscientiousness"": 0.5}"
elaborate_prompt_as_pas,agreeableness,low,bfi_23,conscientiousness,True,3,3,"{""extraversion"": 0.5, ""agreeableness"": 0.4444444444444444, ""neuroticism"": 0.5625, ""openness"": 0.5, ""conscientiousness"": 0.5}"
elaborate_prompt_as_pas,agreeableness,low,bfi_24,neuroticism,True,3,3,"{""extraversion"": 0.5, ""agreeableness"": 0.4444444444444444, ""neuroticism"": 0.5625, ""openness"": 0.5, ""conscientiousness"": 0.5}"
elaborate_prompt_as_pas,agreeableness,low,bfi_25,openness,False,3,3,"{""extraversion"": 0.5, ""agreeableness"": 0.4444444444444444, ""neuroticism"": 0.5625, ""openness"": 0.5, ""conscientiousness"": 0.5}"
elaborate_prompt_as_pas,agreeableness,low,bfi_26,extraversion,False,3,3,"{""extraversion"": 0.5, ""agreeableness"": 0.4444444444444444, ""neuroticism"": 0.5625, ""openness"": 0.5, ""conscientiousness"": 0.5}"
elaborate_prompt_as_pas,agreeableness,low,bfi_27,agreeableness,True,4,4,"{""extraversion"": 0.5, ""agreeableness"": 0.4444444444444444, ""neuroticism"": 0.5625, ""openness"": 0.5, ""conscientiousness"": 0.5}"
elaborate_prompt_as_pas,agreeableness,low,bfi_28,conscientiousness,False,3,3,"{""extraversion"": 0.5, ""agreeableness"": 0.4444444444444444, ""neuroticism"": 0.5625, ""openness"": 0.5, ""conscientiousness"": 0.5}"
elaborate_prompt_as_pas,agreeableness,low,bfi_29,neuroticism,False,4,4,"{""extraversion"": 0.5, ""agreeableness"": 0.4444444444444444, ""neuroticism"": 0.5625, ""openness"": 0.5, ""conscientiousness"": 0.5}"
elaborate_prompt_as_pas,agreeableness,low,bfi_30,openness,False,3,3,"{""extraversion"": 0.5, ""agreeableness"": 0.4444444444444444, ""neuroticism"": 0.5625, ""openness"": 0.5, ""conscientiousness"": 0.5}"
elaborate_prompt_as_pas,agreeableness,low,bfi_31,extraversion,True,3,3,"{""extraversion"": 0.5, ""agreeableness"": 0.4444444444444444, ""neuroticism"": 0.5625, ""openness"": 0.5, ""conscientiousness"": 0.5}"
elaborate_prompt_as_pas,agreeableness,low,bfi_32,agreeableness,False,3,3,"{""extraversion"": 0.5, ""agreeableness"": 0.4444444444444444, ""neuroticism"": 0.5625, ""openness"": 0.5, ""conscientiousness"": 0.5}"
elaborate_prompt_as_pas,agreeableness,low,bfi_33,conscientiousness,False,3,3,"{""extraversion"": 0.5, ""agreeableness"": 0.4444444444444444, ""neuroticism"": 0.5625, ""openness"": 0.5, ""conscientiousness"": 0.5}"
elaborate_prompt_as_pas,agreeableness,low,bfi_34,neuroticism,True,4,4,"{""extraversion"": 0.5, ""agreeableness"": 0.4444444444444444, ""neuroticism"": 0.5625, ""openness"": 0.5, ""conscientiousness"": 0.5}"
elaborate_prompt_as_pas,agreeableness,low,bfi_35,openness,True,3,3,"{""extraversion"": 0.5, ""agreeableness"": 0.4444444444444444, ""neuroticism"": 0.5625, ""openness"": 0.5, ""conscientiousness"": 0.5}"
elaborate_prompt_as_pas,agreeableness,low,bfi_36,extraversion,False,3,3,"{""extraversion"": 0.5, ""agreeableness"": 0.4444444444444444, ""neuroticism"": 0.5625, ""openness"": 0.5, ""conscientiousness"": 0.5}"
elaborate_prompt_as_pas,agreeableness,low,bfi_37,agreeableness,True,4,4,"{""extraversion"": 0.5, ""agreeableness"": 0.4444444444444444, ""neuroticism"": 0.5625, ""openness"": 0.5, ""conscientiousness"": 0.5}"
elaborate_prompt_as_pas,agreeableness,low,bfi_38,conscientiousness,False,4,4,"{""extraversion"": 0.5, ""agreeableness"": 0.4444444444444444, ""neuroticism"": 0.5625, ""openness"": 0.5, ""conscientiousness"": 0.5}"
elaborate_prompt_as_pas,agreeableness,low,bfi_39,neuroticism,False,3,3,"{""extraversion"": 0.5, ""agreeableness"": 0.4444444444444444, ""neuroticism"": 0.5625, ""openness"": 0.5, ""conscientiousness"": 0.5}"
elaborate_prompt_as_pas,agreeableness,low,bfi_40,openness,False,3,3,"{""extraversion"": 0.5, ""agreeableness"": 0.4444444444444444, ""neuroticism"": 0.5625, ""openness"": 0.5, ""conscientiousness"": 0.5}"
elaborate_prompt_as_pas,agreeableness,low,bfi_41,openness,True,4,4,"{""extraversion"": 0.5, ""agreeableness"": 0.4444444444444444, ""neuroticism"": 0.5625, ""openness"": 0.5, ""conscientiousness"": 0.5}"
elaborate_prompt_as_pas,agreeableness,low,bfi_42,agreeableness,False,4,4,"{""extraversion"": 0.5, ""agreeableness"": 0.4444444444444444, ""neuroticism"": 0.5625, ""openness"": 0.5, ""conscientiousness"": 0.5}"
elaborate_prompt_as_pas,agreeableness,low,bfi_43,conscientiousness,True,4,4,"{""extraversion"": 0.5, ""agreeableness"": 0.4444444444444444, ""neuroticism"": 0.5625, ""openness"": 0.5, ""conscientiousness"": 0.5}"
elaborate_prompt_as_pas,agreeableness,low,bfi_44,openness,False,3,3,"{""extraversion"": 0.5, ""agreeableness"": 0.4444444444444444, ""neuroticism"": 0.5625, ""openness"": 0.5, ""conscientiousness"": 0.5}"
elaborate_prompt_as_pas,conscientiousness,high,bfi_01,extraversion,False,3,3,"{""extraversion"": 0.5, ""agreeableness"": 0.5, ""neuroticism"": 0.46875, ""openness"": 0.5, ""conscientiousness"": 0.6666666666666666}"
elaborate_prompt_as_pas,conscientiousness,high,bfi_02,agreeableness,True,3,3,"{""extraversion"": 0.5, ""agreeableness"": 0.5, ""neuroticism"": 0.46875, ""openness"": 0.5, ""conscientiousness"": 0.6666666666666666}"
elaborate_prompt_as_pas,conscientiousness,high,bfi_03,conscientiousness,False,5,5,"{""extraversion"": 0.5, ""agreeableness"": 0.5, ""neuroticism"": 0.46875, ""openness"": 0.5, ""conscientiousness"": 0.6666666666666666}"
elaborate_prompt_as_pas,conscientiousness,high,bfi_04,neuroticism,False,3,3,"{""extraversion"": 0.5, ""agreeableness"": 0.5, ""neuroticism"": 0.46875, ""openness"": 0.5, ""conscientiousness"": 0.6666666666666666}"
elaborate_prompt_as_pas,conscientiousness,high,bfi_05,openness,False,3,3,"{""extraversion"": 0.5, ""agreeableness"": 0.5, ""neuroticism"": 0.46875, ""openness"": 0.5, ""conscientiousness"": 0.6666666666666666}"
elaborate_prompt_as_pas,conscientiousness,high,bfi_06,extraversion,True,3,3,"{""extraversion"": 0.5, ""agreeableness"": 0.5, ""neuroticism"": 0.46875, ""openness"": 0.5, ""conscientiousness"": 0.6666666666666666}"
elaborate_prompt_as_pas,conscientiousness,high,bfi_07,agreeableness,False,3,3,"{""extraversion"": 0.5, ""agreeableness"": 0.5, ""neuroticism"": 0.46875, ""openness"": 0.5, ""conscientiousness"": 0.6666666666666666}"
elaborate_prompt_as_pas,conscientiousness,high,bfi_08,conscientiousness,True,3,3,"{""extraversion"": 0.5, ""agreeableness"": 0.5, ""neuroticism"": 0.46875, ""openness"": 0.5, ""conscientiousness"": 0.6666666666666666}"
elaborate_prompt_as_pas,conscientiousness,high,bfi_09,neuroticism,True,3,3,"{""extraversion"": 0.5, ""agreeableness"": 0.5, ""neuroticism"": 0.46875, ""openness"": 0.5, ""conscientiousness"": 0.6666666666666666}"
elaborate_prompt_as_pas,conscientiousness,high,bfi_10,openness,False,3,3,"{""extraversion"": 0.5, ""agreeableness"": 0.5, ""neuroticism"": 0.46875, ""openness"": 0.5, ""conscientiousness"": 0.6666666666666666}"
elaborate_prompt_as_pas,conscientiousness,high,bfi_11,extraversion,False,3,3,"{""extraversion"": 0.5, ""agreeableness"": 0.5, ""neuroticism"": 0.46875, ""openness"": 0.5, ""conscientiousness"": 0.6666666666666666}"
elaborate_prompt_as_pas,conscientiousness,high,bfi_12,agreeableness,True,3,3,"{""extraversion"": 0.5, ""agreeableness"": 0.5, ""neuroticism"": 0.46875, ""openness"": 0.5, ""conscientiousness"": 0.6666666666666666}"
elaborate_prompt_as_pas,conscientiousness,high,bfi_13,conscientiousness,False,5,5,"{""extraversion"": 0.5, ""agreeableness"": 0.5, ""neuroticism"": 0.46875, ""openness"": 0.5, ""conscientiousness"": 0.6666666666666666}"
elaborate_prompt_as_pas,conscientiousness,high,bfi_14,neuroticism,False,3,3,"{""extraversion"": 0.5, ""agreeableness"": 0.5, ""neuroticism"": 0.46875, ""openness"": 0.5, ""conscientiousness"": 0.6666666666666666}"
elaborate_prompt_as_pas,conscientiousness,high,bfi_15,openness,False,3,3,"{""extraversion"": 0.5, ""agreeableness"": 0.5, ""neuroticism"": 0.46875, ""openness"": 0.5, ""conscientiousness"": 0.6666666666666666}"
elaborate_prompt_as_pas,conscientiousness,high,bfi_16,extraversion,False,3,3,"{""extraversion"": 0.5, ""agreeableness"": 0.5, ""neuroticism"": 0.46875, ""openness"": 0.5, ""conscientiousness"": 0.6666666666666666}"
elaborate_prompt_as_pas,conscientiousness,high,bfi_17,agreeableness,False,3,3,"{""extraversion"": 0.5, ""agreeableness"": 0.5, ""neuroticism"": 0.46875, ""openness"": 0.5, ""conscientiousness"": 0.6666666666666666}"
elaborate_prompt_as_pas,conscientiousness,high,bfi_18,conscientiousness,True,3,3,"{""extraversion"": 0.5, ""agreeableness"": 0.5, ""neuroticism"": 0.46875, ""openness"": 0.5, ""conscientiousness"": 0.6666666666666666}"
elaborate_prompt_as_pas,conscientiousness,high,bfi_19,neuroticism,False,3,3,"{""extraversion"": 0.5, ""agreeableness"": 0.5, ""neuroticism"": 0.46875, ""openness"": 0.5, ""conscientiousness"": 0.6666666666666666}"
elaborate_prompt_as_pas,conscientiousness,high,bfi_20,openness,False,3,3,"{""extraversion"": 0.5, ""agreeableness"": 0.5, ""neuroticism"": 0.46875, ""openness"": 0.5, ""conscientiousness"": 0.6666666666666666}"
elaborate_prompt_as_pas,conscientiousness,high,bfi_21,extraversion,True,3,3,"{""extraversion"": 0.5, ""agreeableness"": 0.5, ""neuroticism"": 0.46875, ""openness"": 0.5, ""conscientiousness"": 0.6666666666666666}"
elaborate_prompt_as_pas,conscientiousness,high,bfi_22,agreeableness,False,3,3,"{""extraversion"": 0.5, ""agreeableness"": 0.5, ""neuroticism"": 0.46875, ""openness"": 0.5, ""conscientiousness"": 0.6666666666666666}"
elaborate_prompt_as_pas,conscientiousness,high,bfi_23,conscientiousness,True,5,5,"{""extraversion"": 0.5, ""agreeableness"": 0.5, ""neuroticism"": 0.46875, ""openness"": 0.5, ""conscientiousness"": 0.6666666666666666}"
elaborate_prompt_as_pas,conscientiousness,high,bfi_24,neuroticism,True,4,4,"{""extraversion"": 0.5, ""agreeableness"": 0.5, ""neuroticism"": 0.46875, ""openness"": 0.5, ""conscientiousness"": 0.6666666666666666}"
elaborate_prompt_as_pas,conscientiousness,high,bfi_25,openness,False,3,3,"{""extraversion"": 0.5, ""agreeableness"": 0.5, ""neuroticism"": 0.46875, ""openness"": 0.5, ""conscientiousness"": 0.6666666666666666}"
elaborate_prompt_as_pas,conscientiousness,high,bfi_26,extraversion,False,3,3,"{""extraversion"": 0.5, ""agreeableness"": 0.5, ""neuroticism"": 0.46875, ""openness"": 0.5, ""conscientiousness"": 0.6666666666666666}"
elaborate_prompt_as_pas,conscientiousness,high,bfi_27,agreeableness,True,3,3,"{""extraversion"": 0.5, ""agreeableness"": 0.5, ""neuroticism"": 0.46875, ""openness"": 0.5, ""conscientiousness"": 0.6666666666666666}"
elaborate_prompt_as_pas,conscientiousness,high,bfi_28,conscientiousness,False,5,5,"{""extraversion"": 0.5, ""agreeableness"": 0.5, ""neuroticism"": 0.46875, ""openness"": 0.5, ""conscientiousness"": 0.6666666666666666}"
elaborate_prompt_as_pas,conscientiousness,high,bfi_29,neuroticism,False,3,3,"{""extraversion"": 0.5, ""agreeableness"": 0.5, ""neuroticism"": 0.46875, ""openness"": 0.5, ""conscientiousness"": 0.6666666666666666}"
elaborate_prompt_as_pas,conscientiousness,high,bfi_30,openness,False,3,3,"{""extraversion"": 0.5, ""agreeableness"": 0.5, ""neuroticism"": 0.46875, ""openness"": 0.5, ""conscientiousness"": 0.6666666666666666}"
elaborate_prompt_as_pas,conscientiousness,high,bfi_31,extraversion,True,3,3,"{""extraversion"": 0.5, ""agreeableness"": 0.5, ""neuroticism"": 0.46875, ""openness"": 0.5, ""conscientiousness"": 0.6666666666666666}"
elaborate_prompt_as_pas,conscientiousness,high,bfi_32,agreeableness,False,3,3,"{""extraversion"": 0.5, ""agreeableness"": 0.5, ""neuroticism"": 0.46875, ""openness"": 0.5, ""conscientiousness"": 0.6666666666666666}"
elaborate_prompt_as_pas,conscientiousness,high,bfi_33,conscientiousness,False,3,3,"{""extraversion"": 0.5, ""agreeableness"": 0.5, ""neuroticism"": 0.46875, ""openness"": 0.5, ""conscientiousness"": 0.6666666666666666}"
elaborate_prompt_as_pas,conscientiousness,high,bfi_34,neuroticism,True,3,3,"{""extraversion"": 0.5, ""agreeableness"": 0.5, ""neuroticism"": 0.46875, ""openness"": 0.5, ""conscientiousness"": 0.6666666666666666}"
elaborate_prompt_as_pas,conscientiousness,high,bfi_35,openness,True,3,3,"{""extraversion"": 0.5, ""agreeableness"": 0.5, ""neuroticism"": 0.46875, ""openness"": 0.5, ""conscientiousness"": 0.6666666666666666}"
elaborate_prompt_as_pas,conscientiousness,high,bfi_36,extraversion,False,3,3,"{""extraversion"": 0.5, ""agreeableness"": 0.5, ""neuroticism"": 0.46875, ""openness"": 0.5, ""conscientiousness"": 0.6666666666666666}"
elaborate_prompt_as_pas,conscientiousness,high,bfi_37,agreeableness,True,3,3,"{""extraversion"": 0.5, ""agreeableness"": 0.5, ""neuroticism"": 0.46875, ""openness"": 0.5, ""conscientiousness"": 0.6666666666666666}"
elaborate_prompt_as_pas,conscientiousness,high,bfi_38,conscientiousness,False,5,5,"{""extraversion"": 0.5, ""agreeableness"": 0.5, ""neuroticism"": 0.46875, ""openness"": 0.5, ""conscientiousness"": 0.6666666666666666}"
elaborate_prompt_as_pas,conscientiousness,high,bfi_39,neuroticism,False,3,3,"{""extraversion"": 0.5, ""agreeableness"": 0.5, ""neuroticism"": 0.46875, ""openness"": 0.5, ""conscientiousness"": 0.6666666666666666}"
elaborate_prompt_as_pas,conscientiousness,high,bfi_40,openness,False,3,3,"{""extraversion"": 0.5, ""agreeableness"": 0.5, ""neuroticism"": 0.46875, ""openness"": 0.5, ""conscientiousness"": 0.6666666666666666}"
elaborate_prompt_as_pas,conscientiousness,high,bfi_41,openness,True,3,3,"{""extraversion"": 0.5, ""agreeableness"": 0.5, ""neuroticism"": 0.46875, ""openness"": 0.5, ""conscientiousness"": 0.6666666666666666}"
elaborate_prompt_as_pas,conscientiousness,high,bfi_42,agreeableness,False,3,3,"{""extraversion"": 0.5, ""agreeableness"": 0.5, ""neuroticism"": 0.46875, ""openness"": 0.5, ""conscientiousness"": 0.6666666666666666}"
elaborate_prompt_as_pas,conscientiousness,high,bfi_43,conscientiousness,True,3,3,"{""extraversion"": 0.5, ""agreeableness"": 0.5, ""neuroticism"": 0.46875, ""openness"": 0.5, ""conscientiousness"": 0.6666666666666666}"
elaborate_prompt_as_pas,conscientiousness,high,bfi_44,openness,False,3,3,"{""extraversion"": 0.5, ""agreeableness"": 0.5, ""neuroticism"": 0.46875, ""openness"": 0.5, ""conscientiousness"": 0.6666666666666666}"
elaborate_prompt_as_pas,conscientiousness,low,bfi_01,extraversion,False,3,3,"{""extraversion"": 0.5, ""agreeableness"": 0.4722222222222222, ""neuroticism"": 0.53125, ""openness"": 0.6, ""conscientiousness"": 0.5555555555555556}"
elaborate_prompt_as_pas,conscientiousness,low,bfi_02,agreeableness,True,3,3,"{""extraversion"": 0.5, ""agreeableness"": 0.4722222222222222, ""neuroticism"": 0.53125, ""openness"": 0.6, ""conscientiousness"": 0.5555555555555556}"
elaborate_prompt_as_pas,conscientiousness,low,bfi_03,conscientiousness,False,4,4,"{""extraversion"": 0.5, ""agreeableness"": 0.4722222222222222, ""neuroticism"": 0.53125, ""openness"": 0.6, ""conscientiousness"": 0.5555555555555556}"
elaborate_prompt_as_pas,conscientiousness,low,bfi_04,neuroticism,False,3,3,"{""extraversion"": 0.5, ""agreeableness"": 0.4722222222222222, ""neuroticism"": 0.53125, ""openness"": 0.6, ""conscientiousness"": 0.5555555555555556}"
elaborate_prompt_as_pas,conscientiousness,low,bfi_05,openness,False,3,3,"{""extraversion"": 0.5, ""agreeableness"": 0.4722222222222222, ""neuroticism"": 0.53125, ""openness"": 0.6, ""conscientiousness"": 0.5555555555555556}"
elaborate_prompt_as_pas,conscientiousness,low,bfi_06,extraversion,True,4,4,"{""extraversion"": 0.5, ""agreeableness"": 0.4722222222222222, ""neuroticism"": 0.53125, ""openness"": 0.6, ""conscientiousness"": 0.5555555555555556}"
elaborate_prompt_as_pas,conscientiousness,low,bfi_07,agreeableness,False,3,3,"{""extraversion"": 0.5, ""agreeableness"": 0.4722222222222222, ""neuroticism"": 0.53125, ""openness"": 0.6, ""conscientiousness"": 0.5555555555555556}"
elaborate_prompt_as_pas,conscientiousness,low,bfi_08,conscientiousness,True,4,4,"{""extraversion"": 0.5, ""agreeableness"": 0.4722222222222222, ""neuroticism"": 0.53125, ""openness"": 0.6, ""conscientiousness"": 0.5555555555555556}"
elaborate_prompt_as_pas,conscientiousness,low,bfi_09,neuroticism,True,4,4,"{""extraversion"": 0.5, ""agreeableness"": 0.4722222222222222, ""neuroticism"": 0.53125, ""openness"": 0.6, ""conscientiousness"": 0.5555555555555556}"
elaborate_prompt_as_pas,conscientiousness,low,bfi_10,openness,False,3,3,"{""extraversion"": 0.5, ""agreeableness"": 0.4722222222222222, ""neuroticism"": 0.53125, ""openness"": 0.6, ""conscientiousness"": 0.5555555555555556}"
elaborate_prompt_as_pas,conscientiousness,low,bfi_11,extraversion,False,4,4,"{""extraversion"": 0.5, ""agreeableness"": 0.4722222222222222, ""neuroticism"": 0.53125, ""openness"": 0.6, ""conscientiousness"": 0.5555555555555556}"
elaborate_prompt_as_pas,conscientiousness,low,bfi_12,agreeableness,True,3,3,"{""extraversion"": 0.5, ""agreeableness"": 0.4722222222222222, ""neuroticism"": 0.53125, ""openness"": 0.6, ""conscientiousness"": 0.5555555555555556}"
elaborate_prompt_as_pas,conscientiousness,low,bfi_13,conscientiousness,False,4,4,"{""extraversion"": 0.5, ""agreeableness"": 0.4722222222222222, ""neuroticism"": 0.53125, ""openness"": 0.6, ""conscientiousness"": 0.5555555555555556}"
elaborate_prompt_as_pas,conscientiousness,low,bfi_14,neuroticism,False,3,3,"{""extraversion"": 0.5, ""agreeableness"": 0.4722222222222222, ""neuroticism"": 0.53125, ""openness"": 0.6, ""conscientiousness"": 0.5555555555555556}"
elaborate_prompt_as_pas,conscientiousness,low,bfi_15,openness,False,3,3,"{""extraversion"": 0.5, ""agreeableness"": 0.4722222222222222, ""neuroticism"": 0.53125, ""openness"": 0.6, ""conscientiousness"": 0.5555555555555556}"
elaborate_prompt_as_pas,conscientiousness,low,bfi_16,extraversion,False,4,4,"{""extraversion"": 0.5, ""agreeableness"": 0.4722222222222222, ""neuroticism"": 0.53125, ""openness"": 0.6, ""conscientiousness"": 0.5555555555555556}"
elaborate_prompt_as_pas,conscientiousness,low,bfi_17,agreeableness,False,3,3,"{""extraversion"": 0.5, ""agreeableness"": 0.4722222222222222, ""neuroticism"": 0.53125, ""openness"": 0.6, ""conscientiousness"": 0.5555555555555556}"
elaborate_prompt_as_pas,conscientiousness,low,bfi_18,conscientiousness,True,4,4,"{""extraversion"": 0.5, ""agreeableness"": 0.4722222222222222, ""neuroticism"": 0.53125, ""openness"": 0.6, ""conscientiousness"": 0.5555555555555556}"
elaborate_prompt_as_pas,conscientiousness,low,bfi_19,neuroticism,False,4,4,"{""extraversion"": 0.5, ""agreeableness"": 0.4722222222222222, ""neuroticism"": 0.53125, ""openness"": 0.6, ""conscientiousness"": 0.5555555555555556}"
elaborate_prompt_as_pas,conscientiousness,low,bfi_20,openness,False,4,4,"{""extraversion"": 0.5, ""agreeableness"": 0.4722222222222222, ""neuroticism"": 0.53125, ""openness"": 0.6, ""conscientiousness"": 0.5555555555555556}"
elaborate_prompt_as_pas,conscientiousness,low,bfi_21,extraversion,True,4,4,"{""extraversion"": 0.5, ""agreeableness"": 0.4722222222222222, ""neuroticism"": 0.53125, ""openness"": 0.6, ""conscientiousness"": 0.5555555555555556}"
elaborate_prompt_as_pas,conscientiousness,low,bfi_22,agreeableness,False,3,3,"{""extraversion"": 0.5, ""agreeableness"": 0.4722222222222222, ""neuroticism"": 0.53125, ""openness"": 0.6, ""conscientiousness"": 0.5555555555555556}"
elaborate_prompt_as_pas,conscientiousness,low,bfi_23,conscientiousness,True,3,3,"{""extraversion"": 0.5, ""agreeableness"": 0.4722222222222222, ""neuroticism"": 0.53125, ""openness"": 0.6, ""conscientiousness"": 0.5555555555555556}"
elaborate_prompt_as_pas,conscientiousness,low,bfi_24,neuroticism,True,3,3,"{""extraversion"": 0.5, ""agreeableness"": 0.4722222222222222, ""neuroticism"": 0.53125, ""openness"": 0.6, ""conscientiousness"": 0.5555555555555556}"
elaborate_prompt_as_pas,conscientiousness,low,bfi_25,openness,False,4,4,"{""extraversion"": 0.5, ""agreeableness"": 0.4722222222222222, ""neuroticism"": 0.53125, ""openness"": 0.6, ""conscientiousness"": 0.5555555555555556}"
elaborate_prompt_as_pas,conscientiousness,low,bfi_26,extraversion,False,3,3,"{""extraversion"": 0.5, ""agreeableness"": 0.4722222222222222, ""neuroticism"": 0.53125, ""openness"": 0.6, ""conscientiousness"": 0.5555555555555556}"
elaborate_prompt_as_pas,conscientiousness,low,bfi_27,agreeableness,True,4,4,"{""extraversion"": 0.5, ""agreeableness"": 0.4722222222222222, ""neuroticism"": 0.53125, ""openness"": 0.6, ""conscientiousness"": 0.5555555555555556}"
elaborate_prompt_as_pas,conscientiousness,low,bfi_28,conscientiousness,False,4,4,"{""extraversion"": 0.5, ""agreeableness"": 0.4722222222222222, ""neuroticism"": 0.53125, ""openness"": 0.6, ""conscientiousness"": 0.5555555555555556}"
elaborate_prompt_as_pas,conscientiousness,low,bfi_29,neuroticism,False,4,4,"{""extraversion"": 0.5, ""agreeableness"": 0.4722222222222222, ""neuroticism"": 0.53125, ""openness"": 0.6, ""conscientiousness"": 0.5555555555555556}"
elaborate_prompt_as_pas,conscientiousness,low,bfi_30,openness,False,4,4,"{""extraversion"": 0.5, ""agreeableness"": 0.4722222222222222, ""neuroticism"": 0.53125, ""openness"": 0.6, ""conscientiousness"": 0.5555555555555556}"
elaborate_prompt_as_pas,conscientiousness,low,bfi_31,extraversion,True,3,3,"{""extraversion"": 0.5, ""agreeableness"": 0.4722222222222222, ""neuroticism"": 0.53125, ""openness"": 0.6, ""conscientiousness"": 0.5555555555555556}"
elaborate_prompt_as_pas,conscientiousness,low,bfi_32,agreeableness,False,3,3,"{""extraversion"": 0.5, ""agreeableness"": 0.4722222222222222, ""neuroticism"": 0.53125, ""openness"": 0.6, ""conscientiousness"": 0.5555555555555556}"
elaborate_prompt_as_pas,conscientiousness,low,bfi_33,conscientiousness,False,3,3,"{""extraversion"": 0.5, ""agreeableness"": 0.4722222222222222, ""neuroticism"": 0.53125, ""openness"": 0.6, ""conscientiousness"": 0.5555555555555556}"
elaborate_prompt_as_pas,conscientiousness,low,bfi_34,neuroticism,True,3,3,"{""extraversion"": 0.5, ""agreeableness"": 0.4722222222222222, ""neuroticism"": 0.53125, ""openness"": 0.6, ""conscientiousness"": 0.5555555555555556}"
elaborate_prompt_as_pas,conscientiousness,low,bfi_35,openness,True,3,3,"{""extraversion"": 0.5, ""agreeableness"": 0.4722222222222222, ""neuroticism"": 0.53125, ""openness"": 0.6, ""conscientiousness"": 0.5555555555555556}"
elaborate_prompt_as_pas,conscientiousness,low,bfi_36,extraversion,False,3,3,"{""extraversion"": 0.5, ""agreeableness"": 0.4722222222222222, ""neuroticism"": 0.53125, ""openness"": 0.6, ""conscientiousness"": 0.5555555555555556}"
elaborate_prompt_as_pas,conscientiousness,low,bfi_37,agreeableness,True,3,3,"{""extraversion"": 0.5, ""agreeableness"": 0.4722222222222222, ""neuroticism"": 0.53125, ""openness"": 0.6, ""conscientiousness"": 0.5555555555555556}"
elaborate_prompt_as_pas,conscientiousness,low,bfi_38,conscientiousness,False,4,4,"{""extraversion"": 0.5, ""agreeableness"": 0.4722222222222222, ""neuroticism"": 0.53125, ""openness"": 0.6, ""conscientiousness"": 0.5555555555555556}"
elaborate_prompt_as_pas,conscientiousness,low,bfi_39,neuroticism,False,3,3,"{""extraversion"": 0.5, ""agreeableness"": 0.4722222222222222, ""neuroticism"": 0.53125, ""openness"": 0.6, ""conscientiousness"": 0.5555555555555556}"
elaborate_prompt_as_pas,conscientiousness,low,bfi_40,openness,False,4,4,"{""extraversion"": 0.5, ""agreeableness"": 0.4722222222222222, ""neuroticism"": 0.53125, ""openness"": 0.6, ""conscientiousness"": 0.5555555555555556}"
elaborate_prompt_as_pas,conscientiousness,low,bfi_41,openness,True,3,3,"{""extraversion"": 0.5, ""agreeableness"": 0.4722222222222222, ""neuroticism"": 0.53125, ""openness"": 0.6, ""conscientiousness"": 0.5555555555555556}"
elaborate_prompt_as_pas,conscientiousness,low,bfi_42,agreeableness,False,3,3,"{""extraversion"": 0.5, ""agreeableness"": 0.4722222222222222, ""neuroticism"": 0.53125, ""openness"": 0.6, ""conscientiousness"": 0.5555555555555556}"
elaborate_prompt_as_pas,conscientiousness,low,bfi_43,conscientiousness,True,3,3,"{""extraversion"": 0.5, ""agreeableness"": 0.4722222222222222, ""neuroticism"": 0.53125, ""openness"": 0.6, ""conscientiousness"": 0.5555555555555556}"
elaborate_prompt_as_pas,conscientiousness,low,bfi_44,openness,False,3,3,"{""extraversion"": 0.5, ""agreeableness"": 0.4722222222222222, ""neuroticism"": 0.53125, ""openness"": 0.6, ""conscientiousness"": 0.5555555555555556}"
elaborate_prompt_as_pas,neuroticism,high,bfi_01,extraversion,False,3,3,"{""extraversion"": 0.3125, ""agreeableness"": 0.5555555555555556, ""neuroticism"": 0.78125, ""openness"": 0.5, ""conscientiousness"": 0.3888888888888889}"
elaborate_prompt_as_pas,neuroticism,high,bfi_02,agreeableness,True,3,3,"{""extraversion"": 0.3125, ""agreeableness"": 0.5555555555555556, ""neuroticism"": 0.78125, ""openness"": 0.5, ""conscientiousness"": 0.3888888888888889}"
elaborate_prompt_as_pas,neuroticism,high,bfi_03,conscientiousness,False,1,1,"{""extraversion"": 0.3125, ""agreeableness"": 0.5555555555555556, ""neuroticism"": 0.78125, ""openness"": 0.5, ""conscientiousness"": 0.3888888888888889}"
elaborate_prompt_as_pas,neuroticism,high,bfi_04,neuroticism,False,5,5,"{""extraversion"": 0.3125, ""agreeableness"": 0.5555555555555556, ""neuroticism"": 0.78125, ""openness"": 0.5, ""conscientiousness"": 0.3888888888888889}"
elaborate_prompt_as_pas,neuroticism,high,bfi_05,openness,False,3,3,"{""extraversion"": 0.3125, ""agreeableness"": 0.5555555555555556, ""neuroticism"": 0.78125, ""openness"": 0.5, ""conscientiousness"": 0.3888888888888889}"
elaborate_prompt_as_pas,neuroticism,high,bfi_06,extraversion,True,3,3,"{""extraversion"": 0.3125, ""agreeableness"": 0.5555555555555556, ""neuroticism"": 0.78125, ""openness"": 0.5, ""conscientiousness"": 0.3888888888888889}"
elaborate_prompt_as_pas,neuroticism,high,bfi_07,agreeableness,False,1,1,"{""extraversion"": 0.3125, ""agreeableness"": 0.5555555555555556, ""neuroticism"": 0.78125, ""openness"": 0.5, ""conscientiousness"": 0.3888888888888889}"
elaborate_prompt_as_pas,neuroticism,high,bfi_08,conscientiousness,True,3,3,"{""extraversion"": 0.3125, ""agreeableness"": 0.5555555555555556, ""neuroticism"": 0.78125, ""openness"": 0.5, ""conscientiousness"": 0.3888888888888889}"
elaborate_prompt_as_pas,neuroticism,high,bfi_09,neuroticism,True,3,3,"{""extraversion"": 0.3125, ""agreeableness"": 0.5555555555555556, ""neuroticism"": 0.78125, ""openness"": 0.5, ""conscientiousness"": 0.3888888888888889}"
elaborate_prompt_as_pas,neuroticism,high,bfi_10,openness,False,3,3,"{""extraversion"": 0.3125, ""agreeableness"": 0.5555555555555556, ""neuroticism"": 0.78125, ""openness"": 0.5, ""conscientiousness"": 0.3888888888888889}"
elaborate_prompt_as_pas,neuroticism,high,bfi_11,extraversion,False,1,1,"{""extraversion"": 0.3125, ""agreeableness"": 0.5555555555555556, ""neuroticism"": 0.78125, ""openness"": 0.5, ""conscientiousness"": 0.3888888888888889}"
elaborate_prompt_as_pas,neuroticism,high,bfi_12,agreeableness,True,1,1,"{""extraversion"": 0.3125, ""agreeableness"": 0.5555555555555556, ""neuroticism"": 0.78125, ""openness"": 0.5, ""conscientiousness"": 0.3888888888888889}"
elaborate_prompt_as_pas,neuroticism,high,bfi_13,conscientiousness,False,3,3,"{""extraversion"": 0.3125, ""agreeableness"": 0.5555555555555556, ""neuroticism"": 0.78125, ""openness"": 0.5, ""conscientiousness"": 0.3888888888888889}"
elaborate_prompt_as_pas,neuroticism,high,bfi_14,neuroticism,False,4,4,"{""extraversion"": 0.3125, ""agreeableness"": 0.5555555555555556, ""neuroticism"": 0.78125, ""openness"": 0.5, ""conscientiousness"": 0.3888888888888889}"
elaborate_prompt_as_pas,neuroticism,high,bfi_15,openness,False,3,3,"{""extraversion"": 0.3125, ""agreeableness"": 0.5555555555555556, ""neuroticism"": 0.78125, ""openness"": 0.5, ""conscientiousness"": 0.3888888888888889}"
elaborate_prompt_as_pas,neuroticism,high,bfi_16,extraversion,False,1,1,"{""extraversion"": 0.3125, ""agreeableness"": 0.5555555555555556, ""neuroticism"": 0.78125, ""openness"": 0.5, ""conscientiousness"": 0.3888888888888889}"
elaborate_prompt_as_pas,neuroticism,high,bfi_17,agreeableness,False,3,3,"{""extraversion"": 0.3125, ""agreeableness"": 0.5555555555555556, ""neuroticism"": 0.78125, ""openness"": 0.5, ""conscientiousness"": 0.3888888888888889}"
elaborate_prompt_as_pas,neuroticism,high,bfi_18,conscientiousness,True,4,4,"{""extraversion"": 0.3125, ""agreeableness"": 0.5555555555555556, ""neuroticism"": 0.78125, ""openness"": 0.5, ""conscientiousness"": 0.3888888888888889}"
elaborate_prompt_as_pas,neuroticism,high,bfi_19,neuroticism,False,5,5,"{""extraversion"": 0.3125, ""agreeableness"": 0.5555555555555556, ""neuroticism"": 0.78125, ""openness"": 0.5, ""conscientiousness"": 0.3888888888888889}"
elaborate_prompt_as_pas,neuroticism,high,bfi_20,openness,False,3,3,"{""extraversion"": 0.3125, ""agreeableness"": 0.5555555555555556, ""neuroticism"": 0.78125, ""openness"": 0.5, ""conscientiousness"": 0.3888888888888889}"
elaborate_prompt_as_pas,neuroticism,high,bfi_21,extraversion,True,3,3,"{""extraversion"": 0.3125, ""agreeableness"": 0.5555555555555556, ""neuroticism"": 0.78125, ""openness"": 0.5, ""conscientiousness"": 0.3888888888888889}"
elaborate_prompt_as_pas,neuroticism,high,bfi_22,agreeableness,False,3,3,"{""extraversion"": 0.3125, ""agreeableness"": 0.5555555555555556, ""neuroticism"": 0.78125, ""openness"": 0.5, ""conscientiousness"": 0.3888888888888889}"
elaborate_prompt_as_pas,neuroticism,high,bfi_23,conscientiousness,True,3,3,"{""extraversion"": 0.3125, ""agreeableness"": 0.5555555555555556, ""neuroticism"": 0.78125, ""openness"": 0.5, ""conscientiousness"": 0.3888888888888889}"
elaborate_prompt_as_pas,neuroticism,high,bfi_24,neuroticism,True,3,3,"{""extraversion"": 0.3125, ""agreeableness"": 0.5555555555555556, ""neuroticism"": 0.78125, ""openness"": 0.5, ""conscientiousness"": 0.3888888888888889}"
elaborate_prompt_as_pas,neuroticism,high,bfi_25,openness,False,3,3,"{""extraversion"": 0.3125, ""agreeableness"": 0.5555555555555556, ""neuroticism"": 0.78125, ""openness"": 0.5, ""conscientiousness"": 0.3888888888888889}"
elaborate_prompt_as_pas,neuroticism,high,bfi_26,extraversion,False,1,1,"{""extraversion"": 0.3125, ""agreeableness"": 0.5555555555555556, ""neuroticism"": 0.78125, ""openness"": 0.5, ""conscientiousness"": 0.3888888888888889}"
elaborate_prompt_as_pas,neuroticism,high,bfi_27,agreeableness,True,1,1,"{""extraversion"": 0.3125, ""agreeableness"": 0.5555555555555556, ""neuroticism"": 0.78125, ""openness"": 0.5, ""conscientiousness"": 0.3888888888888889}"
elaborate_prompt_as_pas,neuroticism,high,bfi_28,conscientiousness,False,3,3,"{""extraversion"": 0.3125, ""agreeableness"": 0.5555555555555556, ""neuroticism"": 0.78125, ""openness"": 0.5, ""conscientiousness"": 0.3888888888888889}"
elaborate_prompt_as_pas,neuroticism,high,bfi_29,neuroticism,False,5,5,"{""extraversion"": 0.3125, ""agreeableness"": 0.5555555555555556, ""neuroticism"": 0.78125, ""openness"": 0.5, ""conscientiousness"": 0.3888888888888889}"
elaborate_prompt_as_pas,neuroticism,high,bfi_30,openness,False,3,3,"{""extraversion"": 0.3125, ""agreeableness"": 0.5555555555555556, ""neuroticism"": 0.78125, ""openness"": 0.5, ""conscientiousness"": 0.3888888888888889}"
elaborate_prompt_as_pas,neuroticism,high,bfi_31,extraversion,True,3,3,"{""extraversion"": 0.3125, ""agreeableness"": 0.5555555555555556, ""neuroticism"": 0.78125, ""openness"": 0.5, ""conscientiousness"": 0.3888888888888889}"
elaborate_prompt_as_pas,neuroticism,high,bfi_32,agreeableness,False,1,1,"{""extraversion"": 0.3125, ""agreeableness"": 0.5555555555555556, ""neuroticism"": 0.78125, ""openness"": 0.5, ""conscientiousness"": 0.3888888888888889}"
elaborate_prompt_as_pas,neuroticism,high,bfi_33,conscientiousness,False,3,3,"{""extraversion"": 0.3125, ""agreeableness"": 0.5555555555555556, ""neuroticism"": 0.78125, ""openness"": 0.5, ""conscientiousness"": 0.3888888888888889}"
elaborate_prompt_as_pas,neuroticism,high,bfi_34,neuroticism,True,3,3,"{""extraversion"": 0.3125, ""agreeableness"": 0.5555555555555556, ""neuroticism"": 0.78125, ""openness"": 0.5, ""conscientiousness"": 0.3888888888888889}"
elaborate_prompt_as_pas,neuroticism,high,bfi_35,openness,True,3,3,"{""extraversion"": 0.3125, ""agreeableness"": 0.5555555555555556, ""neuroticism"": 0.78125, ""openness"": 0.5, ""conscientiousness"": 0.3888888888888889}"
elaborate_prompt_as_pas,neuroticism,high,bfi_36,extraversion,False,3,3,"{""extraversion"": 0.3125, ""agreeableness"": 0.5555555555555556, ""neuroticism"": 0.78125, ""openness"": 0.5, ""conscientiousness"": 0.3888888888888889}"
elaborate_prompt_as_pas,neuroticism,high,bfi_37,agreeableness,True,1,1,"{""extraversion"": 0.3125, ""agreeableness"": 0.5555555555555556, ""neuroticism"": 0.78125, ""openness"": 0.5, ""conscientiousness"": 0.3888888888888889}"
elaborate_prompt_as_pas,neuroticism,high,bfi_38,conscientiousness,False,3,3,"{""extraversion"": 0.3125, ""agreeableness"": 0.5555555555555556, ""neuroticism"": 0.78125, ""openness"": 0.5, ""conscientiousness"": 0.3888888888888889}"
elaborate_prompt_as_pas,neuroticism,high,bfi_39,neuroticism,False,5,5,"{""extraversion"": 0.3125, ""agreeableness"": 0.5555555555555556, ""neuroticism"": 0.78125, ""openness"": 0.5, ""conscientiousness"": 0.3888888888888889}"
elaborate_prompt_as_pas,neuroticism,high,bfi_40,openness,False,3,3,"{""extraversion"": 0.3125, ""agreeableness"": 0.5555555555555556, ""neuroticism"": 0.78125, ""openness"": 0.5, ""conscientiousness"": 0.3888888888888889}"
elaborate_prompt_as_pas,neuroticism,high,bfi_41,openness,True,3,3,"{""extraversion"": 0.3125, ""agreeableness"": 0.5555555555555556, ""neuroticism"": 0.78125, ""openness"": 0.5, ""conscientiousness"": 0.3888888888888889}"
elaborate_prompt_as_pas,neuroticism,high,bfi_42,agreeableness,False,3,3,"{""extraversion"": 0.3125, ""agreeableness"": 0.5555555555555556, ""neuroticism"": 0.78125, ""openness"": 0.5, ""conscientiousness"": 0.3888888888888889}"
elaborate_prompt_as_pas,neuroticism,high,bfi_43,conscientiousness,True,4,4,"{""extraversion"": 0.3125, ""agreeableness"": 0.5555555555555556, ""neuroticism"": 0.78125, ""openness"": 0.5, ""conscientiousness"": 0.3888888888888889}"
elaborate_prompt_as_pas,neuroticism,high,bfi_44,openness,False,3,3,"{""extraversion"": 0.3125, ""agreeableness"": 0.5555555555555556, ""neuroticism"": 0.78125, ""openness"": 0.5, ""conscientiousness"": 0.3888888888888889}"
elaborate_prompt_as_pas,neuroticism,low,bfi_01,extraversion,False,3,3,"{""extraversion"": 0.5, ""agreeableness"": 0.5555555555555556, ""neuroticism"": 0.375, ""openness"": 0.5, ""conscientiousness"": 0.5555555555555556}"
elaborate_prompt_as_pas,neuroticism,low,bfi_02,agreeableness,True,3,3,"{""extraversion"": 0.5, ""agreeableness"": 0.5555555555555556, ""neuroticism"": 0.375, ""openness"": 0.5, ""conscientiousness"": 0.5555555555555556}"
elaborate_prompt_as_pas,neuroticism,low,bfi_03,conscientiousness,False,3,3,"{""extraversion"": 0.5, ""agreeableness"": 0.5555555555555556, ""neuroticism"": 0.375, ""openness"": 0.5, ""conscientiousness"": 0.5555555555555556}"
elaborate_prompt_as_pas,neuroticism,low,bfi_04,neuroticism,False,3,3,"{""extraversion"": 0.5, ""agreeableness"": 0.5555555555555556, ""neuroticism"": 0.375, ""openness"": 0.5, ""conscientiousness"": 0.5555555555555556}"
elaborate_prompt_as_pas,neuroticism,low,bfi_05,openness,False,3,3,"{""extraversion"": 0.5, ""agreeableness"": 0.5555555555555556, ""neuroticism"": 0.375, ""openness"": 0.5, ""conscientiousness"": 0.5555555555555556}"
elaborate_prompt_as_pas,neuroticism,low,bfi_06,extraversion,True,3,3,"{""extraversion"": 0.5, ""agreeableness"": 0.5555555555555556, ""neuroticism"": 0.375, ""openness"": 0.5, ""conscientiousness"": 0.5555555555555556}"
elaborate_prompt_as_pas,neuroticism,low,bfi_07,agreeableness,False,3,3,"{""extraversion"": 0.5, ""agreeableness"": 0.5555555555555556, ""neuroticism"": 0.375, ""openness"": 0.5, ""conscientiousness"": 0.5555555555555556}"
elaborate_prompt_as_pas,neuroticism,low,bfi_08,conscientiousness,True,1,1,"{""extraversion"": 0.5, ""agreeableness"": 0.5555555555555556, ""neuroticism"": 0.375, ""openness"": 0.5, ""conscientiousness"": 0.5555555555555556}"
elaborate_prompt_as_pas,neuroticism,low,bfi_09,neuroticism,True,4,4,"{""extraversion"": 0.5, ""agreeableness"": 0.5555555555555556, ""neuroticism"": 0.375, ""openness"": 0.5, ""conscientiousness"": 0.5555555555555556}"
elaborate_prompt_as_pas,neuroticism,low,bfi_10,openness,False,3,3,"{""extraversion"": 0.5, ""agreeableness"": 0.5555555555555556, ""neuroticism"": 0.375, ""openness"": 0.5, ""conscientiousness"": 0.5555555555555556}"
elaborate_prompt_as_pas,neuroticism,low,bfi_11,extraversion,False,3,3,"{""extraversion"": 0.5, ""agreeableness"": 0.5555555555555556, ""neuroticism"": 0.375, ""openness"": 0.5, ""conscientiousness"": 0.5555555555555556}"
elaborate_prompt_as_pas,neuroticism,low,bfi_12,agreeableness,True,3,3,"{""extraversion"": 0.5, ""agreeableness"": 0.5555555555555556, ""neuroticism"": 0.375, ""openness"": 0.5, ""conscientiousness"": 0.5555555555555556}"
elaborate_prompt_as_pas,neuroticism,low,bfi_13,conscientiousness,False,3,3,"{""extraversion"": 0.5, ""agreeableness"": 0.5555555555555556, ""neuroticism"": 0.375, ""openness"": 0.5, ""conscientiousness"": 0.5555555555555556}"
elaborate_prompt_as_pas,neuroticism,low,bfi_14,neuroticism,False,3,3,"{""extraversion"": 0.5, ""agreeableness"": 0.5555555555555556, ""neuroticism"": 0.375, ""openness"": 0.5, ""conscientiousness"": 0.5555555555555556}"
elaborate_prompt_as_pas,neuroticism,low,bfi_15,openness,False,3,3,"{""extraversion"": 0.5, ""agreeableness"": 0.5555555555555556, ""neuroticism"": 0.375, ""openness"": 0.5, ""conscientiousness"": 0.5555555555555556}"
elaborate_prompt_as_pas,neuroticism,low,bfi_16,extraversion,False,3,3,"{""extraversion"": 0.5, ""agreeableness"": 0.5555555555555556, ""neuroticism"": 0.375, ""openness"": 0.5, ""conscientiousness"": 0.5555555555555556}"
elaborate_prompt_as_pas,neuroticism,low,bfi_17,agreeableness,False,3,3,"{""extraversion"": 0.5, ""agreeableness"": 0.5555555555555556, ""neuroticism"": 0.375, ""openness"": 0.5, ""conscientiousness"": 0.5555555555555556}"
elaborate_prompt_as_pas,neuroticism,low,bfi_18,conscientiousness,True,3,3,"{""extraversion"": 0.5, ""agreeableness"": 0.5555555555555556, ""neuroticism"": 0.375, ""openness"": 0.5, ""conscientiousness"": 0.5555555555555556}"
elaborate_prompt_as_pas,neuroticism,low,bfi_19,neuroticism,False,3,3,"{""extraversion"": 0.5, ""agreeableness"": 0.5555555555555556, ""neuroticism"": 0.375, ""openness"": 0.5, ""conscientiousness"": 0.5555555555555556}"
elaborate_prompt_as_pas,neuroticism,low,bfi_20,openness,False,3,3,"{""extraversion"": 0.5, ""agreeableness"": 0.5555555555555556, ""neuroticism"": 0.375, ""openness"": 0.5, ""conscientiousness"": 0.5555555555555556}"
elaborate_prompt_as_pas,neuroticism,low,bfi_21,extraversion,True,3,3,"{""extraversion"": 0.5, ""agreeableness"": 0.5555555555555556, ""neuroticism"": 0.375, ""openness"": 0.5, ""conscientiousness"": 0.5555555555555556}"
elaborate_prompt_as_pas,neuroticism,low,bfi_22,agreeableness,False,3,3,"{""extraversion"": 0.5, ""agreeableness"": 0.5555555555555556, ""neuroticism"": 0.375, ""openness"": 0.5, ""conscientiousness"": 0.5555555555555556}"
elaborate_prompt_as_pas,neuroticism,low,bfi_23,conscientiousness,True,3,3,"{""extraversion"": 0.5, ""agreeableness"": 0.5555555555555556, ""neuroticism"": 0.375, ""openness"": 0.5, ""conscientiousness"": 0.5555555555555556}"
elaborate_prompt_as_pas,neuroticism,low,bfi_24,neuroticism,True,4,4,"{""extraversion"": 0.5, ""agreeableness"": 0.5555555555555556, ""neuroticism"": 0.375, ""openness"": 0.5, ""conscientiousness"": 0.5555555555555556}"
elaborate_prompt_as_pas,neuroticism,low,bfi_25,openness,False,3,3,"{""extraversion"": 0.5, ""agreeableness"": 0.5555555555555556, ""neuroticism"": 0.375, ""openness"": 0.5, ""conscientiousness"": 0.5555555555555556}"
elaborate_prompt_as_pas,neuroticism,low,bfi_26,extraversion,False,3,3,"{""extraversion"": 0.5, ""agreeableness"": 0.5555555555555556, ""neuroticism"": 0.375, ""openness"": 0.5, ""conscientiousness"": 0.5555555555555556}"
elaborate_prompt_as_pas,neuroticism,low,bfi_27,agreeableness,True,1,1,"{""extraversion"": 0.5, ""agreeableness"": 0.5555555555555556, ""neuroticism"": 0.375, ""openness"": 0.5, ""conscientiousness"": 0.5555555555555556}"
elaborate_prompt_as_pas,neuroticism,low,bfi_28,conscientiousness,False,3,3,"{""extraversion"": 0.5, ""agreeableness"": 0.5555555555555556, ""neuroticism"": 0.375, ""openness"": 0.5, ""conscientiousness"": 0.5555555555555556}"
elaborate_prompt_as_pas,neuroticism,low,bfi_29,neuroticism,False,3,3,"{""extraversion"": 0.5, ""agreeableness"": 0.5555555555555556, ""neuroticism"": 0.375, ""openness"": 0.5, ""conscientiousness"": 0.5555555555555556}"
elaborate_prompt_as_pas,neuroticism,low,bfi_30,openness,False,3,3,"{""extraversion"": 0.5, ""agreeableness"": 0.5555555555555556, ""neuroticism"": 0.375, ""openness"": 0.5, ""conscientiousness"": 0.5555555555555556}"
elaborate_prompt_as_pas,neuroticism,low,bfi_31,extraversion,True,3,3,"{""extraversion"": 0.5, ""agreeableness"": 0.5555555555555556, ""neuroticism"": 0.375, ""openness"": 0.5, ""conscientiousness"": 0.5555555555555556}"
elaborate_prompt_as_pas,neuroticism,low,bfi_32,agreeableness,False,3,3,"{""extraversion"": 0.5, ""agreeableness"": 0.5555555555555556, ""neuroticism"": 0.375, ""openness"": 0.5, ""conscientiousness"": 0.5555555555555556}"
elaborate_prompt_as_pas,neuroticism,low,bfi_33,conscientiousness,False,3,3,"{""extraversion"": 0.5, ""agreeableness"": 0.5555555555555556, ""neuroticism"": 0.375, ""openness"": 0.5, ""conscientiousness"": 0.5555555555555556}"
elaborate_prompt_as_pas,neuroticism,low,bfi_34,neuroticism,True,5,5,"{""extraversion"": 0.5, ""agreeableness"": 0.5555555555555556, ""neuroticism"": 0.375, ""openness"": 0.5, ""conscientiousness"": 0.5555555555555556}"
elaborate_prompt_as_pas,neuroticism,low,bfi_35,openness,True,3,3,"{""extraversion"": 0.5, ""agreeableness"": 0.5555555555555556, ""neuroticism"": 0.375, ""openness"": 0.5, ""conscientiousness"": 0.5555555555555556}"
elaborate_prompt_as_pas,neuroticism,low,bfi_36,extraversion,False,3,3,"{""extraversion"": 0.5, ""agreeableness"": 0.5555555555555556, ""neuroticism"": 0.375, ""openness"": 0.5, ""conscientiousness"": 0.5555555555555556}"
elaborate_prompt_as_pas,neuroticism,low,bfi_37,agreeableness,True,3,3,"{""extraversion"": 0.5, ""agreeableness"": 0.5555555555555556, ""neuroticism"": 0.375, ""openness"": 0.5, ""conscientiousness"": 0.5555555555555556}"
elaborate_prompt_as_pas,neuroticism,low,bfi_38,conscientiousness,False,3,3,"{""extraversion"": 0.5, ""agreeableness"": 0.5555555555555556, ""neuroticism"": 0.375, ""openness"": 0.5, ""conscientiousness"": 0.5555555555555556}"
elaborate_prompt_as_pas,neuroticism,low,bfi_39,neuroticism,False,3,3,"{""extraversion"": 0.5, ""agreeableness"": 0.5555555555555556, ""neuroticism"": 0.375, ""openness"": 0.5, ""conscientiousness"": 0.5555555555555556}"
elaborate_prompt_as_pas,neuroticism,low,bfi_40,openness,False,3,3,"{""extraversion"": 0.5, ""agreeableness"": 0.5555555555555556, ""neuroticism"": 0.375, ""openness"": 0.5, ""conscientiousness"": 0.5555555555555556}"
elaborate_prompt_as_pas,neuroticism,low,bfi_41,openness,True,3,3,"{""extraversion"": 0.5, ""agreeableness"": 0.5555555555555556, ""neuroticism"": 0.375, ""openness"": 0.5, ""conscientiousness"": 0.5555555555555556}"
elaborate_prompt_as_pas,neuroticism,low,bfi_42,agreeableness,False,3,3,"{""extraversion"": 0.5, ""agreeableness"": 0.5555555555555556, ""neuroticism"": 0.375, ""openness"": 0.5, ""conscientiousness"": 0.5555555555555556}"
elaborate_prompt_as_pas,neuroticism,low,bfi_43,conscientiousness,True,3,3,"{""extraversion"": 0.5, ""agreeableness"": 0.5555555555555556, ""neuroticism"": 0.375, ""openness"": 0.5, ""conscientiousness"": 0.5555555555555556}"
elaborate_prompt_as_pas,neuroticism,low,bfi_44,openness,False,3,3,"{""extraversion"": 0.5, ""agreeableness"": 0.5555555555555556, ""neuroticism"": 0.375, ""openness"": 0.5, ""conscientiousness"": 0.5555555555555556}"
elaborate_prompt_as_pas,openness,high,bfi_01,extraversion,False,4,4,"{""extraversion"": 0.65625, ""agreeableness"": 0.5833333333333334, ""neuroticism"": 0.4375, ""openness"": 0.7, ""conscientiousness"": 0.5}"
elaborate_prompt_as_pas,openness,high,bfi_02,agreeableness,True,3,3,"{""extraversion"": 0.65625, ""agreeableness"": 0.5833333333333334, ""neuroticism"": 0.4375, ""openness"": 0.7, ""conscientiousness"": 0.5}"
elaborate_prompt_as_pas,openness,high,bfi_03,conscientiousness,False,3,3,"{""extraversion"": 0.65625, ""agreeableness"": 0.5833333333333334, ""neuroticism"": 0.4375, ""openness"": 0.7, ""conscientiousness"": 0.5}"
elaborate_prompt_as_pas,openness,high,bfi_04,neuroticism,False,3,3,"{""extraversion"": 0.65625, ""agreeableness"": 0.5833333333333334, ""neuroticism"": 0.4375, ""openness"": 0.7, ""conscientiousness"": 0.5}"
elaborate_prompt_as_pas,openness,high,bfi_05,openness,False,4,4,"{""extraversion"": 0.65625, ""agreeableness"": 0.5833333333333334, ""neuroticism"": 0.4375, ""openness"": 0.7, ""conscientiousness"": 0.5}"
elaborate_prompt_as_pas,openness,high,bfi_06,extraversion,True,3,3,"{""extraversion"": 0.65625, ""agreeableness"": 0.5833333333333334, ""neuroticism"": 0.4375, ""openness"": 0.7, ""conscientiousness"": 0.5}"
elaborate_prompt_as_pas,openness,high,bfi_07,agreeableness,False,4,4,"{""extraversion"": 0.65625, ""agreeableness"": 0.5833333333333334, ""neuroticism"": 0.4375, ""openness"": 0.7, ""conscientiousness"": 0.5}"
elaborate_prompt_as_pas,openness,high,bfi_08,conscientiousness,True,3,3,"{""extraversion"": 0.65625, ""agreeableness"": 0.5833333333333334, ""neuroticism"": 0.4375, ""openness"": 0.7, ""conscientiousness"": 0.5}"
elaborate_prompt_as_pas,openness,high,bfi_09,neuroticism,True,4,4,"{""extraversion"": 0.65625, ""agreeableness"": 0.5833333333333334, ""neuroticism"": 0.4375, ""openness"": 0.7, ""conscientiousness"": 0.5}"
elaborate_prompt_as_pas,openness,high,bfi_10,openness,False,4,4,"{""extraversion"": 0.65625, ""agreeableness"": 0.5833333333333334, ""neuroticism"": 0.4375, ""openness"": 0.7, ""conscientiousness"": 0.5}"
elaborate_prompt_as_pas,openness,high,bfi_11,extraversion,False,4,4,"{""extraversion"": 0.65625, ""agreeableness"": 0.5833333333333334, ""neuroticism"": 0.4375, ""openness"": 0.7, ""conscientiousness"": 0.5}"
elaborate_prompt_as_pas,openness,high,bfi_12,agreeableness,True,3,3,"{""extraversion"": 0.65625, ""agreeableness"": 0.5833333333333334, ""neuroticism"": 0.4375, ""openness"": 0.7, ""conscientiousness"": 0.5}"
elaborate_prompt_as_pas,openness,high,bfi_13,conscientiousness,False,3,3,"{""extraversion"": 0.65625, ""agreeableness"": 0.5833333333333334, ""neuroticism"": 0.4375, ""openness"": 0.7, ""conscientiousness"": 0.5}"
elaborate_prompt_as_pas,openness,high,bfi_14,neuroticism,False,3,3,"{""extraversion"": 0.65625, ""agreeableness"": 0.5833333333333334, ""neuroticism"": 0.4375, ""openness"": 0.7, ""conscientiousness"": 0.5}"
elaborate_prompt_as_pas,openness,high,bfi_15,openness,False,4,4,"{""extraversion"": 0.65625, ""agreeableness"": 0.5833333333333334, ""neuroticism"": 0.4375, ""openness"": 0.7, ""conscientiousness"": 0.5}"
elaborate_prompt_as_pas,openness,high,bfi_16,extraversion,False,4,4,"{""extraversion"": 0.65625, ""agreeableness"": 0.5833333333333334, ""neuroticism"": 0.4375, ""openness"": 0.7, ""conscientiousness"": 0.5}"
elaborate_prompt_as_pas,openness,high,bfi_17,agreeableness,False,4,4,"{""extraversion"": 0.65625, ""agreeableness"": 0.5833333333333334, ""neuroticism"": 0.4375, ""openness"": 0.7, ""conscientiousness"": 0.5}"
elaborate_prompt_as_pas,openness,high,bfi_18,conscientiousness,True,3,3,"{""extraversion"": 0.65625, ""agreeableness"": 0.5833333333333334, ""neuroticism"": 0.4375, ""openness"": 0.7, ""conscientiousness"": 0.5}"
elaborate_prompt_as_pas,openness,high,bfi_19,neuroticism,False,3,3,"{""extraversion"": 0.65625, ""agreeableness"": 0.5833333333333334, ""neuroticism"": 0.4375, ""openness"": 0.7, ""conscientiousness"": 0.5}"
elaborate_prompt_as_pas,openness,high,bfi_20,openness,False,4,4,"{""extraversion"": 0.65625, ""agreeableness"": 0.5833333333333334, ""neuroticism"": 0.4375, ""openness"": 0.7, ""conscientiousness"": 0.5}"
elaborate_prompt_as_pas,openness,high,bfi_21,extraversion,True,3,3,"{""extraversion"": 0.65625, ""agreeableness"": 0.5833333333333334, ""neuroticism"": 0.4375, ""openness"": 0.7, ""conscientiousness"": 0.5}"
elaborate_prompt_as_pas,openness,high,bfi_22,agreeableness,False,3,3,"{""extraversion"": 0.65625, ""agreeableness"": 0.5833333333333334, ""neuroticism"": 0.4375, ""openness"": 0.7, ""conscientiousness"": 0.5}"
elaborate_prompt_as_pas,openness,high,bfi_23,conscientiousness,True,3,3,"{""extraversion"": 0.65625, ""agreeableness"": 0.5833333333333334, ""neuroticism"": 0.4375, ""openness"": 0.7, ""conscientiousness"": 0.5}"
elaborate_prompt_as_pas,openness,high,bfi_24,neuroticism,True,4,4,"{""extraversion"": 0.65625, ""agreeableness"": 0.5833333333333334, ""neuroticism"": 0.4375, ""openness"": 0.7, ""conscientiousness"": 0.5}"
elaborate_prompt_as_pas,openness,high,bfi_25,openness,False,4,4,"{""extraversion"": 0.65625, ""agreeableness"": 0.5833333333333334, ""neuroticism"": 0.4375, ""openness"": 0.7, ""conscientiousness"": 0.5}"
elaborate_prompt_as_pas,openness,high,bfi_26,extraversion,False,4,4,"{""extraversion"": 0.65625, ""agreeableness"": 0.5833333333333334, ""neuroticism"": 0.4375, ""openness"": 0.7, ""conscientiousness"": 0.5}"
elaborate_prompt_as_pas,openness,high,bfi_27,agreeableness,True,3,3,"{""extraversion"": 0.65625, ""agreeableness"": 0.5833333333333334, ""neuroticism"": 0.4375, ""openness"": 0.7, ""conscientiousness"": 0.5}"
elaborate_prompt_as_pas,openness,high,bfi_28,conscientiousness,False,3,3,"{""extraversion"": 0.65625, ""agreeableness"": 0.5833333333333334, ""neuroticism"": 0.4375, ""openness"": 0.7, ""conscientiousness"": 0.5}"
elaborate_prompt_as_pas,openness,high,bfi_29,neuroticism,False,3,3,"{""extraversion"": 0.65625, ""agreeableness"": 0.5833333333333334, ""neuroticism"": 0.4375, ""openness"": 0.7, ""conscientiousness"": 0.5}"
elaborate_prompt_as_pas,openness,high,bfi_30,openness,False,4,4,"{""extraversion"": 0.65625, ""agreeableness"": 0.5833333333333334, ""neuroticism"": 0.4375, ""openness"": 0.7, ""conscientiousness"": 0.5}"
elaborate_prompt_as_pas,openness,high,bfi_31,extraversion,True,3,3,"{""extraversion"": 0.65625, ""agreeableness"": 0.5833333333333334, ""neuroticism"": 0.4375, ""openness"": 0.7, ""conscientiousness"": 0.5}"
elaborate_prompt_as_pas,openness,high,bfi_32,agreeableness,False,4,4,"{""extraversion"": 0.65625, ""agreeableness"": 0.5833333333333334, ""neuroticism"": 0.4375, ""openness"": 0.7, ""conscientiousness"": 0.5}"
elaborate_prompt_as_pas,openness,high,bfi_33,conscientiousness,False,3,3,"{""extraversion"": 0.65625, ""agreeableness"": 0.5833333333333334, ""neuroticism"": 0.4375, ""openness"": 0.7, ""conscientiousness"": 0.5}"
elaborate_prompt_as_pas,openness,high,bfi_34,neuroticism,True,3,3,"{""extraversion"": 0.65625, ""agreeableness"": 0.5833333333333334, ""neuroticism"": 0.4375, ""openness"": 0.7, ""conscientiousness"": 0.5}"
elaborate_prompt_as_pas,openness,high,bfi_35,openness,True,3,3,"{""extraversion"": 0.65625, ""agreeableness"": 0.5833333333333334, ""neuroticism"": 0.4375, ""openness"": 0.7, ""conscientiousness"": 0.5}"
elaborate_prompt_as_pas,openness,high,bfi_36,extraversion,False,4,4,"{""extraversion"": 0.65625, ""agreeableness"": 0.5833333333333334, ""neuroticism"": 0.4375, ""openness"": 0.7, ""conscientiousness"": 0.5}"
elaborate_prompt_as_pas,openness,high,bfi_37,agreeableness,True,3,3,"{""extraversion"": 0.65625, ""agreeableness"": 0.5833333333333334, ""neuroticism"": 0.4375, ""openness"": 0.7, ""conscientiousness"": 0.5}"
elaborate_prompt_as_pas,openness,high,bfi_38,conscientiousness,False,3,3,"{""extraversion"": 0.65625, ""agreeableness"": 0.5833333333333334, ""neuroticism"": 0.4375, ""openness"": 0.7, ""conscientiousness"": 0.5}"
elaborate_prompt_as_pas,openness,high,bfi_39,neuroticism,False,3,3,"{""extraversion"": 0.65625, ""agreeableness"": 0.5833333333333334, ""neuroticism"": 0.4375, ""openness"": 0.7, ""conscientiousness"": 0.5}"
elaborate_prompt_as_pas,openness,high,bfi_40,openness,False,4,4,"{""extraversion"": 0.65625, ""agreeableness"": 0.5833333333333334, ""neuroticism"": 0.4375, ""openness"": 0.7, ""conscientiousness"": 0.5}"
elaborate_prompt_as_pas,openness,high,bfi_41,openness,True,3,3,"{""extraversion"": 0.65625, ""agreeableness"": 0.5833333333333334, ""neuroticism"": 0.4375, ""openness"": 0.7, ""conscientiousness"": 0.5}"
elaborate_prompt_as_pas,openness,high,bfi_42,agreeableness,False,3,3,"{""extraversion"": 0.65625, ""agreeableness"": 0.5833333333333334, ""neuroticism"": 0.4375, ""openness"": 0.7, ""conscientiousness"": 0.5}"
elaborate_prompt_as_pas,openness,high,bfi_43,conscientiousness,True,3,3,"{""extraversion"": 0.65625, ""agreeableness"": 0.5833333333333334, ""neuroticism"": 0.4375, ""openness"": 0.7, ""conscientiousness"": 0.5}"
elaborate_prompt_as_pas,openness,high,bfi_44,openness,False,4,4,"{""extraversion"": 0.65625, ""agreeableness"": 0.5833333333333334, ""neuroticism"": 0.4375, ""openness"": 0.7, ""conscientiousness"": 0.5}"
elaborate_prompt_as_pas,openness,low,bfi_01,extraversion,False,3,3,"{""extraversion"": 0.5, ""agreeableness"": 0.5, ""neuroticism"": 0.5, ""openness"": 0.5, ""conscientiousness"": 0.5}"
elaborate_prompt_as_pas,openness,low,bfi_02,agreeableness,True,3,3,"{""extraversion"": 0.5, ""agreeableness"": 0.5, ""neuroticism"": 0.5, ""openness"": 0.5, ""conscientiousness"": 0.5}"
elaborate_prompt_as_pas,openness,low,bfi_03,conscientiousness,False,3,3,"{""extraversion"": 0.5, ""agreeableness"": 0.5, ""neuroticism"": 0.5, ""openness"": 0.5, ""conscientiousness"": 0.5}"
elaborate_prompt_as_pas,openness,low,bfi_04,neuroticism,False,3,3,"{""extraversion"": 0.5, ""agreeableness"": 0.5, ""neuroticism"": 0.5, ""openness"": 0.5, ""conscientiousness"": 0.5}"
elaborate_prompt_as_pas,openness,low,bfi_05,openness,False,3,3,"{""extraversion"": 0.5, ""agreeableness"": 0.5, ""neuroticism"": 0.5, ""openness"": 0.5, ""conscientiousness"": 0.5}"
elaborate_prompt_as_pas,openness,low,bfi_06,extraversion,True,3,3,"{""extraversion"": 0.5, ""agreeableness"": 0.5, ""neuroticism"": 0.5, ""openness"": 0.5, ""conscientiousness"": 0.5}"
elaborate_prompt_as_pas,openness,low,bfi_07,agreeableness,False,3,3,"{""extraversion"": 0.5, ""agreeableness"": 0.5, ""neuroticism"": 0.5, ""openness"": 0.5, ""conscientiousness"": 0.5}"
elaborate_prompt_as_pas,openness,low,bfi_08,conscientiousness,True,3,3,"{""extraversion"": 0.5, ""agreeableness"": 0.5, ""neuroticism"": 0.5, ""openness"": 0.5, ""conscientiousness"": 0.5}"
elaborate_prompt_as_pas,openness,low,bfi_09,neuroticism,True,3,3,"{""extraversion"": 0.5, ""agreeableness"": 0.5, ""neuroticism"": 0.5, ""openness"": 0.5, ""conscientiousness"": 0.5}"
elaborate_prompt_as_pas,openness,low,bfi_10,openness,False,3,3,"{""extraversion"": 0.5, ""agreeableness"": 0.5, ""neuroticism"": 0.5, ""openness"": 0.5, ""conscientiousness"": 0.5}"
elaborate_prompt_as_pas,openness,low,bfi_11,extraversion,False,3,3,"{""extraversion"": 0.5, ""agreeableness"": 0.5, ""neuroticism"": 0.5, ""openness"": 0.5, ""conscientiousness"": 0.5}"
elaborate_prompt_as_pas,openness,low,bfi_12,agreeableness,True,3,3,"{""extraversion"": 0.5, ""agreeableness"": 0.5, ""neuroticism"": 0.5, ""openness"": 0.5, ""conscientiousness"": 0.5}"
elaborate_prompt_as_pas,openness,low,bfi_13,conscientiousness,False,3,3,"{""extraversion"": 0.5, ""agreeableness"": 0.5, ""neuroticism"": 0.5, ""openness"": 0.5, ""conscientiousness"": 0.5}"
elaborate_prompt_as_pas,openness,low,bfi_14,neuroticism,False,3,3,"{""extraversion"": 0.5, ""agreeableness"": 0.5, ""neuroticism"": 0.5, ""openness"": 0.5, ""conscientiousness"": 0.5}"
elaborate_prompt_as_pas,openness,low,bfi_15,openness,False,3,3,"{""extraversion"": 0.5, ""agreeableness"": 0.5, ""neuroticism"": 0.5, ""openness"": 0.5, ""conscientiousness"": 0.5}"
elaborate_prompt_as_pas,openness,low,bfi_16,extraversion,False,3,3,"{""extraversion"": 0.5, ""agreeableness"": 0.5, ""neuroticism"": 0.5, ""openness"": 0.5, ""conscientiousness"": 0.5}"
elaborate_prompt_as_pas,openness,low,bfi_17,agreeableness,False,3,3,"{""extraversion"": 0.5, ""agreeableness"": 0.5, ""neuroticism"": 0.5, ""openness"": 0.5, ""conscientiousness"": 0.5}"
elaborate_prompt_as_pas,openness,low,bfi_18,conscientiousness,True,3,3,"{""extraversion"": 0.5, ""agreeableness"": 0.5, ""neuroticism"": 0.5, ""openness"": 0.5, ""conscientiousness"": 0.5}"
elaborate_prompt_as_pas,openness,low,bfi_19,neuroticism,False,3,3,"{""extraversion"": 0.5, ""agreeableness"": 0.5, ""neuroticism"": 0.5, ""openness"": 0.5, ""conscientiousness"": 0.5}"
elaborate_prompt_as_pas,openness,low,bfi_20,openness,False,3,3,"{""extraversion"": 0.5, ""agreeableness"": 0.5, ""neuroticism"": 0.5, ""openness"": 0.5, ""conscientiousness"": 0.5}"
elaborate_prompt_as_pas,openness,low,bfi_21,extraversion,True,3,3,"{""extraversion"": 0.5, ""agreeableness"": 0.5, ""neuroticism"": 0.5, ""openness"": 0.5, ""conscientiousness"": 0.5}"
elaborate_prompt_as_pas,openness,low,bfi_22,agreeableness,False,3,3,"{""extraversion"": 0.5, ""agreeableness"": 0.5, ""neuroticism"": 0.5, ""openness"": 0.5, ""conscientiousness"": 0.5}"
elaborate_prompt_as_pas,openness,low,bfi_23,conscientiousness,True,3,3,"{""extraversion"": 0.5, ""agreeableness"": 0.5, ""neuroticism"": 0.5, ""openness"": 0.5, ""conscientiousness"": 0.5}"
elaborate_prompt_as_pas,openness,low,bfi_24,neuroticism,True,3,3,"{""extraversion"": 0.5, ""agreeableness"": 0.5, ""neuroticism"": 0.5, ""openness"": 0.5, ""conscientiousness"": 0.5}"
elaborate_prompt_as_pas,openness,low,bfi_25,openness,False,3,3,"{""extraversion"": 0.5, ""agreeableness"": 0.5, ""neuroticism"": 0.5, ""openness"": 0.5, ""conscientiousness"": 0.5}"
elaborate_prompt_as_pas,openness,low,bfi_26,extraversion,False,3,3,"{""extraversion"": 0.5, ""agreeableness"": 0.5, ""neuroticism"": 0.5, ""openness"": 0.5, ""conscientiousness"": 0.5}"
elaborate_prompt_as_pas,openness,low,bfi_27,agreeableness,True,3,3,"{""extraversion"": 0.5, ""agreeableness"": 0.5, ""neuroticism"": 0.5, ""openness"": 0.5, ""conscientiousness"": 0.5}"
elaborate_prompt_as_pas,openness,low,bfi_28,conscientiousness,False,3,3,"{""extraversion"": 0.5, ""agreeableness"": 0.5, ""neuroticism"": 0.5, ""openness"": 0.5, ""conscientiousness"": 0.5}"
elaborate_prompt_as_pas,openness,low,bfi_29,neuroticism,False,3,3,"{""extraversion"": 0.5, ""agreeableness"": 0.5, ""neuroticism"": 0.5, ""openness"": 0.5, ""conscientiousness"": 0.5}"
elaborate_prompt_as_pas,openness,low,bfi_30,openness,False,3,3,"{""extraversion"": 0.5, ""agreeableness"": 0.5, ""neuroticism"": 0.5, ""openness"": 0.5, ""conscientiousness"": 0.5}"
elaborate_prompt_as_pas,openness,low,bfi_31,extraversion,True,3,3,"{""extraversion"": 0.5, ""agreeableness"": 0.5, ""neuroticism"": 0.5, ""openness"": 0.5, ""conscientiousness"": 0.5}"
elaborate_prompt_as_pas,openness,low,bfi_32,agreeableness,False,3,3,"{""extraversion"": 0.5, ""agreeableness"": 0.5, ""neuroticism"": 0.5, ""openness"": 0.5, ""conscientiousness"": 0.5}"
elaborate_prompt_as_pas,openness,low,bfi_33,conscientiousness,False,3,3,"{""extraversion"": 0.5, ""agreeableness"": 0.5, ""neuroticism"": 0.5, ""openness"": 0.5, ""conscientiousness"": 0.5}"
elaborate_prompt_as_pas,openness,low,bfi_34,neuroticism,True,3,3,"{""extraversion"": 0.5, ""agreeableness"": 0.5, ""neuroticism"": 0.5, ""openness"": 0.5, ""conscientiousness"": 0.5}"
elaborate_prompt_as_pas,openness,low,bfi_35,openness,True,3,3,"{""extraversion"": 0.5, ""agreeableness"": 0.5, ""neuroticism"": 0.5, ""openness"": 0.5, ""conscientiousness"": 0.5}"
elaborate_prompt_as_pas,openness,low,bfi_36,extraversion,False,3,3,"{""extraversion"": 0.5, ""agreeableness"": 0.5, ""neuroticism"": 0.5, ""openness"": 0.5, ""conscientiousness"": 0.5}"
elaborate_prompt_as_pas,openness,low,bfi_37,agreeableness,True,3,3,"{""extraversion"": 0.5, ""agreeableness"": 0.5, ""neuroticism"": 0.5, ""openness"": 0.5, ""conscientiousness"": 0.5}"
elaborate_prompt_as_pas,openness,low,bfi_38,conscientiousness,False,3,3,"{""extraversion"": 0.5, ""agreeableness"": 0.5, ""neuroticism"": 0.5, ""openness"": 0.5, ""conscientiousness"": 0.5}"
elaborate_prompt_as_pas,openness,low,bfi_39,neuroticism,False,3,3,"{""extraversion"": 0.5, ""agreeableness"": 0.5, ""neuroticism"": 0.5, ""openness"": 0.5, ""conscientiousness"": 0.5}"
elaborate_prompt_as_pas,openness,low,bfi_40,openness,False,3,3,"{""extraversion"": 0.5, ""agreeableness"": 0.5, ""neuroticism"": 0.5, ""openness"": 0.5, ""conscientiousness"": 0.5}"
elaborate_prompt_as_pas,openness,low,bfi_41,openness,True,3,3,"{""extraversion"": 0.5, ""agreeableness"": 0.5, ""neuroticism"": 0.5, ""openness"": 0.5, ""conscientiousness"": 0.5}"
elaborate_prompt_as_pas,openness,low,bfi_42,agreeableness,False,3,3,"{""extraversion"": 0.5, ""agreeableness"": 0.5, ""neuroticism"": 0.5, ""openness"": 0.5, ""conscientiousness"": 0.5}"
elaborate_prompt_as_pas,openness,low,bfi_43,conscientiousness,True,3,3,"{""extraversion"": 0.5, ""agreeableness"": 0.5, ""neuroticism"": 0.5, ""openness"": 0.5, ""conscientiousness"": 0.5}"
elaborate_prompt_as_pas,openness,low,bfi_44,openness,False,3,3,"{""extraversion"": 0.5, ""agreeableness"": 0.5, ""neuroticism"": 0.5, ""openness"": 0.5, ""conscientiousness"": 0.5}"
elaborate_prompt_as_pas,extraversion,high,bfi_01,extraversion,False,5,5,"{""extraversion"": 0.75, ""agreeableness"": 0.6944444444444444, ""neuroticism"": 0.375, ""openness"": 0.625, ""conscientiousness"": 0.5}"
elaborate_prompt_as_pas,extraversion,high,bfi_02,agreeableness,True,3,3,"{""extraversion"": 0.75, ""agreeableness"": 0.6944444444444444, ""neuroticism"": 0.375, ""openness"": 0.625, ""conscientiousness"": 0.5}"
elaborate_prompt_as_pas,extraversion,high,bfi_03,conscientiousness,False,3,3,"{""extraversion"": 0.75, ""agreeableness"": 0.6944444444444444, ""neuroticism"": 0.375, ""openness"": 0.625, ""conscientiousness"": 0.5}"
elaborate_prompt_as_pas,extraversion,high,bfi_04,neuroticism,False,1,1,"{""extraversion"": 0.75, ""agreeableness"": 0.6944444444444444, ""neuroticism"": 0.375, ""openness"": 0.625, ""conscientiousness"": 0.5}"
elaborate_prompt_as_pas,extraversion,high,bfi_05,openness,False,4,4,"{""extraversion"": 0.75, ""agreeableness"": 0.6944444444444444, ""neuroticism"": 0.375, ""openness"": 0.625, ""conscientiousness"": 0.5}"
elaborate_prompt_as_pas,extraversion,high,bfi_06,extraversion,True,3,3,"{""extraversion"": 0.75, ""agreeableness"": 0.6944444444444444, ""neuroticism"": 0.375, ""openness"": 0.625, ""conscientiousness"": 0.5}"
elaborate_prompt_as_pas,extraversion,high,bfi_07,agreeableness,False,4,4,"{""extraversion"": 0.75, ""agreeableness"": 0.6944444444444444, ""neuroticism"": 0.375, ""openness"": 0.625, ""conscientiousness"": 0.5}"
elaborate_prompt_as_pas,extraversion,high,bfi_08,conscientiousness,True,3,3,"{""extraversion"": 0.75, ""agreeableness"": 0.6944444444444444, ""neuroticism"": 0.375, ""openness"": 0.625, ""conscientiousness"": 0.5}"
elaborate_prompt_as_pas,extraversion,high,bfi_09,neuroticism,True,3,3,"{""extraversion"": 0.75, ""agreeableness"": 0.6944444444444444, ""neuroticism"": 0.375, ""openness"": 0.625, ""conscientiousness"": 0.5}"
elaborate_prompt_as_pas,extraversion,high,bfi_10,openness,False,4,4,"{""extraversion"": 0.75, ""agreeableness"": 0.6944444444444444, ""neuroticism"": 0.375, ""openness"": 0.625, ""conscientiousness"": 0.5}"
elaborate_prompt_as_pas,extraversion,high,bfi_11,extraversion,False,5,5,"{""extraversion"": 0.75, ""agreeableness"": 0.6944444444444444, ""neuroticism"": 0.375, ""openness"": 0.625, ""conscientiousness"": 0.5}"
elaborate_prompt_as_pas,extraversion,high,bfi_12,agreeableness,True,3,3,"{""extraversion"": 0.75, ""agreeableness"": 0.6944444444444444, ""neuroticism"": 0.375, ""openness"": 0.625, ""conscientiousness"": 0.5}"
elaborate_prompt_as_pas,extraversion,high,bfi_13,conscientiousness,False,3,3,"{""extraversion"": 0.75, ""agreeableness"": 0.6944444444444444, ""neuroticism"": 0.375, ""openness"": 0.625, ""conscientiousness"": 0.5}"
elaborate_prompt_as_pas,extraversion,high,bfi_14,neuroticism,False,1,1,"{""extraversion"": 0.75, ""agreeableness"": 0.6944444444444444, ""neuroticism"": 0.375, ""openness"": 0.625, ""conscientiousness"": 0.5}"
elaborate_prompt_as_pas,extraversion,high,bfi_15,openness,False,3,3,"{""extraversion"": 0.75, ""agreeableness"": 0.6944444444444444, ""neuroticism"": 0.375, ""openness"": 0.625, ""conscientiousness"": 0.5}"
elaborate_prompt_as_pas,extraversion,high,bfi_16,extraversion,False,5,5,"{""extraversion"": 0.75, ""agreeableness"": 0.6944444444444444, ""neuroticism"": 0.375, ""openness"": 0.625, ""conscientiousness"": 0.5}"
elaborate_prompt_as_pas,extraversion,high,bfi_17,agreeableness,False,4,4,"{""extraversion"": 0.75, ""agreeableness"": 0.6944444444444444, ""neuroticism"": 0.375, ""openness"": 0.625, ""conscientiousness"": 0.5}"
elaborate_prompt_as_pas,extraversion,high,bfi_18,conscientiousness,True,3,3,"{""extraversion"": 0.75, ""agreeableness"": 0.6944444444444444, ""neuroticism"": 0.375, ""openness"": 0.625, ""conscientiousness"": 0.5}"
elaborate_prompt_as_pas,extraversion,high,bfi_19,neuroticism,False,3,3,"{""extraversion"": 0.75, ""agreeableness"": 0.6944444444444444, ""neuroticism"": 0.375, ""openness"": 0.625, ""conscientiousness"": 0.5}"
elaborate_prompt_as_pas,extraversion,high,bfi_20,openness,False,4,4,"{""extraversion"": 0.75, ""agreeableness"": 0.6944444444444444, ""neuroticism"": 0.375, ""openness"": 0.625, ""conscientiousness"": 0.5}"
elaborate_prompt_as_pas,extraversion,high,bfi_21,extraversion,True,5,5,"{""extraversion"": 0.75, ""agreeableness"": 0.6944444444444444, ""neuroticism"": 0.375, ""openness"": 0.625, ""conscientiousness"": 0.5}"
elaborate_prompt_as_pas,extraversion,high,bfi_22,agreeableness,False,4,4,"{""extraversion"": 0.75, ""agreeableness"": 0.6944444444444444, ""neuroticism"": 0.375, ""openness"": 0.625, ""conscientiousness"": 0.5}"
elaborate_prompt_as_pas,extraversion,high,bfi_23,conscientiousness,True,5,5,"{""extraversion"": 0.75, ""agreeableness"": 0.6944444444444444, ""neuroticism"": 0.375, ""openness"": 0.625, ""conscientiousness"": 0.5}"
elaborate_prompt_as_pas,extraversion,high,bfi_24,neuroticism,True,3,3,"{""extraversion"": 0.75, ""agreeableness"": 0.6944444444444444, ""neuroticism"": 0.375, ""openness"": 0.625, ""conscientiousness"": 0.5}"
elaborate_prompt_as_pas,extraversion,high,bfi_25,openness,False,4,4,"{""extraversion"": 0.75, ""agreeableness"": 0.6944444444444444, ""neuroticism"": 0.375, ""openness"": 0.625, ""conscientiousness"": 0.5}"
elaborate_prompt_as_pas,extraversion,high,bfi_26,extraversion,False,5,5,"{""extraversion"": 0.75, ""agreeableness"": 0.6944444444444444, ""neuroticism"": 0.375, ""openness"": 0.625, ""conscientiousness"": 0.5}"
elaborate_prompt_as_pas,extraversion,high,bfi_27,agreeableness,True,1,1,"{""extraversion"": 0.75, ""agreeableness"": 0.6944444444444444, ""neuroticism"": 0.375, ""openness"": 0.625, ""conscientiousness"": 0.5}"
elaborate_prompt_as_pas,extraversion,high,bfi_28,conscientiousness,False,4,4,"{""extraversion"": 0.75, ""agreeableness"": 0.6944444444444444, ""neuroticism"": 0.375, ""openness"": 0.625, ""conscientiousness"": 0.5}"
elaborate_prompt_as_pas,extraversion,high,bfi_29,neuroticism,False,3,3,"{""extraversion"": 0.75, ""agreeableness"": 0.6944444444444444, ""neuroticism"": 0.375, ""openness"": 0.625, ""conscientiousness"": 0.5}"
elaborate_prompt_as_pas,extraversion,high,bfi_30,openness,False,4,4,"{""extraversion"": 0.75, ""agreeableness"": 0.6944444444444444, ""neuroticism"": 0.375, ""openness"": 0.625, ""conscientiousness"": 0.5}"
elaborate_prompt_as_pas,extraversion,high,bfi_31,extraversion,True,3,3,"{""extraversion"": 0.75, ""agreeableness"": 0.6944444444444444, ""neuroticism"": 0.375, ""openness"": 0.625, ""conscientiousness"": 0.5}"
elaborate_prompt_as_pas,extraversion,high,bfi_32,agreeableness,False,3,3,"{""extraversion"": 0.75, ""agreeableness"": 0.6944444444444444, ""neuroticism"": 0.375, ""openness"": 0.625, ""conscientiousness"": 0.5}"
elaborate_prompt_as_pas,extraversion,high,bfi_33,conscientiousness,False,3,3,"{""extraversion"": 0.75, ""agreeableness"": 0.6944444444444444, ""neuroticism"": 0.375, ""openness"": 0.625, ""conscientiousness"": 0.5}"
elaborate_prompt_as_pas,extraversion,high,bfi_34,neuroticism,True,3,3,"{""extraversion"": 0.75, ""agreeableness"": 0.6944444444444444, ""neuroticism"": 0.375, ""openness"": 0.625, ""conscientiousness"": 0.5}"
elaborate_prompt_as_pas,extraversion,high,bfi_35,openness,True,3,3,"{""extraversion"": 0.75, ""agreeableness"": 0.6944444444444444, ""neuroticism"": 0.375, ""openness"": 0.625, ""conscientiousness"": 0.5}"
elaborate_prompt_as_pas,extraversion,high,bfi_36,extraversion,False,5,5,"{""extraversion"": 0.75, ""agreeableness"": 0.6944444444444444, ""neuroticism"": 0.375, ""openness"": 0.625, ""conscientiousness"": 0.5}"
elaborate_prompt_as_pas,extraversion,high,bfi_37,agreeableness,True,1,1,"{""extraversion"": 0.75, ""agreeableness"": 0.6944444444444444, ""neuroticism"": 0.375, ""openness"": 0.625, ""conscientiousness"": 0.5}"
elaborate_prompt_as_pas,extraversion,high,bfi_38,conscientiousness,False,4,4,"{""extraversion"": 0.75, ""agreeableness"": 0.6944444444444444, ""neuroticism"": 0.375, ""openness"": 0.625, ""conscientiousness"": 0.5}"
elaborate_prompt_as_pas,extraversion,high,bfi_39,neuroticism,False,3,3,"{""extraversion"": 0.75, ""agreeableness"": 0.6944444444444444, ""neuroticism"": 0.375, ""openness"": 0.625, ""conscientiousness"": 0.5}"
elaborate_prompt_as_pas,extraversion,high,bfi_40,openness,False,3,3,"{""extraversion"": 0.75, ""agreeableness"": 0.6944444444444444, ""neuroticism"": 0.375, ""openness"": 0.625, ""conscientiousness"": 0.5}"
elaborate_prompt_as_pas,extraversion,high,bfi_41,openness,True,3,3,"{""extraversion"": 0.75, ""agreeableness"": 0.6944444444444444, ""neuroticism"": 0.375, ""openness"": 0.625, ""conscientiousness"": 0.5}"
elaborate_prompt_as_pas,extraversion,high,bfi_42,agreeableness,False,3,3,"{""extraversion"": 0.75, ""agreeableness"": 0.6944444444444444, ""neuroticism"": 0.375, ""openness"": 0.625, ""conscientiousness"": 0.5}"
elaborate_prompt_as_pas,extraversion,high,bfi_43,conscientiousness,True,3,3,"{""extraversion"": 0.75, ""agreeableness"": 0.6944444444444444, ""neuroticism"": 0.375, ""openness"": 0.625, ""conscientiousness"": 0.5}"
elaborate_prompt_as_pas,extraversion,high,bfi_44,openness,False,3,3,"{""extraversion"": 0.75, ""agreeableness"": 0.6944444444444444, ""neuroticism"": 0.375, ""openness"": 0.625, ""conscientiousness"": 0.5}"
elaborate_prompt_as_pas,extraversion,low,bfi_01,extraversion,False,3,3,"{""extraversion"": 0.5, ""agreeableness"": 0.5, ""neuroticism"": 0.5, ""openness"": 0.5, ""conscientiousness"": 0.5}"
elaborate_prompt_as_pas,extraversion,low,bfi_02,agreeableness,True,3,3,"{""extraversion"": 0.5, ""agreeableness"": 0.5, ""neuroticism"": 0.5, ""openness"": 0.5, ""conscientiousness"": 0.5}"
elaborate_prompt_as_pas,extraversion,low,bfi_03,conscientiousness,False,3,3,"{""extraversion"": 0.5, ""agreeableness"": 0.5, ""neuroticism"": 0.5, ""openness"": 0.5, ""conscientiousness"": 0.5}"
elaborate_prompt_as_pas,extraversion,low,bfi_04,neuroticism,False,3,3,"{""extraversion"": 0.5, ""agreeableness"": 0.5, ""neuroticism"": 0.5, ""openness"": 0.5, ""conscientiousness"": 0.5}"
elaborate_prompt_as_pas,extraversion,low,bfi_05,openness,False,3,3,"{""extraversion"": 0.5, ""agreeableness"": 0.5, ""neuroticism"": 0.5, ""openness"": 0.5, ""conscientiousness"": 0.5}"
elaborate_prompt_as_pas,extraversion,low,bfi_06,extraversion,True,3,3,"{""extraversion"": 0.5, ""agreeableness"": 0.5, ""neuroticism"": 0.5, ""openness"": 0.5, ""conscientiousness"": 0.5}"
elaborate_prompt_as_pas,extraversion,low,bfi_07,agreeableness,False,3,3,"{""extraversion"": 0.5, ""agreeableness"": 0.5, ""neuroticism"": 0.5, ""openness"": 0.5, ""conscientiousness"": 0.5}"
elaborate_prompt_as_pas,extraversion,low,bfi_08,conscientiousness,True,3,3,"{""extraversion"": 0.5, ""agreeableness"": 0.5, ""neuroticism"": 0.5, ""openness"": 0.5, ""conscientiousness"": 0.5}"
elaborate_prompt_as_pas,extraversion,low,bfi_09,neuroticism,True,3,3,"{""extraversion"": 0.5, ""agreeableness"": 0.5, ""neuroticism"": 0.5, ""openness"": 0.5, ""conscientiousness"": 0.5}"
elaborate_prompt_as_pas,extraversion,low,bfi_10,openness,False,3,3,"{""extraversion"": 0.5, ""agreeableness"": 0.5, ""neuroticism"": 0.5, ""openness"": 0.5, ""conscientiousness"": 0.5}"
elaborate_prompt_as_pas,extraversion,low,bfi_11,extraversion,False,3,3,"{""extraversion"": 0.5, ""agreeableness"": 0.5, ""neuroticism"": 0.5, ""openness"": 0.5, ""conscientiousness"": 0.5}"
elaborate_prompt_as_pas,extraversion,low,bfi_12,agreeableness,True,3,3,"{""extraversion"": 0.5, ""agreeableness"": 0.5, ""neuroticism"": 0.5, ""openness"": 0.5, ""conscientiousness"": 0.5}"
elaborate_prompt_as_pas,extraversion,low,bfi_13,conscientiousness,False,3,3,"{""extraversion"": 0.5, ""agreeableness"": 0.5, ""neuroticism"": 0.5, ""openness"": 0.5, ""conscientiousness"": 0.5}"
elaborate_prompt_as_pas,extraversion,low,bfi_14,neuroticism,False,3,3,"{""extraversion"": 0.5, ""agreeableness"": 0.5, ""neuroticism"": 0.5, ""openness"": 0.5, ""conscientiousness"": 0.5}"
elaborate_prompt_as_pas,extraversion,low,bfi_15,openness,False,3,3,"{""extraversion"": 0.5, ""agreeableness"": 0.5, ""neuroticism"": 0.5, ""openness"": 0.5, ""conscientiousness"": 0.5}"
elaborate_prompt_as_pas,extraversion,low,bfi_16,extraversion,False,3,3,"{""extraversion"": 0.5, ""agreeableness"": 0.5, ""neuroticism"": 0.5, ""openness"": 0.5, ""conscientiousness"": 0.5}"
elaborate_prompt_as_pas,extraversion,low,bfi_17,agreeableness,False,3,3,"{""extraversion"": 0.5, ""agreeableness"": 0.5, ""neuroticism"": 0.5, ""openness"": 0.5, ""conscientiousness"": 0.5}"
elaborate_prompt_as_pas,extraversion,low,bfi_18,conscientiousness,True,3,3,"{""extraversion"": 0.5, ""agreeableness"": 0.5, ""neuroticism"": 0.5, ""openness"": 0.5, ""conscientiousness"": 0.5}"
elaborate_prompt_as_pas,extraversion,low,bfi_19,neuroticism,False,3,3,"{""extraversion"": 0.5, ""agreeableness"": 0.5, ""neuroticism"": 0.5, ""openness"": 0.5, ""conscientiousness"": 0.5}"
elaborate_prompt_as_pas,extraversion,low,bfi_20,openness,False,3,3,"{""extraversion"": 0.5, ""agreeableness"": 0.5, ""neuroticism"": 0.5, ""openness"": 0.5, ""conscientiousness"": 0.5}"
elaborate_prompt_as_pas,extraversion,low,bfi_21,extraversion,True,3,3,"{""extraversion"": 0.5, ""agreeableness"": 0.5, ""neuroticism"": 0.5, ""openness"": 0.5, ""conscientiousness"": 0.5}"
elaborate_prompt_as_pas,extraversion,low,bfi_22,agreeableness,False,3,3,"{""extraversion"": 0.5, ""agreeableness"": 0.5, ""neuroticism"": 0.5, ""openness"": 0.5, ""conscientiousness"": 0.5}"
elaborate_prompt_as_pas,extraversion,low,bfi_23,conscientiousness,True,3,3,"{""extraversion"": 0.5, ""agreeableness"": 0.5, ""neuroticism"": 0.5, ""openness"": 0.5, ""conscientiousness"": 0.5}"
elaborate_prompt_as_pas,extraversion,low,bfi_24,neuroticism,True,3,3,"{""extraversion"": 0.5, ""agreeableness"": 0.5, ""neuroticism"": 0.5, ""openness"": 0.5, ""conscientiousness"": 0.5}"
elaborate_prompt_as_pas,extraversion,low,bfi_25,openness,False,3,3,"{""extraversion"": 0.5, ""agreeableness"": 0.5, ""neuroticism"": 0.5, ""openness"": 0.5, ""conscientiousness"": 0.5}"
elaborate_prompt_as_pas,extraversion,low,bfi_26,extraversion,False,3,3,"{""extraversion"": 0.5, ""agreeableness"": 0.5, ""neuroticism"": 0.5, ""openness"": 0.5, ""conscientiousness"": 0.5}"
elaborate_prompt_as_pas,extraversion,low,bfi_27,agreeableness,True,3,3,"{""extraversion"": 0.5, ""agreeableness"": 0.5, ""neuroticism"": 0.5, ""openness"": 0.5, ""conscientiousness"": 0.5}"
elaborate_prompt_as_pas,extraversion,low,bfi_28,conscientiousness,False,3,3,"{""extraversion"": 0.5, ""agreeableness"": 0.5, ""neuroticism"": 0.5, ""openness"": 0.5, ""conscientiousness"": 0.5}"
elaborate_prompt_as_pas,extraversion,low,bfi_29,neuroticism,False,3,3,"{""extraversion"": 0.5, ""agreeableness"": 0.5, ""neuroticism"": 0.5, ""openness"": 0.5, ""conscientiousness"": 0.5}"
elaborate_prompt_as_pas,extraversion,low,bfi_30,openness,False,3,3,"{""extraversion"": 0.5, ""agreeableness"": 0.5, ""neuroticism"": 0.5, ""openness"": 0.5, ""conscientiousness"": 0.5}"
elaborate_prompt_as_pas,extraversion,low,bfi_31,extraversion,True,3,3,"{""extraversion"": 0.5, ""agreeableness"": 0.5, ""neuroticism"": 0.5, ""openness"": 0.5, ""conscientiousness"": 0.5}"
elaborate_prompt_as_pas,extraversion,low,bfi_32,agreeableness,False,3,3,"{""extraversion"": 0.5, ""agreeableness"": 0.5, ""neuroticism"": 0.5, ""openness"": 0.5, ""conscientiousness"": 0.5}"
elaborate_prompt_as_pas,extraversion,low,bfi_33,conscientiousness,False,3,3,"{""extraversion"": 0.5, ""agreeableness"": 0.5, ""neuroticism"": 0.5, ""openness"": 0.5, ""conscientiousness"": 0.5}"
elaborate_prompt_as_pas,extraversion,low,bfi_34,neuroticism,True,3,3,"{""extraversion"": 0.5, ""agreeableness"": 0.5, ""neuroticism"": 0.5, ""openness"": 0.5, ""conscientiousness"": 0.5}"
elaborate_prompt_as_pas,extraversion,low,bfi_35,openness,True,3,3,"{""extraversion"": 0.5, ""agreeableness"": 0.5, ""neuroticism"": 0.5, ""openness"": 0.5, ""conscientiousness"": 0.5}"
elaborate_prompt_as_pas,extraversion,low,bfi_36,extraversion,False,3,3,"{""extraversion"": 0.5, ""agreeableness"": 0.5, ""neuroticism"": 0.5, ""openness"": 0.5, ""conscientiousness"": 0.5}"
elaborate_prompt_as_pas,extraversion,low,bfi_37,agreeableness,True,3,3,"{""extraversion"": 0.5, ""agreeableness"": 0.5, ""neuroticism"": 0.5, ""openness"": 0.5, ""conscientiousness"": 0.5}"
elaborate_prompt_as_pas,extraversion,low,bfi_38,conscientiousness,False,3,3,"{""extraversion"": 0.5, ""agreeableness"": 0.5, ""neuroticism"": 0.5, ""openness"": 0.5, ""conscientiousness"": 0.5}"
elaborate_prompt_as_pas,extraversion,low,bfi_39,neuroticism,False,3,3,"{""extraversion"": 0.5, ""agreeableness"": 0.5, ""neuroticism"": 0.5, ""openness"": 0.5, ""conscientiousness"": 0.5}"
elaborate_prompt_as_pas,extraversion,low,bfi_40,openness,False,3,3,"{""extraversion"": 0.5, ""agreeableness"": 0.5, ""neuroticism"": 0.5, ""openness"": 0.5, ""conscientiousness"": 0.5}"
elaborate_prompt_as_pas,extraversion,low,bfi_41,openness,True,3,3,"{""extraversion"": 0.5, ""agreeableness"": 0.5, ""neuroticism"": 0.5, ""openness"": 0.5, ""conscientiousness"": 0.5}"
elaborate_prompt_as_pas,extraversion,low,bfi_42,agreeableness,False,3,3,"{""extraversion"": 0.5, ""agreeableness"": 0.5, ""neuroticism"": 0.5, ""openness"": 0.5, ""conscientiousness"": 0.5}"
elaborate_prompt_as_pas,extraversion,low,bfi_43,conscientiousness,True,3,3,"{""extraversion"": 0.5, ""agreeableness"": 0.5, ""neuroticism"": 0.5, ""openness"": 0.5, ""conscientiousness"": 0.5}"
elaborate_prompt_as_pas,extraversion,low,bfi_44,openness,False,3,3,"{""extraversion"": 0.5, ""agreeableness"": 0.5, ""neuroticism"": 0.5, ""openness"": 0.5, ""conscientiousness"": 0.5}"
