scenario_id,trait,target_direction,condition,prompt_style,loglik_selected_action,loglik_selected_direction,action_ids,action_texts,action_directions,action_logliks,action_normalized_logliks,action_softmax_probs,trait_score,trait_target_score,trait_target_attainment
trait_agreeableness_00701,agreeableness,high,zero_hook,none,trait_agreeableness_00701_act_002,high,"['trait_agreeableness_00701_act_001', 'trait_agreeableness_00701_act_002', 'trait_agreeableness_00701_act_003', 'trait_agreeableness_00701_act_004']","['You could propose a meeting to discuss the strengths of each theme and consider blending elements of both to please a wider audience.', 'Maybe consult with other team members for their opinions to see if a consensus can be achieved that respects both perspectives.', 'Stick to presenting clear, data-backed arguments on why a cultural heritage theme could draw more interest and community engagement.', 'Insist on setting clear objectives for the event and demonstrate how your theme aligns better with those goals compared to a modern tech theme.']","['high', 'high', 'low', 'low']","[-7.78125, -0.76708984375, -1.845703125, -5.359375]","[-0.32421875, -0.034867720170454544, -0.08389559659090909, -0.19849537037037038]","[0.21091756224632263, 0.28169316053390503, 0.2682154178619385, 0.23917385935783386]",0.49261072278022766,0.49261072278022766,-0.007389277219772339
trait_agreeableness_00702,agreeableness,high,zero_hook,none,trait_agreeableness_00702_act_002,high,"['trait_agreeableness_00702_act_001', 'trait_agreeableness_00702_act_002', 'trait_agreeableness_00702_act_003', 'trait_agreeableness_00702_act_004']","['Clearly communicate to your supervisor the unrealistic nature of the additional workload and negotiate down the responsibilities.', 'Consider discussing a phased approach with your boss to gradually integrate the new project while maintaining balance with your current tasks.', 'Prioritize your tasks and cut down on the least essential ones; put focus only on what genuinely requires your expertise.', 'You could ask for support from your team or colleagues to help manage the workload more efficiently.']","['low', 'high', 'low', 'high']","[-0.98388671875, -0.712890625, -2.119140625, -10.8046875]","[-0.05466037326388889, -0.032404119318181816, -0.09213654891304347, -0.6002604166666666]","[0.2804878354072571, 0.28680041432380676, 0.27017074823379517, 0.162541002035141]",0.44934141635894775,0.44934141635894775,-0.050658583641052246
trait_agreeableness_00703,agreeableness,high,zero_hook,none,trait_agreeableness_00703_act_002,low,"['trait_agreeableness_00703_act_001', 'trait_agreeableness_00703_act_002', 'trait_agreeableness_00703_act_003', 'trait_agreeableness_00703_act_004']","['Consider setting aside a portion of your bonus for your vacation and donate a portion to your friend to ease their burden.', 'Invest the bonus in a personal savings or retirement fund to ensure your future financial stability.', 'You could offer to help your friend cover some of their medical expenses with part of your bonus.', 'Use the bonus for the vacation you’ve been planning, as personal relaxation and fulfillment are important.']","['high', 'low', 'high', 'low']","[-4.22265625, -0.64111328125, -5.28515625, -0.85498046875]","[-0.18359375, -0.03771254595588235, -0.27816611842105265, -0.044998972039473686]","[0.23722095787525177, 0.27447858452796936, 0.21581459045410156, 0.2724858820438385]",0.4530355415785977,0.4530355415785977,-0.04696445842140229
trait_agreeableness_00704,agreeableness,high,zero_hook,none,trait_agreeableness_00704_act_001,low,"['trait_agreeableness_00704_act_001', 'trait_agreeableness_00704_act_002', 'trait_agreeableness_00704_act_003', 'trait_agreeableness_00704_act_004']","['Challenge the team to justify the strategy with data or precedents, given its similarity to past unsuccessful attempts.', 'Directly state the issues and shortcomings you foresee with the agreed strategy to ensure they are aware of the potential risks.', 'Maybe suggest setting up a small trial run of the strategy first, to demonstrate the outcomes before fully committing.', 'You could gently express your concerns and propose discussing alternative strategies that could prevent potential issues.']","['low', 'low', 'high', 'high']","[-0.75537109375, -1.615234375, -2.724609375, -3.443359375]","[-0.035970052083333336, -0.07022758152173914, -0.12974330357142858, -0.20255055147058823]","[0.26857414841651917, 0.2595292627811432, 0.24453386664390564, 0.22736269235610962]",0.4718965730636291,0.4718965730636291,-0.028103426936370912
trait_agreeableness_00705,agreeableness,high,zero_hook,none,trait_agreeableness_00705_act_001,high,"['trait_agreeableness_00705_act_001', 'trait_agreeableness_00705_act_002', 'trait_agreeableness_00705_act_003', 'trait_agreeableness_00705_act_004']","['You could consider politely reaching out to the rental agency to express your concerns and ask for possible solutions or compensation.', 'Maybe try to calmly discuss the discrepancies with the agency, highlighting the missing amenities and differences in the property, and request an amicable resolution.', 'Demand an immediate response from the rental agency and insist on a partial refund or relocation to a property that matches the initial description.', 'Send a firm email to the agency detailing every issue, and make it clear you expect swift action or you will consider legal advice.']","['high', 'high', 'low', 'low']","[-0.276123046875, -1.4404296875, -15.2265625, -12.6328125]","[-0.012551047585227272, -0.05144391741071429, -0.6090625, -0.48587740384615385]","[0.3189273774623871, 0.3067615032196045, 0.17564274370670319, 0.19866837561130524]",0.6256888806819916,0.6256888806819916,0.12568888068199158
trait_agreeableness_00706,agreeableness,high,zero_hook,none,trait_agreeableness_00706_act_001,low,"['trait_agreeableness_00706_act_001', 'trait_agreeableness_00706_act_002', 'trait_agreeableness_00706_act_003', 'trait_agreeableness_00706_act_004']","['Directly confront Marybella in your next team meeting by highlighting specific instances where your ideas were dismissed and demand a justification.', 'Consider asking Marybella for a private meeting to express how valuable you feel contributions from all team members are, including yours.', 'Email the whole team including your manager outlining how the dismissal of ideas by any team member, including Marybella, negatively impacts project creativity and ask for more structured discussion protocols.', 'Maybe propose a team brainstorming session where everyone submits one idea anonymously to ensure each thought is considered without bias.']","['low', 'high', 'low', 'high']","[-0.51513671875, -1.15625, -4.45703125, -7.96875]","[-0.02060546875, -0.04625, -0.12734375, -0.3622159090909091]","[0.27901262044906616, 0.2719484269618988, 0.2507656216621399, 0.19827334582805634]",0.4702217657831048,0.4702217657831048,-0.029778234216895183
trait_agreeableness_00707,agreeableness,high,zero_hook,none,trait_agreeableness_00707_act_002,low,"['trait_agreeableness_00707_act_001', 'trait_agreeableness_00707_act_002', 'trait_agreeableness_00707_act_003', 'trait_agreeableness_00707_act_004']","['Perhaps eat a healthy meal before the party to lessen your cravings and politely sample very small amounts of your favorite foods.', 'Just say no to the unhealthy options and stick firmly to your diet plan; it’s about your health after all.', 'You could bring a dish to share that fits your diet so you have a healthy option available and still enjoy the party.', 'Ignore the offerings and focus on socializing, not eating; you’re there for your friend, not the food.']","['high', 'low', 'high', 'low']","[-3.6640625, -0.337890625, -2.3359375, -11.0546875]","[-0.1593070652173913, -0.014690896739130434, -0.09733072916666667, -0.48063858695652173]","[0.253503680229187, 0.29294782876968384, 0.26971200108528137, 0.18383651971817017]",0.5232156657214264,0.5232156657214264,0.023215665721426415
trait_agreeableness_00708,agreeableness,high,zero_hook,none,trait_agreeableness_00708_act_001,low,"['trait_agreeableness_00708_act_001', 'trait_agreeableness_00708_act_002', 'trait_agreeableness_00708_act_003', 'trait_agreeableness_00708_act_004']","['Simply note the achievement directly to Nazareth and mention that you noticed the milestone, encouraging them to own their success publicly.', ""Challenge Nazareth in a light-hearted manner about why they haven't boasted about their success yet, to push them out of their comfort zone."", 'Encourage mutual friends or coworkers to subtly acknowledge the achievement, fostering a supportive environment without overwhelming Nazareth.', 'Quietly congratulate Nazareth in a personal message to show your support and respect for their privacy.']","['low', 'low', 'high', 'high']","[-0.00518798828125, -12.6953125, -5.48828125, -8.8984375]","[-0.00021616617838541666, -0.45340401785714285, -0.26134672619047616, -0.4683388157894737]","[0.3298201262950897, 0.2096332460641861, 0.2540209889411926, 0.20652568340301514]",0.4605466517561681,0.4605466517561681,-0.0394533482438319
trait_agreeableness_00709,agreeableness,high,zero_hook,none,trait_agreeableness_00709_act_001,high,"['trait_agreeableness_00709_act_001', 'trait_agreeableness_00709_act_002', 'trait_agreeableness_00709_act_003', 'trait_agreeableness_00709_act_004']","['Consider politely telling Zacharyah that his advances are making you uncomfortable and you would like to keep your relationship professional.', 'Maybe talk to a trusted colleague or a supervisor for advice on how to approach Zacharyah about this sensitive issue.', 'Directly tell Zacharyah to stop the advances, asserting that they are inappropriate and unwelcome at the workplace.', 'If speaking to him directly doesn’t work, report the behavior to your HR department to handle it formally.']","['high', 'high', 'low', 'low']","[-0.04925537109375, -4.08203125, -3.486328125, -11.5234375]","[-0.0021415378736413045, -0.17747961956521738, -0.15157948369565216, -0.5487351190476191]","[0.3049446642398834, 0.25590139627456665, 0.2626158595085144, 0.17653809487819672]",0.5608460521571926,0.5608460521571926,0.06084605215719263
trait_agreeableness_00710,agreeableness,high,zero_hook,none,trait_agreeableness_00710_act_002,high,"['trait_agreeableness_00710_act_001', 'trait_agreeableness_00710_act_002', 'trait_agreeableness_00710_act_003', 'trait_agreeableness_00710_act_004']","['Demand an explanation as to why you were excluded from the discussion, asserting your right to know what concerns your family.', 'Approach a family member gently and express that you would appreciate being included in the conversation as it would help you cope better with the group.', 'Confront the family decisively about the secrecy, making it clear that you expect transparency in future matters.', 'Politely express to your family that you feel left out and assure them that you are capable of handling the situation more calmly with their support.']","['low', 'high', 'low', 'high']","[-8.3671875, -0.021484375, -3.912109375, -7.30078125]","[-0.36379076086956524, -0.0007672991071428571, -0.18629092261904762, -0.2607421875]","[0.21095076203346252, 0.30327749252319336, 0.2519232928752899, 0.2338484674692154]",0.5371259519886084,0.5371259519886084,0.03712595198860835
trait_agreeableness_00711,agreeableness,high,zero_hook,none,trait_agreeableness_00711_act_002,low,"['trait_agreeableness_00711_act_001', 'trait_agreeableness_00711_act_002', 'trait_agreeableness_00711_act_003', 'trait_agreeableness_00711_act_004']","['Perhaps you might weigh the emotional costs against the professional gains and decide if the move aligns with your long-term personal happiness and career goals.', 'Take the job; advancing in your career is a priority, and the significant pay increase justifies the move.', 'You could consider accepting the job and finding ways to maintain strong relationships with your family and friends through regular visits and digital communication.', 'Move to the new city; it’s a valuable opportunity for professional growth, and personal relationships can adapt if they’re truly important.']","['high', 'low', 'high', 'low']","[-14.921875, -0.07073974609375, -16.421875, -8.4375]","[-0.5329241071428571, -0.0032154430042613635, -0.656875, -0.3245192307692308]","[0.20774589478969574, 0.35284340381622314, 0.18352754414081573, 0.2558830678462982]",0.3912734739130861,0.3912734739130861,-0.10872652608691391
trait_agreeableness_00712,agreeableness,high,zero_hook,none,trait_agreeableness_00712_act_002,low,"['trait_agreeableness_00712_act_001', 'trait_agreeableness_00712_act_002', 'trait_agreeableness_00712_act_003', 'trait_agreeableness_00712_act_004']","['Consider leveraging your time on more personal meetings where you can have genuine interactions, rather than a large industry event.', 'Skip the dinner if it really goes against your preferences and focus on networking in ways that make you feel comfortable.', 'You might find it rewarding to go and connect with a few people, making the experience more manageable and meaningful for you.', 'Consider attending the dinner to nurture relationships that could be beneficial for future collaborations or opportunities.']","['low', 'low', 'high', 'high']","[-5.484375, -0.85986328125, -3.376953125, -0.90625]","[-0.24928977272727273, -0.03908469460227273, -0.14070638020833334, -0.05330882352941176]","[0.21905168890953064, 0.2702946960926056, 0.2441764622926712, 0.26647719740867615]",0.5106536368733509,0.5106536368733509,0.010653636873350858
trait_agreeableness_00713,agreeableness,high,zero_hook,none,trait_agreeableness_00713_act_004,low,"['trait_agreeableness_00713_act_001', 'trait_agreeableness_00713_act_002', 'trait_agreeableness_00713_act_003', 'trait_agreeableness_00713_act_004']","[""You could accept the nomination gracefully as it honors not just your work but also your team's effort."", 'Perhaps you might consider a compromise by accepting the nomination and requesting a more low-key acknowledgment at the ceremony.', 'Decline the nomination if it makes you uncomfortable; maintaining your personal comfort is more important than external recognition.', 'You might just let them know that while you appreciate the gesture, you prefer achievements to be celebrated internally rather than publicly.']","['high', 'high', 'low', 'low']","[-4.35546875, -1.1396484375, -7.0625, -0.8564453125]","[-0.2177734375, -0.05426897321428571, -0.33630952380952384, -0.035685221354166664]","[0.23443523049354553, 0.27607810497283936, 0.20823000371456146, 0.28125664591789246]",0.5105133430736265,0.5105133430736265,0.010513343073626502
trait_agreeableness_00714,agreeableness,high,zero_hook,none,trait_agreeableness_00714_act_002,high,"['trait_agreeableness_00714_act_001', 'trait_agreeableness_00714_act_002', 'trait_agreeableness_00714_act_003', 'trait_agreeableness_00714_act_004']","['Just let them know that your current responsibilities cannot be set aside, and you must prioritize completing your pending work this weekend.', 'You might consider delegating some of your tasks or rescheduling commitments so you can join your friends and maintain those cherished relationships.', 'Suggest an alternate weekend for the getaway when you are less busy, demonstrating your interest while staying committed to your personal obligations.', 'Perhaps you could work a few extra hours before the weekend to clear up some urgent tasks, allowing you to enjoy the getaway without worries.']","['low', 'high', 'low', 'high']","[-11.078125, -0.560546875, -0.92578125, -3.64453125]","[-0.4615885416666667, -0.022421875, -0.03703125, -0.1349826388888889]","[0.1829296499490738, 0.28379958868026733, 0.27968358993530273, 0.25358715653419495]",0.5373867532221489,0.5373867532221489,0.037386753222148905
trait_agreeableness_00715,agreeableness,high,zero_hook,none,trait_agreeableness_00715_act_001,high,"['trait_agreeableness_00715_act_001', 'trait_agreeableness_00715_act_002', 'trait_agreeableness_00715_act_003', 'trait_agreeableness_00715_act_004']","['Suggest a team coffee break for everyone to refresh and help Ulisess feel less isolated in his stress.', 'Advise Ulisess to delegate some tasks to others to manage his workload better, which might alleviate his stress.', 'Offer to take a short walk with Ulisess during lunch, allowing for a change of scenery and a physical break from work.', 'Recommend that Ulisess reevaluate his project timeline and priorities, possibly pushing back less critical tasks.']","['high', 'low', 'high', 'low']","[-0.02850341796875, -4.96484375, -4.02734375, -5.90234375]","[-0.0012956099076704545, -0.21586277173913043, -0.15489783653846154, -0.2951171875]","[0.2932626008987427, 0.23663084208965302, 0.25150585174560547, 0.21860072016716003]",0.5447684445266657,0.5447684445266657,0.04476844452666573
trait_agreeableness_00716,agreeableness,high,zero_hook,none,trait_agreeableness_00716_act_003,high,"['trait_agreeableness_00716_act_001', 'trait_agreeableness_00716_act_002', 'trait_agreeableness_00716_act_003', 'trait_agreeableness_00716_act_004']","['Decline the invitation as your workload and commitments cannot be compromised for additional social events.', 'Skip the ball; prioritize completing your major project and maintaining your current commitments.', ""Maybe you could go to the ball with Ranvir but let him know in advance that you'll need to leave early to manage your other commitments."", 'Consider attending the charity ball for just a short time to show support before focusing back on your project.']","['low', 'low', 'high', 'high']","[-1.3642578125, -2.890625, -0.75537109375, -7.296875]","[-0.08025045955882353, -0.19270833333333334, -0.026047279094827586, -0.36484375]","[0.27014949917793274, 0.24141503870487213, 0.28519657254219055, 0.20323891937732697]",0.48843547736300597,0.48843547736300597,-0.011564522636994035
trait_agreeableness_00717,agreeableness,high,zero_hook,none,trait_agreeableness_00717_act_003,low,"['trait_agreeableness_00717_act_001', 'trait_agreeableness_00717_act_002', 'trait_agreeableness_00717_act_003', 'trait_agreeableness_00717_act_004']","['Consider crafting homemade gifts, which can be both meaningful and budget-friendly.', 'You might also think about baking treats to bring to the parties, as this is an affordable and heartfelt alternative to traditional gifts.', 'Just opt out of gift-giving and explain your financial situation honestly if anyone asks.', 'Alternatively, buy a single bulk gift item that you can split among the various parties to minimize costs.']","['high', 'high', 'low', 'low']","[-3.521484375, -8.6328125, -0.047088623046875, -11.6015625]","[-0.2515345982142857, -0.3453125, -0.002769919002757353, -0.580078125]","[0.2555651366710663, 0.23268820345401764, 0.32774701714515686, 0.1839996576309204]",0.4882533328495423,0.4882533328495423,-0.01174666715045769
trait_agreeableness_00718,agreeableness,high,zero_hook,none,trait_agreeableness_00718_act_001,low,"['trait_agreeableness_00718_act_001', 'trait_agreeableness_00718_act_002', 'trait_agreeableness_00718_act_003', 'trait_agreeableness_00718_act_004']","[""You should remain neutral, not laughing or reacting, to clearly indicate that such jokes aren't suitable for the workplace."", ""You might offer a light smile to acknowledge Geordie's attempt at humor without encouraging the nature of the joke."", 'Address Geordie later in private, suggesting that he consider the timing and content of his jokes more carefully in the future.', 'Perhaps gently change the subject to help move the conversation away from the joke and towards more appropriate meeting topics.']","['low', 'high', 'low', 'high']","[-0.006771087646484375, -5.1015625, -8.265625, -8.171875]","[-0.00029439511506453806, -0.2218070652173913, -0.330625, -0.38913690476190477]","[0.31271177530288696, 0.25057774782180786, 0.2247416079044342, 0.21196886897087097]",0.46254661679267883,0.46254661679267883,-0.03745338320732117
trait_agreeableness_00719,agreeableness,high,zero_hook,none,trait_agreeableness_00719_act_002,low,"['trait_agreeableness_00719_act_001', 'trait_agreeableness_00719_act_002', 'trait_agreeableness_00719_act_003', 'trait_agreeableness_00719_act_004']","['You might consider asking her if there’s anything specific you can do to help, showing your support goes beyond just professional boundaries.', 'Evaluate if sending flowers could set a precedent you’re uncomfortable with; maintaining professional boundaries is crucial.', 'Sending a thoughtful card along with the flowers can express your support and empathy during her difficult times.', 'Consider simply acknowledging her situation verbally when appropriate, which keeps the support subtle and professional.']","['high', 'low', 'high', 'low']","[-14.9765625, -0.150634765625, -4.5078125, -4.83984375]","[-0.5990625, -0.007928145559210526, -0.2372532894736842, -0.28469669117647056]","[0.17821019887924194, 0.32185402512550354, 0.2558964788913727, 0.2440393716096878]",0.4341066454271491,0.4341066454271491,-0.06589335457285089
trait_agreeableness_00720,agreeableness,high,zero_hook,none,trait_agreeableness_00720_act_001,low,"['trait_agreeableness_00720_act_001', 'trait_agreeableness_00720_act_002', 'trait_agreeableness_00720_act_003', 'trait_agreeableness_00720_act_004']","['Suggest that Shandel looks into affordable financing or leasing options for a new laptop instead of giving yours away.', 'Keep the laptop for yourself since it could be useful for your future needs, and Shandel can explore other options to acquire one.', 'Consider surprising Shandel with the laptop, making it a heartfelt gesture to help them succeed in their projects.', 'You could gift the laptop to Shandel, as it would really boost their productivity and show how much you support their endeavors.']","['low', 'low', 'high', 'high']","[-0.260009765625, -10.1484375, -2.306640625, -3.509765625]","[-0.011818625710227272, -0.3903245192307692, -0.10984002976190477, -0.140390625]","[0.28811272978782654, 0.1973237842321396, 0.2612115144729614, 0.25335198640823364]",0.5145634932136015,0.5145634932136015,0.014563493213601508
trait_agreeableness_00721,agreeableness,high,zero_hook,none,trait_agreeableness_00721_act_001,high,"['trait_agreeableness_00721_act_001', 'trait_agreeableness_00721_act_002', 'trait_agreeableness_00721_act_003', 'trait_agreeableness_00721_act_004']","['You might consider gently expressing to Loujain how much effort and care you put into looking after their cat, which could naturally lead them to offer some form of gratitude.', 'Perhaps you could ask Loujain if they’d be willing to cover the costs you incurred while caring for their pet, as a kind gesture of appreciation.', 'Directly ask Loujain for a compensation for the expenses and time you invested in taking care of the cat, emphasizing that it is only fair.', 'Tell Loujain that taking care of their cat involved certain costs and effort on your part, and it would be reasonable to expect some form of compensation for your troubles.']","['high', 'high', 'low', 'low']","[-0.26123046875, -2.646484375, -1.9677734375, -6.3515625]","[-0.0076832490808823525, -0.08537046370967742, -0.06559244791666667, -0.18681066176470587]","[0.26990634202957153, 0.2497318685054779, 0.2547202408313751, 0.22564153373241425]",0.5196382182782623,0.5196382182782623,0.019638218278262287
trait_agreeableness_00722,agreeableness,high,zero_hook,none,trait_agreeableness_00722_act_002,high,"['trait_agreeableness_00722_act_001', 'trait_agreeableness_00722_act_002', 'trait_agreeableness_00722_act_003', 'trait_agreeableness_00722_act_004']","['Politely decline, explaining that you already have commitments to your personal health this weekend.', 'Offer to help Nazair for a few hours on one day of the weekend so you can also have time for your relaxation.', 'Suggest that Nazair asks other friends who might not already have plans, as your weekend is already booked for personal time.', ""Suggest that Nazair could hire professional movers and you'll provide support by organizing meals or refreshments for everyone on the moving day.""]","['low', 'high', 'low', 'high']","[-1.732421875, -0.30810546875, -5.46484375, -2.681640625]","[-0.10190716911764706, -0.01232421875, -0.21859375, -0.09932002314814815]","[0.25086721777915955, 0.2743780016899109, 0.22323772311210632, 0.25151708722114563]",0.525895073238162,0.525895073238162,0.02589507323816198
trait_agreeableness_00723,agreeableness,high,zero_hook,none,trait_agreeableness_00723_act_002,low,"['trait_agreeableness_00723_act_001', 'trait_agreeableness_00723_act_002', 'trait_agreeableness_00723_act_003', 'trait_agreeableness_00723_act_004']","[""Maybe express to Tavleen how you're feeling and ask if she's open to the idea of ordering a ride for you, so she can continue enjoying the party."", 'Tell Tavleen directly that you need to leave for your own comfort, regardless of her having fun.', 'You could suggest a compromise to Tavleen; perhaps staying just a bit longer to meet her happiness, then leaving together.', 'Inform Tavleen that you are calling a taxi for yourself because you want to leave now.']","['high', 'low', 'high', 'low']","[-2.880859375, -0.335693359375, -4.8828125, -1.5380859375]","[-0.0847311580882353, -0.015985398065476192, -0.1953125, -0.08095189144736842]","[0.2518724203109741, 0.2697966396808624, 0.2255048006772995, 0.25282612442970276]",0.47737722810174865,0.47737722810174865,-0.022622771898251348
trait_agreeableness_00724,agreeableness,high,zero_hook,none,trait_agreeableness_00724_act_004,high,"['trait_agreeableness_00724_act_001', 'trait_agreeableness_00724_act_002', 'trait_agreeableness_00724_act_003', 'trait_agreeableness_00724_act_004']","['Suggest that Josalyn finds an alternative or waits for another time when you are less occupied.', 'Keep your business appointment as planned; it’s important to prioritize commitments that impact your professional goals.', 'Perhaps offer to help Josalyn after your business appointment, blending commitment with your supportive nature.', ""You might consider rescheduling the business appointment if Josalyn's request could foster a supportive relationship.""]","['low', 'low', 'high', 'high']","[-6.515625, -15.4375, -1.890625, -0.23486328125]","[-0.32578125, -0.8125, -0.09950657894736842, -0.0117431640625]","[0.2359880805015564, 0.14504769444465637, 0.29591017961502075, 0.3230539858341217]",0.6189642023422839,0.6189642023422839,0.11896420234228389
trait_agreeableness_00725,agreeableness,high,zero_hook,none,trait_agreeableness_00725_act_002,high,"['trait_agreeableness_00725_act_001', 'trait_agreeableness_00725_act_002', 'trait_agreeableness_00725_act_003', 'trait_agreeableness_00725_act_004']","[""Apologize sincerely to Webber for the comment and ask them how they feel or if there's anything they'd like to talk about."", 'Express your regret over the upsetting comment, then gently shift the conversation towards a topic that Webber enjoys to lighten the mood.', 'Clarify your comment to Webber, explaining your point of view so they understand your perspective better.', 'Ask Webber to explain why your comment upset them, which can lead to a clearer understanding on both sides.']","['high', 'high', 'low', 'low']","[-1.1513671875, -0.400146484375, -4.58203125, -7.9921875]","[-0.04112025669642857, -0.016005859375, -0.2291015625, -0.36328125]","[0.2794354557991028, 0.2865421772003174, 0.23154865205287933, 0.20247377455234528]",0.5659775992645264,0.5659775992645264,0.0659775992645264
trait_agreeableness_00726,agreeableness,high,zero_hook,none,trait_agreeableness_00726_act_002,high,"['trait_agreeableness_00726_act_001', 'trait_agreeableness_00726_act_002', 'trait_agreeableness_00726_act_003', 'trait_agreeableness_00726_act_004']","['Suggest that Stevielynn should speak to a financial advisor to better manage her expenses and debt.', 'Offer to help Stevielynn by covering some of her medical expenses or by lending her money if that feels right to you.', 'Advise Stevielynn to negotiate the bills or seek cheaper medical alternatives for future treatments.', 'Consider providing support by helping Stevielynn find financial aid programs or charities that assist with medical bills.']","['low', 'high', 'low', 'high']","[-7.44140625, -0.00238037109375, -6.53515625, -9.203125]","[-0.35435267857142855, -9.1552734375e-05, -0.34395559210526316, -0.4382440476190476]","[0.22961534559726715, 0.3272310793399811, 0.23201511800289154, 0.21113844215869904]",0.5383695295210112,0.5383695295210112,0.03836952952101125
trait_agreeableness_00727,agreeableness,high,zero_hook,none,trait_agreeableness_00727_act_003,high,"['trait_agreeableness_00727_act_001', 'trait_agreeableness_00727_act_002', 'trait_agreeableness_00727_act_003', 'trait_agreeableness_00727_act_004']","['Consider starting with the positive aspects of the policy, then transition into your concerns, ensuring you maintain a respectful tone throughout.', 'Directly challenge the policy by presenting strong, logical arguments against it and demand a review from management.', 'You could express your concerns by highlighting how the policy impacts team morale, and gently suggest possible alternatives that could benefit everyone.', ""Question the policy's fairness and effectiveness in the meeting, and push for an immediate reconsideration by presenting the overall dissatisfaction of your colleagues.""]","['high', 'low', 'high', 'low']","[-2.513671875, -7.68359375, -1.638671875, -2.857421875]","[-0.104736328125, -0.3841796875, -0.06827799479166667, -0.10583043981481481]","[0.26369625329971313, 0.19940829277038574, 0.27348756790161133, 0.2634078860282898]",0.5371838212013245,0.5371838212013245,0.03718382120132446
trait_agreeableness_00728,agreeableness,high,zero_hook,none,trait_agreeableness_00728_act_004,high,"['trait_agreeableness_00728_act_001', 'trait_agreeableness_00728_act_002', 'trait_agreeableness_00728_act_003', 'trait_agreeableness_00728_act_004']","[""Propose a formal vote on the project during the next team meeting to decisively address and move beyond Kashtin's opposition."", ""Firmly defend your project's merits in the next meeting, showcasing robust evidence and data to counter his objections."", 'Consider inviting Kashtin to co-present the project, integrating his viewpoints to strengthen the proposal.', 'Schedule a one-on-one meeting with Kashtin to understand his concerns and discuss potential compromises.']","['low', 'low', 'high', 'high']","[-2.083984375, -2.583984375, -2.515625, -0.327392578125]","[-0.0801532451923077, -0.11234714673913043, -0.13240131578947367, -0.01723118832236842]","[0.2511076331138611, 0.24315224587917328, 0.2383245825767517, 0.26741552352905273]",0.5057401136419194,0.5057401136419194,0.005740113641919398
trait_agreeableness_00729,agreeableness,high,zero_hook,none,trait_agreeableness_00729_act_001,high,"['trait_agreeableness_00729_act_001', 'trait_agreeableness_00729_act_002', 'trait_agreeableness_00729_act_003', 'trait_agreeableness_00729_act_004']","['Offer to spend time with Janely, perhaps going for a walk or watching a movie together to help her feel less alone.', 'Consider sending Janely a care package filled with her favorite treats and a heartfelt note to show your support and affection.', 'Encourage Janely to join a support group where she can connect with people who understand her grief and can offer perspective.', 'Suggest that Janely seeks professional counseling to address her feelings of hopelessness and to develop coping strategies.']","['high', 'high', 'low', 'low']","[-2.205078125, -3.580078125, -6.3046875, -2.330078125]","[-0.088203125, -0.15565557065217392, -0.2626953125, -0.11095610119047619]","[0.2665131986141205, 0.24912911653518677, 0.22384002804756165, 0.2605176866054535]",0.5156422997819692,0.5156422997819692,0.015642299781969182
trait_agreeableness_00730,agreeableness,high,zero_hook,none,trait_agreeableness_00730_act_001,low,"['trait_agreeableness_00730_act_001', 'trait_agreeableness_00730_act_002', 'trait_agreeableness_00730_act_003', 'trait_agreeableness_00730_act_004']","['Withhold Meital’s paycheck as a firm action to underline the seriousness of the performance issues and motivate improvement.', 'Consider setting up a meeting with Meital to openly discuss performance issues and explore supportive measures to help improve their work.', 'Implement a direct policy that ties Meital’s pay to specific performance metrics, ensuring accountability and immediate consequences for underperformance.', 'You might want to create an improvement plan that outlines clear goals and timelines for Meital, providing regular feedback and encouragement.']","['low', 'high', 'low', 'high']","[-0.0003120899200439453, -12.515625, -11.921875, -23.03125]","[-1.4185905456542969e-05, -0.5441576086956522, -0.4967447916666667, -0.9596354166666666]","[0.38881856203079224, 0.22564643621444702, 0.23660267889499664, 0.14893224835395813]",0.374578712476694,0.374578712476694,-0.125421287523306
trait_agreeableness_00731,agreeableness,high,zero_hook,none,trait_agreeableness_00731_act_003,high,"['trait_agreeableness_00731_act_001', 'trait_agreeableness_00731_act_002', 'trait_agreeableness_00731_act_003', 'trait_agreeableness_00731_act_004']","['Perhaps you could delegate some of your responsibilities to other volunteers, which would allow you to continue supporting the charity while also managing your stress better.', ""It's practical to prioritize your own health and professional duties over volunteering; you can always return to it when you're in a better position."", 'You might consider reducing your hours slightly and finding a schedule that allows more time for rest, maintaining your commitment but taking care of your health too.', 'Consider taking a complete break from volunteering to focus entirely on your personal and professional life until you feel less overwhelmed.']","['high', 'low', 'high', 'low']","[-2.318359375, -3.115234375, -0.36474609375, -1.884765625]","[-0.08279854910714286, -0.11125837053571429, -0.012577451508620689, -0.08567116477272728]","[0.24741341173648834, 0.24047131836414337, 0.2654115855693817, 0.24670369923114777]",0.5128249896641822,0.5128249896641822,0.012824989664182218
trait_agreeableness_00732,agreeableness,high,zero_hook,none,trait_agreeableness_00732_act_002,low,"['trait_agreeableness_00732_act_001', 'trait_agreeableness_00732_act_002', 'trait_agreeableness_00732_act_003', 'trait_agreeableness_00732_act_004']","['Recommend that they check local moving services or rental trucks, as you need to prioritize your own commitments this weekend.', 'Politely explain that you have long-standing personal plans and suggest that they reschedule the move or ask another friend for help.', 'You could suggest hiring professional movers and then visiting your friend after your retreat to help them unpack and settle in.', 'Offer to help your friend with packing a day or two before your retreat, so you can still support them without cancelling your plans.']","['low', 'low', 'high', 'high']","[-1.1103515625, -0.57958984375, -3.892578125, -2.8828125]","[-0.050470525568181816, -0.02318359375, -0.17693536931818182, -0.11087740384615384]","[0.2597234547138214, 0.26690807938575745, 0.22886963188648224, 0.2444988340139389]",0.47336846590042114,0.47336846590042114,-0.026631534099578857
trait_agreeableness_00733,agreeableness,high,zero_hook,none,trait_agreeableness_00733_act_003,low,"['trait_agreeableness_00733_act_001', 'trait_agreeableness_00733_act_002', 'trait_agreeableness_00733_act_003', 'trait_agreeableness_00733_act_004']","['You could politely excuse yourself from your current commitment, explaining the importance of timely attendance at your work meeting.', 'Consider contacting a colleague who is also attending the meeting and kindly ask if they can cover the beginning part until you arrive.', ""Just focus on finishing your current commitment properly, even if it means being late; you can't always please everyone."", ""Send a quick message to inform them you'll be late, then proceed with your current engagement without cutting it short.""]","['high', 'high', 'low', 'low']","[-1.5888671875, -2.373046875, -0.4326171875, -3.82421875]","[-0.07566034226190477, -0.098876953125, -0.018809442934782608, -0.16627038043478262]","[0.2532336115837097, 0.24742211401462555, 0.2680472731590271, 0.23129695653915405]",0.5006557479793913,0.5006557479793913,0.0006557479793912746
trait_agreeableness_00734,agreeableness,high,zero_hook,none,trait_agreeableness_00734_act_002,high,"['trait_agreeableness_00734_act_001', 'trait_agreeableness_00734_act_002', 'trait_agreeableness_00734_act_003', 'trait_agreeableness_00734_act_004']","['Directly ask both colleagues to clarify their points and explain the reasoning behind their disagreements in the meeting, fostering a clear and open dialogue.', 'You might consider suggesting a team-building activity that focuses on communication skills, which can improve overall team harmony without direct confrontation.', 'You could inform your manager about the disruptive behavior, letting them handle the situation and possibly mediate the conflict.', 'Perhaps you could recommend a feedback session where everyone gets the chance to express their thoughts in a structured manner, making the atmosphere more open and less tense.']","['low', 'high', 'low', 'high']","[-1.046875, -0.83984375, -10.3671875, -3.267578125]","[-0.03877314814814815, -0.034993489583333336, -0.47123579545454547, -0.10891927083333333]","[0.27894362807273865, 0.2799999415874481, 0.18100906908512115, 0.2600473165512085]",0.5400472822806515,0.5400472822806515,0.040047282280651464
trait_agreeableness_00735,agreeableness,high,zero_hook,none,trait_agreeableness_00735_act_002,low,"['trait_agreeableness_00735_act_001', 'trait_agreeableness_00735_act_002', 'trait_agreeableness_00735_act_003', 'trait_agreeableness_00735_act_004']","['Maybe you can ask your friend how they feel about their project first to understand their perspective before sharing your thoughts.', 'Just be straightforward and tell your friend what you really think about the art project; they asked for honesty, after all.', 'You could mention specific aspects you like while gently suggesting improvements in areas you think could be better.', 'Recommend your friend to seek feedback from professional artists as well, which can provide them with a more objective critique.']","['high', 'low', 'high', 'low']","[-8.484375, -0.00029349327087402344, -17.328125, -17.421875]","[-0.3856534090909091, -1.2228886286417643e-05, -0.9120065789473685, -0.7919034090909091]","[0.2682795226573944, 0.39452028274536133, 0.15848757326602936, 0.1787126660346985]",0.42676707684544873,0.42676707684544873,-0.07323292315455127
trait_agreeableness_00736,agreeableness,high,zero_hook,none,trait_agreeableness_00736_act_001,low,"['trait_agreeableness_00736_act_001', 'trait_agreeableness_00736_act_002', 'trait_agreeableness_00736_act_003', 'trait_agreeableness_00736_act_004']","['Suggest a compromise where Jahnia could redistribute some of the tasks among other team members to lessen your burden.', 'Decline the proposal, citing your current responsibilities and the importance of maintaining your personal life balance.', 'Perhaps you could agree to the new plan, but clarify your availability and limits to ensure your personal time is respected.', 'You might consider agreeing to the plan but also ask for help or support to manage the increased workload effectively.']","['low', 'low', 'high', 'high']","[-0.24609375, -7.953125, -2.056640625, -3.509765625]","[-0.011186079545454546, -0.4185855263157895, -0.08941915760869565, -0.16713169642857142]","[0.29021400213241577, 0.19310210645198822, 0.26837506890296936, 0.24830876290798187]",0.5166838626077094,0.5166838626077094,0.016683862607709377
trait_agreeableness_00737,agreeableness,high,zero_hook,none,trait_agreeableness_00737_act_003,low,"['trait_agreeableness_00737_act_001', 'trait_agreeableness_00737_act_002', 'trait_agreeableness_00737_act_003', 'trait_agreeableness_00737_act_004']","['You could gently remind your colleagues about the value of discussing concerns directly with PersonZ to promote a more understanding and supportive work environment.', 'Consider sharing positive experiences or achievements of PersonZ to subtly shift the tone of the conversation to something more constructive and appreciative.', ""You might propose focusing the discussion on tasks and projects instead, pointing out that speculative talk is not productive or beneficial for the team's goals."", 'Suggest setting up a meeting where concerns can be addressed openly with PersonZ present, ensuring a fair dialogue and cutting out behind-the-back criticisms.']","['high', 'high', 'low', 'low']","[-8.6015625, -0.80419921875, -0.8076171875, -2.2890625]","[-0.3308293269230769, -0.03216796875, -0.028843470982142856, -0.07893318965517242]","[0.20051904022693634, 0.27031028270721436, 0.2712104320526123, 0.2579602003097534]",0.47082934398186255,0.47082934398186255,-0.029170656018137453
trait_agreeableness_00738,agreeableness,high,zero_hook,none,trait_agreeableness_00738_act_001,low,"['trait_agreeableness_00738_act_001', 'trait_agreeableness_00738_act_002', 'trait_agreeableness_00738_act_003', 'trait_agreeableness_00738_act_004']","['Recommend they look into local community services like food banks and job training workshops to become more self-sufficient.', 'Offer to babysit the children a couple of times a week to give the parents time to job search or handle other responsibilities.', 'Suggest setting up a schedule where they can gradually take over the childcare and household chores as they stabilize financially.', 'Prepare some extra meals that can easily be reheated, to relieve them from cooking duties for a few days.']","['low', 'high', 'low', 'high']","[-0.3896484375, -2.57421875, -2.447265625, -2.35546875]","[-0.0185546875, -0.10296875, -0.11123934659090909, -0.10706676136363637]","[0.26696398854255676, 0.24535341560840607, 0.24333257973194122, 0.24435003101825714]",0.4897034393295133,0.4897034393295133,-0.010296560670486676
trait_agreeableness_00739,agreeableness,high,zero_hook,none,trait_agreeableness_00739_act_003,high,"['trait_agreeableness_00739_act_001', 'trait_agreeableness_00739_act_002', 'trait_agreeableness_00739_act_003', 'trait_agreeableness_00739_act_004']","['Consider encouraging Destinnie to seek advice from an independent financial advisor to ensure she makes a well-informed decision.', 'Go ahead and emphasize the potential high returns of the deal to persuade Destinnie, focusing on how such investments can significantly pay off.', 'You could prioritize transparency and discuss both the potential benefits and risks openly with Destinnie, emphasizing that the final decision is hers to make.', ""You should highlight the unique chance this deal represents and pitch it as a strategically aggressive investment that shouldn't be missed.""]","['high', 'low', 'high', 'low']","[-1.4169921875, -6.66796875, -1.0341796875, -1.1611328125]","[-0.06440873579545454, -0.25646033653846156, -0.03830295138888889, -0.05048403532608696]","[0.2586829364299774, 0.21348178386688232, 0.2655249834060669, 0.2623102068901062]",0.5242079667038888,0.5242079667038888,0.024207966703888806
trait_agreeableness_00740,agreeableness,high,zero_hook,none,trait_agreeableness_00740_act_001,low,"['trait_agreeableness_00740_act_001', 'trait_agreeableness_00740_act_002', 'trait_agreeableness_00740_act_003', 'trait_agreeableness_00740_act_004']","[""Confront Hikari then and there by firmly stating the discomfort they're causing, to immediately address the issue."", ""Directly tell Hikari that their behavior is inappropriate and advise them to stop immediately if you feel it's disruptive enough."", 'Maybe suggest a quick, quiet walk with Hikari outside the venue to discuss the issue discreetly and help them regain composure.', 'Consider pulling Hikari aside gently to express your concerns in private, aiming to avoid public embarrassment.']","['low', 'low', 'high', 'high']","[-0.07049560546875, -3.25390625, -3.955078125, -5.421875]","[-0.003065026324728261, -0.13015625, -0.146484375, -0.27109375]","[0.2847437262535095, 0.2507604956626892, 0.24669930338859558, 0.2177964299917221]",0.464495754144896,0.464495754144896,-0.03550424585510398
trait_agreeableness_00741,agreeableness,high,zero_hook,none,trait_agreeableness_00741_act_003,low,"['trait_agreeableness_00741_act_001', 'trait_agreeableness_00741_act_002', 'trait_agreeableness_00741_act_003', 'trait_agreeableness_00741_act_004']","['You might consider arranging a private, friendly chat with Janya to understand any challenges she’s facing and discuss how you can help her meet her deadlines.', 'Perhaps you could offer to help Janya organize her tasks or suggest setting up a team meeting to realign everyone’s responsibilities and deadlines.', ""Directly inform Janya that her missed deadlines are impacting the team's performance and she needs to adhere to the project timeline more strictly."", 'Send an email to Janya outlining the deadlines and mentioning that further delays could lead to discussions with higher management.']","['high', 'high', 'low', 'low']","[-1.1689453125, -4.2109375, -0.4404296875, -8.90625]","[-0.03896484375, -0.15596064814814814, -0.016312210648148147, -0.40482954545454547]","[0.2773081660270691, 0.2466902732849121, 0.2836616039276123, 0.19234000146389008]",0.5239984158874266,0.5239984158874266,0.023998415887426572
trait_agreeableness_00742,agreeableness,high,zero_hook,none,trait_agreeableness_00742_act_001,low,"['trait_agreeableness_00742_act_001', 'trait_agreeableness_00742_act_002', 'trait_agreeableness_00742_act_003', 'trait_agreeableness_00742_act_004']","['Directly point out the flaw during the meeting and suggest an alternative strategy that mitigates these risks.', 'Consider suggesting a follow-up meeting where you can review the strategy more thoroughly together, to align on the best approach.', 'Challenge the strategy openly in the meeting to ensure everyone is aware of the potential losses, emphasizing the need for a robust discussion.', 'You could express your concerns by privately messaging your colleague, framing it as seeking to understand their perspective better.']","['low', 'high', 'low', 'high']","[-0.222412109375, -8.9375, -1.67578125, -9.3125]","[-0.01112060546875, -0.38858695652173914, -0.06703125, -0.44345238095238093]","[0.30485817790031433, 0.20900963246822357, 0.288281112909317, 0.19785113632678986]",0.4068607445442233,0.4068607445442233,-0.09313925545577673
trait_agreeableness_00743,agreeableness,high,zero_hook,none,trait_agreeableness_00743_act_002,low,"['trait_agreeableness_00743_act_001', 'trait_agreeableness_00743_act_002', 'trait_agreeableness_00743_act_003', 'trait_agreeableness_00743_act_004']","['Maybe you could offer to help train someone else to share the workload, easing the burden on you.', 'Just say no to additional shifts and prioritize your health over voluntary extras.', 'You might consider gently explaining to your supervisor your health concerns and see if you can reduce the extra shifts.', ""Take a step back and let others step up; you're not the only one who can volunteer for extra work.""]","['high', 'low', 'high', 'low']","[-7.6328125, -0.1500244140625, -1.9931640625, -7.7265625]","[-0.381640625, -0.010716029575892858, -0.0949125744047619, -0.3359375]","[0.20712943375110626, 0.30014583468437195, 0.2759092152118683, 0.2168155461549759]",0.48303863456730145,0.48303863456730145,-0.01696136543269855
trait_agreeableness_00744,agreeableness,high,zero_hook,none,trait_agreeableness_00744_act_001,low,"['trait_agreeableness_00744_act_001', 'trait_agreeableness_00744_act_002', 'trait_agreeableness_00744_act_003', 'trait_agreeableness_00744_act_004']","['Escalate the issue to your manager or HR department to formally address the rumors and protect your professional reputation.', 'Address the situation directly by confronting your colleague and demand they stop spreading unfounded rumors immediately.', 'Offer to collaborate on a project together which could help improve your relationship and show your genuine intentions.', 'Invite your colleague for a coffee and gently discuss the impact their behavior is having on you, aiming to clear up any misunderstandings.']","['low', 'low', 'high', 'high']","[-0.0251312255859375, -4.6796875, -4.3203125, -6.68359375]","[-0.0011423284357244318, -0.2599826388888889, -0.22738486842105263, -0.2570612980769231]","[0.2990720868110657, 0.23086759448051453, 0.23851735889911652, 0.23154300451278687]",0.4700603423985686,0.4700603423985686,-0.029939657601431413
trait_agreeableness_00745,agreeableness,high,zero_hook,none,trait_agreeableness_00745_act_002,high,"['trait_agreeableness_00745_act_001', 'trait_agreeableness_00745_act_002', 'trait_agreeableness_00745_act_003', 'trait_agreeableness_00745_act_004']","['You could give your friend the guitar as a gift to help ease their financial burden and share the joy of music.', 'Consider lending the guitar to your friend until they can afford one, creating a win-win situation where you keep ownership and they get to play.', 'Keep the guitar since giving it away could set a precedent for similar expectations in the future.', 'Suggest that your friend looks for affordable second-hand options online, emphasizing the importance of financial responsibility.']","['high', 'high', 'low', 'low']","[-3.107421875, -0.257080078125, -2.154296875, -4.640625]","[-0.1351052989130435, -0.009181431361607142, -0.11968315972222222, -0.23203125]","[0.24646563827991486, 0.2795403003692627, 0.25029614567756653, 0.2236979454755783]",0.5260059229729794,0.5260059229729794,0.026005922972979434
trait_agreeableness_00746,agreeableness,high,zero_hook,none,trait_agreeableness_00746_act_002,high,"['trait_agreeableness_00746_act_001', 'trait_agreeableness_00746_act_002', 'trait_agreeableness_00746_act_003', 'trait_agreeableness_00746_act_004']","['Consider suggesting that Aythana delegate specific tasks to other team members or ask for an extension from the project lead.', ""Absolutely, offering your assistance could greatly alleviate Aythana's stress and help distribute the project tasks more manageably."", 'Recommend to Aythana to reevaluate her project plan and identify priorities; she might need to focus on key areas and drop less critical tasks.', 'Yes, stepping in to help Aythana not only supports her but also strengthens the teamwork within the project.']","['low', 'high', 'low', 'high']","[-6.71875, -0.045745849609375, -12.109375, -3.44140625]","[-0.2921195652173913, -0.0019889499830163045, -0.4175646551724138, -0.15642755681818182]","[0.22914570569992065, 0.3062766194343567, 0.20213037729263306, 0.2624472379684448]",0.568723891301387,0.568723891301387,0.06872389130138701
trait_agreeableness_00747,agreeableness,high,zero_hook,none,trait_agreeableness_00747_act_001,high,"['trait_agreeableness_00747_act_001', 'trait_agreeableness_00747_act_002', 'trait_agreeableness_00747_act_003', 'trait_agreeableness_00747_act_004']","['Consider suggesting a brief team check-in where everyone updates the group on their progress, allowing Carielle to share in a non-confrontational setting.', ""Point out directly to Carielle during the meeting that you've noticed discrepancies in their work, asking for an immediate clarification."", 'Perhaps you could invite Carielle for a private chat to gently inquire about their progress and any challenges they might be facing.', ""Challenge Carielle in the meeting to present detailed evidence of their progress to ensure they're held accountable in front of the team.""]","['high', 'low', 'high', 'low']","[-0.047637939453125, -6.24609375, -5.77734375, -6.29296875]","[-0.0015879313151041666, -0.24984375, -0.23109375, -0.2420372596153846]","[0.29749855399131775, 0.2320965677499771, 0.2364894449710846, 0.2339155226945877]",0.5339879512201591,0.5339879512201591,0.033987951220159074
trait_agreeableness_00748,agreeableness,high,zero_hook,none,trait_agreeableness_00748_act_002,low,"['trait_agreeableness_00748_act_001', 'trait_agreeableness_00748_act_002', 'trait_agreeableness_00748_act_003', 'trait_agreeableness_00748_act_004']","['Document specific instances where Melicia took undue credit and present these to your supervisor as evidence.', ""Report the behavior to your supervisor immediately to prevent further damage to the team's morale."", 'Consider organizing a team intervention where everyone can openly discuss their feelings about fairness and recognition.', 'You could speak with Melicia first to express your concerns and give them a chance to rectify the situation themselves.']","['low', 'low', 'high', 'high']","[-6.46875, -0.0015668869018554688, -13.90625, -19.765625]","[-0.359375, -9.216981775620404e-05, -0.8180147058823529, -0.859375]","[0.2724071443080902, 0.39016926288604736, 0.1722002625465393, 0.16522328555583954]",0.33742356318638755,0.33742356318638755,-0.16257643681361245
trait_agreeableness_00749,agreeableness,high,zero_hook,none,trait_agreeableness_00749_act_004,low,"['trait_agreeableness_00749_act_001', 'trait_agreeableness_00749_act_002', 'trait_agreeableness_00749_act_003', 'trait_agreeableness_00749_act_004']","['You might consider addressing the discomfort with Tagert directly by kindly expressing how their behavior makes you feel and seeking a mutual understanding.', 'Perhaps you could involve a mediator from HR to help facilitate a constructive conversation with Tagert, which might improve your work environment.', 'Stand your ground and confront Tagert directly about their aggressive behavior without sugarcoating your concerns.', 'Keep avoiding Tagert if interacting with them disrupts your productivity and peace of mind, focusing instead on your own work responsibilities.']","['high', 'high', 'low', 'low']","[-13.3359375, -9.265625, -2.798828125, -0.06524658203125]","[-0.5334375, -0.370625, -0.14730674342105263, -0.00260986328125]","[0.18697068095207214, 0.22003009915351868, 0.2750856578350067, 0.3179135322570801]",0.40700079223515967,0.40700079223515967,-0.09299920776484033
trait_agreeableness_00750,agreeableness,high,zero_hook,none,trait_agreeableness_00750_act_003,low,"['trait_agreeableness_00750_act_001', 'trait_agreeableness_00750_act_002', 'trait_agreeableness_00750_act_003', 'trait_agreeableness_00750_act_004']","['Directly challenge the strategy in a team meeting by clearly outlining the potential pitfalls and presenting your alternative solutions.', 'You might consider gently suggesting a team meeting to review the project strategy and express your concerns in a supportive manner.', 'Write a concise, fact-based email to your project leader detailing why the current strategy might fail and suggest a meeting to discuss viable alternatives.', 'Perhaps you could offer to help research or present alternative strategies that could complement the current plan without dismissing it entirely.']","['low', 'high', 'low', 'high']","[-2.935546875, -2.404296875, -0.18505859375, -5.671875]","[-0.13978794642857142, -0.10928622159090909, -0.00685402199074074, -0.2578125]","[0.24619504809379578, 0.2538200914859772, 0.2811976969242096, 0.21878719329833984]",0.4726072706995228,0.4726072706995228,-0.027392729300477203
trait_agreeableness_00701,agreeableness,low,zero_hook,none,trait_agreeableness_00701_act_002,high,"['trait_agreeableness_00701_act_001', 'trait_agreeableness_00701_act_002', 'trait_agreeableness_00701_act_003', 'trait_agreeableness_00701_act_004']","['You could propose a meeting to discuss the strengths of each theme and consider blending elements of both to please a wider audience.', 'Maybe consult with other team members for their opinions to see if a consensus can be achieved that respects both perspectives.', 'Stick to presenting clear, data-backed arguments on why a cultural heritage theme could draw more interest and community engagement.', 'Insist on setting clear objectives for the event and demonstrate how your theme aligns better with those goals compared to a modern tech theme.']","['high', 'high', 'low', 'low']","[-7.78125, -0.76708984375, -1.845703125, -5.359375]","[-0.32421875, -0.034867720170454544, -0.08389559659090909, -0.19849537037037038]","[0.21091756224632263, 0.28169316053390503, 0.2682154178619385, 0.23917385935783386]",0.49261072278022766,0.5073892772197723,0.007389277219772339
trait_agreeableness_00702,agreeableness,low,zero_hook,none,trait_agreeableness_00702_act_002,high,"['trait_agreeableness_00702_act_001', 'trait_agreeableness_00702_act_002', 'trait_agreeableness_00702_act_003', 'trait_agreeableness_00702_act_004']","['Clearly communicate to your supervisor the unrealistic nature of the additional workload and negotiate down the responsibilities.', 'Consider discussing a phased approach with your boss to gradually integrate the new project while maintaining balance with your current tasks.', 'Prioritize your tasks and cut down on the least essential ones; put focus only on what genuinely requires your expertise.', 'You could ask for support from your team or colleagues to help manage the workload more efficiently.']","['low', 'high', 'low', 'high']","[-0.98388671875, -0.712890625, -2.119140625, -10.8046875]","[-0.05466037326388889, -0.032404119318181816, -0.09213654891304347, -0.6002604166666666]","[0.2804878354072571, 0.28680041432380676, 0.27017074823379517, 0.162541002035141]",0.44934141635894775,0.5506585836410522,0.050658583641052246
trait_agreeableness_00703,agreeableness,low,zero_hook,none,trait_agreeableness_00703_act_002,low,"['trait_agreeableness_00703_act_001', 'trait_agreeableness_00703_act_002', 'trait_agreeableness_00703_act_003', 'trait_agreeableness_00703_act_004']","['Consider setting aside a portion of your bonus for your vacation and donate a portion to your friend to ease their burden.', 'Invest the bonus in a personal savings or retirement fund to ensure your future financial stability.', 'You could offer to help your friend cover some of their medical expenses with part of your bonus.', 'Use the bonus for the vacation you’ve been planning, as personal relaxation and fulfillment are important.']","['high', 'low', 'high', 'low']","[-4.22265625, -0.64111328125, -5.28515625, -0.85498046875]","[-0.18359375, -0.03771254595588235, -0.27816611842105265, -0.044998972039473686]","[0.23722095787525177, 0.27447858452796936, 0.21581459045410156, 0.2724858820438385]",0.4530355415785977,0.5469644584214023,0.04696445842140229
trait_agreeableness_00704,agreeableness,low,zero_hook,none,trait_agreeableness_00704_act_001,low,"['trait_agreeableness_00704_act_001', 'trait_agreeableness_00704_act_002', 'trait_agreeableness_00704_act_003', 'trait_agreeableness_00704_act_004']","['Challenge the team to justify the strategy with data or precedents, given its similarity to past unsuccessful attempts.', 'Directly state the issues and shortcomings you foresee with the agreed strategy to ensure they are aware of the potential risks.', 'Maybe suggest setting up a small trial run of the strategy first, to demonstrate the outcomes before fully committing.', 'You could gently express your concerns and propose discussing alternative strategies that could prevent potential issues.']","['low', 'low', 'high', 'high']","[-0.75537109375, -1.615234375, -2.724609375, -3.443359375]","[-0.035970052083333336, -0.07022758152173914, -0.12974330357142858, -0.20255055147058823]","[0.26857414841651917, 0.2595292627811432, 0.24453386664390564, 0.22736269235610962]",0.4718965730636291,0.5281034269363709,0.028103426936370912
trait_agreeableness_00705,agreeableness,low,zero_hook,none,trait_agreeableness_00705_act_001,high,"['trait_agreeableness_00705_act_001', 'trait_agreeableness_00705_act_002', 'trait_agreeableness_00705_act_003', 'trait_agreeableness_00705_act_004']","['You could consider politely reaching out to the rental agency to express your concerns and ask for possible solutions or compensation.', 'Maybe try to calmly discuss the discrepancies with the agency, highlighting the missing amenities and differences in the property, and request an amicable resolution.', 'Demand an immediate response from the rental agency and insist on a partial refund or relocation to a property that matches the initial description.', 'Send a firm email to the agency detailing every issue, and make it clear you expect swift action or you will consider legal advice.']","['high', 'high', 'low', 'low']","[-0.276123046875, -1.4404296875, -15.2265625, -12.6328125]","[-0.012551047585227272, -0.05144391741071429, -0.6090625, -0.48587740384615385]","[0.3189273774623871, 0.3067615032196045, 0.17564274370670319, 0.19866837561130524]",0.6256888806819916,0.3743111193180084,-0.12568888068199158
trait_agreeableness_00706,agreeableness,low,zero_hook,none,trait_agreeableness_00706_act_001,low,"['trait_agreeableness_00706_act_001', 'trait_agreeableness_00706_act_002', 'trait_agreeableness_00706_act_003', 'trait_agreeableness_00706_act_004']","['Directly confront Marybella in your next team meeting by highlighting specific instances where your ideas were dismissed and demand a justification.', 'Consider asking Marybella for a private meeting to express how valuable you feel contributions from all team members are, including yours.', 'Email the whole team including your manager outlining how the dismissal of ideas by any team member, including Marybella, negatively impacts project creativity and ask for more structured discussion protocols.', 'Maybe propose a team brainstorming session where everyone submits one idea anonymously to ensure each thought is considered without bias.']","['low', 'high', 'low', 'high']","[-0.51513671875, -1.15625, -4.45703125, -7.96875]","[-0.02060546875, -0.04625, -0.12734375, -0.3622159090909091]","[0.27901262044906616, 0.2719484269618988, 0.2507656216621399, 0.19827334582805634]",0.4702217657831048,0.5297782342168952,0.029778234216895183
trait_agreeableness_00707,agreeableness,low,zero_hook,none,trait_agreeableness_00707_act_002,low,"['trait_agreeableness_00707_act_001', 'trait_agreeableness_00707_act_002', 'trait_agreeableness_00707_act_003', 'trait_agreeableness_00707_act_004']","['Perhaps eat a healthy meal before the party to lessen your cravings and politely sample very small amounts of your favorite foods.', 'Just say no to the unhealthy options and stick firmly to your diet plan; it’s about your health after all.', 'You could bring a dish to share that fits your diet so you have a healthy option available and still enjoy the party.', 'Ignore the offerings and focus on socializing, not eating; you’re there for your friend, not the food.']","['high', 'low', 'high', 'low']","[-3.6640625, -0.337890625, -2.3359375, -11.0546875]","[-0.1593070652173913, -0.014690896739130434, -0.09733072916666667, -0.48063858695652173]","[0.253503680229187, 0.29294782876968384, 0.26971200108528137, 0.18383651971817017]",0.5232156657214264,0.4767843342785736,-0.023215665721426415
trait_agreeableness_00708,agreeableness,low,zero_hook,none,trait_agreeableness_00708_act_001,low,"['trait_agreeableness_00708_act_001', 'trait_agreeableness_00708_act_002', 'trait_agreeableness_00708_act_003', 'trait_agreeableness_00708_act_004']","['Simply note the achievement directly to Nazareth and mention that you noticed the milestone, encouraging them to own their success publicly.', ""Challenge Nazareth in a light-hearted manner about why they haven't boasted about their success yet, to push them out of their comfort zone."", 'Encourage mutual friends or coworkers to subtly acknowledge the achievement, fostering a supportive environment without overwhelming Nazareth.', 'Quietly congratulate Nazareth in a personal message to show your support and respect for their privacy.']","['low', 'low', 'high', 'high']","[-0.00518798828125, -12.6953125, -5.48828125, -8.8984375]","[-0.00021616617838541666, -0.45340401785714285, -0.26134672619047616, -0.4683388157894737]","[0.3298201262950897, 0.2096332460641861, 0.2540209889411926, 0.20652568340301514]",0.4605466517561681,0.539453348243832,0.039453348243831954
trait_agreeableness_00709,agreeableness,low,zero_hook,none,trait_agreeableness_00709_act_001,high,"['trait_agreeableness_00709_act_001', 'trait_agreeableness_00709_act_002', 'trait_agreeableness_00709_act_003', 'trait_agreeableness_00709_act_004']","['Consider politely telling Zacharyah that his advances are making you uncomfortable and you would like to keep your relationship professional.', 'Maybe talk to a trusted colleague or a supervisor for advice on how to approach Zacharyah about this sensitive issue.', 'Directly tell Zacharyah to stop the advances, asserting that they are inappropriate and unwelcome at the workplace.', 'If speaking to him directly doesn’t work, report the behavior to your HR department to handle it formally.']","['high', 'high', 'low', 'low']","[-0.04925537109375, -4.08203125, -3.486328125, -11.5234375]","[-0.0021415378736413045, -0.17747961956521738, -0.15157948369565216, -0.5487351190476191]","[0.3049446642398834, 0.25590139627456665, 0.2626158595085144, 0.17653809487819672]",0.5608460521571926,0.43915394784280737,-0.06084605215719263
trait_agreeableness_00710,agreeableness,low,zero_hook,none,trait_agreeableness_00710_act_002,high,"['trait_agreeableness_00710_act_001', 'trait_agreeableness_00710_act_002', 'trait_agreeableness_00710_act_003', 'trait_agreeableness_00710_act_004']","['Demand an explanation as to why you were excluded from the discussion, asserting your right to know what concerns your family.', 'Approach a family member gently and express that you would appreciate being included in the conversation as it would help you cope better with the group.', 'Confront the family decisively about the secrecy, making it clear that you expect transparency in future matters.', 'Politely express to your family that you feel left out and assure them that you are capable of handling the situation more calmly with their support.']","['low', 'high', 'low', 'high']","[-8.3671875, -0.021484375, -3.912109375, -7.30078125]","[-0.36379076086956524, -0.0007672991071428571, -0.18629092261904762, -0.2607421875]","[0.21095076203346252, 0.30327749252319336, 0.2519232928752899, 0.2338484674692154]",0.5371259519886084,0.46287404801139165,-0.03712595198860835
trait_agreeableness_00711,agreeableness,low,zero_hook,none,trait_agreeableness_00711_act_002,low,"['trait_agreeableness_00711_act_001', 'trait_agreeableness_00711_act_002', 'trait_agreeableness_00711_act_003', 'trait_agreeableness_00711_act_004']","['Perhaps you might weigh the emotional costs against the professional gains and decide if the move aligns with your long-term personal happiness and career goals.', 'Take the job; advancing in your career is a priority, and the significant pay increase justifies the move.', 'You could consider accepting the job and finding ways to maintain strong relationships with your family and friends through regular visits and digital communication.', 'Move to the new city; it’s a valuable opportunity for professional growth, and personal relationships can adapt if they’re truly important.']","['high', 'low', 'high', 'low']","[-14.921875, -0.07073974609375, -16.421875, -8.4375]","[-0.5329241071428571, -0.0032154430042613635, -0.656875, -0.3245192307692308]","[0.20774589478969574, 0.35284340381622314, 0.18352754414081573, 0.2558830678462982]",0.3912734739130861,0.6087265260869139,0.10872652608691391
trait_agreeableness_00712,agreeableness,low,zero_hook,none,trait_agreeableness_00712_act_002,low,"['trait_agreeableness_00712_act_001', 'trait_agreeableness_00712_act_002', 'trait_agreeableness_00712_act_003', 'trait_agreeableness_00712_act_004']","['Consider leveraging your time on more personal meetings where you can have genuine interactions, rather than a large industry event.', 'Skip the dinner if it really goes against your preferences and focus on networking in ways that make you feel comfortable.', 'You might find it rewarding to go and connect with a few people, making the experience more manageable and meaningful for you.', 'Consider attending the dinner to nurture relationships that could be beneficial for future collaborations or opportunities.']","['low', 'low', 'high', 'high']","[-5.484375, -0.85986328125, -3.376953125, -0.90625]","[-0.24928977272727273, -0.03908469460227273, -0.14070638020833334, -0.05330882352941176]","[0.21905168890953064, 0.2702946960926056, 0.2441764622926712, 0.26647719740867615]",0.5106536368733509,0.48934636312664914,-0.010653636873350858
trait_agreeableness_00713,agreeableness,low,zero_hook,none,trait_agreeableness_00713_act_004,low,"['trait_agreeableness_00713_act_001', 'trait_agreeableness_00713_act_002', 'trait_agreeableness_00713_act_003', 'trait_agreeableness_00713_act_004']","[""You could accept the nomination gracefully as it honors not just your work but also your team's effort."", 'Perhaps you might consider a compromise by accepting the nomination and requesting a more low-key acknowledgment at the ceremony.', 'Decline the nomination if it makes you uncomfortable; maintaining your personal comfort is more important than external recognition.', 'You might just let them know that while you appreciate the gesture, you prefer achievements to be celebrated internally rather than publicly.']","['high', 'high', 'low', 'low']","[-4.35546875, -1.1396484375, -7.0625, -0.8564453125]","[-0.2177734375, -0.05426897321428571, -0.33630952380952384, -0.035685221354166664]","[0.23443523049354553, 0.27607810497283936, 0.20823000371456146, 0.28125664591789246]",0.5105133430736265,0.4894866569263735,-0.010513343073626502
trait_agreeableness_00714,agreeableness,low,zero_hook,none,trait_agreeableness_00714_act_002,high,"['trait_agreeableness_00714_act_001', 'trait_agreeableness_00714_act_002', 'trait_agreeableness_00714_act_003', 'trait_agreeableness_00714_act_004']","['Just let them know that your current responsibilities cannot be set aside, and you must prioritize completing your pending work this weekend.', 'You might consider delegating some of your tasks or rescheduling commitments so you can join your friends and maintain those cherished relationships.', 'Suggest an alternate weekend for the getaway when you are less busy, demonstrating your interest while staying committed to your personal obligations.', 'Perhaps you could work a few extra hours before the weekend to clear up some urgent tasks, allowing you to enjoy the getaway without worries.']","['low', 'high', 'low', 'high']","[-11.078125, -0.560546875, -0.92578125, -3.64453125]","[-0.4615885416666667, -0.022421875, -0.03703125, -0.1349826388888889]","[0.1829296499490738, 0.28379958868026733, 0.27968358993530273, 0.25358715653419495]",0.5373867532221489,0.4626132467778511,-0.037386753222148905
trait_agreeableness_00715,agreeableness,low,zero_hook,none,trait_agreeableness_00715_act_001,high,"['trait_agreeableness_00715_act_001', 'trait_agreeableness_00715_act_002', 'trait_agreeableness_00715_act_003', 'trait_agreeableness_00715_act_004']","['Suggest a team coffee break for everyone to refresh and help Ulisess feel less isolated in his stress.', 'Advise Ulisess to delegate some tasks to others to manage his workload better, which might alleviate his stress.', 'Offer to take a short walk with Ulisess during lunch, allowing for a change of scenery and a physical break from work.', 'Recommend that Ulisess reevaluate his project timeline and priorities, possibly pushing back less critical tasks.']","['high', 'low', 'high', 'low']","[-0.02850341796875, -4.96484375, -4.02734375, -5.90234375]","[-0.0012956099076704545, -0.21586277173913043, -0.15489783653846154, -0.2951171875]","[0.2932626008987427, 0.23663084208965302, 0.25150585174560547, 0.21860072016716003]",0.5447684445266657,0.45523155547333427,-0.04476844452666573
trait_agreeableness_00716,agreeableness,low,zero_hook,none,trait_agreeableness_00716_act_003,high,"['trait_agreeableness_00716_act_001', 'trait_agreeableness_00716_act_002', 'trait_agreeableness_00716_act_003', 'trait_agreeableness_00716_act_004']","['Decline the invitation as your workload and commitments cannot be compromised for additional social events.', 'Skip the ball; prioritize completing your major project and maintaining your current commitments.', ""Maybe you could go to the ball with Ranvir but let him know in advance that you'll need to leave early to manage your other commitments."", 'Consider attending the charity ball for just a short time to show support before focusing back on your project.']","['low', 'low', 'high', 'high']","[-1.3642578125, -2.890625, -0.75537109375, -7.296875]","[-0.08025045955882353, -0.19270833333333334, -0.026047279094827586, -0.36484375]","[0.27014949917793274, 0.24141503870487213, 0.28519657254219055, 0.20323891937732697]",0.48843547736300597,0.511564522636994,0.011564522636994035
trait_agreeableness_00717,agreeableness,low,zero_hook,none,trait_agreeableness_00717_act_003,low,"['trait_agreeableness_00717_act_001', 'trait_agreeableness_00717_act_002', 'trait_agreeableness_00717_act_003', 'trait_agreeableness_00717_act_004']","['Consider crafting homemade gifts, which can be both meaningful and budget-friendly.', 'You might also think about baking treats to bring to the parties, as this is an affordable and heartfelt alternative to traditional gifts.', 'Just opt out of gift-giving and explain your financial situation honestly if anyone asks.', 'Alternatively, buy a single bulk gift item that you can split among the various parties to minimize costs.']","['high', 'high', 'low', 'low']","[-3.521484375, -8.6328125, -0.047088623046875, -11.6015625]","[-0.2515345982142857, -0.3453125, -0.002769919002757353, -0.580078125]","[0.2555651366710663, 0.23268820345401764, 0.32774701714515686, 0.1839996576309204]",0.4882533328495423,0.5117466671504577,0.01174666715045769
trait_agreeableness_00718,agreeableness,low,zero_hook,none,trait_agreeableness_00718_act_001,low,"['trait_agreeableness_00718_act_001', 'trait_agreeableness_00718_act_002', 'trait_agreeableness_00718_act_003', 'trait_agreeableness_00718_act_004']","[""You should remain neutral, not laughing or reacting, to clearly indicate that such jokes aren't suitable for the workplace."", ""You might offer a light smile to acknowledge Geordie's attempt at humor without encouraging the nature of the joke."", 'Address Geordie later in private, suggesting that he consider the timing and content of his jokes more carefully in the future.', 'Perhaps gently change the subject to help move the conversation away from the joke and towards more appropriate meeting topics.']","['low', 'high', 'low', 'high']","[-0.006771087646484375, -5.1015625, -8.265625, -8.171875]","[-0.00029439511506453806, -0.2218070652173913, -0.330625, -0.38913690476190477]","[0.31271177530288696, 0.25057774782180786, 0.2247416079044342, 0.21196886897087097]",0.46254661679267883,0.5374533832073212,0.03745338320732117
trait_agreeableness_00719,agreeableness,low,zero_hook,none,trait_agreeableness_00719_act_002,low,"['trait_agreeableness_00719_act_001', 'trait_agreeableness_00719_act_002', 'trait_agreeableness_00719_act_003', 'trait_agreeableness_00719_act_004']","['You might consider asking her if there’s anything specific you can do to help, showing your support goes beyond just professional boundaries.', 'Evaluate if sending flowers could set a precedent you’re uncomfortable with; maintaining professional boundaries is crucial.', 'Sending a thoughtful card along with the flowers can express your support and empathy during her difficult times.', 'Consider simply acknowledging her situation verbally when appropriate, which keeps the support subtle and professional.']","['high', 'low', 'high', 'low']","[-14.9765625, -0.150634765625, -4.5078125, -4.83984375]","[-0.5990625, -0.007928145559210526, -0.2372532894736842, -0.28469669117647056]","[0.17821019887924194, 0.32185402512550354, 0.2558964788913727, 0.2440393716096878]",0.4341066454271491,0.5658933545728508,0.06589335457285084
trait_agreeableness_00720,agreeableness,low,zero_hook,none,trait_agreeableness_00720_act_001,low,"['trait_agreeableness_00720_act_001', 'trait_agreeableness_00720_act_002', 'trait_agreeableness_00720_act_003', 'trait_agreeableness_00720_act_004']","['Suggest that Shandel looks into affordable financing or leasing options for a new laptop instead of giving yours away.', 'Keep the laptop for yourself since it could be useful for your future needs, and Shandel can explore other options to acquire one.', 'Consider surprising Shandel with the laptop, making it a heartfelt gesture to help them succeed in their projects.', 'You could gift the laptop to Shandel, as it would really boost their productivity and show how much you support their endeavors.']","['low', 'low', 'high', 'high']","[-0.260009765625, -10.1484375, -2.306640625, -3.509765625]","[-0.011818625710227272, -0.3903245192307692, -0.10984002976190477, -0.140390625]","[0.28811272978782654, 0.1973237842321396, 0.2612115144729614, 0.25335198640823364]",0.5145634932136015,0.4854365067863985,-0.014563493213601508
trait_agreeableness_00721,agreeableness,low,zero_hook,none,trait_agreeableness_00721_act_001,high,"['trait_agreeableness_00721_act_001', 'trait_agreeableness_00721_act_002', 'trait_agreeableness_00721_act_003', 'trait_agreeableness_00721_act_004']","['You might consider gently expressing to Loujain how much effort and care you put into looking after their cat, which could naturally lead them to offer some form of gratitude.', 'Perhaps you could ask Loujain if they’d be willing to cover the costs you incurred while caring for their pet, as a kind gesture of appreciation.', 'Directly ask Loujain for a compensation for the expenses and time you invested in taking care of the cat, emphasizing that it is only fair.', 'Tell Loujain that taking care of their cat involved certain costs and effort on your part, and it would be reasonable to expect some form of compensation for your troubles.']","['high', 'high', 'low', 'low']","[-0.26123046875, -2.646484375, -1.9677734375, -6.3515625]","[-0.0076832490808823525, -0.08537046370967742, -0.06559244791666667, -0.18681066176470587]","[0.26990634202957153, 0.2497318685054779, 0.2547202408313751, 0.22564153373241425]",0.5196382182782623,0.4803617817217377,-0.019638218278262287
trait_agreeableness_00722,agreeableness,low,zero_hook,none,trait_agreeableness_00722_act_002,high,"['trait_agreeableness_00722_act_001', 'trait_agreeableness_00722_act_002', 'trait_agreeableness_00722_act_003', 'trait_agreeableness_00722_act_004']","['Politely decline, explaining that you already have commitments to your personal health this weekend.', 'Offer to help Nazair for a few hours on one day of the weekend so you can also have time for your relaxation.', 'Suggest that Nazair asks other friends who might not already have plans, as your weekend is already booked for personal time.', ""Suggest that Nazair could hire professional movers and you'll provide support by organizing meals or refreshments for everyone on the moving day.""]","['low', 'high', 'low', 'high']","[-1.732421875, -0.30810546875, -5.46484375, -2.681640625]","[-0.10190716911764706, -0.01232421875, -0.21859375, -0.09932002314814815]","[0.25086721777915955, 0.2743780016899109, 0.22323772311210632, 0.25151708722114563]",0.525895073238162,0.474104926761838,-0.02589507323816198
trait_agreeableness_00723,agreeableness,low,zero_hook,none,trait_agreeableness_00723_act_002,low,"['trait_agreeableness_00723_act_001', 'trait_agreeableness_00723_act_002', 'trait_agreeableness_00723_act_003', 'trait_agreeableness_00723_act_004']","[""Maybe express to Tavleen how you're feeling and ask if she's open to the idea of ordering a ride for you, so she can continue enjoying the party."", 'Tell Tavleen directly that you need to leave for your own comfort, regardless of her having fun.', 'You could suggest a compromise to Tavleen; perhaps staying just a bit longer to meet her happiness, then leaving together.', 'Inform Tavleen that you are calling a taxi for yourself because you want to leave now.']","['high', 'low', 'high', 'low']","[-2.880859375, -0.335693359375, -4.8828125, -1.5380859375]","[-0.0847311580882353, -0.015985398065476192, -0.1953125, -0.08095189144736842]","[0.2518724203109741, 0.2697966396808624, 0.2255048006772995, 0.25282612442970276]",0.47737722810174865,0.5226227718982513,0.022622771898251348
trait_agreeableness_00724,agreeableness,low,zero_hook,none,trait_agreeableness_00724_act_004,high,"['trait_agreeableness_00724_act_001', 'trait_agreeableness_00724_act_002', 'trait_agreeableness_00724_act_003', 'trait_agreeableness_00724_act_004']","['Suggest that Josalyn finds an alternative or waits for another time when you are less occupied.', 'Keep your business appointment as planned; it’s important to prioritize commitments that impact your professional goals.', 'Perhaps offer to help Josalyn after your business appointment, blending commitment with your supportive nature.', ""You might consider rescheduling the business appointment if Josalyn's request could foster a supportive relationship.""]","['low', 'low', 'high', 'high']","[-6.515625, -15.4375, -1.890625, -0.23486328125]","[-0.32578125, -0.8125, -0.09950657894736842, -0.0117431640625]","[0.2359880805015564, 0.14504769444465637, 0.29591017961502075, 0.3230539858341217]",0.6189642023422839,0.3810357976577161,-0.11896420234228389
trait_agreeableness_00725,agreeableness,low,zero_hook,none,trait_agreeableness_00725_act_002,high,"['trait_agreeableness_00725_act_001', 'trait_agreeableness_00725_act_002', 'trait_agreeableness_00725_act_003', 'trait_agreeableness_00725_act_004']","[""Apologize sincerely to Webber for the comment and ask them how they feel or if there's anything they'd like to talk about."", 'Express your regret over the upsetting comment, then gently shift the conversation towards a topic that Webber enjoys to lighten the mood.', 'Clarify your comment to Webber, explaining your point of view so they understand your perspective better.', 'Ask Webber to explain why your comment upset them, which can lead to a clearer understanding on both sides.']","['high', 'high', 'low', 'low']","[-1.1513671875, -0.400146484375, -4.58203125, -7.9921875]","[-0.04112025669642857, -0.016005859375, -0.2291015625, -0.36328125]","[0.2794354557991028, 0.2865421772003174, 0.23154865205287933, 0.20247377455234528]",0.5659775992645264,0.4340224007354736,-0.0659775992645264
trait_agreeableness_00726,agreeableness,low,zero_hook,none,trait_agreeableness_00726_act_002,high,"['trait_agreeableness_00726_act_001', 'trait_agreeableness_00726_act_002', 'trait_agreeableness_00726_act_003', 'trait_agreeableness_00726_act_004']","['Suggest that Stevielynn should speak to a financial advisor to better manage her expenses and debt.', 'Offer to help Stevielynn by covering some of her medical expenses or by lending her money if that feels right to you.', 'Advise Stevielynn to negotiate the bills or seek cheaper medical alternatives for future treatments.', 'Consider providing support by helping Stevielynn find financial aid programs or charities that assist with medical bills.']","['low', 'high', 'low', 'high']","[-7.44140625, -0.00238037109375, -6.53515625, -9.203125]","[-0.35435267857142855, -9.1552734375e-05, -0.34395559210526316, -0.4382440476190476]","[0.22961534559726715, 0.3272310793399811, 0.23201511800289154, 0.21113844215869904]",0.5383695295210112,0.46163047047898875,-0.03836952952101125
trait_agreeableness_00727,agreeableness,low,zero_hook,none,trait_agreeableness_00727_act_003,high,"['trait_agreeableness_00727_act_001', 'trait_agreeableness_00727_act_002', 'trait_agreeableness_00727_act_003', 'trait_agreeableness_00727_act_004']","['Consider starting with the positive aspects of the policy, then transition into your concerns, ensuring you maintain a respectful tone throughout.', 'Directly challenge the policy by presenting strong, logical arguments against it and demand a review from management.', 'You could express your concerns by highlighting how the policy impacts team morale, and gently suggest possible alternatives that could benefit everyone.', ""Question the policy's fairness and effectiveness in the meeting, and push for an immediate reconsideration by presenting the overall dissatisfaction of your colleagues.""]","['high', 'low', 'high', 'low']","[-2.513671875, -7.68359375, -1.638671875, -2.857421875]","[-0.104736328125, -0.3841796875, -0.06827799479166667, -0.10583043981481481]","[0.26369625329971313, 0.19940829277038574, 0.27348756790161133, 0.2634078860282898]",0.5371838212013245,0.46281617879867554,-0.03718382120132446
trait_agreeableness_00728,agreeableness,low,zero_hook,none,trait_agreeableness_00728_act_004,high,"['trait_agreeableness_00728_act_001', 'trait_agreeableness_00728_act_002', 'trait_agreeableness_00728_act_003', 'trait_agreeableness_00728_act_004']","[""Propose a formal vote on the project during the next team meeting to decisively address and move beyond Kashtin's opposition."", ""Firmly defend your project's merits in the next meeting, showcasing robust evidence and data to counter his objections."", 'Consider inviting Kashtin to co-present the project, integrating his viewpoints to strengthen the proposal.', 'Schedule a one-on-one meeting with Kashtin to understand his concerns and discuss potential compromises.']","['low', 'low', 'high', 'high']","[-2.083984375, -2.583984375, -2.515625, -0.327392578125]","[-0.0801532451923077, -0.11234714673913043, -0.13240131578947367, -0.01723118832236842]","[0.2511076331138611, 0.24315224587917328, 0.2383245825767517, 0.26741552352905273]",0.5057401136419194,0.4942598863580806,-0.005740113641919398
trait_agreeableness_00729,agreeableness,low,zero_hook,none,trait_agreeableness_00729_act_001,high,"['trait_agreeableness_00729_act_001', 'trait_agreeableness_00729_act_002', 'trait_agreeableness_00729_act_003', 'trait_agreeableness_00729_act_004']","['Offer to spend time with Janely, perhaps going for a walk or watching a movie together to help her feel less alone.', 'Consider sending Janely a care package filled with her favorite treats and a heartfelt note to show your support and affection.', 'Encourage Janely to join a support group where she can connect with people who understand her grief and can offer perspective.', 'Suggest that Janely seeks professional counseling to address her feelings of hopelessness and to develop coping strategies.']","['high', 'high', 'low', 'low']","[-2.205078125, -3.580078125, -6.3046875, -2.330078125]","[-0.088203125, -0.15565557065217392, -0.2626953125, -0.11095610119047619]","[0.2665131986141205, 0.24912911653518677, 0.22384002804756165, 0.2605176866054535]",0.5156422997819692,0.4843577002180308,-0.015642299781969182
trait_agreeableness_00730,agreeableness,low,zero_hook,none,trait_agreeableness_00730_act_001,low,"['trait_agreeableness_00730_act_001', 'trait_agreeableness_00730_act_002', 'trait_agreeableness_00730_act_003', 'trait_agreeableness_00730_act_004']","['Withhold Meital’s paycheck as a firm action to underline the seriousness of the performance issues and motivate improvement.', 'Consider setting up a meeting with Meital to openly discuss performance issues and explore supportive measures to help improve their work.', 'Implement a direct policy that ties Meital’s pay to specific performance metrics, ensuring accountability and immediate consequences for underperformance.', 'You might want to create an improvement plan that outlines clear goals and timelines for Meital, providing regular feedback and encouragement.']","['low', 'high', 'low', 'high']","[-0.0003120899200439453, -12.515625, -11.921875, -23.03125]","[-1.4185905456542969e-05, -0.5441576086956522, -0.4967447916666667, -0.9596354166666666]","[0.38881856203079224, 0.22564643621444702, 0.23660267889499664, 0.14893224835395813]",0.374578712476694,0.6254212875233061,0.12542128752330606
trait_agreeableness_00731,agreeableness,low,zero_hook,none,trait_agreeableness_00731_act_003,high,"['trait_agreeableness_00731_act_001', 'trait_agreeableness_00731_act_002', 'trait_agreeableness_00731_act_003', 'trait_agreeableness_00731_act_004']","['Perhaps you could delegate some of your responsibilities to other volunteers, which would allow you to continue supporting the charity while also managing your stress better.', ""It's practical to prioritize your own health and professional duties over volunteering; you can always return to it when you're in a better position."", 'You might consider reducing your hours slightly and finding a schedule that allows more time for rest, maintaining your commitment but taking care of your health too.', 'Consider taking a complete break from volunteering to focus entirely on your personal and professional life until you feel less overwhelmed.']","['high', 'low', 'high', 'low']","[-2.318359375, -3.115234375, -0.36474609375, -1.884765625]","[-0.08279854910714286, -0.11125837053571429, -0.012577451508620689, -0.08567116477272728]","[0.24741341173648834, 0.24047131836414337, 0.2654115855693817, 0.24670369923114777]",0.5128249896641822,0.4871750103358178,-0.012824989664182218
trait_agreeableness_00732,agreeableness,low,zero_hook,none,trait_agreeableness_00732_act_002,low,"['trait_agreeableness_00732_act_001', 'trait_agreeableness_00732_act_002', 'trait_agreeableness_00732_act_003', 'trait_agreeableness_00732_act_004']","['Recommend that they check local moving services or rental trucks, as you need to prioritize your own commitments this weekend.', 'Politely explain that you have long-standing personal plans and suggest that they reschedule the move or ask another friend for help.', 'You could suggest hiring professional movers and then visiting your friend after your retreat to help them unpack and settle in.', 'Offer to help your friend with packing a day or two before your retreat, so you can still support them without cancelling your plans.']","['low', 'low', 'high', 'high']","[-1.1103515625, -0.57958984375, -3.892578125, -2.8828125]","[-0.050470525568181816, -0.02318359375, -0.17693536931818182, -0.11087740384615384]","[0.2597234547138214, 0.26690807938575745, 0.22886963188648224, 0.2444988340139389]",0.47336846590042114,0.5266315340995789,0.026631534099578857
trait_agreeableness_00733,agreeableness,low,zero_hook,none,trait_agreeableness_00733_act_003,low,"['trait_agreeableness_00733_act_001', 'trait_agreeableness_00733_act_002', 'trait_agreeableness_00733_act_003', 'trait_agreeableness_00733_act_004']","['You could politely excuse yourself from your current commitment, explaining the importance of timely attendance at your work meeting.', 'Consider contacting a colleague who is also attending the meeting and kindly ask if they can cover the beginning part until you arrive.', ""Just focus on finishing your current commitment properly, even if it means being late; you can't always please everyone."", ""Send a quick message to inform them you'll be late, then proceed with your current engagement without cutting it short.""]","['high', 'high', 'low', 'low']","[-1.5888671875, -2.373046875, -0.4326171875, -3.82421875]","[-0.07566034226190477, -0.098876953125, -0.018809442934782608, -0.16627038043478262]","[0.2532336115837097, 0.24742211401462555, 0.2680472731590271, 0.23129695653915405]",0.5006557479793913,0.4993442520206087,-0.0006557479793912746
trait_agreeableness_00734,agreeableness,low,zero_hook,none,trait_agreeableness_00734_act_002,high,"['trait_agreeableness_00734_act_001', 'trait_agreeableness_00734_act_002', 'trait_agreeableness_00734_act_003', 'trait_agreeableness_00734_act_004']","['Directly ask both colleagues to clarify their points and explain the reasoning behind their disagreements in the meeting, fostering a clear and open dialogue.', 'You might consider suggesting a team-building activity that focuses on communication skills, which can improve overall team harmony without direct confrontation.', 'You could inform your manager about the disruptive behavior, letting them handle the situation and possibly mediate the conflict.', 'Perhaps you could recommend a feedback session where everyone gets the chance to express their thoughts in a structured manner, making the atmosphere more open and less tense.']","['low', 'high', 'low', 'high']","[-1.046875, -0.83984375, -10.3671875, -3.267578125]","[-0.03877314814814815, -0.034993489583333336, -0.47123579545454547, -0.10891927083333333]","[0.27894362807273865, 0.2799999415874481, 0.18100906908512115, 0.2600473165512085]",0.5400472822806515,0.45995271771934854,-0.040047282280651464
trait_agreeableness_00735,agreeableness,low,zero_hook,none,trait_agreeableness_00735_act_002,low,"['trait_agreeableness_00735_act_001', 'trait_agreeableness_00735_act_002', 'trait_agreeableness_00735_act_003', 'trait_agreeableness_00735_act_004']","['Maybe you can ask your friend how they feel about their project first to understand their perspective before sharing your thoughts.', 'Just be straightforward and tell your friend what you really think about the art project; they asked for honesty, after all.', 'You could mention specific aspects you like while gently suggesting improvements in areas you think could be better.', 'Recommend your friend to seek feedback from professional artists as well, which can provide them with a more objective critique.']","['high', 'low', 'high', 'low']","[-8.484375, -0.00029349327087402344, -17.328125, -17.421875]","[-0.3856534090909091, -1.2228886286417643e-05, -0.9120065789473685, -0.7919034090909091]","[0.2682795226573944, 0.39452028274536133, 0.15848757326602936, 0.1787126660346985]",0.42676707684544873,0.5732329231545512,0.07323292315455121
trait_agreeableness_00736,agreeableness,low,zero_hook,none,trait_agreeableness_00736_act_001,low,"['trait_agreeableness_00736_act_001', 'trait_agreeableness_00736_act_002', 'trait_agreeableness_00736_act_003', 'trait_agreeableness_00736_act_004']","['Suggest a compromise where Jahnia could redistribute some of the tasks among other team members to lessen your burden.', 'Decline the proposal, citing your current responsibilities and the importance of maintaining your personal life balance.', 'Perhaps you could agree to the new plan, but clarify your availability and limits to ensure your personal time is respected.', 'You might consider agreeing to the plan but also ask for help or support to manage the increased workload effectively.']","['low', 'low', 'high', 'high']","[-0.24609375, -7.953125, -2.056640625, -3.509765625]","[-0.011186079545454546, -0.4185855263157895, -0.08941915760869565, -0.16713169642857142]","[0.29021400213241577, 0.19310210645198822, 0.26837506890296936, 0.24830876290798187]",0.5166838626077094,0.4833161373922906,-0.016683862607709377
trait_agreeableness_00737,agreeableness,low,zero_hook,none,trait_agreeableness_00737_act_003,low,"['trait_agreeableness_00737_act_001', 'trait_agreeableness_00737_act_002', 'trait_agreeableness_00737_act_003', 'trait_agreeableness_00737_act_004']","['You could gently remind your colleagues about the value of discussing concerns directly with PersonZ to promote a more understanding and supportive work environment.', 'Consider sharing positive experiences or achievements of PersonZ to subtly shift the tone of the conversation to something more constructive and appreciative.', ""You might propose focusing the discussion on tasks and projects instead, pointing out that speculative talk is not productive or beneficial for the team's goals."", 'Suggest setting up a meeting where concerns can be addressed openly with PersonZ present, ensuring a fair dialogue and cutting out behind-the-back criticisms.']","['high', 'high', 'low', 'low']","[-8.6015625, -0.80419921875, -0.8076171875, -2.2890625]","[-0.3308293269230769, -0.03216796875, -0.028843470982142856, -0.07893318965517242]","[0.20051904022693634, 0.27031028270721436, 0.2712104320526123, 0.2579602003097534]",0.47082934398186255,0.5291706560181375,0.02917065601813751
trait_agreeableness_00738,agreeableness,low,zero_hook,none,trait_agreeableness_00738_act_001,low,"['trait_agreeableness_00738_act_001', 'trait_agreeableness_00738_act_002', 'trait_agreeableness_00738_act_003', 'trait_agreeableness_00738_act_004']","['Recommend they look into local community services like food banks and job training workshops to become more self-sufficient.', 'Offer to babysit the children a couple of times a week to give the parents time to job search or handle other responsibilities.', 'Suggest setting up a schedule where they can gradually take over the childcare and household chores as they stabilize financially.', 'Prepare some extra meals that can easily be reheated, to relieve them from cooking duties for a few days.']","['low', 'high', 'low', 'high']","[-0.3896484375, -2.57421875, -2.447265625, -2.35546875]","[-0.0185546875, -0.10296875, -0.11123934659090909, -0.10706676136363637]","[0.26696398854255676, 0.24535341560840607, 0.24333257973194122, 0.24435003101825714]",0.4897034393295133,0.5102965606704867,0.010296560670486676
trait_agreeableness_00739,agreeableness,low,zero_hook,none,trait_agreeableness_00739_act_003,high,"['trait_agreeableness_00739_act_001', 'trait_agreeableness_00739_act_002', 'trait_agreeableness_00739_act_003', 'trait_agreeableness_00739_act_004']","['Consider encouraging Destinnie to seek advice from an independent financial advisor to ensure she makes a well-informed decision.', 'Go ahead and emphasize the potential high returns of the deal to persuade Destinnie, focusing on how such investments can significantly pay off.', 'You could prioritize transparency and discuss both the potential benefits and risks openly with Destinnie, emphasizing that the final decision is hers to make.', ""You should highlight the unique chance this deal represents and pitch it as a strategically aggressive investment that shouldn't be missed.""]","['high', 'low', 'high', 'low']","[-1.4169921875, -6.66796875, -1.0341796875, -1.1611328125]","[-0.06440873579545454, -0.25646033653846156, -0.03830295138888889, -0.05048403532608696]","[0.2586829364299774, 0.21348178386688232, 0.2655249834060669, 0.2623102068901062]",0.5242079667038888,0.4757920332961112,-0.024207966703888806
trait_agreeableness_00740,agreeableness,low,zero_hook,none,trait_agreeableness_00740_act_001,low,"['trait_agreeableness_00740_act_001', 'trait_agreeableness_00740_act_002', 'trait_agreeableness_00740_act_003', 'trait_agreeableness_00740_act_004']","[""Confront Hikari then and there by firmly stating the discomfort they're causing, to immediately address the issue."", ""Directly tell Hikari that their behavior is inappropriate and advise them to stop immediately if you feel it's disruptive enough."", 'Maybe suggest a quick, quiet walk with Hikari outside the venue to discuss the issue discreetly and help them regain composure.', 'Consider pulling Hikari aside gently to express your concerns in private, aiming to avoid public embarrassment.']","['low', 'low', 'high', 'high']","[-0.07049560546875, -3.25390625, -3.955078125, -5.421875]","[-0.003065026324728261, -0.13015625, -0.146484375, -0.27109375]","[0.2847437262535095, 0.2507604956626892, 0.24669930338859558, 0.2177964299917221]",0.464495754144896,0.535504245855104,0.03550424585510403
trait_agreeableness_00741,agreeableness,low,zero_hook,none,trait_agreeableness_00741_act_003,low,"['trait_agreeableness_00741_act_001', 'trait_agreeableness_00741_act_002', 'trait_agreeableness_00741_act_003', 'trait_agreeableness_00741_act_004']","['You might consider arranging a private, friendly chat with Janya to understand any challenges she’s facing and discuss how you can help her meet her deadlines.', 'Perhaps you could offer to help Janya organize her tasks or suggest setting up a team meeting to realign everyone’s responsibilities and deadlines.', ""Directly inform Janya that her missed deadlines are impacting the team's performance and she needs to adhere to the project timeline more strictly."", 'Send an email to Janya outlining the deadlines and mentioning that further delays could lead to discussions with higher management.']","['high', 'high', 'low', 'low']","[-1.1689453125, -4.2109375, -0.4404296875, -8.90625]","[-0.03896484375, -0.15596064814814814, -0.016312210648148147, -0.40482954545454547]","[0.2773081660270691, 0.2466902732849121, 0.2836616039276123, 0.19234000146389008]",0.5239984158874266,0.47600158411257343,-0.023998415887426572
trait_agreeableness_00742,agreeableness,low,zero_hook,none,trait_agreeableness_00742_act_001,low,"['trait_agreeableness_00742_act_001', 'trait_agreeableness_00742_act_002', 'trait_agreeableness_00742_act_003', 'trait_agreeableness_00742_act_004']","['Directly point out the flaw during the meeting and suggest an alternative strategy that mitigates these risks.', 'Consider suggesting a follow-up meeting where you can review the strategy more thoroughly together, to align on the best approach.', 'Challenge the strategy openly in the meeting to ensure everyone is aware of the potential losses, emphasizing the need for a robust discussion.', 'You could express your concerns by privately messaging your colleague, framing it as seeking to understand their perspective better.']","['low', 'high', 'low', 'high']","[-0.222412109375, -8.9375, -1.67578125, -9.3125]","[-0.01112060546875, -0.38858695652173914, -0.06703125, -0.44345238095238093]","[0.30485817790031433, 0.20900963246822357, 0.288281112909317, 0.19785113632678986]",0.4068607445442233,0.5931392554557767,0.09313925545577673
trait_agreeableness_00743,agreeableness,low,zero_hook,none,trait_agreeableness_00743_act_002,low,"['trait_agreeableness_00743_act_001', 'trait_agreeableness_00743_act_002', 'trait_agreeableness_00743_act_003', 'trait_agreeableness_00743_act_004']","['Maybe you could offer to help train someone else to share the workload, easing the burden on you.', 'Just say no to additional shifts and prioritize your health over voluntary extras.', 'You might consider gently explaining to your supervisor your health concerns and see if you can reduce the extra shifts.', ""Take a step back and let others step up; you're not the only one who can volunteer for extra work.""]","['high', 'low', 'high', 'low']","[-7.6328125, -0.1500244140625, -1.9931640625, -7.7265625]","[-0.381640625, -0.010716029575892858, -0.0949125744047619, -0.3359375]","[0.20712943375110626, 0.30014583468437195, 0.2759092152118683, 0.2168155461549759]",0.48303863456730145,0.5169613654326985,0.01696136543269855
trait_agreeableness_00744,agreeableness,low,zero_hook,none,trait_agreeableness_00744_act_001,low,"['trait_agreeableness_00744_act_001', 'trait_agreeableness_00744_act_002', 'trait_agreeableness_00744_act_003', 'trait_agreeableness_00744_act_004']","['Escalate the issue to your manager or HR department to formally address the rumors and protect your professional reputation.', 'Address the situation directly by confronting your colleague and demand they stop spreading unfounded rumors immediately.', 'Offer to collaborate on a project together which could help improve your relationship and show your genuine intentions.', 'Invite your colleague for a coffee and gently discuss the impact their behavior is having on you, aiming to clear up any misunderstandings.']","['low', 'low', 'high', 'high']","[-0.0251312255859375, -4.6796875, -4.3203125, -6.68359375]","[-0.0011423284357244318, -0.2599826388888889, -0.22738486842105263, -0.2570612980769231]","[0.2990720868110657, 0.23086759448051453, 0.23851735889911652, 0.23154300451278687]",0.4700603423985686,0.5299396576014315,0.02993965760143147
trait_agreeableness_00745,agreeableness,low,zero_hook,none,trait_agreeableness_00745_act_002,high,"['trait_agreeableness_00745_act_001', 'trait_agreeableness_00745_act_002', 'trait_agreeableness_00745_act_003', 'trait_agreeableness_00745_act_004']","['You could give your friend the guitar as a gift to help ease their financial burden and share the joy of music.', 'Consider lending the guitar to your friend until they can afford one, creating a win-win situation where you keep ownership and they get to play.', 'Keep the guitar since giving it away could set a precedent for similar expectations in the future.', 'Suggest that your friend looks for affordable second-hand options online, emphasizing the importance of financial responsibility.']","['high', 'high', 'low', 'low']","[-3.107421875, -0.257080078125, -2.154296875, -4.640625]","[-0.1351052989130435, -0.009181431361607142, -0.11968315972222222, -0.23203125]","[0.24646563827991486, 0.2795403003692627, 0.25029614567756653, 0.2236979454755783]",0.5260059229729794,0.47399407702702057,-0.026005922972979434
trait_agreeableness_00746,agreeableness,low,zero_hook,none,trait_agreeableness_00746_act_002,high,"['trait_agreeableness_00746_act_001', 'trait_agreeableness_00746_act_002', 'trait_agreeableness_00746_act_003', 'trait_agreeableness_00746_act_004']","['Consider suggesting that Aythana delegate specific tasks to other team members or ask for an extension from the project lead.', ""Absolutely, offering your assistance could greatly alleviate Aythana's stress and help distribute the project tasks more manageably."", 'Recommend to Aythana to reevaluate her project plan and identify priorities; she might need to focus on key areas and drop less critical tasks.', 'Yes, stepping in to help Aythana not only supports her but also strengthens the teamwork within the project.']","['low', 'high', 'low', 'high']","[-6.71875, -0.045745849609375, -12.109375, -3.44140625]","[-0.2921195652173913, -0.0019889499830163045, -0.4175646551724138, -0.15642755681818182]","[0.22914570569992065, 0.3062766194343567, 0.20213037729263306, 0.2624472379684448]",0.568723891301387,0.431276108698613,-0.06872389130138701
trait_agreeableness_00747,agreeableness,low,zero_hook,none,trait_agreeableness_00747_act_001,high,"['trait_agreeableness_00747_act_001', 'trait_agreeableness_00747_act_002', 'trait_agreeableness_00747_act_003', 'trait_agreeableness_00747_act_004']","['Consider suggesting a brief team check-in where everyone updates the group on their progress, allowing Carielle to share in a non-confrontational setting.', ""Point out directly to Carielle during the meeting that you've noticed discrepancies in their work, asking for an immediate clarification."", 'Perhaps you could invite Carielle for a private chat to gently inquire about their progress and any challenges they might be facing.', ""Challenge Carielle in the meeting to present detailed evidence of their progress to ensure they're held accountable in front of the team.""]","['high', 'low', 'high', 'low']","[-0.047637939453125, -6.24609375, -5.77734375, -6.29296875]","[-0.0015879313151041666, -0.24984375, -0.23109375, -0.2420372596153846]","[0.29749855399131775, 0.2320965677499771, 0.2364894449710846, 0.2339155226945877]",0.5339879512201591,0.4660120487798409,-0.033987951220159074
trait_agreeableness_00748,agreeableness,low,zero_hook,none,trait_agreeableness_00748_act_002,low,"['trait_agreeableness_00748_act_001', 'trait_agreeableness_00748_act_002', 'trait_agreeableness_00748_act_003', 'trait_agreeableness_00748_act_004']","['Document specific instances where Melicia took undue credit and present these to your supervisor as evidence.', ""Report the behavior to your supervisor immediately to prevent further damage to the team's morale."", 'Consider organizing a team intervention where everyone can openly discuss their feelings about fairness and recognition.', 'You could speak with Melicia first to express your concerns and give them a chance to rectify the situation themselves.']","['low', 'low', 'high', 'high']","[-6.46875, -0.0015668869018554688, -13.90625, -19.765625]","[-0.359375, -9.216981775620404e-05, -0.8180147058823529, -0.859375]","[0.2724071443080902, 0.39016926288604736, 0.1722002625465393, 0.16522328555583954]",0.33742356318638755,0.6625764368136124,0.16257643681361245
trait_agreeableness_00749,agreeableness,low,zero_hook,none,trait_agreeableness_00749_act_004,low,"['trait_agreeableness_00749_act_001', 'trait_agreeableness_00749_act_002', 'trait_agreeableness_00749_act_003', 'trait_agreeableness_00749_act_004']","['You might consider addressing the discomfort with Tagert directly by kindly expressing how their behavior makes you feel and seeking a mutual understanding.', 'Perhaps you could involve a mediator from HR to help facilitate a constructive conversation with Tagert, which might improve your work environment.', 'Stand your ground and confront Tagert directly about their aggressive behavior without sugarcoating your concerns.', 'Keep avoiding Tagert if interacting with them disrupts your productivity and peace of mind, focusing instead on your own work responsibilities.']","['high', 'high', 'low', 'low']","[-13.3359375, -9.265625, -2.798828125, -0.06524658203125]","[-0.5334375, -0.370625, -0.14730674342105263, -0.00260986328125]","[0.18697068095207214, 0.22003009915351868, 0.2750856578350067, 0.3179135322570801]",0.40700079223515967,0.5929992077648403,0.09299920776484027
trait_agreeableness_00750,agreeableness,low,zero_hook,none,trait_agreeableness_00750_act_003,low,"['trait_agreeableness_00750_act_001', 'trait_agreeableness_00750_act_002', 'trait_agreeableness_00750_act_003', 'trait_agreeableness_00750_act_004']","['Directly challenge the strategy in a team meeting by clearly outlining the potential pitfalls and presenting your alternative solutions.', 'You might consider gently suggesting a team meeting to review the project strategy and express your concerns in a supportive manner.', 'Write a concise, fact-based email to your project leader detailing why the current strategy might fail and suggest a meeting to discuss viable alternatives.', 'Perhaps you could offer to help research or present alternative strategies that could complement the current plan without dismissing it entirely.']","['low', 'high', 'low', 'high']","[-2.935546875, -2.404296875, -0.18505859375, -5.671875]","[-0.13978794642857142, -0.10928622159090909, -0.00685402199074074, -0.2578125]","[0.24619504809379578, 0.2538200914859772, 0.2811976969242096, 0.21878719329833984]",0.4726072706995228,0.5273927293004772,0.027392729300477203
trait_agreeableness_00701,agreeableness,high,random_vector,none,trait_agreeableness_00701_act_002,high,"['trait_agreeableness_00701_act_001', 'trait_agreeableness_00701_act_002', 'trait_agreeableness_00701_act_003', 'trait_agreeableness_00701_act_004']","['You could propose a meeting to discuss the strengths of each theme and consider blending elements of both to please a wider audience.', 'Maybe consult with other team members for their opinions to see if a consensus can be achieved that respects both perspectives.', 'Stick to presenting clear, data-backed arguments on why a cultural heritage theme could draw more interest and community engagement.', 'Insist on setting clear objectives for the event and demonstrate how your theme aligns better with those goals compared to a modern tech theme.']","['high', 'high', 'low', 'low']","[-5.37890625, -0.68994140625, -2.658203125, -5.48828125]","[-0.22412109375, -0.03136097301136364, -0.12082741477272728, -0.20326967592592593]","[0.2302832007408142, 0.2792395353317261, 0.25534191727638245, 0.23513533174991608]",0.5095227436650208,0.5095227436650208,0.009522743665020816
trait_agreeableness_00702,agreeableness,high,random_vector,none,trait_agreeableness_00702_act_002,high,"['trait_agreeableness_00702_act_001', 'trait_agreeableness_00702_act_002', 'trait_agreeableness_00702_act_003', 'trait_agreeableness_00702_act_004']","['Clearly communicate to your supervisor the unrealistic nature of the additional workload and negotiate down the responsibilities.', 'Consider discussing a phased approach with your boss to gradually integrate the new project while maintaining balance with your current tasks.', 'Prioritize your tasks and cut down on the least essential ones; put focus only on what genuinely requires your expertise.', 'You could ask for support from your team or colleagues to help manage the workload more efficiently.']","['low', 'high', 'low', 'high']","[-1.0009765625, -0.74365234375, -1.943359375, -8.921875]","[-0.055609809027777776, -0.03380237926136364, -0.08449388586956522, -0.4956597222222222]","[0.27490803599357605, 0.28096890449523926, 0.2670811414718628, 0.1770419478416443]",0.45801083868709686,0.45801083868709686,-0.041989161312903145
trait_agreeableness_00703,agreeableness,high,random_vector,none,trait_agreeableness_00703_act_004,low,"['trait_agreeableness_00703_act_001', 'trait_agreeableness_00703_act_002', 'trait_agreeableness_00703_act_003', 'trait_agreeableness_00703_act_004']","['Consider setting aside a portion of your bonus for your vacation and donate a portion to your friend to ease their burden.', 'Invest the bonus in a personal savings or retirement fund to ensure your future financial stability.', 'You could offer to help your friend cover some of their medical expenses with part of your bonus.', 'Use the bonus for the vacation you’ve been planning, as personal relaxation and fulfillment are important.']","['high', 'low', 'high', 'low']","[-3.80859375, -0.9658203125, -4.73046875, -0.587890625]","[-0.16559103260869565, -0.05681295955882353, -0.2489720394736842, -0.030941611842105265]","[0.23928877711296082, 0.2667866349220276, 0.2201458215713501, 0.2737788259983063]",0.45943457129987647,0.45943457129987647,-0.04056542870012353
trait_agreeableness_00704,agreeableness,high,random_vector,none,trait_agreeableness_00704_act_001,low,"['trait_agreeableness_00704_act_001', 'trait_agreeableness_00704_act_002', 'trait_agreeableness_00704_act_003', 'trait_agreeableness_00704_act_004']","['Challenge the team to justify the strategy with data or precedents, given its similarity to past unsuccessful attempts.', 'Directly state the issues and shortcomings you foresee with the agreed strategy to ensure they are aware of the potential risks.', 'Maybe suggest setting up a small trial run of the strategy first, to demonstrate the outcomes before fully committing.', 'You could gently express your concerns and propose discussing alternative strategies that could prevent potential issues.']","['low', 'low', 'high', 'high']","[-0.5537109375, -2.3515625, -3.3828125, -3.4921875]","[-0.0263671875, -0.10224184782608696, -0.16108630952380953, -0.20542279411764705]","[0.2749554216861725, 0.2548650801181793, 0.24030040204524994, 0.22987906634807587]",0.47017948240576635,0.47017948240576635,-0.029820517594233653
trait_agreeableness_00705,agreeableness,high,random_vector,none,trait_agreeableness_00705_act_001,high,"['trait_agreeableness_00705_act_001', 'trait_agreeableness_00705_act_002', 'trait_agreeableness_00705_act_003', 'trait_agreeableness_00705_act_004']","['You could consider politely reaching out to the rental agency to express your concerns and ask for possible solutions or compensation.', 'Maybe try to calmly discuss the discrepancies with the agency, highlighting the missing amenities and differences in the property, and request an amicable resolution.', 'Demand an immediate response from the rental agency and insist on a partial refund or relocation to a property that matches the initial description.', 'Send a firm email to the agency detailing every issue, and make it clear you expect swift action or you will consider legal advice.']","['high', 'high', 'low', 'low']","[-0.09808349609375, -2.384765625, -15.1640625, -12.9921875]","[-0.004458340731534091, -0.08517020089285714, -0.6065625, -0.4996995192307692]","[0.32472366094589233, 0.29954439401626587, 0.177837535738945, 0.19789434969425201]",0.6242680921714361,0.6242680921714361,0.12426809217143608
trait_agreeableness_00706,agreeableness,high,random_vector,none,trait_agreeableness_00706_act_001,low,"['trait_agreeableness_00706_act_001', 'trait_agreeableness_00706_act_002', 'trait_agreeableness_00706_act_003', 'trait_agreeableness_00706_act_004']","['Directly confront Marybella in your next team meeting by highlighting specific instances where your ideas were dismissed and demand a justification.', 'Consider asking Marybella for a private meeting to express how valuable you feel contributions from all team members are, including yours.', 'Email the whole team including your manager outlining how the dismissal of ideas by any team member, including Marybella, negatively impacts project creativity and ask for more structured discussion protocols.', 'Maybe propose a team brainstorming session where everyone submits one idea anonymously to ensure each thought is considered without bias.']","['low', 'high', 'low', 'high']","[-0.460205078125, -1.4921875, -4.14453125, -7.6484375]","[-0.018408203125, -0.0596875, -0.11841517857142857, -0.34765625]","[0.2790290117263794, 0.26774537563323975, 0.2524741291999817, 0.20075148344039917]",0.4684968590736389,0.4684968590736389,-0.031503140926361084
trait_agreeableness_00707,agreeableness,high,random_vector,none,trait_agreeableness_00707_act_002,low,"['trait_agreeableness_00707_act_001', 'trait_agreeableness_00707_act_002', 'trait_agreeableness_00707_act_003', 'trait_agreeableness_00707_act_004']","['Perhaps eat a healthy meal before the party to lessen your cravings and politely sample very small amounts of your favorite foods.', 'Just say no to the unhealthy options and stick firmly to your diet plan; it’s about your health after all.', 'You could bring a dish to share that fits your diet so you have a healthy option available and still enjoy the party.', 'Ignore the offerings and focus on socializing, not eating; you’re there for your friend, not the food.']","['high', 'low', 'high', 'low']","[-3.1484375, -0.1640625, -2.603515625, -9.40625]","[-0.13688858695652173, -0.007133152173913043, -0.10847981770833333, -0.40896739130434784]","[0.25450730323791504, 0.2897692620754242, 0.26184120774269104, 0.19388219714164734]",0.5163485263689913,0.5163485263689913,0.016348526368991312
trait_agreeableness_00708,agreeableness,high,random_vector,none,trait_agreeableness_00708_act_001,low,"['trait_agreeableness_00708_act_001', 'trait_agreeableness_00708_act_002', 'trait_agreeableness_00708_act_003', 'trait_agreeableness_00708_act_004']","['Simply note the achievement directly to Nazareth and mention that you noticed the milestone, encouraging them to own their success publicly.', ""Challenge Nazareth in a light-hearted manner about why they haven't boasted about their success yet, to push them out of their comfort zone."", 'Encourage mutual friends or coworkers to subtly acknowledge the achievement, fostering a supportive environment without overwhelming Nazareth.', 'Quietly congratulate Nazareth in a personal message to show your support and respect for their privacy.']","['low', 'low', 'high', 'high']","[-0.038116455078125, -9.234375, -3.400390625, -6.5703125]","[-0.0015881856282552083, -0.32979910714285715, -0.16192336309523808, -0.3458059210526316]","[0.3047996461391449, 0.21952009201049805, 0.25964608788490295, 0.21603423357009888]",0.4756802931022469,0.4756802931022469,-0.02431970689775309
trait_agreeableness_00709,agreeableness,high,random_vector,none,trait_agreeableness_00709_act_001,high,"['trait_agreeableness_00709_act_001', 'trait_agreeableness_00709_act_002', 'trait_agreeableness_00709_act_003', 'trait_agreeableness_00709_act_004']","['Consider politely telling Zacharyah that his advances are making you uncomfortable and you would like to keep your relationship professional.', 'Maybe talk to a trusted colleague or a supervisor for advice on how to approach Zacharyah about this sensitive issue.', 'Directly tell Zacharyah to stop the advances, asserting that they are inappropriate and unwelcome at the workplace.', 'If speaking to him directly doesn’t work, report the behavior to your HR department to handle it formally.']","['high', 'high', 'low', 'low']","[-0.046844482421875, -4.015625, -3.609375, -10.3828125]","[-0.0020367166270380435, -0.17459239130434784, -0.15692934782608695, -0.49441964285714285]","[0.30218902230262756, 0.2542955279350281, 0.2588270604610443, 0.18468834459781647]",0.5564845751144547,0.5564845751144547,0.056484575114454705
trait_agreeableness_00710,agreeableness,high,random_vector,none,trait_agreeableness_00710_act_002,high,"['trait_agreeableness_00710_act_001', 'trait_agreeableness_00710_act_002', 'trait_agreeableness_00710_act_003', 'trait_agreeableness_00710_act_004']","['Demand an explanation as to why you were excluded from the discussion, asserting your right to know what concerns your family.', 'Approach a family member gently and express that you would appreciate being included in the conversation as it would help you cope better with the group.', 'Confront the family decisively about the secrecy, making it clear that you expect transparency in future matters.', 'Politely express to your family that you feel left out and assure them that you are capable of handling the situation more calmly with their support.']","['low', 'high', 'low', 'high']","[-4.19140625, -0.1590576171875, -2.033203125, -7.42578125]","[-0.18223505434782608, -0.005680629185267857, -0.09681919642857142, -0.2652064732142857]","[0.2379453182220459, 0.2838923931121826, 0.25916287302970886, 0.2189994901418686]",0.5028918457856889,0.5028918457856889,0.002891845785688907
trait_agreeableness_00711,agreeableness,high,random_vector,none,trait_agreeableness_00711_act_002,low,"['trait_agreeableness_00711_act_001', 'trait_agreeableness_00711_act_002', 'trait_agreeableness_00711_act_003', 'trait_agreeableness_00711_act_004']","['Perhaps you might weigh the emotional costs against the professional gains and decide if the move aligns with your long-term personal happiness and career goals.', 'Take the job; advancing in your career is a priority, and the significant pay increase justifies the move.', 'You could consider accepting the job and finding ways to maintain strong relationships with your family and friends through regular visits and digital communication.', 'Move to the new city; it’s a valuable opportunity for professional growth, and personal relationships can adapt if they’re truly important.']","['high', 'low', 'high', 'low']","[-10.421875, -0.08599853515625, -15.015625, -7.89453125]","[-0.37220982142857145, -0.003909024325284091, -0.600625, -0.3036358173076923]","[0.23190821707248688, 0.33517155051231384, 0.18455111980438232, 0.24836905300617218]",0.41645936169978154,0.41645936169978154,-0.08354063830021846
trait_agreeableness_00712,agreeableness,high,random_vector,none,trait_agreeableness_00712_act_002,low,"['trait_agreeableness_00712_act_001', 'trait_agreeableness_00712_act_002', 'trait_agreeableness_00712_act_003', 'trait_agreeableness_00712_act_004']","['Consider leveraging your time on more personal meetings where you can have genuine interactions, rather than a large industry event.', 'Skip the dinner if it really goes against your preferences and focus on networking in ways that make you feel comfortable.', 'You might find it rewarding to go and connect with a few people, making the experience more manageable and meaningful for you.', 'Consider attending the dinner to nurture relationships that could be beneficial for future collaborations or opportunities.']","['low', 'low', 'high', 'high']","[-5.578125, -0.427734375, -3.3515625, -1.375]","[-0.25355113636363635, -0.019442471590909092, -0.1396484375, -0.08088235294117647]","[0.2186797559261322, 0.2763634920120239, 0.2450619488954544, 0.25989484786987305]",0.5049567741920006,0.5049567741920006,0.004956774192000579
trait_agreeableness_00713,agreeableness,high,random_vector,none,trait_agreeableness_00713_act_004,low,"['trait_agreeableness_00713_act_001', 'trait_agreeableness_00713_act_002', 'trait_agreeableness_00713_act_003', 'trait_agreeableness_00713_act_004']","[""You could accept the nomination gracefully as it honors not just your work but also your team's effort."", 'Perhaps you might consider a compromise by accepting the nomination and requesting a more low-key acknowledgment at the ceremony.', 'Decline the nomination if it makes you uncomfortable; maintaining your personal comfort is more important than external recognition.', 'You might just let them know that while you appreciate the gesture, you prefer achievements to be celebrated internally rather than publicly.']","['high', 'high', 'low', 'low']","[-3.396484375, -1.5625, -6.91796875, -0.491455078125]","[-0.16982421875, -0.0744047619047619, -0.3294270833333333, -0.020477294921875]","[0.24309144914150238, 0.26742979884147644, 0.20723114907741547, 0.2822475731372833]",0.5105212631976981,0.5105212631976981,0.010521263197698083
trait_agreeableness_00714,agreeableness,high,random_vector,none,trait_agreeableness_00714_act_002,high,"['trait_agreeableness_00714_act_001', 'trait_agreeableness_00714_act_002', 'trait_agreeableness_00714_act_003', 'trait_agreeableness_00714_act_004']","['Just let them know that your current responsibilities cannot be set aside, and you must prioritize completing your pending work this weekend.', 'You might consider delegating some of your tasks or rescheduling commitments so you can join your friends and maintain those cherished relationships.', 'Suggest an alternate weekend for the getaway when you are less busy, demonstrating your interest while staying committed to your personal obligations.', 'Perhaps you could work a few extra hours before the weekend to clear up some urgent tasks, allowing you to enjoy the getaway without worries.']","['low', 'high', 'low', 'high']","[-7.91015625, -0.6630859375, -0.896484375, -2.708984375]","[-0.32958984375, -0.0265234375, -0.035859375, -0.10033275462962964]","[0.20189408957958221, 0.27336546778678894, 0.27082523703575134, 0.2539151906967163]",0.5272806663405994,0.5272806663405994,0.027280666340599447
trait_agreeableness_00715,agreeableness,high,random_vector,none,trait_agreeableness_00715_act_001,high,"['trait_agreeableness_00715_act_001', 'trait_agreeableness_00715_act_002', 'trait_agreeableness_00715_act_003', 'trait_agreeableness_00715_act_004']","['Suggest a team coffee break for everyone to refresh and help Ulisess feel less isolated in his stress.', 'Advise Ulisess to delegate some tasks to others to manage his workload better, which might alleviate his stress.', 'Offer to take a short walk with Ulisess during lunch, allowing for a change of scenery and a physical break from work.', 'Recommend that Ulisess reevaluate his project timeline and priorities, possibly pushing back less critical tasks.']","['high', 'low', 'high', 'low']","[-0.06854248046875, -4.01953125, -3.287109375, -4.64453125]","[-0.003115567294034091, -0.17476222826086957, -0.12642728365384615, -0.2322265625]","[0.2839694917201996, 0.23918087780475616, 0.25102564692497253, 0.22582398355007172]",0.5349951386451721,0.5349951386451721,0.03499513864517212
trait_agreeableness_00716,agreeableness,high,random_vector,none,trait_agreeableness_00716_act_003,high,"['trait_agreeableness_00716_act_001', 'trait_agreeableness_00716_act_002', 'trait_agreeableness_00716_act_003', 'trait_agreeableness_00716_act_004']","['Decline the invitation as your workload and commitments cannot be compromised for additional social events.', 'Skip the ball; prioritize completing your major project and maintaining your current commitments.', ""Maybe you could go to the ball with Ranvir but let him know in advance that you'll need to leave early to manage your other commitments."", 'Consider attending the charity ball for just a short time to show support before focusing back on your project.']","['low', 'low', 'high', 'high']","[-2.53125, -1.529296875, -0.65869140625, -6.01171875]","[-0.1488970588235294, -0.101953125, -0.022713496767241378, -0.3005859375]","[0.24741396307945251, 0.259305477142334, 0.2806887626647949, 0.21259182691574097]",0.4932805748796292,0.4932805748796292,-0.0067194251203708255
trait_agreeableness_00717,agreeableness,high,random_vector,none,trait_agreeableness_00717_act_003,low,"['trait_agreeableness_00717_act_001', 'trait_agreeableness_00717_act_002', 'trait_agreeableness_00717_act_003', 'trait_agreeableness_00717_act_004']","['Consider crafting homemade gifts, which can be both meaningful and budget-friendly.', 'You might also think about baking treats to bring to the parties, as this is an affordable and heartfelt alternative to traditional gifts.', 'Just opt out of gift-giving and explain your financial situation honestly if anyone asks.', 'Alternatively, buy a single bulk gift item that you can split among the various parties to minimize costs.']","['high', 'high', 'low', 'low']","[-3.150390625, -7.625, -0.061492919921875, -11.8359375]","[-0.22502790178571427, -0.305, -0.003617230583639706, -0.591796875]","[0.2588026821613312, 0.23891164362430573, 0.32294324040412903, 0.17934240400791168]",0.49771434061868014,0.49771434061868014,-0.00228565938131986
trait_agreeableness_00718,agreeableness,high,random_vector,none,trait_agreeableness_00718_act_001,low,"['trait_agreeableness_00718_act_001', 'trait_agreeableness_00718_act_002', 'trait_agreeableness_00718_act_003', 'trait_agreeableness_00718_act_004']","[""You should remain neutral, not laughing or reacting, to clearly indicate that such jokes aren't suitable for the workplace."", ""You might offer a light smile to acknowledge Geordie's attempt at humor without encouraging the nature of the joke."", 'Address Geordie later in private, suggesting that he consider the timing and content of his jokes more carefully in the future.', 'Perhaps gently change the subject to help move the conversation away from the joke and towards more appropriate meeting topics.']","['low', 'high', 'low', 'high']","[-0.01462554931640625, -4.359375, -6.796875, -7.859375]","[-0.0006358934485394021, -0.18953804347826086, -0.271875, -0.3742559523809524]","[0.3050138056278229, 0.25251102447509766, 0.23255294561386108, 0.2099222093820572]",0.4624332407479471,0.4624332407479471,-0.037566759252052884
trait_agreeableness_00719,agreeableness,high,random_vector,none,trait_agreeableness_00719_act_002,low,"['trait_agreeableness_00719_act_001', 'trait_agreeableness_00719_act_002', 'trait_agreeableness_00719_act_003', 'trait_agreeableness_00719_act_004']","['You might consider asking her if there’s anything specific you can do to help, showing your support goes beyond just professional boundaries.', 'Evaluate if sending flowers could set a precedent you’re uncomfortable with; maintaining professional boundaries is crucial.', 'Sending a thoughtful card along with the flowers can express your support and empathy during her difficult times.', 'Consider simply acknowledging her situation verbally when appropriate, which keeps the support subtle and professional.']","['high', 'low', 'high', 'low']","[-9.8046875, -0.2392578125, -3.52734375, -3.7421875]","[-0.3921875, -0.012592516447368422, -0.18564967105263158, -0.22012867647058823]","[0.20496614277362823, 0.29959747195243835, 0.2519882917404175, 0.24344807863235474]",0.4569544413231975,0.4569544413231975,-0.04304555867680249
trait_agreeableness_00720,agreeableness,high,random_vector,none,trait_agreeableness_00720_act_001,low,"['trait_agreeableness_00720_act_001', 'trait_agreeableness_00720_act_002', 'trait_agreeableness_00720_act_003', 'trait_agreeableness_00720_act_004']","['Suggest that Shandel looks into affordable financing or leasing options for a new laptop instead of giving yours away.', 'Keep the laptop for yourself since it could be useful for your future needs, and Shandel can explore other options to acquire one.', 'Consider surprising Shandel with the laptop, making it a heartfelt gesture to help them succeed in their projects.', 'You could gift the laptop to Shandel, as it would really boost their productivity and show how much you support their endeavors.']","['low', 'low', 'high', 'high']","[-0.1912841796875, -10.0625, -2.333984375, -3.34765625]","[-0.00869473544034091, -0.3870192307692308, -0.1111421130952381, -0.13390625]","[0.2881890833377838, 0.19741187989711761, 0.26012685894966125, 0.2542721927165985]",0.5143990440011167,0.5143990440011167,0.01439904400111669
trait_agreeableness_00721,agreeableness,high,random_vector,none,trait_agreeableness_00721_act_001,high,"['trait_agreeableness_00721_act_001', 'trait_agreeableness_00721_act_002', 'trait_agreeableness_00721_act_003', 'trait_agreeableness_00721_act_004']","['You might consider gently expressing to Loujain how much effort and care you put into looking after their cat, which could naturally lead them to offer some form of gratitude.', 'Perhaps you could ask Loujain if they’d be willing to cover the costs you incurred while caring for their pet, as a kind gesture of appreciation.', 'Directly ask Loujain for a compensation for the expenses and time you invested in taking care of the cat, emphasizing that it is only fair.', 'Tell Loujain that taking care of their cat involved certain costs and effort on your part, and it would be reasonable to expect some form of compensation for your troubles.']","['high', 'high', 'low', 'low']","[-0.0821533203125, -4.58203125, -2.83984375, -5.22265625]","[-0.002416274126838235, -0.14780745967741934, -0.09466145833333334, -0.15360753676470587]","[0.2750086784362793, 0.2377956062555313, 0.2507753372192383, 0.23642036318778992]",0.51280429233319,0.51280429233319,0.012804292333190026
trait_agreeableness_00722,agreeableness,high,random_vector,none,trait_agreeableness_00722_act_002,high,"['trait_agreeableness_00722_act_001', 'trait_agreeableness_00722_act_002', 'trait_agreeableness_00722_act_003', 'trait_agreeableness_00722_act_004']","['Politely decline, explaining that you already have commitments to your personal health this weekend.', 'Offer to help Nazair for a few hours on one day of the weekend so you can also have time for your relaxation.', 'Suggest that Nazair asks other friends who might not already have plans, as your weekend is already booked for personal time.', ""Suggest that Nazair could hire professional movers and you'll provide support by organizing meals or refreshments for everyone on the moving day.""]","['low', 'high', 'low', 'high']","[-1.470703125, -0.36328125, -5.234375, -2.857421875]","[-0.08651194852941177, -0.01453125, -0.209375, -0.10583043981481481]","[0.2538144290447235, 0.27275776863098145, 0.2244696170091629, 0.24895817041397095]",0.5217159468191258,0.5217159468191258,0.02171594681912581
trait_agreeableness_00723,agreeableness,high,random_vector,none,trait_agreeableness_00723_act_002,low,"['trait_agreeableness_00723_act_001', 'trait_agreeableness_00723_act_002', 'trait_agreeableness_00723_act_003', 'trait_agreeableness_00723_act_004']","[""Maybe express to Tavleen how you're feeling and ask if she's open to the idea of ordering a ride for you, so she can continue enjoying the party."", 'Tell Tavleen directly that you need to leave for your own comfort, regardless of her having fun.', 'You could suggest a compromise to Tavleen; perhaps staying just a bit longer to meet her happiness, then leaving together.', 'Inform Tavleen that you are calling a taxi for yourself because you want to leave now.']","['high', 'low', 'high', 'low']","[-2.08984375, -0.329345703125, -2.91796875, -2.44921875]","[-0.06146599264705882, -0.015683128720238096, -0.11671875, -0.12890625]","[0.2545904815196991, 0.26651731133461, 0.24090522527694702, 0.2379869967699051]",0.49549569941318483,0.49549569941318483,-0.004504300586815169
trait_agreeableness_00724,agreeableness,high,random_vector,none,trait_agreeableness_00724_act_004,high,"['trait_agreeableness_00724_act_001', 'trait_agreeableness_00724_act_002', 'trait_agreeableness_00724_act_003', 'trait_agreeableness_00724_act_004']","['Suggest that Josalyn finds an alternative or waits for another time when you are less occupied.', 'Keep your business appointment as planned; it’s important to prioritize commitments that impact your professional goals.', 'Perhaps offer to help Josalyn after your business appointment, blending commitment with your supportive nature.', ""You might consider rescheduling the business appointment if Josalyn's request could foster a supportive relationship.""]","['low', 'low', 'high', 'high']","[-4.1953125, -11.8671875, -1.6328125, -0.336669921875]","[-0.209765625, -0.6245888157894737, -0.0859375, -0.01683349609375]","[0.2496829628944397, 0.1649048626422882, 0.28259649872779846, 0.30281561613082886]",0.5854121497519106,0.5854121497519106,0.08541214975191058
trait_agreeableness_00725,agreeableness,high,random_vector,none,trait_agreeableness_00725_act_002,high,"['trait_agreeableness_00725_act_001', 'trait_agreeableness_00725_act_002', 'trait_agreeableness_00725_act_003', 'trait_agreeableness_00725_act_004']","[""Apologize sincerely to Webber for the comment and ask them how they feel or if there's anything they'd like to talk about."", 'Express your regret over the upsetting comment, then gently shift the conversation towards a topic that Webber enjoys to lighten the mood.', 'Clarify your comment to Webber, explaining your point of view so they understand your perspective better.', 'Ask Webber to explain why your comment upset them, which can lead to a clearer understanding on both sides.']","['high', 'high', 'low', 'low']","[-1.552734375, -0.26953125, -3.8359375, -7.55078125]","[-0.055454799107142856, -0.01078125, -0.191796875, -0.34321732954545453]","[0.2726154923439026, 0.2850703299045563, 0.2378690540790558, 0.20444518327713013]",0.5576857890077955,0.5576857890077955,0.05768578900779553
trait_agreeableness_00726,agreeableness,high,random_vector,none,trait_agreeableness_00726_act_002,high,"['trait_agreeableness_00726_act_001', 'trait_agreeableness_00726_act_002', 'trait_agreeableness_00726_act_003', 'trait_agreeableness_00726_act_004']","['Suggest that Stevielynn should speak to a financial advisor to better manage her expenses and debt.', 'Offer to help Stevielynn by covering some of her medical expenses or by lending her money if that feels right to you.', 'Advise Stevielynn to negotiate the bills or seek cheaper medical alternatives for future treatments.', 'Consider providing support by helping Stevielynn find financial aid programs or charities that assist with medical bills.']","['low', 'high', 'low', 'high']","[-4.890625, -0.014434814453125, -5.203125, -6.640625]","[-0.23288690476190477, -0.0005551851712740385, -0.2738486842105263, -0.3162202380952381]","[0.2414613962173462, 0.30461275577545166, 0.23177054524421692, 0.22215521335601807]",0.5267680162282005,0.5267680162282005,0.026768016228200464
trait_agreeableness_00727,agreeableness,high,random_vector,none,trait_agreeableness_00727_act_003,high,"['trait_agreeableness_00727_act_001', 'trait_agreeableness_00727_act_002', 'trait_agreeableness_00727_act_003', 'trait_agreeableness_00727_act_004']","['Consider starting with the positive aspects of the policy, then transition into your concerns, ensuring you maintain a respectful tone throughout.', 'Directly challenge the policy by presenting strong, logical arguments against it and demand a review from management.', 'You could express your concerns by highlighting how the policy impacts team morale, and gently suggest possible alternatives that could benefit everyone.', ""Question the policy's fairness and effectiveness in the meeting, and push for an immediate reconsideration by presenting the overall dissatisfaction of your colleagues.""]","['high', 'low', 'high', 'low']","[-3.21484375, -7.43359375, -1.57421875, -2.16796875]","[-0.13395182291666666, -0.3716796875, -0.06559244791666667, -0.0802951388888889]","[0.2554742097854614, 0.20142027735710144, 0.27354902029037476, 0.26955652236938477]",0.5290232143097158,0.5290232143097158,0.029023214309715772
trait_agreeableness_00728,agreeableness,high,random_vector,none,trait_agreeableness_00728_act_004,high,"['trait_agreeableness_00728_act_001', 'trait_agreeableness_00728_act_002', 'trait_agreeableness_00728_act_003', 'trait_agreeableness_00728_act_004']","[""Propose a formal vote on the project during the next team meeting to decisively address and move beyond Kashtin's opposition."", ""Firmly defend your project's merits in the next meeting, showcasing robust evidence and data to counter his objections."", 'Consider inviting Kashtin to co-present the project, integrating his viewpoints to strengthen the proposal.', 'Schedule a one-on-one meeting with Kashtin to understand his concerns and discuss potential compromises.']","['low', 'low', 'high', 'high']","[-2.140625, -2.75390625, -2.61328125, -0.300537109375]","[-0.08233173076923077, -0.11973505434782608, -0.13754111842105263, -0.01581774259868421]","[0.2513604462146759, 0.24213239550590515, 0.23785912990570068, 0.2686479985713959]",0.5065071435721857,0.5065071435721857,0.006507143572185736
trait_agreeableness_00729,agreeableness,high,random_vector,none,trait_agreeableness_00729_act_001,high,"['trait_agreeableness_00729_act_001', 'trait_agreeableness_00729_act_002', 'trait_agreeableness_00729_act_003', 'trait_agreeableness_00729_act_004']","['Offer to spend time with Janely, perhaps going for a walk or watching a movie together to help her feel less alone.', 'Consider sending Janely a care package filled with her favorite treats and a heartfelt note to show your support and affection.', 'Encourage Janely to join a support group where she can connect with people who understand her grief and can offer perspective.', 'Suggest that Janely seeks professional counseling to address her feelings of hopelessness and to develop coping strategies.']","['high', 'high', 'low', 'low']","[-1.771484375, -3.646484375, -4.6015625, -2.208984375]","[-0.070859375, -0.1585427989130435, -0.19173177083333334, -0.10518973214285714]","[0.26536107063293457, 0.24308423697948456, 0.23514892160892487, 0.2564057409763336]",0.5084453227652705,0.5084453227652705,0.008445322765270546
trait_agreeableness_00730,agreeableness,high,random_vector,none,trait_agreeableness_00730_act_001,low,"['trait_agreeableness_00730_act_001', 'trait_agreeableness_00730_act_002', 'trait_agreeableness_00730_act_003', 'trait_agreeableness_00730_act_004']","['Withhold Meital’s paycheck as a firm action to underline the seriousness of the performance issues and motivate improvement.', 'Consider setting up a meeting with Meital to openly discuss performance issues and explore supportive measures to help improve their work.', 'Implement a direct policy that ties Meital’s pay to specific performance metrics, ensuring accountability and immediate consequences for underperformance.', 'You might want to create an improvement plan that outlines clear goals and timelines for Meital, providing regular feedback and encouragement.']","['low', 'high', 'low', 'high']","[-0.0004296302795410156, -11.25, -11.7734375, -21.9375]","[-1.9528649070046164e-05, -0.4891304347826087, -0.4905598958333333, -0.9140625]","[0.38075411319732666, 0.23346750438213348, 0.23313401639461517, 0.15264436602592468]",0.38611187040805817,0.38611187040805817,-0.11388812959194183
trait_agreeableness_00731,agreeableness,high,random_vector,none,trait_agreeableness_00731_act_003,high,"['trait_agreeableness_00731_act_001', 'trait_agreeableness_00731_act_002', 'trait_agreeableness_00731_act_003', 'trait_agreeableness_00731_act_004']","['Perhaps you could delegate some of your responsibilities to other volunteers, which would allow you to continue supporting the charity while also managing your stress better.', ""It's practical to prioritize your own health and professional duties over volunteering; you can always return to it when you're in a better position."", 'You might consider reducing your hours slightly and finding a schedule that allows more time for rest, maintaining your commitment but taking care of your health too.', 'Consider taking a complete break from volunteering to focus entirely on your personal and professional life until you feel less overwhelmed.']","['high', 'low', 'high', 'low']","[-1.2099609375, -3.6953125, -0.52734375, -2.486328125]","[-0.043212890625, -0.13197544642857142, -0.01818426724137931, -0.11301491477272728]","[0.25819873809814453, 0.2362680584192276, 0.2647426426410675, 0.24079056084156036]",0.522941380739212,0.522941380739212,0.022941380739212036
trait_agreeableness_00732,agreeableness,high,random_vector,none,trait_agreeableness_00732_act_001,low,"['trait_agreeableness_00732_act_001', 'trait_agreeableness_00732_act_002', 'trait_agreeableness_00732_act_003', 'trait_agreeableness_00732_act_004']","['Recommend that they check local moving services or rental trucks, as you need to prioritize your own commitments this weekend.', 'Politely explain that you have long-standing personal plans and suggest that they reschedule the move or ask another friend for help.', 'You could suggest hiring professional movers and then visiting your friend after your retreat to help them unpack and settle in.', 'Offer to help your friend with packing a day or two before your retreat, so you can still support them without cancelling your plans.']","['low', 'low', 'high', 'high']","[-0.271728515625, -2.052734375, -3.849609375, -2.798828125]","[-0.012351296164772728, -0.082109375, -0.17498224431818182, -0.10764723557692307]","[0.2708832025527954, 0.25263091921806335, 0.23022492229938507, 0.24626097083091736]",0.47648588603010944,0.47648588603010944,-0.02351411396989056
trait_agreeableness_00733,agreeableness,high,random_vector,none,trait_agreeableness_00733_act_003,low,"['trait_agreeableness_00733_act_001', 'trait_agreeableness_00733_act_002', 'trait_agreeableness_00733_act_003', 'trait_agreeableness_00733_act_004']","['You could politely excuse yourself from your current commitment, explaining the importance of timely attendance at your work meeting.', 'Consider contacting a colleague who is also attending the meeting and kindly ask if they can cover the beginning part until you arrive.', ""Just focus on finishing your current commitment properly, even if it means being late; you can't always please everyone."", ""Send a quick message to inform them you'll be late, then proceed with your current engagement without cutting it short.""]","['high', 'high', 'low', 'low']","[-1.3173828125, -2.70703125, -0.50341796875, -3.39453125]","[-0.06273251488095238, -0.11279296875, -0.021887737771739132, -0.1475883152173913]","[0.2556559145450592, 0.24317273497581482, 0.2663143277168274, 0.234856978058815]",0.49882867182025337,0.49882867182025337,-0.0011713281797466335
trait_agreeableness_00734,agreeableness,high,random_vector,none,trait_agreeableness_00734_act_002,high,"['trait_agreeableness_00734_act_001', 'trait_agreeableness_00734_act_002', 'trait_agreeableness_00734_act_003', 'trait_agreeableness_00734_act_004']","['Directly ask both colleagues to clarify their points and explain the reasoning behind their disagreements in the meeting, fostering a clear and open dialogue.', 'You might consider suggesting a team-building activity that focuses on communication skills, which can improve overall team harmony without direct confrontation.', 'You could inform your manager about the disruptive behavior, letting them handle the situation and possibly mediate the conflict.', 'Perhaps you could recommend a feedback session where everyone gets the chance to express their thoughts in a structured manner, making the atmosphere more open and less tense.']","['low', 'high', 'low', 'high']","[-1.41015625, -0.52734375, -10.46875, -3.822265625]","[-0.05222800925925926, -0.02197265625, -0.4758522727272727, -0.12740885416666667]","[0.2767811119556427, 0.2852832078933716, 0.18120025098323822, 0.2567354738712311]",0.5420186575344805,0.5420186575344805,0.04201865753448053
trait_agreeableness_00735,agreeableness,high,random_vector,none,trait_agreeableness_00735_act_002,low,"['trait_agreeableness_00735_act_001', 'trait_agreeableness_00735_act_002', 'trait_agreeableness_00735_act_003', 'trait_agreeableness_00735_act_004']","['Maybe you can ask your friend how they feel about their project first to understand their perspective before sharing your thoughts.', 'Just be straightforward and tell your friend what you really think about the art project; they asked for honesty, after all.', 'You could mention specific aspects you like while gently suggesting improvements in areas you think could be better.', 'Recommend your friend to seek feedback from professional artists as well, which can provide them with a more objective critique.']","['high', 'low', 'high', 'low']","[-6.546875, -0.0015621185302734375, -16.171875, -16.984375]","[-0.2975852272727273, -6.508827209472656e-05, -0.8511513157894737, -0.7720170454545454]","[0.28219491243362427, 0.37997981905937195, 0.16223274171352386, 0.1755925416946411]",0.44442764752466013,0.44442764752466013,-0.05557235247533987
trait_agreeableness_00736,agreeableness,high,random_vector,none,trait_agreeableness_00736_act_001,low,"['trait_agreeableness_00736_act_001', 'trait_agreeableness_00736_act_002', 'trait_agreeableness_00736_act_003', 'trait_agreeableness_00736_act_004']","['Suggest a compromise where Jahnia could redistribute some of the tasks among other team members to lessen your burden.', 'Decline the proposal, citing your current responsibilities and the importance of maintaining your personal life balance.', 'Perhaps you could agree to the new plan, but clarify your availability and limits to ensure your personal time is respected.', 'You might consider agreeing to the plan but also ask for help or support to manage the increased workload effectively.']","['low', 'low', 'high', 'high']","[-0.05426025390625, -8.7421875, -3.365234375, -5.3203125]","[-0.002466375177556818, -0.46011513157894735, -0.14631453804347827, -0.2533482142857143]","[0.30516618490219116, 0.19309991598129272, 0.2642797827720642, 0.23745417594909668]",0.5017339288154883,0.5017339288154883,0.0017339288154882837
trait_agreeableness_00737,agreeableness,high,random_vector,none,trait_agreeableness_00737_act_003,low,"['trait_agreeableness_00737_act_001', 'trait_agreeableness_00737_act_002', 'trait_agreeableness_00737_act_003', 'trait_agreeableness_00737_act_004']","['You could gently remind your colleagues about the value of discussing concerns directly with PersonZ to promote a more understanding and supportive work environment.', 'Consider sharing positive experiences or achievements of PersonZ to subtly shift the tone of the conversation to something more constructive and appreciative.', ""You might propose focusing the discussion on tasks and projects instead, pointing out that speculative talk is not productive or beneficial for the team's goals."", 'Suggest setting up a meeting where concerns can be addressed openly with PersonZ present, ensuring a fair dialogue and cutting out behind-the-back criticisms.']","['high', 'high', 'low', 'low']","[-6.8671875, -0.818359375, -0.6669921875, -3.1953125]","[-0.26412259615384615, -0.032734375, -0.023821149553571428, -0.11018318965517242]","[0.21283838152885437, 0.2682504951953888, 0.270652174949646, 0.24825897812843323]",0.4810888623866778,0.4810888623866778,-0.018911137613322193
trait_agreeableness_00738,agreeableness,high,random_vector,none,trait_agreeableness_00738_act_001,low,"['trait_agreeableness_00738_act_001', 'trait_agreeableness_00738_act_002', 'trait_agreeableness_00738_act_003', 'trait_agreeableness_00738_act_004']","['Recommend they look into local community services like food banks and job training workshops to become more self-sufficient.', 'Offer to babysit the children a couple of times a week to give the parents time to job search or handle other responsibilities.', 'Suggest setting up a schedule where they can gradually take over the childcare and household chores as they stabilize financially.', 'Prepare some extra meals that can easily be reheated, to relieve them from cooking duties for a few days.']","['low', 'high', 'low', 'high']","[-0.51171875, -2.46484375, -3.05078125, -1.7470703125]","[-0.024367559523809524, -0.09859375, -0.138671875, -0.07941228693181818]","[0.2654709219932556, 0.2464795708656311, 0.23679646849632263, 0.25125306844711304]",0.497732624479156,0.497732624479156,-0.002267375520843995
trait_agreeableness_00739,agreeableness,high,random_vector,none,trait_agreeableness_00739_act_001,high,"['trait_agreeableness_00739_act_001', 'trait_agreeableness_00739_act_002', 'trait_agreeableness_00739_act_003', 'trait_agreeableness_00739_act_004']","['Consider encouraging Destinnie to seek advice from an independent financial advisor to ensure she makes a well-informed decision.', 'Go ahead and emphasize the potential high returns of the deal to persuade Destinnie, focusing on how such investments can significantly pay off.', 'You could prioritize transparency and discuss both the potential benefits and risks openly with Destinnie, emphasizing that the final decision is hers to make.', ""You should highlight the unique chance this deal represents and pitch it as a strategically aggressive investment that shouldn't be missed.""]","['high', 'low', 'high', 'low']","[-0.6220703125, -6.65234375, -1.7626953125, -1.486328125]","[-0.028275923295454544, -0.255859375, -0.06528501157407407, -0.06462296195652174]","[0.2684975266456604, 0.21384645998477936, 0.2587423026561737, 0.25891366600990295]",0.5272398528712922,0.5272398528712922,0.02723985287129216
trait_agreeableness_00740,agreeableness,high,random_vector,none,trait_agreeableness_00740_act_001,low,"['trait_agreeableness_00740_act_001', 'trait_agreeableness_00740_act_002', 'trait_agreeableness_00740_act_003', 'trait_agreeableness_00740_act_004']","[""Confront Hikari then and there by firmly stating the discomfort they're causing, to immediately address the issue."", ""Directly tell Hikari that their behavior is inappropriate and advise them to stop immediately if you feel it's disruptive enough."", 'Maybe suggest a quick, quiet walk with Hikari outside the venue to discuss the issue discreetly and help them regain composure.', 'Consider pulling Hikari aside gently to express your concerns in private, aiming to avoid public embarrassment.']","['low', 'low', 'high', 'high']","[-0.0833740234375, -3.380859375, -3.84765625, -4.81640625]","[-0.0036249575407608695, -0.135234375, -0.14250578703703703, -0.2408203125]","[0.2828172445297241, 0.24794116616249084, 0.2461448311805725, 0.22309675812721252]",0.46924158930778503,0.46924158930778503,-0.030758410692214966
trait_agreeableness_00741,agreeableness,high,random_vector,none,trait_agreeableness_00741_act_001,high,"['trait_agreeableness_00741_act_001', 'trait_agreeableness_00741_act_002', 'trait_agreeableness_00741_act_003', 'trait_agreeableness_00741_act_004']","['You might consider arranging a private, friendly chat with Janya to understand any challenges she’s facing and discuss how you can help her meet her deadlines.', 'Perhaps you could offer to help Janya organize her tasks or suggest setting up a team meeting to realign everyone’s responsibilities and deadlines.', ""Directly inform Janya that her missed deadlines are impacting the team's performance and she needs to adhere to the project timeline more strictly."", 'Send an email to Janya outlining the deadlines and mentioning that further delays could lead to discussions with higher management.']","['high', 'high', 'low', 'low']","[-0.1185302734375, -4.875, -2.380859375, -9.6796875]","[-0.003951009114583333, -0.18055555555555555, -0.08817997685185185, -0.43998579545454547]","[0.29377833008766174, 0.24621890485286713, 0.270047128200531, 0.1899556666612625]",0.5399972188473576,0.5399972188473576,0.03999721884735763
trait_agreeableness_00742,agreeableness,high,random_vector,none,trait_agreeableness_00742_act_001,low,"['trait_agreeableness_00742_act_001', 'trait_agreeableness_00742_act_002', 'trait_agreeableness_00742_act_003', 'trait_agreeableness_00742_act_004']","['Directly point out the flaw during the meeting and suggest an alternative strategy that mitigates these risks.', 'Consider suggesting a follow-up meeting where you can review the strategy more thoroughly together, to align on the best approach.', 'Challenge the strategy openly in the meeting to ensure everyone is aware of the potential losses, emphasizing the need for a robust discussion.', 'You could express your concerns by privately messaging your colleague, framing it as seeking to understand their perspective better.']","['low', 'high', 'low', 'high']","[-0.26513671875, -6.6875, -1.55859375, -7.328125]","[-0.0132568359375, -0.2907608695652174, -0.06234375, -0.3489583333333333]","[0.2920042872428894, 0.22124363481998444, 0.2780168056488037, 0.20873531699180603]",0.4299789325902343,0.4299789325902343,-0.07002106740976571
trait_agreeableness_00743,agreeableness,high,random_vector,none,trait_agreeableness_00743_act_002,low,"['trait_agreeableness_00743_act_001', 'trait_agreeableness_00743_act_002', 'trait_agreeableness_00743_act_003', 'trait_agreeableness_00743_act_004']","['Maybe you could offer to help train someone else to share the workload, easing the burden on you.', 'Just say no to additional shifts and prioritize your health over voluntary extras.', 'You might consider gently explaining to your supervisor your health concerns and see if you can reduce the extra shifts.', ""Take a step back and let others step up; you're not the only one who can volunteer for extra work.""]","['high', 'low', 'high', 'low']","[-5.921875, -0.15625, -1.96875, -7.53125]","[-0.29609375, -0.011160714285714286, -0.09375, -0.327445652173913]","[0.2210884541273117, 0.2939753532409668, 0.27067169547080994, 0.21426445245742798]",0.4917601715815144,0.4917601715815144,-0.008239828418485584
trait_agreeableness_00744,agreeableness,high,random_vector,none,trait_agreeableness_00744_act_001,low,"['trait_agreeableness_00744_act_001', 'trait_agreeableness_00744_act_002', 'trait_agreeableness_00744_act_003', 'trait_agreeableness_00744_act_004']","['Escalate the issue to your manager or HR department to formally address the rumors and protect your professional reputation.', 'Address the situation directly by confronting your colleague and demand they stop spreading unfounded rumors immediately.', 'Offer to collaborate on a project together which could help improve your relationship and show your genuine intentions.', 'Invite your colleague for a coffee and gently discuss the impact their behavior is having on you, aiming to clear up any misunderstandings.']","['low', 'low', 'high', 'high']","[-0.00897216796875, -6.1484375, -5.14453125, -8.0078125]","[-0.0004078258167613636, -0.3415798611111111, -0.2707648026315789, -0.30799278846153844]","[0.31159791350364685, 0.2215263396501541, 0.2377825677394867, 0.22909314930438995]",0.46687573095785767,0.46687573095785767,-0.03312426904214233
trait_agreeableness_00745,agreeableness,high,random_vector,none,trait_agreeableness_00745_act_002,high,"['trait_agreeableness_00745_act_001', 'trait_agreeableness_00745_act_002', 'trait_agreeableness_00745_act_003', 'trait_agreeableness_00745_act_004']","['You could give your friend the guitar as a gift to help ease their financial burden and share the joy of music.', 'Consider lending the guitar to your friend until they can afford one, creating a win-win situation where you keep ownership and they get to play.', 'Keep the guitar since giving it away could set a precedent for similar expectations in the future.', 'Suggest that your friend looks for affordable second-hand options online, emphasizing the importance of financial responsibility.']","['high', 'high', 'low', 'low']","[-1.66015625, -0.370361328125, -3.26953125, -4.61328125]","[-0.07218070652173914, -0.013227190290178572, -0.181640625, -0.2306640625]","[0.26243406534194946, 0.27837061882019043, 0.2352244108915329, 0.22397099435329437]",0.5408046358104376,0.5408046358104376,0.040804635810437584
trait_agreeableness_00746,agreeableness,high,random_vector,none,trait_agreeableness_00746_act_002,high,"['trait_agreeableness_00746_act_001', 'trait_agreeableness_00746_act_002', 'trait_agreeableness_00746_act_003', 'trait_agreeableness_00746_act_004']","['Consider suggesting that Aythana delegate specific tasks to other team members or ask for an extension from the project lead.', ""Absolutely, offering your assistance could greatly alleviate Aythana's stress and help distribute the project tasks more manageably."", 'Recommend to Aythana to reevaluate her project plan and identify priorities; she might need to focus on key areas and drop less critical tasks.', 'Yes, stepping in to help Aythana not only supports her but also strengthens the teamwork within the project.']","['low', 'high', 'low', 'high']","[-4.640625, -0.06353759765625, -8.21875, -3.37109375]","[-0.20176630434782608, -0.002762504245923913, -0.2834051724137931, -0.1532315340909091]","[0.2385767698287964, 0.2911081612110138, 0.21987345814704895, 0.25044161081314087]",0.5415497720241547,0.5415497720241547,0.04154977202415466
trait_agreeableness_00747,agreeableness,high,random_vector,none,trait_agreeableness_00747_act_001,high,"['trait_agreeableness_00747_act_001', 'trait_agreeableness_00747_act_002', 'trait_agreeableness_00747_act_003', 'trait_agreeableness_00747_act_004']","['Consider suggesting a brief team check-in where everyone updates the group on their progress, allowing Carielle to share in a non-confrontational setting.', ""Point out directly to Carielle during the meeting that you've noticed discrepancies in their work, asking for an immediate clarification."", 'Perhaps you could invite Carielle for a private chat to gently inquire about their progress and any challenges they might be facing.', ""Challenge Carielle in the meeting to present detailed evidence of their progress to ensure they're held accountable in front of the team.""]","['high', 'low', 'high', 'low']","[-0.07977294921875, -5.046875, -4.921875, -5.375]","[-0.002659098307291667, -0.201875, -0.196875, -0.20673076923076922]","[0.2891630232334137, 0.23693236708641052, 0.23811998963356018, 0.23578466475009918]",0.5272829892955874,0.5272829892955874,0.027282989295587368
trait_agreeableness_00748,agreeableness,high,random_vector,none,trait_agreeableness_00748_act_002,low,"['trait_agreeableness_00748_act_001', 'trait_agreeableness_00748_act_002', 'trait_agreeableness_00748_act_003', 'trait_agreeableness_00748_act_004']","['Document specific instances where Melicia took undue credit and present these to your supervisor as evidence.', ""Report the behavior to your supervisor immediately to prevent further damage to the team's morale."", 'Consider organizing a team intervention where everyone can openly discuss their feelings about fairness and recognition.', 'You could speak with Melicia first to express your concerns and give them a chance to rectify the situation themselves.']","['low', 'low', 'high', 'high']","[-4.7265625, -0.008941650390625, -10.2578125, -16.75]","[-0.2625868055555556, -0.000525979434742647, -0.6034007352941176, -0.7282608695652174]","[0.2748379111289978, 0.3571808636188507, 0.19546230137348175, 0.1725189983844757]",0.3679812723412162,0.3679812723412162,-0.1320187276587838
trait_agreeableness_00749,agreeableness,high,random_vector,none,trait_agreeableness_00749_act_004,low,"['trait_agreeableness_00749_act_001', 'trait_agreeableness_00749_act_002', 'trait_agreeableness_00749_act_003', 'trait_agreeableness_00749_act_004']","['You might consider addressing the discomfort with Tagert directly by kindly expressing how their behavior makes you feel and seeking a mutual understanding.', 'Perhaps you could involve a mediator from HR to help facilitate a constructive conversation with Tagert, which might improve your work environment.', 'Stand your ground and confront Tagert directly about their aggressive behavior without sugarcoating your concerns.', 'Keep avoiding Tagert if interacting with them disrupts your productivity and peace of mind, focusing instead on your own work responsibilities.']","['high', 'high', 'low', 'low']","[-12.1015625, -8.2578125, -3.396484375, -0.03729248046875]","[-0.4840625, -0.3303125, -0.1787623355263158, -0.00149169921875]","[0.1944214254617691, 0.22673413157463074, 0.263836145401001, 0.315008282661438]",0.4211555633121068,0.4211555633121068,-0.0788444366878932
trait_agreeableness_00750,agreeableness,high,random_vector,none,trait_agreeableness_00750_act_003,low,"['trait_agreeableness_00750_act_001', 'trait_agreeableness_00750_act_002', 'trait_agreeableness_00750_act_003', 'trait_agreeableness_00750_act_004']","['Directly challenge the strategy in a team meeting by clearly outlining the potential pitfalls and presenting your alternative solutions.', 'You might consider gently suggesting a team meeting to review the project strategy and express your concerns in a supportive manner.', 'Write a concise, fact-based email to your project leader detailing why the current strategy might fail and suggest a meeting to discuss viable alternatives.', 'Perhaps you could offer to help research or present alternative strategies that could complement the current plan without dismissing it entirely.']","['low', 'high', 'low', 'high']","[-3.13671875, -2.40234375, -0.1827392578125, -5.05078125]","[-0.14936755952380953, -0.10919744318181818, -0.006768120659722222, -0.2295809659090909]","[0.24288499355316162, 0.2528403401374817, 0.2801114320755005, 0.2241632640361786]",0.47700358995784553,0.47700358995784553,-0.02299641004215447
trait_agreeableness_00701,agreeableness,low,random_vector,none,trait_agreeableness_00701_act_002,high,"['trait_agreeableness_00701_act_001', 'trait_agreeableness_00701_act_002', 'trait_agreeableness_00701_act_003', 'trait_agreeableness_00701_act_004']","['You could propose a meeting to discuss the strengths of each theme and consider blending elements of both to please a wider audience.', 'Maybe consult with other team members for their opinions to see if a consensus can be achieved that respects both perspectives.', 'Stick to presenting clear, data-backed arguments on why a cultural heritage theme could draw more interest and community engagement.', 'Insist on setting clear objectives for the event and demonstrate how your theme aligns better with those goals compared to a modern tech theme.']","['high', 'high', 'low', 'low']","[-10.125, -0.859375, -1.546875, -5.140625]","[-0.421875, -0.0390625, -0.0703125, -0.19039351851851852]","[0.19424431025981903, 0.28484046459198, 0.2760768532752991, 0.24483835697174072]",0.4790847819907186,0.5209152180092814,0.020915218009281422
trait_agreeableness_00702,agreeableness,low,random_vector,none,trait_agreeableness_00702_act_002,high,"['trait_agreeableness_00702_act_001', 'trait_agreeableness_00702_act_002', 'trait_agreeableness_00702_act_003', 'trait_agreeableness_00702_act_004']","['Clearly communicate to your supervisor the unrealistic nature of the additional workload and negotiate down the responsibilities.', 'Consider discussing a phased approach with your boss to gradually integrate the new project while maintaining balance with your current tasks.', 'Prioritize your tasks and cut down on the least essential ones; put focus only on what genuinely requires your expertise.', 'You could ask for support from your team or colleagues to help manage the workload more efficiently.']","['low', 'high', 'low', 'high']","[-0.71484375, -0.8251953125, -2.837890625, -10.5390625]","[-0.039713541666666664, -0.03750887784090909, -0.12338654891304347, -0.5855034722222222]","[0.285606324672699, 0.2862366735935211, 0.262681245803833, 0.16547571122646332]",0.4517124050131025,0.5482875949868975,0.0482875949868975
trait_agreeableness_00703,agreeableness,low,random_vector,none,trait_agreeableness_00703_act_004,low,"['trait_agreeableness_00703_act_001', 'trait_agreeableness_00703_act_002', 'trait_agreeableness_00703_act_003', 'trait_agreeableness_00703_act_004']","['Consider setting aside a portion of your bonus for your vacation and donate a portion to your friend to ease their burden.', 'Invest the bonus in a personal savings or retirement fund to ensure your future financial stability.', 'You could offer to help your friend cover some of their medical expenses with part of your bonus.', 'Use the bonus for the vacation you’ve been planning, as personal relaxation and fulfillment are important.']","['high', 'low', 'high', 'low']","[-4.44140625, -0.70361328125, -4.6328125, -0.763671875]","[-0.19310461956521738, -0.04138901654411765, -0.24383223684210525, -0.040193256578947366]","[0.2336673140525818, 0.27194884419441223, 0.22210955619812012, 0.2722742259502411]",0.45577689741712196,0.5442231025828781,0.04422310258287809
trait_agreeableness_00704,agreeableness,low,random_vector,none,trait_agreeableness_00704_act_002,low,"['trait_agreeableness_00704_act_001', 'trait_agreeableness_00704_act_002', 'trait_agreeableness_00704_act_003', 'trait_agreeableness_00704_act_004']","['Challenge the team to justify the strategy with data or precedents, given its similarity to past unsuccessful attempts.', 'Directly state the issues and shortcomings you foresee with the agreed strategy to ensure they are aware of the potential risks.', 'Maybe suggest setting up a small trial run of the strategy first, to demonstrate the outcomes before fully committing.', 'You could gently express your concerns and propose discussing alternative strategies that could prevent potential issues.']","['low', 'low', 'high', 'high']","[-1.08984375, -0.96435546875, -2.98046875, -3.98046875]","[-0.05189732142857143, -0.041928498641304345, -0.14192708333333334, -0.23414522058823528]","[0.26614731550216675, 0.26881375908851624, 0.2432330846786499, 0.22180576622486115]",0.46503888555160805,0.5349611144483919,0.034961114448391895
trait_agreeableness_00705,agreeableness,low,random_vector,none,trait_agreeableness_00705_act_002,high,"['trait_agreeableness_00705_act_001', 'trait_agreeableness_00705_act_002', 'trait_agreeableness_00705_act_003', 'trait_agreeableness_00705_act_004']","['You could consider politely reaching out to the rental agency to express your concerns and ask for possible solutions or compensation.', 'Maybe try to calmly discuss the discrepancies with the agency, highlighting the missing amenities and differences in the property, and request an amicable resolution.', 'Demand an immediate response from the rental agency and insist on a partial refund or relocation to a property that matches the initial description.', 'Send a firm email to the agency detailing every issue, and make it clear you expect swift action or you will consider legal advice.']","['high', 'high', 'low', 'low']","[-1.9423828125, -0.1683349609375, -10.8671875, -10.0703125]","[-0.08829012784090909, -0.006011962890625, -0.4346875, -0.38731971153846156]","[0.28292331099510193, 0.30718618631362915, 0.20009224116802216, 0.20979823172092438]",0.5901095148953651,0.4098904851046349,-0.09010951489536512
trait_agreeableness_00706,agreeableness,low,random_vector,none,trait_agreeableness_00706_act_001,low,"['trait_agreeableness_00706_act_001', 'trait_agreeableness_00706_act_002', 'trait_agreeableness_00706_act_003', 'trait_agreeableness_00706_act_004']","['Directly confront Marybella in your next team meeting by highlighting specific instances where your ideas were dismissed and demand a justification.', 'Consider asking Marybella for a private meeting to express how valuable you feel contributions from all team members are, including yours.', 'Email the whole team including your manager outlining how the dismissal of ideas by any team member, including Marybella, negatively impacts project creativity and ask for more structured discussion protocols.', 'Maybe propose a team brainstorming session where everyone submits one idea anonymously to ensure each thought is considered without bias.']","['low', 'high', 'low', 'high']","[-0.5009765625, -1.1103515625, -5.390625, -8.921875]","[-0.0200390625, -0.0444140625, -0.15401785714285715, -0.4055397727272727]","[0.28323492407798767, 0.27641454339027405, 0.24771970510482788, 0.19263090193271637]",0.4690454103763841,0.5309545896236159,0.030954589623615858
trait_agreeableness_00707,agreeableness,low,random_vector,none,trait_agreeableness_00707_act_002,low,"['trait_agreeableness_00707_act_001', 'trait_agreeableness_00707_act_002', 'trait_agreeableness_00707_act_003', 'trait_agreeableness_00707_act_004']","['Perhaps eat a healthy meal before the party to lessen your cravings and politely sample very small amounts of your favorite foods.', 'Just say no to the unhealthy options and stick firmly to your diet plan; it’s about your health after all.', 'You could bring a dish to share that fits your diet so you have a healthy option available and still enjoy the party.', 'Ignore the offerings and focus on socializing, not eating; you’re there for your friend, not the food.']","['high', 'low', 'high', 'low']","[-3.33203125, -1.22265625, -1.6279296875, -13.1640625]","[-0.1448709239130435, -0.053158967391304345, -0.06783040364583333, -0.5723505434782609]","[0.2612135410308838, 0.2863028347492218, 0.282133013010025, 0.1703505665063858]",0.5433465783303937,0.4566534216696063,-0.04334657833039368
trait_agreeableness_00708,agreeableness,low,random_vector,none,trait_agreeableness_00708_act_001,low,"['trait_agreeableness_00708_act_001', 'trait_agreeableness_00708_act_002', 'trait_agreeableness_00708_act_003', 'trait_agreeableness_00708_act_004']","['Simply note the achievement directly to Nazareth and mention that you noticed the milestone, encouraging them to own their success publicly.', ""Challenge Nazareth in a light-hearted manner about why they haven't boasted about their success yet, to push them out of their comfort zone."", 'Encourage mutual friends or coworkers to subtly acknowledge the achievement, fostering a supportive environment without overwhelming Nazareth.', 'Quietly congratulate Nazareth in a personal message to show your support and respect for their privacy.']","['low', 'low', 'high', 'high']","[-0.02886962890625, -13.1640625, -3.65625, -7.43359375]","[-0.0012029012044270833, -0.4701450892857143, -0.17410714285714285, -0.3912417763157895]","[0.3180750012397766, 0.1990080028772354, 0.26757046580314636, 0.21534650027751923]",0.48291698047271314,0.5170830195272869,0.017083019527286858
trait_agreeableness_00709,agreeableness,low,random_vector,none,trait_agreeableness_00709_act_001,high,"['trait_agreeableness_00709_act_001', 'trait_agreeableness_00709_act_002', 'trait_agreeableness_00709_act_003', 'trait_agreeableness_00709_act_004']","['Consider politely telling Zacharyah that his advances are making you uncomfortable and you would like to keep your relationship professional.', 'Maybe talk to a trusted colleague or a supervisor for advice on how to approach Zacharyah about this sensitive issue.', 'Directly tell Zacharyah to stop the advances, asserting that they are inappropriate and unwelcome at the workplace.', 'If speaking to him directly doesn’t work, report the behavior to your HR department to handle it formally.']","['high', 'high', 'low', 'low']","[-0.31103515625, -2.873046875, -1.560546875, -9.7578125]","[-0.013523267663043478, -0.12491508152173914, -0.06784986413043478, -0.4646577380952381]","[0.28747063875198364, 0.25716784596443176, 0.27226996421813965, 0.18309153616428375]",0.5446384928321614,0.45536150716783863,-0.04463849283216137
trait_agreeableness_00710,agreeableness,low,random_vector,none,trait_agreeableness_00710_act_002,high,"['trait_agreeableness_00710_act_001', 'trait_agreeableness_00710_act_002', 'trait_agreeableness_00710_act_003', 'trait_agreeableness_00710_act_004']","['Demand an explanation as to why you were excluded from the discussion, asserting your right to know what concerns your family.', 'Approach a family member gently and express that you would appreciate being included in the conversation as it would help you cope better with the group.', 'Confront the family decisively about the secrecy, making it clear that you expect transparency in future matters.', 'Politely express to your family that you feel left out and assure them that you are capable of handling the situation more calmly with their support.']","['low', 'high', 'low', 'high']","[-13.28125, -0.002349853515625, -6.30078125, -8.25]","[-0.5774456521739131, -8.392333984375e-05, -0.3000372023809524, -0.29464285714285715]","[0.18423394858837128, 0.3281819224357605, 0.2431345134973526, 0.24444960057735443]",0.5726315315459897,0.42736846845401033,-0.07263153154598967
trait_agreeableness_00711,agreeableness,low,random_vector,none,trait_agreeableness_00711_act_002,low,"['trait_agreeableness_00711_act_001', 'trait_agreeableness_00711_act_002', 'trait_agreeableness_00711_act_003', 'trait_agreeableness_00711_act_004']","['Perhaps you might weigh the emotional costs against the professional gains and decide if the move aligns with your long-term personal happiness and career goals.', 'Take the job; advancing in your career is a priority, and the significant pay increase justifies the move.', 'You could consider accepting the job and finding ways to maintain strong relationships with your family and friends through regular visits and digital communication.', 'Move to the new city; it’s a valuable opportunity for professional growth, and personal relationships can adapt if they’re truly important.']","['high', 'low', 'high', 'low']","[-14.53125, -0.032073974609375, -15.703125, -6.81640625]","[-0.5189732142857143, -0.0014579079367897727, -0.628125, -0.26216947115384615]","[0.20545528829097748, 0.3447238802909851, 0.18421004712581635, 0.26561081409454346]",0.3896653238038622,0.6103346761961378,0.1103346761961378
trait_agreeableness_00712,agreeableness,low,random_vector,none,trait_agreeableness_00712_act_004,high,"['trait_agreeableness_00712_act_001', 'trait_agreeableness_00712_act_002', 'trait_agreeableness_00712_act_003', 'trait_agreeableness_00712_act_004']","['Consider leveraging your time on more personal meetings where you can have genuine interactions, rather than a large industry event.', 'Skip the dinner if it really goes against your preferences and focus on networking in ways that make you feel comfortable.', 'You might find it rewarding to go and connect with a few people, making the experience more manageable and meaningful for you.', 'Consider attending the dinner to nurture relationships that could be beneficial for future collaborations or opportunities.']","['low', 'low', 'high', 'high']","[-6.04296875, -2.283203125, -3.787109375, -0.18310546875]","[-0.2746803977272727, -0.10378196022727272, -0.15779622395833334, -0.010770909926470588]","[0.2168082892894745, 0.25721490383148193, 0.24369019269943237, 0.2822866439819336]",0.5259768210060352,0.47402317899396484,-0.025976821006035156
trait_agreeableness_00713,agreeableness,low,random_vector,none,trait_agreeableness_00713_act_002,high,"['trait_agreeableness_00713_act_001', 'trait_agreeableness_00713_act_002', 'trait_agreeableness_00713_act_003', 'trait_agreeableness_00713_act_004']","[""You could accept the nomination gracefully as it honors not just your work but also your team's effort."", 'Perhaps you might consider a compromise by accepting the nomination and requesting a more low-key acknowledgment at the ceremony.', 'Decline the nomination if it makes you uncomfortable; maintaining your personal comfort is more important than external recognition.', 'You might just let them know that while you appreciate the gesture, you prefer achievements to be celebrated internally rather than publicly.']","['high', 'high', 'low', 'low']","[-6.82421875, -0.492431640625, -7.27734375, -1.5126953125]","[-0.3412109375, -0.02344912574404762, -0.34654017857142855, -0.06302897135416667]","[0.21324415504932404, 0.29300791025161743, 0.2121107578277588, 0.2816372215747833]",0.5062520426697116,0.4937479573302884,-0.006252042669711577
trait_agreeableness_00714,agreeableness,low,random_vector,none,trait_agreeableness_00714_act_003,low,"['trait_agreeableness_00714_act_001', 'trait_agreeableness_00714_act_002', 'trait_agreeableness_00714_act_003', 'trait_agreeableness_00714_act_004']","['Just let them know that your current responsibilities cannot be set aside, and you must prioritize completing your pending work this weekend.', 'You might consider delegating some of your tasks or rescheduling commitments so you can join your friends and maintain those cherished relationships.', 'Suggest an alternate weekend for the getaway when you are less busy, demonstrating your interest while staying committed to your personal obligations.', 'Perhaps you could work a few extra hours before the weekend to clear up some urgent tasks, allowing you to enjoy the getaway without worries.']","['low', 'high', 'low', 'high']","[-12.265625, -1.00390625, -0.52783203125, -3.26171875]","[-0.5110677083333334, -0.04015625, -0.02111328125, -0.12080439814814815]","[0.17509868741035461, 0.28041234612464905, 0.2858034074306488, 0.25868552923202515]",0.5390978914230433,0.4609021085769567,-0.03909789142304332
trait_agreeableness_00715,agreeableness,low,random_vector,none,trait_agreeableness_00715_act_001,high,"['trait_agreeableness_00715_act_001', 'trait_agreeableness_00715_act_002', 'trait_agreeableness_00715_act_003', 'trait_agreeableness_00715_act_004']","['Suggest a team coffee break for everyone to refresh and help Ulisess feel less isolated in his stress.', 'Advise Ulisess to delegate some tasks to others to manage his workload better, which might alleviate his stress.', 'Offer to take a short walk with Ulisess during lunch, allowing for a change of scenery and a physical break from work.', 'Recommend that Ulisess reevaluate his project timeline and priorities, possibly pushing back less critical tasks.']","['high', 'low', 'high', 'low']","[-0.012237548828125, -5.88671875, -4.94921875, -6.24609375]","[-0.0005562522194602273, -0.25594429347826086, -0.19035456730769232, -0.3123046875]","[0.2999483346939087, 0.23234474658966064, 0.24809503555297852, 0.21961188316345215]",0.5480433702468872,0.4519566297531128,-0.04804337024688721
trait_agreeableness_00716,agreeableness,low,random_vector,none,trait_agreeableness_00716_act_003,high,"['trait_agreeableness_00716_act_001', 'trait_agreeableness_00716_act_002', 'trait_agreeableness_00716_act_003', 'trait_agreeableness_00716_act_004']","['Decline the invitation as your workload and commitments cannot be compromised for additional social events.', 'Skip the ball; prioritize completing your major project and maintaining your current commitments.', ""Maybe you could go to the ball with Ranvir but let him know in advance that you'll need to leave early to manage your other commitments."", 'Consider attending the charity ball for just a short time to show support before focusing back on your project.']","['low', 'low', 'high', 'high']","[-4.671875, -2.892578125, -0.249267578125, -5.484375]","[-0.27481617647058826, -0.19283854166666667, -0.008595433728448275, -0.27421875]","[0.22773584723472595, 0.2471916824579239, 0.2972005605697632, 0.22787196934223175]",0.5250724986152352,0.4749275013847648,-0.025072498615235195
trait_agreeableness_00717,agreeableness,low,random_vector,none,trait_agreeableness_00717_act_003,low,"['trait_agreeableness_00717_act_001', 'trait_agreeableness_00717_act_002', 'trait_agreeableness_00717_act_003', 'trait_agreeableness_00717_act_004']","['Consider crafting homemade gifts, which can be both meaningful and budget-friendly.', 'You might also think about baking treats to bring to the parties, as this is an affordable and heartfelt alternative to traditional gifts.', 'Just opt out of gift-giving and explain your financial situation honestly if anyone asks.', 'Alternatively, buy a single bulk gift item that you can split among the various parties to minimize costs.']","['high', 'high', 'low', 'low']","[-3.16796875, -8.5, -0.06524658203125, -10.671875]","[-0.22628348214285715, -0.34, -0.003838034237132353, -0.53359375]","[0.2579273283481598, 0.23020295798778534, 0.32218417525291443, 0.18968553841114044]",0.48813028633594513,0.5118697136640549,0.01186971366405487
trait_agreeableness_00718,agreeableness,low,random_vector,none,trait_agreeableness_00718_act_001,low,"['trait_agreeableness_00718_act_001', 'trait_agreeableness_00718_act_002', 'trait_agreeableness_00718_act_003', 'trait_agreeableness_00718_act_004']","[""You should remain neutral, not laughing or reacting, to clearly indicate that such jokes aren't suitable for the workplace."", ""You might offer a light smile to acknowledge Geordie's attempt at humor without encouraging the nature of the joke."", 'Address Geordie later in private, suggesting that he consider the timing and content of his jokes more carefully in the future.', 'Perhaps gently change the subject to help move the conversation away from the joke and towards more appropriate meeting topics.']","['low', 'high', 'low', 'high']","[-0.023345947265625, -4.3671875, -5.05859375, -5.57421875]","[-0.0010150411854619565, -0.18987771739130435, -0.20234375, -0.2654389880952381]","[0.2929809093475342, 0.24255894124507904, 0.23955397307872772, 0.22490622103214264]",0.4674651413799014,0.5325348586200986,0.03253485862009864
trait_agreeableness_00719,agreeableness,low,random_vector,none,trait_agreeableness_00719_act_002,low,"['trait_agreeableness_00719_act_001', 'trait_agreeableness_00719_act_002', 'trait_agreeableness_00719_act_003', 'trait_agreeableness_00719_act_004']","['You might consider asking her if there’s anything specific you can do to help, showing your support goes beyond just professional boundaries.', 'Evaluate if sending flowers could set a precedent you’re uncomfortable with; maintaining professional boundaries is crucial.', 'Sending a thoughtful card along with the flowers can express your support and empathy during her difficult times.', 'Consider simply acknowledging her situation verbally when appropriate, which keeps the support subtle and professional.']","['high', 'low', 'high', 'low']","[-14.546875, -0.21044921875, -3.73046875, -3.908203125]","[-0.581875, -0.011076274671052632, -0.1963404605263158, -0.22989430147058823]","[0.17661723494529724, 0.3125559985637665, 0.2596980035305023, 0.2511287331581116]",0.43631525147900735,0.5636847485209926,0.0636847485209926
trait_agreeableness_00720,agreeableness,low,random_vector,none,trait_agreeableness_00720_act_004,high,"['trait_agreeableness_00720_act_001', 'trait_agreeableness_00720_act_002', 'trait_agreeableness_00720_act_003', 'trait_agreeableness_00720_act_004']","['Suggest that Shandel looks into affordable financing or leasing options for a new laptop instead of giving yours away.', 'Keep the laptop for yourself since it could be useful for your future needs, and Shandel can explore other options to acquire one.', 'Consider surprising Shandel with the laptop, making it a heartfelt gesture to help them succeed in their projects.', 'You could gift the laptop to Shandel, as it would really boost their productivity and show how much you support their endeavors.']","['low', 'low', 'high', 'high']","[-2.234375, -11.40625, -1.01953125, -1.1416015625]","[-0.1015625, -0.4387019230769231, -0.048549107142857144, -0.0456640625]","[0.2613871097564697, 0.18658055365085602, 0.2756180167198181, 0.27641433477401733]",0.5520323432679125,0.4479676567320875,-0.052032343267912506
trait_agreeableness_00721,agreeableness,low,random_vector,none,trait_agreeableness_00721_act_003,low,"['trait_agreeableness_00721_act_001', 'trait_agreeableness_00721_act_002', 'trait_agreeableness_00721_act_003', 'trait_agreeableness_00721_act_004']","['You might consider gently expressing to Loujain how much effort and care you put into looking after their cat, which could naturally lead them to offer some form of gratitude.', 'Perhaps you could ask Loujain if they’d be willing to cover the costs you incurred while caring for their pet, as a kind gesture of appreciation.', 'Directly ask Loujain for a compensation for the expenses and time you invested in taking care of the cat, emphasizing that it is only fair.', 'Tell Loujain that taking care of their cat involved certain costs and effort on your part, and it would be reasonable to expect some form of compensation for your troubles.']","['high', 'high', 'low', 'low']","[-1.015625, -1.9609375, -0.85205078125, -3.443359375]","[-0.029871323529411766, -0.06325604838709678, -0.028401692708333332, -0.10127527573529412]","[0.2564285099506378, 0.24800902605056763, 0.2568056285381317, 0.2387569099664688]",0.504437498417683,0.49556250158231696,-0.004437498417683039
trait_agreeableness_00722,agreeableness,low,random_vector,none,trait_agreeableness_00722_act_002,high,"['trait_agreeableness_00722_act_001', 'trait_agreeableness_00722_act_002', 'trait_agreeableness_00722_act_003', 'trait_agreeableness_00722_act_004']","['Politely decline, explaining that you already have commitments to your personal health this weekend.', 'Offer to help Nazair for a few hours on one day of the weekend so you can also have time for your relaxation.', 'Suggest that Nazair asks other friends who might not already have plans, as your weekend is already booked for personal time.', ""Suggest that Nazair could hire professional movers and you'll provide support by organizing meals or refreshments for everyone on the moving day.""]","['low', 'high', 'low', 'high']","[-4.109375, -0.096923828125, -6.83203125, -2.70703125]","[-0.2417279411764706, -0.003876953125, -0.27328125, -0.10026041666666667]","[0.22782039642333984, 0.28899475932121277, 0.22074413299560547, 0.26244068145751953]",0.5514354572127895,0.4485645427872105,-0.051435457212789526
trait_agreeableness_00723,agreeableness,low,random_vector,none,trait_agreeableness_00723_act_004,low,"['trait_agreeableness_00723_act_001', 'trait_agreeableness_00723_act_002', 'trait_agreeableness_00723_act_003', 'trait_agreeableness_00723_act_004']","[""Maybe express to Tavleen how you're feeling and ask if she's open to the idea of ordering a ride for you, so she can continue enjoying the party."", 'Tell Tavleen directly that you need to leave for your own comfort, regardless of her having fun.', 'You could suggest a compromise to Tavleen; perhaps staying just a bit longer to meet her happiness, then leaving together.', 'Inform Tavleen that you are calling a taxi for yourself because you want to leave now.']","['high', 'low', 'high', 'low']","[-3.322265625, -0.994140625, -3.869140625, -0.5869140625]","[-0.09771369485294118, -0.04734002976190476, -0.154765625, -0.030890213815789474]","[0.24598334729671478, 0.25869181752204895, 0.23234234750270844, 0.26298245787620544]",0.4783257090546402,0.5216742909453598,0.021674290945359775
trait_agreeableness_00724,agreeableness,low,random_vector,none,trait_agreeableness_00724_act_004,high,"['trait_agreeableness_00724_act_001', 'trait_agreeableness_00724_act_002', 'trait_agreeableness_00724_act_003', 'trait_agreeableness_00724_act_004']","['Suggest that Josalyn finds an alternative or waits for another time when you are less occupied.', 'Keep your business appointment as planned; it’s important to prioritize commitments that impact your professional goals.', 'Perhaps offer to help Josalyn after your business appointment, blending commitment with your supportive nature.', ""You might consider rescheduling the business appointment if Josalyn's request could foster a supportive relationship.""]","['low', 'low', 'high', 'high']","[-7.55078125, -16.09375, -1.98828125, -0.2225341796875]","[-0.3775390625, -0.8470394736842105, -0.10464638157894737, -0.011126708984375]","[0.22822588682174683, 0.14271299540996552, 0.29983389377593994, 0.3292272686958313]",0.6290611343505471,0.3709388656494529,-0.1290611343505471
trait_agreeableness_00725,agreeableness,low,random_vector,none,trait_agreeableness_00725_act_001,high,"['trait_agreeableness_00725_act_001', 'trait_agreeableness_00725_act_002', 'trait_agreeableness_00725_act_003', 'trait_agreeableness_00725_act_004']","[""Apologize sincerely to Webber for the comment and ask them how they feel or if there's anything they'd like to talk about."", 'Express your regret over the upsetting comment, then gently shift the conversation towards a topic that Webber enjoys to lighten the mood.', 'Clarify your comment to Webber, explaining your point of view so they understand your perspective better.', 'Ask Webber to explain why your comment upset them, which can lead to a clearer understanding on both sides.']","['high', 'high', 'low', 'low']","[-0.533203125, -0.90625, -5.1953125, -8.25]","[-0.01904296875, -0.03625, -0.259765625, -0.375]","[0.28822576999664307, 0.2833086848258972, 0.22656263411045074, 0.20190294086933136]",0.5715344377894868,0.42846556221051324,-0.07153443778948676
trait_agreeableness_00726,agreeableness,low,random_vector,none,trait_agreeableness_00726_act_002,high,"['trait_agreeableness_00726_act_001', 'trait_agreeableness_00726_act_002', 'trait_agreeableness_00726_act_003', 'trait_agreeableness_00726_act_004']","['Suggest that Stevielynn should speak to a financial advisor to better manage her expenses and debt.', 'Offer to help Stevielynn by covering some of her medical expenses or by lending her money if that feels right to you.', 'Advise Stevielynn to negotiate the bills or seek cheaper medical alternatives for future treatments.', 'Consider providing support by helping Stevielynn find financial aid programs or charities that assist with medical bills.']","['low', 'high', 'low', 'high']","[-6.47265625, -0.002410888671875, -7.39453125, -8.703125]","[-0.30822172619047616, -9.272648737980769e-05, -0.3891858552631579, -0.41443452380952384]","[0.23910079896450043, 0.3253866732120514, 0.22050516307353973, 0.21500739455223083]",0.5403940516592844,0.45960594834071555,-0.04039405165928445
trait_agreeableness_00727,agreeableness,low,random_vector,none,trait_agreeableness_00727_act_003,high,"['trait_agreeableness_00727_act_001', 'trait_agreeableness_00727_act_002', 'trait_agreeableness_00727_act_003', 'trait_agreeableness_00727_act_004']","['Consider starting with the positive aspects of the policy, then transition into your concerns, ensuring you maintain a respectful tone throughout.', 'Directly challenge the policy by presenting strong, logical arguments against it and demand a review from management.', 'You could express your concerns by highlighting how the policy impacts team morale, and gently suggest possible alternatives that could benefit everyone.', ""Question the policy's fairness and effectiveness in the meeting, and push for an immediate reconsideration by presenting the overall dissatisfaction of your colleagues.""]","['high', 'low', 'high', 'low']","[-4.21875, -7.765625, -1.5166015625, -3.470703125]","[-0.17578125, -0.38828125, -0.06319173177083333, -0.12854456018518517]","[0.25150254368782043, 0.20335496962070465, 0.2814747095108032, 0.2636677324771881]",0.5329772770245647,0.46702272297543534,-0.032977277024564655
trait_agreeableness_00728,agreeableness,low,random_vector,none,trait_agreeableness_00728_act_004,high,"['trait_agreeableness_00728_act_001', 'trait_agreeableness_00728_act_002', 'trait_agreeableness_00728_act_003', 'trait_agreeableness_00728_act_004']","[""Propose a formal vote on the project during the next team meeting to decisively address and move beyond Kashtin's opposition."", ""Firmly defend your project's merits in the next meeting, showcasing robust evidence and data to counter his objections."", 'Consider inviting Kashtin to co-present the project, integrating his viewpoints to strengthen the proposal.', 'Schedule a one-on-one meeting with Kashtin to understand his concerns and discuss potential compromises.']","['low', 'low', 'high', 'high']","[-3.580078125, -4.46484375, -3.0, -0.09393310546875]","[-0.1376953125, -0.19412364130434784, -0.15789473684210525, -0.00494384765625]","[0.24587522447109222, 0.2323850840330124, 0.24095851182937622, 0.28078117966651917]",0.5217396914958954,0.4782603085041046,-0.021739691495895386
trait_agreeableness_00729,agreeableness,low,random_vector,none,trait_agreeableness_00729_act_001,high,"['trait_agreeableness_00729_act_001', 'trait_agreeableness_00729_act_002', 'trait_agreeableness_00729_act_003', 'trait_agreeableness_00729_act_004']","['Offer to spend time with Janely, perhaps going for a walk or watching a movie together to help her feel less alone.', 'Consider sending Janely a care package filled with her favorite treats and a heartfelt note to show your support and affection.', 'Encourage Janely to join a support group where she can connect with people who understand her grief and can offer perspective.', 'Suggest that Janely seeks professional counseling to address her feelings of hopelessness and to develop coping strategies.']","['high', 'high', 'low', 'low']","[-2.87109375, -2.87109375, -7.02734375, -2.52734375]","[-0.11484375, -0.12483016304347826, -0.2928059895833333, -0.12034970238095238]","[0.261674165725708, 0.25907400250434875, 0.2190144807100296, 0.26023736596107483]",0.5207481604703045,0.4792518395296955,-0.020748160470304478
trait_agreeableness_00730,agreeableness,low,random_vector,none,trait_agreeableness_00730_act_001,low,"['trait_agreeableness_00730_act_001', 'trait_agreeableness_00730_act_002', 'trait_agreeableness_00730_act_003', 'trait_agreeableness_00730_act_004']","['Withhold Meital’s paycheck as a firm action to underline the seriousness of the performance issues and motivate improvement.', 'Consider setting up a meeting with Meital to openly discuss performance issues and explore supportive measures to help improve their work.', 'Implement a direct policy that ties Meital’s pay to specific performance metrics, ensuring accountability and immediate consequences for underperformance.', 'You might want to create an improvement plan that outlines clear goals and timelines for Meital, providing regular feedback and encouragement.']","['low', 'high', 'low', 'high']","[-0.0010528564453125, -7.765625, -8.2109375, -21.640625]","[-4.785711115056818e-05, -0.3376358695652174, -0.3421223958333333, -0.9016927083333334]","[0.35339611768722534, 0.25214430689811707, 0.2510155737400055, 0.1434440165758133]",0.3955883175792051,0.6044116824207949,0.1044116824207949
trait_agreeableness_00731,agreeableness,low,random_vector,none,trait_agreeableness_00731_act_003,high,"['trait_agreeableness_00731_act_001', 'trait_agreeableness_00731_act_002', 'trait_agreeableness_00731_act_003', 'trait_agreeableness_00731_act_004']","['Perhaps you could delegate some of your responsibilities to other volunteers, which would allow you to continue supporting the charity while also managing your stress better.', ""It's practical to prioritize your own health and professional duties over volunteering; you can always return to it when you're in a better position."", 'You might consider reducing your hours slightly and finding a schedule that allows more time for rest, maintaining your commitment but taking care of your health too.', 'Consider taking a complete break from volunteering to focus entirely on your personal and professional life until you feel less overwhelmed.']","['high', 'low', 'high', 'low']","[-2.576171875, -4.03125, -0.30517578125, -1.828125]","[-0.09200613839285714, -0.14397321428571427, -0.010523302801724138, -0.08309659090909091]","[0.24732860922813416, 0.2348039150238037, 0.26832547783851624, 0.24954204261302948]",0.5156540640151174,0.4843459359848826,-0.015654064015117375
trait_agreeableness_00732,agreeableness,low,random_vector,none,trait_agreeableness_00732_act_002,low,"['trait_agreeableness_00732_act_001', 'trait_agreeableness_00732_act_002', 'trait_agreeableness_00732_act_003', 'trait_agreeableness_00732_act_004']","['Recommend that they check local moving services or rental trucks, as you need to prioritize your own commitments this weekend.', 'Politely explain that you have long-standing personal plans and suggest that they reschedule the move or ask another friend for help.', 'You could suggest hiring professional movers and then visiting your friend after your retreat to help them unpack and settle in.', 'Offer to help your friend with packing a day or two before your retreat, so you can still support them without cancelling your plans.']","['low', 'low', 'high', 'high']","[-2.228515625, -0.52490234375, -2.587890625, -1.697265625]","[-0.10129616477272728, -0.02099609375, -0.11763139204545454, -0.06527944711538461]","[0.24365979433059692, 0.2640327215194702, 0.23971188068389893, 0.25259557366371155]",0.4923074690195164,0.5076925309804836,0.007692530980483614
trait_agreeableness_00733,agreeableness,low,random_vector,none,trait_agreeableness_00733_act_003,low,"['trait_agreeableness_00733_act_001', 'trait_agreeableness_00733_act_002', 'trait_agreeableness_00733_act_003', 'trait_agreeableness_00733_act_004']","['You could politely excuse yourself from your current commitment, explaining the importance of timely attendance at your work meeting.', 'Consider contacting a colleague who is also attending the meeting and kindly ask if they can cover the beginning part until you arrive.', ""Just focus on finishing your current commitment properly, even if it means being late; you can't always please everyone."", ""Send a quick message to inform them you'll be late, then proceed with your current engagement without cutting it short.""]","['high', 'high', 'low', 'low']","[-3.359375, -1.236328125, -0.47021484375, -3.28125]","[-0.15997023809523808, -0.051513671875, -0.020444123641304348, -0.14266304347826086]","[0.23354972898960114, 0.26030439138412476, 0.26851886510849, 0.23762701451778412]",0.4938541203737259,0.5061458796262741,0.006145879626274109
trait_agreeableness_00734,agreeableness,low,random_vector,none,trait_agreeableness_00734_act_001,low,"['trait_agreeableness_00734_act_001', 'trait_agreeableness_00734_act_002', 'trait_agreeableness_00734_act_003', 'trait_agreeableness_00734_act_004']","['Directly ask both colleagues to clarify their points and explain the reasoning behind their disagreements in the meeting, fostering a clear and open dialogue.', 'You might consider suggesting a team-building activity that focuses on communication skills, which can improve overall team harmony without direct confrontation.', 'You could inform your manager about the disruptive behavior, letting them handle the situation and possibly mediate the conflict.', 'Perhaps you could recommend a feedback session where everyone gets the chance to express their thoughts in a structured manner, making the atmosphere more open and less tense.']","['low', 'high', 'low', 'high']","[-0.37939453125, -1.6357421875, -10.8046875, -3.36328125]","[-0.014051649305555556, -0.06815592447916667, -0.4911221590909091, -0.112109375]","[0.2878088057041168, 0.2726508677005768, 0.1786137968301773, 0.2609264552593231]",0.5335773627145114,0.4664226372854886,-0.033577362714511394
trait_agreeableness_00735,agreeableness,low,random_vector,none,trait_agreeableness_00735_act_002,low,"['trait_agreeableness_00735_act_001', 'trait_agreeableness_00735_act_002', 'trait_agreeableness_00735_act_003', 'trait_agreeableness_00735_act_004']","['Maybe you can ask your friend how they feel about their project first to understand their perspective before sharing your thoughts.', 'Just be straightforward and tell your friend what you really think about the art project; they asked for honesty, after all.', 'You could mention specific aspects you like while gently suggesting improvements in areas you think could be better.', 'Recommend your friend to seek feedback from professional artists as well, which can provide them with a more objective critique.']","['high', 'low', 'high', 'low']","[-8.328125, -0.0003457069396972656, -14.3125, -15.1875]","[-0.37855113636363635, -1.44044558207194e-05, -0.7532894736842105, -0.6903409090909091]","[0.25774848461151123, 0.3763505220413208, 0.17719413340091705, 0.18870680034160614]",0.4349426439370301,0.5650573560629699,0.06505735606296992
trait_agreeableness_00736,agreeableness,low,random_vector,none,trait_agreeableness_00736_act_003,high,"['trait_agreeableness_00736_act_001', 'trait_agreeableness_00736_act_002', 'trait_agreeableness_00736_act_003', 'trait_agreeableness_00736_act_004']","['Suggest a compromise where Jahnia could redistribute some of the tasks among other team members to lessen your burden.', 'Decline the proposal, citing your current responsibilities and the importance of maintaining your personal life balance.', 'Perhaps you could agree to the new plan, but clarify your availability and limits to ensure your personal time is respected.', 'You might consider agreeing to the plan but also ask for help or support to manage the increased workload effectively.']","['low', 'low', 'high', 'high']","[-1.181640625, -10.09375, -0.77490234375, -2.3984375]","[-0.0537109375, -0.53125, -0.03369140625, -0.11421130952380952]","[0.27918747067451477, 0.17318223416805267, 0.28483298420906067, 0.2627973258495331]",0.5476303018982663,0.45236969810173366,-0.047630301898266336
trait_agreeableness_00737,agreeableness,low,random_vector,none,trait_agreeableness_00737_act_002,high,"['trait_agreeableness_00737_act_001', 'trait_agreeableness_00737_act_002', 'trait_agreeableness_00737_act_003', 'trait_agreeableness_00737_act_004']","['You could gently remind your colleagues about the value of discussing concerns directly with PersonZ to promote a more understanding and supportive work environment.', 'Consider sharing positive experiences or achievements of PersonZ to subtly shift the tone of the conversation to something more constructive and appreciative.', ""You might propose focusing the discussion on tasks and projects instead, pointing out that speculative talk is not productive or beneficial for the team's goals."", 'Suggest setting up a meeting where concerns can be addressed openly with PersonZ present, ensuring a fair dialogue and cutting out behind-the-back criticisms.']","['high', 'high', 'low', 'low']","[-11.9921875, -0.6142578125, -1.365234375, -1.6337890625]","[-0.4612379807692308, -0.0245703125, -0.04875837053571429, -0.056337553879310345]","[0.17994500696659088, 0.2784723937511444, 0.27181750535964966, 0.26976513862609863]",0.4584173802248815,0.5415826197751186,0.04158261977511857
trait_agreeableness_00738,agreeableness,low,random_vector,none,trait_agreeableness_00738_act_001,low,"['trait_agreeableness_00738_act_001', 'trait_agreeableness_00738_act_002', 'trait_agreeableness_00738_act_003', 'trait_agreeableness_00738_act_004']","['Recommend they look into local community services like food banks and job training workshops to become more self-sufficient.', 'Offer to babysit the children a couple of times a week to give the parents time to job search or handle other responsibilities.', 'Suggest setting up a schedule where they can gradually take over the childcare and household chores as they stabilize financially.', 'Prepare some extra meals that can easily be reheated, to relieve them from cooking duties for a few days.']","['low', 'high', 'low', 'high']","[-0.5869140625, -1.9794921875, -2.478515625, -2.791015625]","[-0.027948288690476192, -0.0791796875, -0.11265980113636363, -0.1268643465909091]","[0.26492488384246826, 0.2516942322254181, 0.2434069663286209, 0.23997393250465393]",0.49166815740364556,0.5083318425963544,0.008331842596354444
trait_agreeableness_00739,agreeableness,low,random_vector,none,trait_agreeableness_00739_act_003,high,"['trait_agreeableness_00739_act_001', 'trait_agreeableness_00739_act_002', 'trait_agreeableness_00739_act_003', 'trait_agreeableness_00739_act_004']","['Consider encouraging Destinnie to seek advice from an independent financial advisor to ensure she makes a well-informed decision.', 'Go ahead and emphasize the potential high returns of the deal to persuade Destinnie, focusing on how such investments can significantly pay off.', 'You could prioritize transparency and discuss both the potential benefits and risks openly with Destinnie, emphasizing that the final decision is hers to make.', ""You should highlight the unique chance this deal represents and pitch it as a strategically aggressive investment that shouldn't be missed.""]","['high', 'low', 'high', 'low']","[-2.052734375, -5.5234375, -0.90283203125, -0.9345703125]","[-0.09330610795454546, -0.21243990384615385, -0.03343822337962963, -0.04063349184782609]","[0.24978333711624146, 0.22172991931438446, 0.26519402861595154, 0.26329272985458374]",0.5149773580584324,0.48502264194156763,-0.014977358058432366
trait_agreeableness_00740,agreeableness,low,random_vector,none,trait_agreeableness_00740_act_001,low,"['trait_agreeableness_00740_act_001', 'trait_agreeableness_00740_act_002', 'trait_agreeableness_00740_act_003', 'trait_agreeableness_00740_act_004']","[""Confront Hikari then and there by firmly stating the discomfort they're causing, to immediately address the issue."", ""Directly tell Hikari that their behavior is inappropriate and advise them to stop immediately if you feel it's disruptive enough."", 'Maybe suggest a quick, quiet walk with Hikari outside the venue to discuss the issue discreetly and help them regain composure.', 'Consider pulling Hikari aside gently to express your concerns in private, aiming to avoid public embarrassment.']","['low', 'low', 'high', 'high']","[-0.278564453125, -1.88671875, -2.666015625, -3.962890625]","[-0.012111497961956522, -0.07546875, -0.09874131944444445, -0.19814453125]","[0.2713063061237335, 0.2546502947807312, 0.248792365193367, 0.22525103390216827]",0.4740433990955353,0.5259566009044647,0.02595660090446472
trait_agreeableness_00741,agreeableness,low,random_vector,none,trait_agreeableness_00741_act_003,low,"['trait_agreeableness_00741_act_001', 'trait_agreeableness_00741_act_002', 'trait_agreeableness_00741_act_003', 'trait_agreeableness_00741_act_004']","['You might consider arranging a private, friendly chat with Janya to understand any challenges she’s facing and discuss how you can help her meet her deadlines.', 'Perhaps you could offer to help Janya organize her tasks or suggest setting up a team meeting to realign everyone’s responsibilities and deadlines.', ""Directly inform Janya that her missed deadlines are impacting the team's performance and she needs to adhere to the project timeline more strictly."", 'Send an email to Janya outlining the deadlines and mentioning that further delays could lead to discussions with higher management.']","['high', 'high', 'low', 'low']","[-1.62890625, -3.154296875, -0.33935546875, -6.90234375]","[-0.054296875, -0.11682581018518519, -0.012568721064814815, -0.3137428977272727]","[0.26641973853111267, 0.2502709627151489, 0.2777721583843231, 0.20553719997406006]",0.5166906704490978,0.4833093295509022,-0.016690670449097778
trait_agreeableness_00742,agreeableness,low,random_vector,none,trait_agreeableness_00742_act_001,low,"['trait_agreeableness_00742_act_001', 'trait_agreeableness_00742_act_002', 'trait_agreeableness_00742_act_003', 'trait_agreeableness_00742_act_004']","['Directly point out the flaw during the meeting and suggest an alternative strategy that mitigates these risks.', 'Consider suggesting a follow-up meeting where you can review the strategy more thoroughly together, to align on the best approach.', 'Challenge the strategy openly in the meeting to ensure everyone is aware of the potential losses, emphasizing the need for a robust discussion.', 'You could express your concerns by privately messaging your colleague, framing it as seeking to understand their perspective better.']","['low', 'high', 'low', 'high']","[-0.62939453125, -7.73828125, -0.85107421875, -9.0078125]","[-0.0314697265625, -0.33644701086956524, -0.03404296875, -0.4289434523809524]","[0.2935490310192108, 0.21638676524162292, 0.2927946448326111, 0.1972695291042328]",0.41365630667377434,0.5863436933262256,0.0863436933262256
trait_agreeableness_00743,agreeableness,low,random_vector,none,trait_agreeableness_00743_act_002,low,"['trait_agreeableness_00743_act_001', 'trait_agreeableness_00743_act_002', 'trait_agreeableness_00743_act_003', 'trait_agreeableness_00743_act_004']","['Maybe you could offer to help train someone else to share the workload, easing the burden on you.', 'Just say no to additional shifts and prioritize your health over voluntary extras.', 'You might consider gently explaining to your supervisor your health concerns and see if you can reduce the extra shifts.', ""Take a step back and let others step up; you're not the only one who can volunteer for extra work.""]","['high', 'low', 'high', 'low']","[-6.6171875, -0.4462890625, -1.0400390625, -6.5234375]","[-0.330859375, -0.03187779017857143, -0.049525669642857144, -0.2836277173913043]","[0.21178609132766724, 0.2855903208255768, 0.28059446811676025, 0.22202908992767334]",0.4923805741185121,0.5076194258814879,0.007619425881487896
trait_agreeableness_00744,agreeableness,low,random_vector,none,trait_agreeableness_00744_act_001,low,"['trait_agreeableness_00744_act_001', 'trait_agreeableness_00744_act_002', 'trait_agreeableness_00744_act_003', 'trait_agreeableness_00744_act_004']","['Escalate the issue to your manager or HR department to formally address the rumors and protect your professional reputation.', 'Address the situation directly by confronting your colleague and demand they stop spreading unfounded rumors immediately.', 'Offer to collaborate on a project together which could help improve your relationship and show your genuine intentions.', 'Invite your colleague for a coffee and gently discuss the impact their behavior is having on you, aiming to clear up any misunderstandings.']","['low', 'low', 'high', 'high']","[-0.208740234375, -3.130859375, -2.2109375, -3.57421875]","[-0.00948819247159091, -0.17393663194444445, -0.11636513157894737, -0.13746995192307693]","[0.2757200300693512, 0.23391026258468628, 0.2477720081806183, 0.24259763956069946]",0.49036967696962813,0.5096303230303718,0.009630323030371812
trait_agreeableness_00745,agreeableness,low,random_vector,none,trait_agreeableness_00745_act_002,high,"['trait_agreeableness_00745_act_001', 'trait_agreeableness_00745_act_002', 'trait_agreeableness_00745_act_003', 'trait_agreeableness_00745_act_004']","['You could give your friend the guitar as a gift to help ease their financial burden and share the joy of music.', 'Consider lending the guitar to your friend until they can afford one, creating a win-win situation where you keep ownership and they get to play.', 'Keep the guitar since giving it away could set a precedent for similar expectations in the future.', 'Suggest that your friend looks for affordable second-hand options online, emphasizing the importance of financial responsibility.']","['high', 'high', 'low', 'low']","[-6.625, -0.1715087890625, -1.984375, -5.734375]","[-0.28804347826086957, -0.006125313895089286, -0.11024305555555555, -0.28671875]","[0.22116148471832275, 0.2931872010231018, 0.26419660449028015, 0.2214546501636505]",0.514348716398997,0.48565128360100296,-0.014348716398997041
trait_agreeableness_00746,agreeableness,low,random_vector,none,trait_agreeableness_00746_act_002,high,"['trait_agreeableness_00746_act_001', 'trait_agreeableness_00746_act_002', 'trait_agreeableness_00746_act_003', 'trait_agreeableness_00746_act_004']","['Consider suggesting that Aythana delegate specific tasks to other team members or ask for an extension from the project lead.', ""Absolutely, offering your assistance could greatly alleviate Aythana's stress and help distribute the project tasks more manageably."", 'Recommend to Aythana to reevaluate her project plan and identify priorities; she might need to focus on key areas and drop less critical tasks.', 'Yes, stepping in to help Aythana not only supports her but also strengthens the teamwork within the project.']","['low', 'high', 'low', 'high']","[-6.73828125, -0.11444091796875, -12.2734375, -2.39453125]","[-0.29296875, -0.004975692085597826, -0.42322198275862066, -0.10884232954545454]","[0.2265627086162567, 0.3021775484085083, 0.19889330863952637, 0.27236637473106384]",0.5745439573850606,0.4254560426149394,-0.07454395738506059
trait_agreeableness_00747,agreeableness,low,random_vector,none,trait_agreeableness_00747_act_001,high,"['trait_agreeableness_00747_act_001', 'trait_agreeableness_00747_act_002', 'trait_agreeableness_00747_act_003', 'trait_agreeableness_00747_act_004']","['Consider suggesting a brief team check-in where everyone updates the group on their progress, allowing Carielle to share in a non-confrontational setting.', ""Point out directly to Carielle during the meeting that you've noticed discrepancies in their work, asking for an immediate clarification."", 'Perhaps you could invite Carielle for a private chat to gently inquire about their progress and any challenges they might be facing.', ""Challenge Carielle in the meeting to present detailed evidence of their progress to ensure they're held accountable in front of the team.""]","['high', 'low', 'high', 'low']","[-0.122802734375, -8.2109375, -4.1796875, -7.5078125]","[-0.0040934244791666664, -0.3284375, -0.1671875, -0.2887620192307692]","[0.30077213048934937, 0.21745869517326355, 0.25550931692123413, 0.22625990211963654]",0.556281422542866,0.44371857745713394,-0.056281422542866055
trait_agreeableness_00748,agreeableness,low,random_vector,none,trait_agreeableness_00748_act_002,low,"['trait_agreeableness_00748_act_001', 'trait_agreeableness_00748_act_002', 'trait_agreeableness_00748_act_003', 'trait_agreeableness_00748_act_004']","['Document specific instances where Melicia took undue credit and present these to your supervisor as evidence.', ""Report the behavior to your supervisor immediately to prevent further damage to the team's morale."", 'Consider organizing a team intervention where everyone can openly discuss their feelings about fairness and recognition.', 'You could speak with Melicia first to express your concerns and give them a chance to rectify the situation themselves.']","['low', 'low', 'high', 'high']","[-5.91015625, -0.002773284912109375, -10.640625, -17.890625]","[-0.3283420138888889, -0.00016313440659466912, -0.6259191176470589, -0.7778532608695652]","[0.26532289385795593, 0.3683842122554779, 0.1970328390598297, 0.16926005482673645]",0.36629289388656616,0.6337071061134338,0.13370710611343384
trait_agreeableness_00749,agreeableness,low,random_vector,none,trait_agreeableness_00749_act_004,low,"['trait_agreeableness_00749_act_001', 'trait_agreeableness_00749_act_002', 'trait_agreeableness_00749_act_003', 'trait_agreeableness_00749_act_004']","['You might consider addressing the discomfort with Tagert directly by kindly expressing how their behavior makes you feel and seeking a mutual understanding.', 'Perhaps you could involve a mediator from HR to help facilitate a constructive conversation with Tagert, which might improve your work environment.', 'Stand your ground and confront Tagert directly about their aggressive behavior without sugarcoating your concerns.', 'Keep avoiding Tagert if interacting with them disrupts your productivity and peace of mind, focusing instead on your own work responsibilities.']","['high', 'high', 'low', 'low']","[-14.3203125, -9.7265625, -3.275390625, -0.040618896484375]","[-0.5728125, -0.3890625, -0.17238898026315788, -0.001624755859375]","[0.18299800157546997, 0.21991150081157684, 0.2731165885925293, 0.3239738941192627]",0.40290950839086637,0.5970904916091336,0.09709049160913363
trait_agreeableness_00750,agreeableness,low,random_vector,none,trait_agreeableness_00750_act_003,low,"['trait_agreeableness_00750_act_001', 'trait_agreeableness_00750_act_002', 'trait_agreeableness_00750_act_003', 'trait_agreeableness_00750_act_004']","['Directly challenge the strategy in a team meeting by clearly outlining the potential pitfalls and presenting your alternative solutions.', 'You might consider gently suggesting a team meeting to review the project strategy and express your concerns in a supportive manner.', 'Write a concise, fact-based email to your project leader detailing why the current strategy might fail and suggest a meeting to discuss viable alternatives.', 'Perhaps you could offer to help research or present alternative strategies that could complement the current plan without dismissing it entirely.']","['low', 'high', 'low', 'high']","[-3.796875, -2.982421875, -0.091552734375, -5.55859375]","[-0.18080357142857142, -0.13556463068181818, -0.003390842013888889, -0.2526633522727273]","[0.23974701762199402, 0.25084197521209717, 0.2862876355648041, 0.22312329709529877]",0.47396530762056316,0.5260346923794368,0.026034692379436786
trait_agreeableness_00701,agreeableness,high,unrelated_trait_vector,none,trait_agreeableness_00701_act_002,high,"['trait_agreeableness_00701_act_001', 'trait_agreeableness_00701_act_002', 'trait_agreeableness_00701_act_003', 'trait_agreeableness_00701_act_004']","['You could propose a meeting to discuss the strengths of each theme and consider blending elements of both to please a wider audience.', 'Maybe consult with other team members for their opinions to see if a consensus can be achieved that respects both perspectives.', 'Stick to presenting clear, data-backed arguments on why a cultural heritage theme could draw more interest and community engagement.', 'Insist on setting clear objectives for the event and demonstrate how your theme aligns better with those goals compared to a modern tech theme.']","['high', 'high', 'low', 'low']","[-8.6015625, -1.25390625, -1.70703125, -4.17578125]","[-0.3583984375, -0.05699573863636364, -0.07759232954545454, -0.15465856481481483]","[0.2040013074874878, 0.2757594883441925, 0.27013787627220154, 0.25010135769844055]",0.47976078153369484,0.47976078153369484,-0.020239218466305164
trait_agreeableness_00702,agreeableness,high,unrelated_trait_vector,none,trait_agreeableness_00702_act_002,high,"['trait_agreeableness_00702_act_001', 'trait_agreeableness_00702_act_002', 'trait_agreeableness_00702_act_003', 'trait_agreeableness_00702_act_004']","['Clearly communicate to your supervisor the unrealistic nature of the additional workload and negotiate down the responsibilities.', 'Consider discussing a phased approach with your boss to gradually integrate the new project while maintaining balance with your current tasks.', 'Prioritize your tasks and cut down on the least essential ones; put focus only on what genuinely requires your expertise.', 'You could ask for support from your team or colleagues to help manage the workload more efficiently.']","['low', 'high', 'low', 'high']","[-0.8271484375, -0.755859375, -2.62890625, -11.2890625]","[-0.045952690972222224, -0.034357244318181816, -0.11430027173913043, -0.6271701388888888]","[0.2853216826915741, 0.28864938020706177, 0.2664721608161926, 0.1595567762851715]",0.4482061564922333,0.4482061564922333,-0.051793843507766724
trait_agreeableness_00703,agreeableness,high,unrelated_trait_vector,none,trait_agreeableness_00703_act_002,low,"['trait_agreeableness_00703_act_001', 'trait_agreeableness_00703_act_002', 'trait_agreeableness_00703_act_003', 'trait_agreeableness_00703_act_004']","['Consider setting aside a portion of your bonus for your vacation and donate a portion to your friend to ease their burden.', 'Invest the bonus in a personal savings or retirement fund to ensure your future financial stability.', 'You could offer to help your friend cover some of their medical expenses with part of your bonus.', 'Use the bonus for the vacation you’ve been planning, as personal relaxation and fulfillment are important.']","['high', 'low', 'high', 'low']","[-4.49609375, -0.1116943359375, -7.1015625, -2.771484375]","[-0.19548233695652173, -0.0065702550551470585, -0.3737664473684211, -0.14586759868421054]","[0.24417009949684143, 0.2949415445327759, 0.2042982578277588, 0.2565900981426239]",0.4484683573246002,0.4484683573246002,-0.05153164267539978
trait_agreeableness_00704,agreeableness,high,unrelated_trait_vector,none,trait_agreeableness_00704_act_001,low,"['trait_agreeableness_00704_act_001', 'trait_agreeableness_00704_act_002', 'trait_agreeableness_00704_act_003', 'trait_agreeableness_00704_act_004']","['Challenge the team to justify the strategy with data or precedents, given its similarity to past unsuccessful attempts.', 'Directly state the issues and shortcomings you foresee with the agreed strategy to ensure they are aware of the potential risks.', 'Maybe suggest setting up a small trial run of the strategy first, to demonstrate the outcomes before fully committing.', 'You could gently express your concerns and propose discussing alternative strategies that could prevent potential issues.']","['low', 'low', 'high', 'high']","[-0.58447265625, -1.662109375, -4.0546875, -3.193359375]","[-0.02783203125, -0.072265625, -0.19308035714285715, -0.18784466911764705]","[0.2734963893890381, 0.2616100013256073, 0.23183828592300415, 0.23305530846118927]",0.4648936013116479,0.4648936013116479,-0.03510639868835208
trait_agreeableness_00705,agreeableness,high,unrelated_trait_vector,none,trait_agreeableness_00705_act_001,high,"['trait_agreeableness_00705_act_001', 'trait_agreeableness_00705_act_002', 'trait_agreeableness_00705_act_003', 'trait_agreeableness_00705_act_004']","['You could consider politely reaching out to the rental agency to express your concerns and ask for possible solutions or compensation.', 'Maybe try to calmly discuss the discrepancies with the agency, highlighting the missing amenities and differences in the property, and request an amicable resolution.', 'Demand an immediate response from the rental agency and insist on a partial refund or relocation to a property that matches the initial description.', 'Send a firm email to the agency detailing every issue, and make it clear you expect swift action or you will consider legal advice.']","['high', 'high', 'low', 'low']","[-0.05828857421875, -2.892578125, -17.421875, -13.2265625]","[-0.002649480646306818, -0.10330636160714286, -0.696875, -0.5087139423076923]","[0.33260515332221985, 0.30075594782829285, 0.16612334549427032, 0.2005155086517334]",0.6333611294639615,0.6333611294639615,0.1333611294639615
trait_agreeableness_00706,agreeableness,high,unrelated_trait_vector,none,trait_agreeableness_00706_act_002,high,"['trait_agreeableness_00706_act_001', 'trait_agreeableness_00706_act_002', 'trait_agreeableness_00706_act_003', 'trait_agreeableness_00706_act_004']","['Directly confront Marybella in your next team meeting by highlighting specific instances where your ideas were dismissed and demand a justification.', 'Consider asking Marybella for a private meeting to express how valuable you feel contributions from all team members are, including yours.', 'Email the whole team including your manager outlining how the dismissal of ideas by any team member, including Marybella, negatively impacts project creativity and ask for more structured discussion protocols.', 'Maybe propose a team brainstorming session where everyone submits one idea anonymously to ensure each thought is considered without bias.']","['low', 'high', 'low', 'high']","[-1.3291015625, -0.409423828125, -3.44140625, -10.125]","[-0.0531640625, -0.016376953125, -0.09832589285714285, -0.4602272727272727]","[0.27330490946769714, 0.28354623913764954, 0.2612365484237671, 0.18191233277320862]",0.4654585580391121,0.4654585580391121,-0.034541441960887875
trait_agreeableness_00707,agreeableness,high,unrelated_trait_vector,none,trait_agreeableness_00707_act_002,low,"['trait_agreeableness_00707_act_001', 'trait_agreeableness_00707_act_002', 'trait_agreeableness_00707_act_003', 'trait_agreeableness_00707_act_004']","['Perhaps eat a healthy meal before the party to lessen your cravings and politely sample very small amounts of your favorite foods.', 'Just say no to the unhealthy options and stick firmly to your diet plan; it’s about your health after all.', 'You could bring a dish to share that fits your diet so you have a healthy option available and still enjoy the party.', 'Ignore the offerings and focus on socializing, not eating; you’re there for your friend, not the food.']","['high', 'low', 'high', 'low']","[-4.09375, -1.0654296875, -1.3134765625, -13.2421875]","[-0.17798913043478262, -0.046323029891304345, -0.054728190104166664, -0.5757472826086957]","[0.2535669505596161, 0.28925076127052307, 0.28682976961135864, 0.17035247385501862]",0.5403967443285917,0.5403967443285917,0.04039674432859175
trait_agreeableness_00708,agreeableness,high,unrelated_trait_vector,none,trait_agreeableness_00708_act_001,low,"['trait_agreeableness_00708_act_001', 'trait_agreeableness_00708_act_002', 'trait_agreeableness_00708_act_003', 'trait_agreeableness_00708_act_004']","['Simply note the achievement directly to Nazareth and mention that you noticed the milestone, encouraging them to own their success publicly.', ""Challenge Nazareth in a light-hearted manner about why they haven't boasted about their success yet, to push them out of their comfort zone."", 'Encourage mutual friends or coworkers to subtly acknowledge the achievement, fostering a supportive environment without overwhelming Nazareth.', 'Quietly congratulate Nazareth in a personal message to show your support and respect for their privacy.']","['low', 'low', 'high', 'high']","[-0.002101898193359375, -14.5234375, -7.89453125, -8.625]","[-8.757909138997395e-05, -0.5186941964285714, -0.37593005952380953, -0.45394736842105265]","[0.3427906930446625, 0.204080268740654, 0.23539796471595764, 0.21773096919059753]",0.4531289811715911,0.4531289811715911,-0.046871018828408884
trait_agreeableness_00709,agreeableness,high,unrelated_trait_vector,none,trait_agreeableness_00709_act_001,high,"['trait_agreeableness_00709_act_001', 'trait_agreeableness_00709_act_002', 'trait_agreeableness_00709_act_003', 'trait_agreeableness_00709_act_004']","['Consider politely telling Zacharyah that his advances are making you uncomfortable and you would like to keep your relationship professional.', 'Maybe talk to a trusted colleague or a supervisor for advice on how to approach Zacharyah about this sensitive issue.', 'Directly tell Zacharyah to stop the advances, asserting that they are inappropriate and unwelcome at the workplace.', 'If speaking to him directly doesn’t work, report the behavior to your HR department to handle it formally.']","['high', 'high', 'low', 'low']","[-0.013641357421875, -7.33984375, -4.38671875, -13.1171875]","[-0.0005931024966032609, -0.31912364130434784, -0.19072690217391305, -0.6246279761904762]","[0.32364097237586975, 0.2353571653366089, 0.2676020562648773, 0.17339980602264404]",0.5589981377124786,0.5589981377124786,0.05899813771247864
trait_agreeableness_00710,agreeableness,high,unrelated_trait_vector,none,trait_agreeableness_00710_act_002,high,"['trait_agreeableness_00710_act_001', 'trait_agreeableness_00710_act_002', 'trait_agreeableness_00710_act_003', 'trait_agreeableness_00710_act_004']","['Demand an explanation as to why you were excluded from the discussion, asserting your right to know what concerns your family.', 'Approach a family member gently and express that you would appreciate being included in the conversation as it would help you cope better with the group.', 'Confront the family decisively about the secrecy, making it clear that you expect transparency in future matters.', 'Politely express to your family that you feel left out and assure them that you are capable of handling the situation more calmly with their support.']","['low', 'high', 'low', 'high']","[-8.8359375, -0.019683837890625, -4.01953125, -6.87890625]","[-0.3841711956521739, -0.0007029942103794643, -0.19140625, -0.24567522321428573]","[0.20710331201553345, 0.30389612913131714, 0.251132994890213, 0.23786748945713043]",0.5417636589529856,0.5417636589529856,0.041763658952985616
trait_agreeableness_00711,agreeableness,high,unrelated_trait_vector,none,trait_agreeableness_00711_act_002,low,"['trait_agreeableness_00711_act_001', 'trait_agreeableness_00711_act_002', 'trait_agreeableness_00711_act_003', 'trait_agreeableness_00711_act_004']","['Perhaps you might weigh the emotional costs against the professional gains and decide if the move aligns with your long-term personal happiness and career goals.', 'Take the job; advancing in your career is a priority, and the significant pay increase justifies the move.', 'You could consider accepting the job and finding ways to maintain strong relationships with your family and friends through regular visits and digital communication.', 'Move to the new city; it’s a valuable opportunity for professional growth, and personal relationships can adapt if they’re truly important.']","['high', 'low', 'high', 'low']","[-17.046875, -0.89892578125, -14.265625, -7.3203125]","[-0.6088169642857143, -0.04086026278409091, -0.570625, -0.2815504807692308]","[0.19265003502368927, 0.33996137976646423, 0.2001500278711319, 0.267238587141037]",0.3928000511884674,0.3928000511884674,-0.10719994881153261
trait_agreeableness_00712,agreeableness,high,unrelated_trait_vector,none,trait_agreeableness_00712_act_004,high,"['trait_agreeableness_00712_act_001', 'trait_agreeableness_00712_act_002', 'trait_agreeableness_00712_act_003', 'trait_agreeableness_00712_act_004']","['Consider leveraging your time on more personal meetings where you can have genuine interactions, rather than a large industry event.', 'Skip the dinner if it really goes against your preferences and focus on networking in ways that make you feel comfortable.', 'You might find it rewarding to go and connect with a few people, making the experience more manageable and meaningful for you.', 'Consider attending the dinner to nurture relationships that could be beneficial for future collaborations or opportunities.']","['low', 'low', 'high', 'high']","[-5.68359375, -8.765625, -4.26953125, -0.0252532958984375]","[-0.25834517045454547, -0.3984375, -0.17789713541666666, -0.0014854879940257354]","[0.23552054166793823, 0.20473280549049377, 0.2552506923675537, 0.3044959604740143]",0.559746652841568,0.559746652841568,0.05974665284156799
trait_agreeableness_00713,agreeableness,high,unrelated_trait_vector,none,trait_agreeableness_00713_act_001,high,"['trait_agreeableness_00713_act_001', 'trait_agreeableness_00713_act_002', 'trait_agreeableness_00713_act_003', 'trait_agreeableness_00713_act_004']","[""You could accept the nomination gracefully as it honors not just your work but also your team's effort."", 'Perhaps you might consider a compromise by accepting the nomination and requesting a more low-key acknowledgment at the ceremony.', 'Decline the nomination if it makes you uncomfortable; maintaining your personal comfort is more important than external recognition.', 'You might just let them know that while you appreciate the gesture, you prefer achievements to be celebrated internally rather than publicly.']","['high', 'high', 'low', 'low']","[-0.56396484375, -3.083984375, -7.16796875, -1.0576171875]","[-0.0281982421875, -0.1468563988095238, -0.34133184523809523, -0.0440673828125]","[0.2775064706802368, 0.24645665287971497, 0.20289947092533112, 0.2731374204158783]",0.5239631157522929,0.5239631157522929,0.02396311575229293
trait_agreeableness_00714,agreeableness,high,unrelated_trait_vector,none,trait_agreeableness_00714_act_003,low,"['trait_agreeableness_00714_act_001', 'trait_agreeableness_00714_act_002', 'trait_agreeableness_00714_act_003', 'trait_agreeableness_00714_act_004']","['Just let them know that your current responsibilities cannot be set aside, and you must prioritize completing your pending work this weekend.', 'You might consider delegating some of your tasks or rescheduling commitments so you can join your friends and maintain those cherished relationships.', 'Suggest an alternate weekend for the getaway when you are less busy, demonstrating your interest while staying committed to your personal obligations.', 'Perhaps you could work a few extra hours before the weekend to clear up some urgent tasks, allowing you to enjoy the getaway without worries.']","['low', 'high', 'low', 'high']","[-11.3125, -2.83203125, -0.23193359375, -1.9345703125]","[-0.4713541666666667, -0.11328125, -0.00927734375, -0.07165075231481481]","[0.18151062726974487, 0.2596636414527893, 0.2881240248680115, 0.27070173621177673]",0.5303653618584465,0.5303653618584465,0.030365361858446516
trait_agreeableness_00715,agreeableness,high,unrelated_trait_vector,none,trait_agreeableness_00715_act_001,high,"['trait_agreeableness_00715_act_001', 'trait_agreeableness_00715_act_002', 'trait_agreeableness_00715_act_003', 'trait_agreeableness_00715_act_004']","['Suggest a team coffee break for everyone to refresh and help Ulisess feel less isolated in his stress.', 'Advise Ulisess to delegate some tasks to others to manage his workload better, which might alleviate his stress.', 'Offer to take a short walk with Ulisess during lunch, allowing for a change of scenery and a physical break from work.', 'Recommend that Ulisess reevaluate his project timeline and priorities, possibly pushing back less critical tasks.']","['high', 'low', 'high', 'low']","[-0.1314697265625, -2.724609375, -4.9453125, -3.130859375]","[-0.005975896661931818, -0.11846127717391304, -0.19020432692307693, -0.15654296875]","[0.27889519929885864, 0.24922364950180054, 0.2319699078798294, 0.23991122841835022]",0.5108651147911715,0.5108651147911715,0.01086511479117147
trait_agreeableness_00716,agreeableness,high,unrelated_trait_vector,none,trait_agreeableness_00716_act_003,high,"['trait_agreeableness_00716_act_001', 'trait_agreeableness_00716_act_002', 'trait_agreeableness_00716_act_003', 'trait_agreeableness_00716_act_004']","['Decline the invitation as your workload and commitments cannot be compromised for additional social events.', 'Skip the ball; prioritize completing your major project and maintaining your current commitments.', ""Maybe you could go to the ball with Ranvir but let him know in advance that you'll need to leave early to manage your other commitments."", 'Consider attending the charity ball for just a short time to show support before focusing back on your project.']","['low', 'low', 'high', 'high']","[-2.666015625, -1.60546875, -0.494384765625, -5.296875]","[-0.15682444852941177, -0.10703125, -0.017047750538793104, -0.26484375]","[0.24398092925548553, 0.2564370632171631, 0.2805822193622589, 0.21899978816509247]",0.4995820075273514,0.4995820075273514,-0.0004179924726486206
trait_agreeableness_00717,agreeableness,high,unrelated_trait_vector,none,trait_agreeableness_00717_act_003,low,"['trait_agreeableness_00717_act_001', 'trait_agreeableness_00717_act_002', 'trait_agreeableness_00717_act_003', 'trait_agreeableness_00717_act_004']","['Consider crafting homemade gifts, which can be both meaningful and budget-friendly.', 'You might also think about baking treats to bring to the parties, as this is an affordable and heartfelt alternative to traditional gifts.', 'Just opt out of gift-giving and explain your financial situation honestly if anyone asks.', 'Alternatively, buy a single bulk gift item that you can split among the various parties to minimize costs.']","['high', 'high', 'low', 'low']","[-2.794921875, -9.1640625, -0.08135986328125, -10.25]","[-0.19963727678571427, -0.3665625, -0.004785874310661764, -0.5125]","[0.26366135478019714, 0.2231268435716629, 0.3203829526901245, 0.19282883405685425]",0.48678820560556957,0.48678820560556957,-0.013211794394430432
trait_agreeableness_00718,agreeableness,high,unrelated_trait_vector,none,trait_agreeableness_00718_act_001,low,"['trait_agreeableness_00718_act_001', 'trait_agreeableness_00718_act_002', 'trait_agreeableness_00718_act_003', 'trait_agreeableness_00718_act_004']","[""You should remain neutral, not laughing or reacting, to clearly indicate that such jokes aren't suitable for the workplace."", ""You might offer a light smile to acknowledge Geordie's attempt at humor without encouraging the nature of the joke."", 'Address Geordie later in private, suggesting that he consider the timing and content of his jokes more carefully in the future.', 'Perhaps gently change the subject to help move the conversation away from the joke and towards more appropriate meeting topics.']","['low', 'high', 'low', 'high']","[-0.015899658203125, -6.984375, -4.234375, -10.578125]","[-0.0006912894870923913, -0.30366847826086957, -0.169375, -0.5037202380952381]","[0.3136675953865051, 0.23167990148067474, 0.2649788558483124, 0.18967363238334656]",0.42135354014267834,0.42135354014267834,-0.07864645985732166
trait_agreeableness_00719,agreeableness,high,unrelated_trait_vector,none,trait_agreeableness_00719_act_002,low,"['trait_agreeableness_00719_act_001', 'trait_agreeableness_00719_act_002', 'trait_agreeableness_00719_act_003', 'trait_agreeableness_00719_act_004']","['You might consider asking her if there’s anything specific you can do to help, showing your support goes beyond just professional boundaries.', 'Evaluate if sending flowers could set a precedent you’re uncomfortable with; maintaining professional boundaries is crucial.', 'Sending a thoughtful card along with the flowers can express your support and empathy during her difficult times.', 'Consider simply acknowledging her situation verbally when appropriate, which keeps the support subtle and professional.']","['high', 'low', 'high', 'low']","[-14.046875, -0.1737060546875, -5.125, -4.71484375]","[-0.561875, -0.009142423930921052, -0.26973684210526316, -0.27734375]","[0.18496517837047577, 0.321468710899353, 0.24772167205810547, 0.24584442377090454]",0.43268685687611785,0.43268685687611785,-0.06731314312388215
trait_agreeableness_00720,agreeableness,high,unrelated_trait_vector,none,trait_agreeableness_00720_act_004,high,"['trait_agreeableness_00720_act_001', 'trait_agreeableness_00720_act_002', 'trait_agreeableness_00720_act_003', 'trait_agreeableness_00720_act_004']","['Suggest that Shandel looks into affordable financing or leasing options for a new laptop instead of giving yours away.', 'Keep the laptop for yourself since it could be useful for your future needs, and Shandel can explore other options to acquire one.', 'Consider surprising Shandel with the laptop, making it a heartfelt gesture to help them succeed in their projects.', 'You could gift the laptop to Shandel, as it would really boost their productivity and show how much you support their endeavors.']","['low', 'low', 'high', 'high']","[-2.126953125, -11.53125, -1.314453125, -0.72021484375]","[-0.0966796875, -0.44350961538461536, -0.06259300595238096, -0.02880859375]","[0.26234138011932373, 0.1854558289051056, 0.2714378833770752, 0.28076493740081787]",0.552202804320967,0.552202804320967,0.05220280432096702
trait_agreeableness_00721,agreeableness,high,unrelated_trait_vector,none,trait_agreeableness_00721_act_001,high,"['trait_agreeableness_00721_act_001', 'trait_agreeableness_00721_act_002', 'trait_agreeableness_00721_act_003', 'trait_agreeableness_00721_act_004']","['You might consider gently expressing to Loujain how much effort and care you put into looking after their cat, which could naturally lead them to offer some form of gratitude.', 'Perhaps you could ask Loujain if they’d be willing to cover the costs you incurred while caring for their pet, as a kind gesture of appreciation.', 'Directly ask Loujain for a compensation for the expenses and time you invested in taking care of the cat, emphasizing that it is only fair.', 'Tell Loujain that taking care of their cat involved certain costs and effort on your part, and it would be reasonable to expect some form of compensation for your troubles.']","['high', 'high', 'low', 'low']","[-0.609375, -5.23828125, -0.876953125, -3.810546875]","[-0.017922794117647058, -0.16897681451612903, -0.029231770833333334, -0.1120749080882353]","[0.26604941487312317, 0.228749617934227, 0.2630576193332672, 0.24214336276054382]",0.4947990254342701,0.4947990254342701,-0.005200974565729877
trait_agreeableness_00722,agreeableness,high,unrelated_trait_vector,none,trait_agreeableness_00722_act_002,high,"['trait_agreeableness_00722_act_001', 'trait_agreeableness_00722_act_002', 'trait_agreeableness_00722_act_003', 'trait_agreeableness_00722_act_004']","['Politely decline, explaining that you already have commitments to your personal health this weekend.', 'Offer to help Nazair for a few hours on one day of the weekend so you can also have time for your relaxation.', 'Suggest that Nazair asks other friends who might not already have plans, as your weekend is already booked for personal time.', ""Suggest that Nazair could hire professional movers and you'll provide support by organizing meals or refreshments for everyone on the moving day.""]","['low', 'high', 'low', 'high']","[-1.6474609375, -0.420654296875, -2.869140625, -2.462890625]","[-0.0969094669117647, -0.016826171875, -0.114765625, -0.0912181712962963]","[0.24561652541160583, 0.266095370054245, 0.24126969277858734, 0.24701838195323944]",0.5131137672994663,0.5131137672994663,0.013113767299466339
trait_agreeableness_00723,agreeableness,high,unrelated_trait_vector,none,trait_agreeableness_00723_act_004,low,"['trait_agreeableness_00723_act_001', 'trait_agreeableness_00723_act_002', 'trait_agreeableness_00723_act_003', 'trait_agreeableness_00723_act_004']","[""Maybe express to Tavleen how you're feeling and ask if she's open to the idea of ordering a ride for you, so she can continue enjoying the party."", 'Tell Tavleen directly that you need to leave for your own comfort, regardless of her having fun.', 'You could suggest a compromise to Tavleen; perhaps staying just a bit longer to meet her happiness, then leaving together.', 'Inform Tavleen that you are calling a taxi for yourself because you want to leave now.']","['high', 'low', 'high', 'low']","[-3.884765625, -1.91015625, -3.119140625, -0.259765625]","[-0.1142578125, -0.09095982142857142, -0.124765625, -0.013671875]","[0.24278105795383453, 0.24850378930568695, 0.2402433305978775, 0.2684718370437622]",0.4830243813540879,0.4830243813540879,-0.016975618645912127
trait_agreeableness_00724,agreeableness,high,unrelated_trait_vector,none,trait_agreeableness_00724_act_004,high,"['trait_agreeableness_00724_act_001', 'trait_agreeableness_00724_act_002', 'trait_agreeableness_00724_act_003', 'trait_agreeableness_00724_act_004']","['Suggest that Josalyn finds an alternative or waits for another time when you are less occupied.', 'Keep your business appointment as planned; it’s important to prioritize commitments that impact your professional goals.', 'Perhaps offer to help Josalyn after your business appointment, blending commitment with your supportive nature.', ""You might consider rescheduling the business appointment if Josalyn's request could foster a supportive relationship.""]","['low', 'low', 'high', 'high']","[-9.0703125, -19.078125, -3.55078125, -0.1138916015625]","[-0.453515625, -1.004111842105263, -0.18688322368421054, -0.005694580078125]","[0.22486740350723267, 0.12965987622737885, 0.29357799887657166, 0.35189470648765564]",0.6454727149825202,0.6454727149825202,0.14547271498252023
trait_agreeableness_00725,agreeableness,high,unrelated_trait_vector,none,trait_agreeableness_00725_act_001,high,"['trait_agreeableness_00725_act_001', 'trait_agreeableness_00725_act_002', 'trait_agreeableness_00725_act_003', 'trait_agreeableness_00725_act_004']","[""Apologize sincerely to Webber for the comment and ask them how they feel or if there's anything they'd like to talk about."", 'Express your regret over the upsetting comment, then gently shift the conversation towards a topic that Webber enjoys to lighten the mood.', 'Clarify your comment to Webber, explaining your point of view so they understand your perspective better.', 'Ask Webber to explain why your comment upset them, which can lead to a clearer understanding on both sides.']","['high', 'high', 'low', 'low']","[-0.69970703125, -0.9296875, -2.462890625, -4.8046875]","[-0.024989536830357144, -0.0371875, -0.12314453125, -0.21839488636363635]","[0.268923282623291, 0.26566287875175476, 0.2437812089920044, 0.22163254022598267]",0.5345862091707774,0.5345862091707774,0.03458620917077737
trait_agreeableness_00726,agreeableness,high,unrelated_trait_vector,none,trait_agreeableness_00726_act_002,high,"['trait_agreeableness_00726_act_001', 'trait_agreeableness_00726_act_002', 'trait_agreeableness_00726_act_003', 'trait_agreeableness_00726_act_004']","['Suggest that Stevielynn should speak to a financial advisor to better manage her expenses and debt.', 'Offer to help Stevielynn by covering some of her medical expenses or by lending her money if that feels right to you.', 'Advise Stevielynn to negotiate the bills or seek cheaper medical alternatives for future treatments.', 'Consider providing support by helping Stevielynn find financial aid programs or charities that assist with medical bills.']","['low', 'high', 'low', 'high']","[-2.978515625, -0.141845703125, -2.728515625, -4.8046875]","[-0.14183407738095238, -0.005455603966346154, -0.1436060855263158, -0.22879464285714285]","[0.24624121189117432, 0.28222090005874634, 0.2458052635192871, 0.22573257982730865]",0.507953502593346,0.507953502593346,0.00795350259334604
trait_agreeableness_00727,agreeableness,high,unrelated_trait_vector,none,trait_agreeableness_00727_act_001,high,"['trait_agreeableness_00727_act_001', 'trait_agreeableness_00727_act_002', 'trait_agreeableness_00727_act_003', 'trait_agreeableness_00727_act_004']","['Consider starting with the positive aspects of the policy, then transition into your concerns, ensuring you maintain a respectful tone throughout.', 'Directly challenge the policy by presenting strong, logical arguments against it and demand a review from management.', 'You could express your concerns by highlighting how the policy impacts team morale, and gently suggest possible alternatives that could benefit everyone.', ""Question the policy's fairness and effectiveness in the meeting, and push for an immediate reconsideration by presenting the overall dissatisfaction of your colleagues.""]","['high', 'low', 'high', 'low']","[-1.921875, -7.578125, -2.28125, -3.328125]","[-0.080078125, -0.37890625, -0.09505208333333333, -0.1232638888888889]","[0.2714029848575592, 0.20129603147506714, 0.26736927032470703, 0.2599317133426666]",0.5387722551822662,0.5387722551822662,0.038772255182266235
trait_agreeableness_00728,agreeableness,high,unrelated_trait_vector,none,trait_agreeableness_00728_act_004,high,"['trait_agreeableness_00728_act_001', 'trait_agreeableness_00728_act_002', 'trait_agreeableness_00728_act_003', 'trait_agreeableness_00728_act_004']","[""Propose a formal vote on the project during the next team meeting to decisively address and move beyond Kashtin's opposition."", ""Firmly defend your project's merits in the next meeting, showcasing robust evidence and data to counter his objections."", 'Consider inviting Kashtin to co-present the project, integrating his viewpoints to strengthen the proposal.', 'Schedule a one-on-one meeting with Kashtin to understand his concerns and discuss potential compromises.']","['low', 'low', 'high', 'high']","[-1.9609375, -3.564453125, -2.87890625, -0.254638671875]","[-0.07542067307692307, -0.15497622282608695, -0.15152138157894737, -0.013402035361842105]","[0.2554779648780823, 0.23594072461128235, 0.2367572784423828, 0.2718240022659302]",0.5085812958652167,0.5085812958652167,0.00858129586521672
trait_agreeableness_00729,agreeableness,high,unrelated_trait_vector,none,trait_agreeableness_00729_act_004,low,"['trait_agreeableness_00729_act_001', 'trait_agreeableness_00729_act_002', 'trait_agreeableness_00729_act_003', 'trait_agreeableness_00729_act_004']","['Offer to spend time with Janely, perhaps going for a walk or watching a movie together to help her feel less alone.', 'Consider sending Janely a care package filled with her favorite treats and a heartfelt note to show your support and affection.', 'Encourage Janely to join a support group where she can connect with people who understand her grief and can offer perspective.', 'Suggest that Janely seeks professional counseling to address her feelings of hopelessness and to develop coping strategies.']","['high', 'high', 'low', 'low']","[-3.48828125, -3.73828125, -6.3984375, -2.51953125]","[-0.13953125, -0.16253396739130435, -0.2666015625, -0.11997767857142858]","[0.25788629055023193, 0.2520219385623932, 0.22711317241191864, 0.26297852396965027]",0.5099082671037515,0.5099082671037515,0.009908267103751478
trait_agreeableness_00730,agreeableness,high,unrelated_trait_vector,none,trait_agreeableness_00730_act_001,low,"['trait_agreeableness_00730_act_001', 'trait_agreeableness_00730_act_002', 'trait_agreeableness_00730_act_003', 'trait_agreeableness_00730_act_004']","['Withhold Meital’s paycheck as a firm action to underline the seriousness of the performance issues and motivate improvement.', 'Consider setting up a meeting with Meital to openly discuss performance issues and explore supportive measures to help improve their work.', 'Implement a direct policy that ties Meital’s pay to specific performance metrics, ensuring accountability and immediate consequences for underperformance.', 'You might want to create an improvement plan that outlines clear goals and timelines for Meital, providing regular feedback and encouragement.']","['low', 'high', 'low', 'high']","[-0.0006670951843261719, -9.28125, -8.3359375, -22.546875]","[-3.032250837846236e-05, -0.40353260869565216, -0.3473307291666667, -0.939453125]","[0.3616083562374115, 0.2415458858013153, 0.2555099427700043, 0.1413358449935913]",0.38288171938414217,0.38288171938414217,-0.11711828061585783
trait_agreeableness_00731,agreeableness,high,unrelated_trait_vector,none,trait_agreeableness_00731_act_003,high,"['trait_agreeableness_00731_act_001', 'trait_agreeableness_00731_act_002', 'trait_agreeableness_00731_act_003', 'trait_agreeableness_00731_act_004']","['Perhaps you could delegate some of your responsibilities to other volunteers, which would allow you to continue supporting the charity while also managing your stress better.', ""It's practical to prioritize your own health and professional duties over volunteering; you can always return to it when you're in a better position."", 'You might consider reducing your hours slightly and finding a schedule that allows more time for rest, maintaining your commitment but taking care of your health too.', 'Consider taking a complete break from volunteering to focus entirely on your personal and professional life until you feel less overwhelmed.']","['high', 'low', 'high', 'low']","[-5.015625, -4.234375, -0.188720703125, -1.99609375]","[-0.17912946428571427, -0.15122767857142858, -0.006507610452586207, -0.09073153409090909]","[0.23206518590450287, 0.23863139748573303, 0.27579012513160706, 0.25351327657699585]",0.5078553186037439,0.5078553186037439,0.007855318603743888
trait_agreeableness_00732,agreeableness,high,unrelated_trait_vector,none,trait_agreeableness_00732_act_002,low,"['trait_agreeableness_00732_act_001', 'trait_agreeableness_00732_act_002', 'trait_agreeableness_00732_act_003', 'trait_agreeableness_00732_act_004']","['Recommend that they check local moving services or rental trucks, as you need to prioritize your own commitments this weekend.', 'Politely explain that you have long-standing personal plans and suggest that they reschedule the move or ask another friend for help.', 'You could suggest hiring professional movers and then visiting your friend after your retreat to help them unpack and settle in.', 'Offer to help your friend with packing a day or two before your retreat, so you can still support them without cancelling your plans.']","['low', 'low', 'high', 'high']","[-1.8466796875, -0.2376708984375, -5.16015625, -4.8984375]","[-0.08393998579545454, -0.0095068359375, -0.23455255681818182, -0.18840144230769232]","[0.26053446531295776, 0.2806668281555176, 0.22410675883293152, 0.23469193279743195]",0.45879869846699683,0.45879869846699683,-0.041201301533003165
trait_agreeableness_00733,agreeableness,high,unrelated_trait_vector,none,trait_agreeableness_00733_act_001,high,"['trait_agreeableness_00733_act_001', 'trait_agreeableness_00733_act_002', 'trait_agreeableness_00733_act_003', 'trait_agreeableness_00733_act_004']","['You could politely excuse yourself from your current commitment, explaining the importance of timely attendance at your work meeting.', 'Consider contacting a colleague who is also attending the meeting and kindly ask if they can cover the beginning part until you arrive.', ""Just focus on finishing your current commitment properly, even if it means being late; you can't always please everyone."", ""Send a quick message to inform them you'll be late, then proceed with your current engagement without cutting it short.""]","['high', 'high', 'low', 'low']","[-0.03961181640625, -4.0703125, -4.1015625, -5.3515625]","[-0.0018862769717261905, -0.16959635416666666, -0.17832880434782608, -0.23267663043478262]","[0.28754207491874695, 0.24314527213573456, 0.24103125929832458, 0.22828134894371033]",0.5306873707780557,0.5306873707780557,0.030687370778055723
trait_agreeableness_00734,agreeableness,high,unrelated_trait_vector,none,trait_agreeableness_00734_act_001,low,"['trait_agreeableness_00734_act_001', 'trait_agreeableness_00734_act_002', 'trait_agreeableness_00734_act_003', 'trait_agreeableness_00734_act_004']","['Directly ask both colleagues to clarify their points and explain the reasoning behind their disagreements in the meeting, fostering a clear and open dialogue.', 'You might consider suggesting a team-building activity that focuses on communication skills, which can improve overall team harmony without direct confrontation.', 'You could inform your manager about the disruptive behavior, letting them handle the situation and possibly mediate the conflict.', 'Perhaps you could recommend a feedback session where everyone gets the chance to express their thoughts in a structured manner, making the atmosphere more open and less tense.']","['low', 'high', 'low', 'high']","[-0.127197265625, -2.646484375, -11.5625, -5.34765625]","[-0.004711009837962963, -0.11027018229166667, -0.5255681818181818, -0.17825520833333333]","[0.29989388585090637, 0.26985087990760803, 0.178140327334404, 0.25211480259895325]",0.5219657369518304,0.5219657369518304,0.02196573695183035
trait_agreeableness_00735,agreeableness,high,unrelated_trait_vector,none,trait_agreeableness_00735_act_002,low,"['trait_agreeableness_00735_act_001', 'trait_agreeableness_00735_act_002', 'trait_agreeableness_00735_act_003', 'trait_agreeableness_00735_act_004']","['Maybe you can ask your friend how they feel about their project first to understand their perspective before sharing your thoughts.', 'Just be straightforward and tell your friend what you really think about the art project; they asked for honesty, after all.', 'You could mention specific aspects you like while gently suggesting improvements in areas you think could be better.', 'Recommend your friend to seek feedback from professional artists as well, which can provide them with a more objective critique.']","['high', 'low', 'high', 'low']","[-8.296875, -0.000286102294921875, -12.140625, -12.875]","[-0.3771306818181818, -1.1920928955078125e-05, -0.6389802631578947, -0.5852272727272727]","[0.24753502011299133, 0.36092522740364075, 0.19050957262516022, 0.20103026926517487]",0.43804455357391653,0.43804455357391653,-0.06195544642608347
trait_agreeableness_00736,agreeableness,high,unrelated_trait_vector,none,trait_agreeableness_00736_act_001,low,"['trait_agreeableness_00736_act_001', 'trait_agreeableness_00736_act_002', 'trait_agreeableness_00736_act_003', 'trait_agreeableness_00736_act_004']","['Suggest a compromise where Jahnia could redistribute some of the tasks among other team members to lessen your burden.', 'Decline the proposal, citing your current responsibilities and the importance of maintaining your personal life balance.', 'Perhaps you could agree to the new plan, but clarify your availability and limits to ensure your personal time is respected.', 'You might consider agreeing to the plan but also ask for help or support to manage the increased workload effectively.']","['low', 'low', 'high', 'high']","[-1.03515625, -11.359375, -1.611328125, -1.376953125]","[-0.047052556818181816, -0.5978618421052632, -0.07005774456521739, -0.06556919642857142]","[0.282853901386261, 0.1630604863166809, 0.27642107009887695, 0.2776646018028259]",0.5540856388756252,0.5540856388756252,0.05408563887562523
trait_agreeableness_00737,agreeableness,high,unrelated_trait_vector,none,trait_agreeableness_00737_act_003,low,"['trait_agreeableness_00737_act_001', 'trait_agreeableness_00737_act_002', 'trait_agreeableness_00737_act_003', 'trait_agreeableness_00737_act_004']","['You could gently remind your colleagues about the value of discussing concerns directly with PersonZ to promote a more understanding and supportive work environment.', 'Consider sharing positive experiences or achievements of PersonZ to subtly shift the tone of the conversation to something more constructive and appreciative.', ""You might propose focusing the discussion on tasks and projects instead, pointing out that speculative talk is not productive or beneficial for the team's goals."", 'Suggest setting up a meeting where concerns can be addressed openly with PersonZ present, ensuring a fair dialogue and cutting out behind-the-back criticisms.']","['high', 'high', 'low', 'low']","[-4.58203125, -1.2177734375, -0.61767578125, -1.9365234375]","[-0.17623197115384615, -0.0487109375, -0.022059849330357144, -0.06677667025862069]","[0.2263277769088745, 0.2571103572845459, 0.2640547454357147, 0.25250717997550964]",0.48343810537826387,0.48343810537826387,-0.01656189462173613
trait_agreeableness_00738,agreeableness,high,unrelated_trait_vector,none,trait_agreeableness_00738_act_001,low,"['trait_agreeableness_00738_act_001', 'trait_agreeableness_00738_act_002', 'trait_agreeableness_00738_act_003', 'trait_agreeableness_00738_act_004']","['Recommend they look into local community services like food banks and job training workshops to become more self-sufficient.', 'Offer to babysit the children a couple of times a week to give the parents time to job search or handle other responsibilities.', 'Suggest setting up a schedule where they can gradually take over the childcare and household chores as they stabilize financially.', 'Prepare some extra meals that can easily be reheated, to relieve them from cooking duties for a few days.']","['low', 'high', 'low', 'high']","[-0.06964111328125, -5.38671875, -3.51171875, -4.57421875]","[-0.0033162434895833335, -0.21546875, -0.15962357954545456, -0.2079190340909091]","[0.28742995858192444, 0.23248523473739624, 0.2458377629518509, 0.23424707353115082]",0.4667322943588407,0.4667322943588407,-0.03326770564115927
trait_agreeableness_00739,agreeableness,high,unrelated_trait_vector,none,trait_agreeableness_00739_act_003,high,"['trait_agreeableness_00739_act_001', 'trait_agreeableness_00739_act_002', 'trait_agreeableness_00739_act_003', 'trait_agreeableness_00739_act_004']","['Consider encouraging Destinnie to seek advice from an independent financial advisor to ensure she makes a well-informed decision.', 'Go ahead and emphasize the potential high returns of the deal to persuade Destinnie, focusing on how such investments can significantly pay off.', 'You could prioritize transparency and discuss both the potential benefits and risks openly with Destinnie, emphasizing that the final decision is hers to make.', ""You should highlight the unique chance this deal represents and pitch it as a strategically aggressive investment that shouldn't be missed.""]","['high', 'low', 'high', 'low']","[-2.40625, -7.125, -0.51806640625, -1.2431640625]","[-0.109375, -0.27403846153846156, -0.019187644675925927, -0.05405061141304348]","[0.2500348687171936, 0.2120743691921234, 0.2736330032348633, 0.2642577290534973]",0.5236678875585761,0.5236678875585761,0.023667887558576073
trait_agreeableness_00740,agreeableness,high,unrelated_trait_vector,none,trait_agreeableness_00740_act_001,low,"['trait_agreeableness_00740_act_001', 'trait_agreeableness_00740_act_002', 'trait_agreeableness_00740_act_003', 'trait_agreeableness_00740_act_004']","[""Confront Hikari then and there by firmly stating the discomfort they're causing, to immediately address the issue."", ""Directly tell Hikari that their behavior is inappropriate and advise them to stop immediately if you feel it's disruptive enough."", 'Maybe suggest a quick, quiet walk with Hikari outside the venue to discuss the issue discreetly and help them regain composure.', 'Consider pulling Hikari aside gently to express your concerns in private, aiming to avoid public embarrassment.']","['low', 'low', 'high', 'high']","[-0.2069091796875, -1.7958984375, -5.73046875, -4.52734375]","[-0.00899605129076087, -0.0718359375, -0.21223958333333334, -0.2263671875]","[0.280914306640625, 0.2638048827648163, 0.22924840450286865, 0.22603243589401245]",0.4552808268284551,0.4552808268284551,-0.04471917317154489
trait_agreeableness_00741,agreeableness,high,unrelated_trait_vector,none,trait_agreeableness_00741_act_001,high,"['trait_agreeableness_00741_act_001', 'trait_agreeableness_00741_act_002', 'trait_agreeableness_00741_act_003', 'trait_agreeableness_00741_act_004']","['You might consider arranging a private, friendly chat with Janya to understand any challenges she’s facing and discuss how you can help her meet her deadlines.', 'Perhaps you could offer to help Janya organize her tasks or suggest setting up a team meeting to realign everyone’s responsibilities and deadlines.', ""Directly inform Janya that her missed deadlines are impacting the team's performance and she needs to adhere to the project timeline more strictly."", 'Send an email to Janya outlining the deadlines and mentioning that further delays could lead to discussions with higher management.']","['high', 'high', 'low', 'low']","[-0.51171875, -5.41796875, -0.99462890625, -9.3203125]","[-0.017057291666666665, -0.20066550925925927, -0.03683810763888889, -0.4236505681818182]","[0.28747275471687317, 0.23925259709358215, 0.2818421721458435, 0.1914324164390564]",0.5267253832057347,0.5267253832057347,0.0267253832057347
trait_agreeableness_00742,agreeableness,high,unrelated_trait_vector,none,trait_agreeableness_00742_act_001,low,"['trait_agreeableness_00742_act_001', 'trait_agreeableness_00742_act_002', 'trait_agreeableness_00742_act_003', 'trait_agreeableness_00742_act_004']","['Directly point out the flaw during the meeting and suggest an alternative strategy that mitigates these risks.', 'Consider suggesting a follow-up meeting where you can review the strategy more thoroughly together, to align on the best approach.', 'Challenge the strategy openly in the meeting to ensure everyone is aware of the potential losses, emphasizing the need for a robust discussion.', 'You could express your concerns by privately messaging your colleague, framing it as seeking to understand their perspective better.']","['low', 'high', 'low', 'high']","[-0.2498779296875, -8.703125, -1.5556640625, -10.65625]","[-0.012493896484375, -0.37839673913043476, -0.0622265625, -0.5074404761904762]","[0.30725201964378357, 0.2131008505821228, 0.2923452854156494, 0.18730191886425018]",0.40040273961404416,0.40040273961404416,-0.09959726038595584
trait_agreeableness_00743,agreeableness,high,unrelated_trait_vector,none,trait_agreeableness_00743_act_003,high,"['trait_agreeableness_00743_act_001', 'trait_agreeableness_00743_act_002', 'trait_agreeableness_00743_act_003', 'trait_agreeableness_00743_act_004']","['Maybe you could offer to help train someone else to share the workload, easing the burden on you.', 'Just say no to additional shifts and prioritize your health over voluntary extras.', 'You might consider gently explaining to your supervisor your health concerns and see if you can reduce the extra shifts.', ""Take a step back and let others step up; you're not the only one who can volunteer for extra work.""]","['high', 'low', 'high', 'low']","[-7.87109375, -2.466796875, -0.092041015625, -9.015625]","[-0.3935546875, -0.17619977678571427, -0.004382905505952381, -0.3919836956521739]","[0.21185921132564545, 0.2632955014705658, 0.31265294551849365, 0.21219231188297272]",0.5245121724758199,0.5245121724758199,0.024512172475819938
trait_agreeableness_00744,agreeableness,high,unrelated_trait_vector,none,trait_agreeableness_00744_act_001,low,"['trait_agreeableness_00744_act_001', 'trait_agreeableness_00744_act_002', 'trait_agreeableness_00744_act_003', 'trait_agreeableness_00744_act_004']","['Escalate the issue to your manager or HR department to formally address the rumors and protect your professional reputation.', 'Address the situation directly by confronting your colleague and demand they stop spreading unfounded rumors immediately.', 'Offer to collaborate on a project together which could help improve your relationship and show your genuine intentions.', 'Invite your colleague for a coffee and gently discuss the impact their behavior is having on you, aiming to clear up any misunderstandings.']","['low', 'low', 'high', 'high']","[-0.0004096031188964844, -8.0625, -10.453125, -12.546875]","[-1.8618323586203836e-05, -0.4479166666666667, -0.5501644736842105, -0.48257211538461536]","[0.35297760367393494, 0.22554203867912292, 0.20362065732479095, 0.2178596705198288]",0.42148034040571275,0.42148034040571275,-0.07851965959428725
trait_agreeableness_00745,agreeableness,high,unrelated_trait_vector,none,trait_agreeableness_00745_act_002,high,"['trait_agreeableness_00745_act_001', 'trait_agreeableness_00745_act_002', 'trait_agreeableness_00745_act_003', 'trait_agreeableness_00745_act_004']","['You could give your friend the guitar as a gift to help ease their financial burden and share the joy of music.', 'Consider lending the guitar to your friend until they can afford one, creating a win-win situation where you keep ownership and they get to play.', 'Keep the guitar since giving it away could set a precedent for similar expectations in the future.', 'Suggest that your friend looks for affordable second-hand options online, emphasizing the importance of financial responsibility.']","['high', 'high', 'low', 'low']","[-3.2109375, -0.10284423828125, -4.8203125, -3.4453125]","[-0.13960597826086957, -0.003673008510044643, -0.2677951388888889, -0.172265625]","[0.2504282593727112, 0.2868918776512146, 0.22029845416545868, 0.2423814833164215]",0.5373200969904589,0.5373200969904589,0.037320096990458906
trait_agreeableness_00746,agreeableness,high,unrelated_trait_vector,none,trait_agreeableness_00746_act_002,high,"['trait_agreeableness_00746_act_001', 'trait_agreeableness_00746_act_002', 'trait_agreeableness_00746_act_003', 'trait_agreeableness_00746_act_004']","['Consider suggesting that Aythana delegate specific tasks to other team members or ask for an extension from the project lead.', ""Absolutely, offering your assistance could greatly alleviate Aythana's stress and help distribute the project tasks more manageably."", 'Recommend to Aythana to reevaluate her project plan and identify priorities; she might need to focus on key areas and drop less critical tasks.', 'Yes, stepping in to help Aythana not only supports her but also strengthens the teamwork within the project.']","['low', 'high', 'low', 'high']","[-8.5859375, -0.00890350341796875, -8.8984375, -5.0390625]","[-0.3733016304347826, -0.0003871088442595109, -0.3068426724137931, -0.22904829545454544]","[0.21386469900608063, 0.31052303314208984, 0.22856085002422333, 0.24705150723457336]",0.557574490525619,0.557574490525619,0.057574490525619026
trait_agreeableness_00747,agreeableness,high,unrelated_trait_vector,none,trait_agreeableness_00747_act_001,high,"['trait_agreeableness_00747_act_001', 'trait_agreeableness_00747_act_002', 'trait_agreeableness_00747_act_003', 'trait_agreeableness_00747_act_004']","['Consider suggesting a brief team check-in where everyone updates the group on their progress, allowing Carielle to share in a non-confrontational setting.', ""Point out directly to Carielle during the meeting that you've noticed discrepancies in their work, asking for an immediate clarification."", 'Perhaps you could invite Carielle for a private chat to gently inquire about their progress and any challenges they might be facing.', ""Challenge Carielle in the meeting to present detailed evidence of their progress to ensure they're held accountable in front of the team.""]","['high', 'low', 'high', 'low']","[-0.02606201171875, -9.6953125, -8.1015625, -6.0546875]","[-0.0008687337239583333, -0.3878125, -0.3240625, -0.23287259615384615]","[0.3129003345966339, 0.21249978244304657, 0.22648777067661285, 0.24811214208602905]",0.539388089198229,0.539388089198229,0.039388089198229004
trait_agreeableness_00748,agreeableness,high,unrelated_trait_vector,none,trait_agreeableness_00748_act_002,low,"['trait_agreeableness_00748_act_001', 'trait_agreeableness_00748_act_002', 'trait_agreeableness_00748_act_003', 'trait_agreeableness_00748_act_004']","['Document specific instances where Melicia took undue credit and present these to your supervisor as evidence.', ""Report the behavior to your supervisor immediately to prevent further damage to the team's morale."", 'Consider organizing a team intervention where everyone can openly discuss their feelings about fairness and recognition.', 'You could speak with Melicia first to express your concerns and give them a chance to rectify the situation themselves.']","['low', 'low', 'high', 'high']","[-6.4375, -0.0016145706176757812, -14.515625, -21.046875]","[-0.3576388888888889, -9.497474221622243e-05, -0.8538602941176471, -0.9150815217391305]","[0.27690768241882324, 0.3959263265132904, 0.16858883202075958, 0.15857721865177155]",0.32716603117191606,0.32716603117191606,-0.17283396882808394
trait_agreeableness_00749,agreeableness,high,unrelated_trait_vector,none,trait_agreeableness_00749_act_003,low,"['trait_agreeableness_00749_act_001', 'trait_agreeableness_00749_act_002', 'trait_agreeableness_00749_act_003', 'trait_agreeableness_00749_act_004']","['You might consider addressing the discomfort with Tagert directly by kindly expressing how their behavior makes you feel and seeking a mutual understanding.', 'Perhaps you could involve a mediator from HR to help facilitate a constructive conversation with Tagert, which might improve your work environment.', 'Stand your ground and confront Tagert directly about their aggressive behavior without sugarcoating your concerns.', 'Keep avoiding Tagert if interacting with them disrupts your productivity and peace of mind, focusing instead on your own work responsibilities.']","['high', 'high', 'low', 'low']","[-6.72265625, -4.63671875, -0.35595703125, -1.71484375]","[-0.26890625, -0.18546875, -0.018734580592105265, -0.06859375]","[0.2177203744649887, 0.23666580021381378, 0.27960649132728577, 0.26600736379623413]",0.4543861611370396,0.4543861611370396,-0.04561383886296039
trait_agreeableness_00750,agreeableness,high,unrelated_trait_vector,none,trait_agreeableness_00750_act_003,low,"['trait_agreeableness_00750_act_001', 'trait_agreeableness_00750_act_002', 'trait_agreeableness_00750_act_003', 'trait_agreeableness_00750_act_004']","['Directly challenge the strategy in a team meeting by clearly outlining the potential pitfalls and presenting your alternative solutions.', 'You might consider gently suggesting a team meeting to review the project strategy and express your concerns in a supportive manner.', 'Write a concise, fact-based email to your project leader detailing why the current strategy might fail and suggest a meeting to discuss viable alternatives.', 'Perhaps you could offer to help research or present alternative strategies that could complement the current plan without dismissing it entirely.']","['low', 'high', 'low', 'high']","[-4.45703125, -2.2421875, -0.13037109375, -8.203125]","[-0.21223958333333334, -0.10191761363636363, -0.004828559027777778, -0.3728693181818182]","[0.23816707730293274, 0.26594629883766174, 0.2930617928504944, 0.20282483100891113]",0.4687711298465729,0.4687711298465729,-0.031228870153427124
trait_agreeableness_00701,agreeableness,low,unrelated_trait_vector,none,trait_agreeableness_00701_act_002,high,"['trait_agreeableness_00701_act_001', 'trait_agreeableness_00701_act_002', 'trait_agreeableness_00701_act_003', 'trait_agreeableness_00701_act_004']","['You could propose a meeting to discuss the strengths of each theme and consider blending elements of both to please a wider audience.', 'Maybe consult with other team members for their opinions to see if a consensus can be achieved that respects both perspectives.', 'Stick to presenting clear, data-backed arguments on why a cultural heritage theme could draw more interest and community engagement.', 'Insist on setting clear objectives for the event and demonstrate how your theme aligns better with those goals compared to a modern tech theme.']","['high', 'high', 'low', 'low']","[-6.22265625, -0.59814453125, -1.7548828125, -5.72265625]","[-0.25927734375, -0.027188387784090908, -0.07976740056818182, -0.21195023148148148]","[0.22191019356250763, 0.27988022565841675, 0.2655445635318756, 0.2326650470495224]",0.501790404266405,0.498209595733595,-0.0017904042664049769
trait_agreeableness_00702,agreeableness,low,unrelated_trait_vector,none,trait_agreeableness_00702_act_002,high,"['trait_agreeableness_00702_act_001', 'trait_agreeableness_00702_act_002', 'trait_agreeableness_00702_act_003', 'trait_agreeableness_00702_act_004']","['Clearly communicate to your supervisor the unrealistic nature of the additional workload and negotiate down the responsibilities.', 'Consider discussing a phased approach with your boss to gradually integrate the new project while maintaining balance with your current tasks.', 'Prioritize your tasks and cut down on the least essential ones; put focus only on what genuinely requires your expertise.', 'You could ask for support from your team or colleagues to help manage the workload more efficiently.']","['low', 'high', 'low', 'high']","[-1.2841796875, -0.8359375, -1.3037109375, -8.0859375]","[-0.07134331597222222, -0.03799715909090909, -0.05668308423913043, -0.44921875]","[0.2678098678588867, 0.2768908739089966, 0.27176496386528015, 0.18353435397148132]",0.46042520043699736,0.5395747995630027,0.039574799563002694
trait_agreeableness_00703,agreeableness,low,unrelated_trait_vector,none,trait_agreeableness_00703_act_004,low,"['trait_agreeableness_00703_act_001', 'trait_agreeableness_00703_act_002', 'trait_agreeableness_00703_act_003', 'trait_agreeableness_00703_act_004']","['Consider setting aside a portion of your bonus for your vacation and donate a portion to your friend to ease their burden.', 'Invest the bonus in a personal savings or retirement fund to ensure your future financial stability.', 'You could offer to help your friend cover some of their medical expenses with part of your bonus.', 'Use the bonus for the vacation you’ve been planning, as personal relaxation and fulfillment are important.']","['high', 'low', 'high', 'low']","[-4.44140625, -1.7998046875, -4.71484375, -0.22119140625]","[-0.19310461956521738, -0.10587086397058823, -0.24814967105263158, -0.011641652960526315]","[0.23604030907154083, 0.2575557827949524, 0.2233985960483551, 0.2830052971839905]",0.45943891196606923,0.5405610880339308,0.04056108803393077
trait_agreeableness_00704,agreeableness,low,unrelated_trait_vector,none,trait_agreeableness_00704_act_001,low,"['trait_agreeableness_00704_act_001', 'trait_agreeableness_00704_act_002', 'trait_agreeableness_00704_act_003', 'trait_agreeableness_00704_act_004']","['Challenge the team to justify the strategy with data or precedents, given its similarity to past unsuccessful attempts.', 'Directly state the issues and shortcomings you foresee with the agreed strategy to ensure they are aware of the potential risks.', 'Maybe suggest setting up a small trial run of the strategy first, to demonstrate the outcomes before fully committing.', 'You could gently express your concerns and propose discussing alternative strategies that could prevent potential issues.']","['low', 'low', 'high', 'high']","[-0.82958984375, -1.1904296875, -1.986328125, -3.705078125]","[-0.03950427827380952, -0.0517578125, -0.09458705357142858, -0.21794577205882354]","[0.2651956379413605, 0.26196587085723877, 0.25098294019699097, 0.2218555063009262]",0.47283846763544385,0.5271615323645562,0.027161532364556207
trait_agreeableness_00705,agreeableness,low,unrelated_trait_vector,none,trait_agreeableness_00705_act_002,high,"['trait_agreeableness_00705_act_001', 'trait_agreeableness_00705_act_002', 'trait_agreeableness_00705_act_003', 'trait_agreeableness_00705_act_004']","['You could consider politely reaching out to the rental agency to express your concerns and ask for possible solutions or compensation.', 'Maybe try to calmly discuss the discrepancies with the agency, highlighting the missing amenities and differences in the property, and request an amicable resolution.', 'Demand an immediate response from the rental agency and insist on a partial refund or relocation to a property that matches the initial description.', 'Send a firm email to the agency detailing every issue, and make it clear you expect swift action or you will consider legal advice.']","['high', 'high', 'low', 'low']","[-1.3173828125, -0.34033203125, -7.6171875, -9.5859375]","[-0.059881036931818184, -0.012154715401785714, -0.3046875, -0.36868990384615385]","[0.28042149543762207, 0.29412949085235596, 0.2195296585559845, 0.20591942965984344]",0.5745509434825969,0.42544905651740306,-0.07455094348259694
trait_agreeableness_00706,agreeableness,low,unrelated_trait_vector,none,trait_agreeableness_00706_act_001,low,"['trait_agreeableness_00706_act_001', 'trait_agreeableness_00706_act_002', 'trait_agreeableness_00706_act_003', 'trait_agreeableness_00706_act_004']","['Directly confront Marybella in your next team meeting by highlighting specific instances where your ideas were dismissed and demand a justification.', 'Consider asking Marybella for a private meeting to express how valuable you feel contributions from all team members are, including yours.', 'Email the whole team including your manager outlining how the dismissal of ideas by any team member, including Marybella, negatively impacts project creativity and ask for more structured discussion protocols.', 'Maybe propose a team brainstorming session where everyone submits one idea anonymously to ensure each thought is considered without bias.']","['low', 'high', 'low', 'high']","[-0.150634765625, -3.01171875, -3.48046875, -5.26171875]","[-0.006025390625, -0.12046875, -0.09944196428571428, -0.2391690340909091]","[0.2781860828399658, 0.24810372292995453, 0.253375768661499, 0.22033445537090302]",0.4684381643403123,0.5315618356596876,0.03156183565968762
trait_agreeableness_00707,agreeableness,low,unrelated_trait_vector,none,trait_agreeableness_00707_act_002,low,"['trait_agreeableness_00707_act_001', 'trait_agreeableness_00707_act_002', 'trait_agreeableness_00707_act_003', 'trait_agreeableness_00707_act_004']","['Perhaps eat a healthy meal before the party to lessen your cravings and politely sample very small amounts of your favorite foods.', 'Just say no to the unhealthy options and stick firmly to your diet plan; it’s about your health after all.', 'You could bring a dish to share that fits your diet so you have a healthy option available and still enjoy the party.', 'Ignore the offerings and focus on socializing, not eating; you’re there for your friend, not the food.']","['high', 'low', 'high', 'low']","[-3.640625, -0.126953125, -2.892578125, -7.43359375]","[-0.15828804347826086, -0.005519701086956522, -0.12052408854166667, -0.32319972826086957]","[0.2468215823173523, 0.28756073117256165, 0.2563207745552063, 0.20929695665836334]",0.5031423343803435,0.4968576656196565,-0.0031423343803435033
trait_agreeableness_00708,agreeableness,low,unrelated_trait_vector,none,trait_agreeableness_00708_act_001,low,"['trait_agreeableness_00708_act_001', 'trait_agreeableness_00708_act_002', 'trait_agreeableness_00708_act_003', 'trait_agreeableness_00708_act_004']","['Simply note the achievement directly to Nazareth and mention that you noticed the milestone, encouraging them to own their success publicly.', ""Challenge Nazareth in a light-hearted manner about why they haven't boasted about their success yet, to push them out of their comfort zone."", 'Encourage mutual friends or coworkers to subtly acknowledge the achievement, fostering a supportive environment without overwhelming Nazareth.', 'Quietly congratulate Nazareth in a personal message to show your support and respect for their privacy.']","['low', 'low', 'high', 'high']","[-0.205078125, -3.275390625, -2.11328125, -5.234375]","[-0.008544921875, -0.11697823660714286, -0.10063244047619048, -0.2754934210526316]","[0.27972209453582764, 0.250977486371994, 0.2551136314868927, 0.21418669819831848]",0.4693003716439341,0.5306996283560659,0.030699628356065878
trait_agreeableness_00709,agreeableness,low,unrelated_trait_vector,none,trait_agreeableness_00709_act_001,high,"['trait_agreeableness_00709_act_001', 'trait_agreeableness_00709_act_002', 'trait_agreeableness_00709_act_003', 'trait_agreeableness_00709_act_004']","['Consider politely telling Zacharyah that his advances are making you uncomfortable and you would like to keep your relationship professional.', 'Maybe talk to a trusted colleague or a supervisor for advice on how to approach Zacharyah about this sensitive issue.', 'Directly tell Zacharyah to stop the advances, asserting that they are inappropriate and unwelcome at the workplace.', 'If speaking to him directly doesn’t work, report the behavior to your HR department to handle it formally.']","['high', 'high', 'low', 'low']","[-0.52197265625, -1.365234375, -1.896484375, -8.65625]","[-0.022694463315217392, -0.059358016304347824, -0.08245584239130435, -0.41220238095238093]","[0.27906614542007446, 0.26901987195014954, 0.26287731528282166, 0.18903663754463196]",0.5480860337044606,0.45191396629553937,-0.04808603370446063
trait_agreeableness_00710,agreeableness,low,unrelated_trait_vector,none,trait_agreeableness_00710_act_002,high,"['trait_agreeableness_00710_act_001', 'trait_agreeableness_00710_act_002', 'trait_agreeableness_00710_act_003', 'trait_agreeableness_00710_act_004']","['Demand an explanation as to why you were excluded from the discussion, asserting your right to know what concerns your family.', 'Approach a family member gently and express that you would appreciate being included in the conversation as it would help you cope better with the group.', 'Confront the family decisively about the secrecy, making it clear that you expect transparency in future matters.', 'Politely express to your family that you feel left out and assure them that you are capable of handling the situation more calmly with their support.']","['low', 'high', 'low', 'high']","[-5.78125, -0.110107421875, -2.3125, -6.453125]","[-0.2513586956521739, -0.003932407924107143, -0.11011904761904762, -0.23046875]","[0.22454071044921875, 0.2875748872756958, 0.25860369205474854, 0.22928068041801453]",0.516855583097207,0.483144416902793,-0.016855583097207028
trait_agreeableness_00711,agreeableness,low,unrelated_trait_vector,none,trait_agreeableness_00711_act_002,low,"['trait_agreeableness_00711_act_001', 'trait_agreeableness_00711_act_002', 'trait_agreeableness_00711_act_003', 'trait_agreeableness_00711_act_004']","['Perhaps you might weigh the emotional costs against the professional gains and decide if the move aligns with your long-term personal happiness and career goals.', 'Take the job; advancing in your career is a priority, and the significant pay increase justifies the move.', 'You could consider accepting the job and finding ways to maintain strong relationships with your family and friends through regular visits and digital communication.', 'Move to the new city; it’s a valuable opportunity for professional growth, and personal relationships can adapt if they’re truly important.']","['high', 'low', 'high', 'low']","[-10.515625, -0.020477294921875, -12.875, -5.76171875]","[-0.3755580357142857, -0.0009307861328125, -0.515, -0.22160456730769232]","[0.2226809859275818, 0.3238781690597534, 0.19369761645793915, 0.25974324345588684]",0.4163785961809964,0.5836214038190036,0.08362140381900363
trait_agreeableness_00712,agreeableness,low,unrelated_trait_vector,none,trait_agreeableness_00712_act_002,low,"['trait_agreeableness_00712_act_001', 'trait_agreeableness_00712_act_002', 'trait_agreeableness_00712_act_003', 'trait_agreeableness_00712_act_004']","['Consider leveraging your time on more personal meetings where you can have genuine interactions, rather than a large industry event.', 'Skip the dinner if it really goes against your preferences and focus on networking in ways that make you feel comfortable.', 'You might find it rewarding to go and connect with a few people, making the experience more manageable and meaningful for you.', 'Consider attending the dinner to nurture relationships that could be beneficial for future collaborations or opportunities.']","['low', 'low', 'high', 'high']","[-7.171875, -0.7998046875, -4.73046875, -3.6875]","[-0.3259943181818182, -0.03635475852272727, -0.19710286458333334, -0.21691176470588236]","[0.21792347729206085, 0.29113397002220154, 0.24790248274803162, 0.24304011464118958]",0.49094257544237785,0.5090574245576222,0.009057424557622151
trait_agreeableness_00713,agreeableness,low,unrelated_trait_vector,none,trait_agreeableness_00713_act_002,high,"['trait_agreeableness_00713_act_001', 'trait_agreeableness_00713_act_002', 'trait_agreeableness_00713_act_003', 'trait_agreeableness_00713_act_004']","[""You could accept the nomination gracefully as it honors not just your work but also your team's effort."", 'Perhaps you might consider a compromise by accepting the nomination and requesting a more low-key acknowledgment at the ceremony.', 'Decline the nomination if it makes you uncomfortable; maintaining your personal comfort is more important than external recognition.', 'You might just let them know that while you appreciate the gesture, you prefer achievements to be celebrated internally rather than publicly.']","['high', 'high', 'low', 'low']","[-9.8359375, -0.5234375, -8.25, -2.619140625]","[-0.491796875, -0.02492559523809524, -0.39285714285714285, -0.109130859375]","[0.19360393285751343, 0.30879753828048706, 0.21373870968818665, 0.28385984897613525]",0.5024014561652703,0.4975985438347297,-0.0024014561652703215
trait_agreeableness_00714,agreeableness,low,unrelated_trait_vector,none,trait_agreeableness_00714_act_002,high,"['trait_agreeableness_00714_act_001', 'trait_agreeableness_00714_act_002', 'trait_agreeableness_00714_act_003', 'trait_agreeableness_00714_act_004']","['Just let them know that your current responsibilities cannot be set aside, and you must prioritize completing your pending work this weekend.', 'You might consider delegating some of your tasks or rescheduling commitments so you can join your friends and maintain those cherished relationships.', 'Suggest an alternate weekend for the getaway when you are less busy, demonstrating your interest while staying committed to your personal obligations.', 'Perhaps you could work a few extra hours before the weekend to clear up some urgent tasks, allowing you to enjoy the getaway without worries.']","['low', 'high', 'low', 'high']","[-8.640625, -0.4619140625, -1.1220703125, -3.638671875]","[-0.3600260416666667, -0.0184765625, -0.0448828125, -0.134765625]","[0.1987980455160141, 0.27973392605781555, 0.27244389057159424, 0.2490241378545761]",0.5287580639123917,0.47124193608760834,-0.028758063912391663
trait_agreeableness_00715,agreeableness,low,unrelated_trait_vector,none,trait_agreeableness_00715_act_001,high,"['trait_agreeableness_00715_act_001', 'trait_agreeableness_00715_act_002', 'trait_agreeableness_00715_act_003', 'trait_agreeableness_00715_act_004']","['Suggest a team coffee break for everyone to refresh and help Ulisess feel less isolated in his stress.', 'Advise Ulisess to delegate some tasks to others to manage his workload better, which might alleviate his stress.', 'Offer to take a short walk with Ulisess during lunch, allowing for a change of scenery and a physical break from work.', 'Recommend that Ulisess reevaluate his project timeline and priorities, possibly pushing back less critical tasks.']","['high', 'low', 'high', 'low']","[-0.11138916015625, -3.923828125, -2.580078125, -4.734375]","[-0.005063143643465909, -0.17060122282608695, -0.09923377403846154, -0.23671875]","[0.28162792325019836, 0.23866209387779236, 0.2563173174858093, 0.22339269518852234]",0.5379452247039906,0.46205477529600936,-0.03794522470399064
trait_agreeableness_00716,agreeableness,low,unrelated_trait_vector,none,trait_agreeableness_00716_act_003,high,"['trait_agreeableness_00716_act_001', 'trait_agreeableness_00716_act_002', 'trait_agreeableness_00716_act_003', 'trait_agreeableness_00716_act_004']","['Decline the invitation as your workload and commitments cannot be compromised for additional social events.', 'Skip the ball; prioritize completing your major project and maintaining your current commitments.', ""Maybe you could go to the ball with Ranvir but let him know in advance that you'll need to leave early to manage your other commitments."", 'Consider attending the charity ball for just a short time to show support before focusing back on your project.']","['low', 'low', 'high', 'high']","[-2.466796875, -5.03515625, -0.349365234375, -8.1328125]","[-0.14510569852941177, -0.33567708333333335, -0.012047077047413793, -0.406640625]","[0.26747459173202515, 0.22106420993804932, 0.3055407702922821, 0.20592039823532104]",0.5114611837703342,0.4885388162296658,-0.011461183770334227
trait_agreeableness_00717,agreeableness,low,unrelated_trait_vector,none,trait_agreeableness_00717_act_003,low,"['trait_agreeableness_00717_act_001', 'trait_agreeableness_00717_act_002', 'trait_agreeableness_00717_act_003', 'trait_agreeableness_00717_act_004']","['Consider crafting homemade gifts, which can be both meaningful and budget-friendly.', 'You might also think about baking treats to bring to the parties, as this is an affordable and heartfelt alternative to traditional gifts.', 'Just opt out of gift-giving and explain your financial situation honestly if anyone asks.', 'Alternatively, buy a single bulk gift item that you can split among the various parties to minimize costs.']","['high', 'high', 'low', 'low']","[-3.880859375, -7.046875, -0.044403076171875, -10.4765625]","[-0.27720424107142855, -0.281875, -0.002611945657169118, -0.523828125]","[0.2443333864212036, 0.2431948035955429, 0.32154127955436707, 0.1909305453300476]",0.4875281827520105,0.5124718172479895,0.012471817247989514
trait_agreeableness_00718,agreeableness,low,unrelated_trait_vector,none,trait_agreeableness_00718_act_001,low,"['trait_agreeableness_00718_act_001', 'trait_agreeableness_00718_act_002', 'trait_agreeableness_00718_act_003', 'trait_agreeableness_00718_act_004']","[""You should remain neutral, not laughing or reacting, to clearly indicate that such jokes aren't suitable for the workplace."", ""You might offer a light smile to acknowledge Geordie's attempt at humor without encouraging the nature of the joke."", 'Address Geordie later in private, suggesting that he consider the timing and content of his jokes more carefully in the future.', 'Perhaps gently change the subject to help move the conversation away from the joke and towards more appropriate meeting topics.']","['low', 'high', 'low', 'high']","[-0.163330078125, -1.9130859375, -8.03125, -6.17578125]","[-0.007101307744565217, -0.08317764945652174, -0.32125, -0.29408482142857145]","[0.2934547960758209, 0.2719579041004181, 0.21434243023395538, 0.220244899392128]",0.4922027888237599,0.5077972111762401,0.007797211176240104
trait_agreeableness_00719,agreeableness,low,unrelated_trait_vector,none,trait_agreeableness_00719_act_002,low,"['trait_agreeableness_00719_act_001', 'trait_agreeableness_00719_act_002', 'trait_agreeableness_00719_act_003', 'trait_agreeableness_00719_act_004']","['You might consider asking her if there’s anything specific you can do to help, showing your support goes beyond just professional boundaries.', 'Evaluate if sending flowers could set a precedent you’re uncomfortable with; maintaining professional boundaries is crucial.', 'Sending a thoughtful card along with the flowers can express your support and empathy during her difficult times.', 'Consider simply acknowledging her situation verbally when appropriate, which keeps the support subtle and professional.']","['high', 'low', 'high', 'low']","[-13.359375, -0.423583984375, -2.0078125, -4.08984375]","[-0.534375, -0.022293893914473683, -0.10567434210526316, -0.24057904411764705]","[0.18032532930374146, 0.3009198009967804, 0.2768465578556061, 0.24190828204154968]",0.4571719007841319,0.542828099215868,0.042828099215868054
trait_agreeableness_00720,agreeableness,low,unrelated_trait_vector,none,trait_agreeableness_00720_act_001,low,"['trait_agreeableness_00720_act_001', 'trait_agreeableness_00720_act_002', 'trait_agreeableness_00720_act_003', 'trait_agreeableness_00720_act_004']","['Suggest that Shandel looks into affordable financing or leasing options for a new laptop instead of giving yours away.', 'Keep the laptop for yourself since it could be useful for your future needs, and Shandel can explore other options to acquire one.', 'Consider surprising Shandel with the laptop, making it a heartfelt gesture to help them succeed in their projects.', 'You could gift the laptop to Shandel, as it would really boost their productivity and show how much you support their endeavors.']","['low', 'low', 'high', 'high']","[-0.430908203125, -8.140625, -2.4765625, -2.6484375]","[-0.01958673650568182, -0.31310096153846156, -0.11793154761904762, -0.1059375]","[0.28017112612724304, 0.2089064121246338, 0.2539292573928833, 0.25699326395988464]",0.5109224908994143,0.4890775091005857,-0.010922490899414328
trait_agreeableness_00721,agreeableness,low,unrelated_trait_vector,none,trait_agreeableness_00721_act_001,high,"['trait_agreeableness_00721_act_001', 'trait_agreeableness_00721_act_002', 'trait_agreeableness_00721_act_003', 'trait_agreeableness_00721_act_004']","['You might consider gently expressing to Loujain how much effort and care you put into looking after their cat, which could naturally lead them to offer some form of gratitude.', 'Perhaps you could ask Loujain if they’d be willing to cover the costs you incurred while caring for their pet, as a kind gesture of appreciation.', 'Directly ask Loujain for a compensation for the expenses and time you invested in taking care of the cat, emphasizing that it is only fair.', 'Tell Loujain that taking care of their cat involved certain costs and effort on your part, and it would be reasonable to expect some form of compensation for your troubles.']","['high', 'high', 'low', 'low']","[-1.2861328125, -1.2421875, -1.4208984375, -5.1015625]","[-0.037827435661764705, -0.04007056451612903, -0.04736328125, -0.15004595588235295]","[0.2575913667678833, 0.2570142149925232, 0.25514668226242065, 0.23024776577949524]",0.5146055664239655,0.4853944335760345,-0.014605566423965488
trait_agreeableness_00722,agreeableness,low,unrelated_trait_vector,none,trait_agreeableness_00722_act_002,high,"['trait_agreeableness_00722_act_001', 'trait_agreeableness_00722_act_002', 'trait_agreeableness_00722_act_003', 'trait_agreeableness_00722_act_004']","['Politely decline, explaining that you already have commitments to your personal health this weekend.', 'Offer to help Nazair for a few hours on one day of the weekend so you can also have time for your relaxation.', 'Suggest that Nazair asks other friends who might not already have plans, as your weekend is already booked for personal time.', ""Suggest that Nazair could hire professional movers and you'll provide support by organizing meals or refreshments for everyone on the moving day.""]","['low', 'high', 'low', 'high']","[-4.34765625, -0.06915283203125, -7.42578125, -3.05078125]","[-0.25574448529411764, -0.00276611328125, -0.29703125, -0.11299189814814815]","[0.22722864151000977, 0.2926376461982727, 0.2180381417274475, 0.2620956003665924]",0.5547332300325265,0.4452667699674735,-0.0547332300325265
trait_agreeableness_00723,agreeableness,low,unrelated_trait_vector,none,trait_agreeableness_00723_act_002,low,"['trait_agreeableness_00723_act_001', 'trait_agreeableness_00723_act_002', 'trait_agreeableness_00723_act_003', 'trait_agreeableness_00723_act_004']","[""Maybe express to Tavleen how you're feeling and ask if she's open to the idea of ordering a ride for you, so she can continue enjoying the party."", 'Tell Tavleen directly that you need to leave for your own comfort, regardless of her having fun.', 'You could suggest a compromise to Tavleen; perhaps staying just a bit longer to meet her happiness, then leaving together.', 'Inform Tavleen that you are calling a taxi for yourself because you want to leave now.']","['high', 'low', 'high', 'low']","[-2.412109375, -0.224609375, -5.19140625, -2.365234375]","[-0.07094439338235294, -0.010695684523809524, -0.20765625, -0.1244860197368421]","[0.25758662819862366, 0.27358293533325195, 0.2246726006269455, 0.24415773153305054]",0.48225927912913197,0.517740720870868,0.017740720870867976
trait_agreeableness_00724,agreeableness,low,unrelated_trait_vector,none,trait_agreeableness_00724_act_004,high,"['trait_agreeableness_00724_act_001', 'trait_agreeableness_00724_act_002', 'trait_agreeableness_00724_act_003', 'trait_agreeableness_00724_act_004']","['Suggest that Josalyn finds an alternative or waits for another time when you are less occupied.', 'Keep your business appointment as planned; it’s important to prioritize commitments that impact your professional goals.', 'Perhaps offer to help Josalyn after your business appointment, blending commitment with your supportive nature.', ""You might consider rescheduling the business appointment if Josalyn's request could foster a supportive relationship.""]","['low', 'low', 'high', 'high']","[-4.64453125, -12.078125, -1.6279296875, -0.268798828125]","[-0.2322265625, -0.6356907894736842, -0.08568050986842106, -0.01343994140625]","[0.24567635357379913, 0.16411226987838745, 0.28445103764533997, 0.30576035380363464]",0.5902113826541396,0.40978861734586036,-0.09021138265413964
trait_agreeableness_00725,agreeableness,low,unrelated_trait_vector,none,trait_agreeableness_00725_act_002,high,"['trait_agreeableness_00725_act_001', 'trait_agreeableness_00725_act_002', 'trait_agreeableness_00725_act_003', 'trait_agreeableness_00725_act_004']","[""Apologize sincerely to Webber for the comment and ask them how they feel or if there's anything they'd like to talk about."", 'Express your regret over the upsetting comment, then gently shift the conversation towards a topic that Webber enjoys to lighten the mood.', 'Clarify your comment to Webber, explaining your point of view so they understand your perspective better.', 'Ask Webber to explain why your comment upset them, which can lead to a clearer understanding on both sides.']","['high', 'high', 'low', 'low']","[-3.15625, -0.048736572265625, -6.0390625, -9.59375]","[-0.11272321428571429, -0.001949462890625, -0.301953125, -0.43607954545454547]","[0.2725943624973297, 0.3045266568660736, 0.2255980670452118, 0.1972808837890625]",0.5771210365629506,0.42287896343704945,-0.07712103656295055
trait_agreeableness_00726,agreeableness,low,unrelated_trait_vector,none,trait_agreeableness_00726_act_002,high,"['trait_agreeableness_00726_act_001', 'trait_agreeableness_00726_act_002', 'trait_agreeableness_00726_act_003', 'trait_agreeableness_00726_act_004']","['Suggest that Stevielynn should speak to a financial advisor to better manage her expenses and debt.', 'Offer to help Stevielynn by covering some of her medical expenses or by lending her money if that feels right to you.', 'Advise Stevielynn to negotiate the bills or seek cheaper medical alternatives for future treatments.', 'Consider providing support by helping Stevielynn find financial aid programs or charities that assist with medical bills.']","['low', 'high', 'low', 'high']","[-11.328125, -0.00023567676544189453, -10.4375, -12.703125]","[-0.5394345238095238, -9.064490978534404e-06, -0.5493421052631579, -0.6049107142857143]","[0.21543438732624054, 0.3694745600223541, 0.21331050992012024, 0.20178045332431793]",0.5712550644208548,0.42874493557914517,-0.07125506442085483
trait_agreeableness_00727,agreeableness,low,unrelated_trait_vector,none,trait_agreeableness_00727_act_003,high,"['trait_agreeableness_00727_act_001', 'trait_agreeableness_00727_act_002', 'trait_agreeableness_00727_act_003', 'trait_agreeableness_00727_act_004']","['Consider starting with the positive aspects of the policy, then transition into your concerns, ensuring you maintain a respectful tone throughout.', 'Directly challenge the policy by presenting strong, logical arguments against it and demand a review from management.', 'You could express your concerns by highlighting how the policy impacts team morale, and gently suggest possible alternatives that could benefit everyone.', ""Question the policy's fairness and effectiveness in the meeting, and push for an immediate reconsideration by presenting the overall dissatisfaction of your colleagues.""]","['high', 'low', 'high', 'low']","[-3.935546875, -6.68359375, -1.326171875, -2.982421875]","[-0.16398111979166666, -0.3341796875, -0.055257161458333336, -0.11046006944444445]","[0.24916955828666687, 0.21017387509346008, 0.27778783440589905, 0.2628687024116516]",0.5269574083971205,0.47304259160287954,-0.026957408397120464
trait_agreeableness_00728,agreeableness,low,unrelated_trait_vector,none,trait_agreeableness_00728_act_002,low,"['trait_agreeableness_00728_act_001', 'trait_agreeableness_00728_act_002', 'trait_agreeableness_00728_act_003', 'trait_agreeableness_00728_act_004']","[""Propose a formal vote on the project during the next team meeting to decisively address and move beyond Kashtin's opposition."", ""Firmly defend your project's merits in the next meeting, showcasing robust evidence and data to counter his objections."", 'Consider inviting Kashtin to co-present the project, integrating his viewpoints to strengthen the proposal.', 'Schedule a one-on-one meeting with Kashtin to understand his concerns and discuss potential compromises.']","['low', 'low', 'high', 'high']","[-1.5224609375, -1.1396484375, -2.251953125, -1.080078125]","[-0.05855618990384615, -0.04954993206521739, -0.11852384868421052, -0.05684621710526316]","[0.25300103425979614, 0.2552899122238159, 0.23827511072158813, 0.25343403220176697]",0.49170909896113585,0.5082909010388641,0.008290901038864096
trait_agreeableness_00729,agreeableness,low,unrelated_trait_vector,none,trait_agreeableness_00729_act_001,high,"['trait_agreeableness_00729_act_001', 'trait_agreeableness_00729_act_002', 'trait_agreeableness_00729_act_003', 'trait_agreeableness_00729_act_004']","['Offer to spend time with Janely, perhaps going for a walk or watching a movie together to help her feel less alone.', 'Consider sending Janely a care package filled with her favorite treats and a heartfelt note to show your support and affection.', 'Encourage Janely to join a support group where she can connect with people who understand her grief and can offer perspective.', 'Suggest that Janely seeks professional counseling to address her feelings of hopelessness and to develop coping strategies.']","['high', 'high', 'low', 'low']","[-0.9375, -3.515625, -3.859375, -2.595703125]","[-0.0375, -0.15285326086956522, -0.16080729166666666, -0.12360491071428571]","[0.27081620693206787, 0.24131113290786743, 0.23939934372901917, 0.24847333133220673]",0.5121273322086434,0.48787266779135663,-0.012127332208643371
trait_agreeableness_00730,agreeableness,low,unrelated_trait_vector,none,trait_agreeableness_00730_act_001,low,"['trait_agreeableness_00730_act_001', 'trait_agreeableness_00730_act_002', 'trait_agreeableness_00730_act_003', 'trait_agreeableness_00730_act_004']","['Withhold Meital’s paycheck as a firm action to underline the seriousness of the performance issues and motivate improvement.', 'Consider setting up a meeting with Meital to openly discuss performance issues and explore supportive measures to help improve their work.', 'Implement a direct policy that ties Meital’s pay to specific performance metrics, ensuring accountability and immediate consequences for underperformance.', 'You might want to create an improvement plan that outlines clear goals and timelines for Meital, providing regular feedback and encouragement.']","['low', 'high', 'low', 'high']","[-0.00841522216796875, -15.703125, -14.46875, -22.21875]","[-0.00038251009854403407, -0.6827445652173914, -0.6028645833333334, -0.92578125]","[0.4082888960838318, 0.20635809004306793, 0.2235182225704193, 0.16183483600616455]",0.3681929095897268,0.6318070904102733,0.13180709041027328
trait_agreeableness_00731,agreeableness,low,unrelated_trait_vector,none,trait_agreeableness_00731_act_001,high,"['trait_agreeableness_00731_act_001', 'trait_agreeableness_00731_act_002', 'trait_agreeableness_00731_act_003', 'trait_agreeableness_00731_act_004']","['Perhaps you could delegate some of your responsibilities to other volunteers, which would allow you to continue supporting the charity while also managing your stress better.', ""It's practical to prioritize your own health and professional duties over volunteering; you can always return to it when you're in a better position."", 'You might consider reducing your hours slightly and finding a schedule that allows more time for rest, maintaining your commitment but taking care of your health too.', 'Consider taking a complete break from volunteering to focus entirely on your personal and professional life until you feel less overwhelmed.']","['high', 'low', 'high', 'low']","[-0.74365234375, -2.337890625, -1.3642578125, -1.806640625]","[-0.026559012276785716, -0.08349609375, -0.04704337284482758, -0.08212002840909091]","[0.25837579369544983, 0.24407559633255005, 0.2531369924545288, 0.24441169202327728]",0.5115127480393091,0.48848725196069087,-0.011512748039309129
trait_agreeableness_00732,agreeableness,low,unrelated_trait_vector,none,trait_agreeableness_00732_act_003,high,"['trait_agreeableness_00732_act_001', 'trait_agreeableness_00732_act_002', 'trait_agreeableness_00732_act_003', 'trait_agreeableness_00732_act_004']","['Recommend that they check local moving services or rental trucks, as you need to prioritize your own commitments this weekend.', 'Politely explain that you have long-standing personal plans and suggest that they reschedule the move or ask another friend for help.', 'You could suggest hiring professional movers and then visiting your friend after your retreat to help them unpack and settle in.', 'Offer to help your friend with packing a day or two before your retreat, so you can still support them without cancelling your plans.']","['low', 'low', 'high', 'high']","[-1.3388671875, -1.5732421875, -1.2294921875, -1.6025390625]","[-0.060857599431818184, -0.0629296875, -0.05588600852272727, -0.061636117788461536]","[0.2498665750026703, 0.24934935569763184, 0.2511118948459625, 0.24967211484909058]",0.5007840395441079,0.4992159604558921,-0.000784039544107884
trait_agreeableness_00733,agreeableness,low,unrelated_trait_vector,none,trait_agreeableness_00733_act_003,low,"['trait_agreeableness_00733_act_001', 'trait_agreeableness_00733_act_002', 'trait_agreeableness_00733_act_003', 'trait_agreeableness_00733_act_004']","['You could politely excuse yourself from your current commitment, explaining the importance of timely attendance at your work meeting.', 'Consider contacting a colleague who is also attending the meeting and kindly ask if they can cover the beginning part until you arrive.', ""Just focus on finishing your current commitment properly, even if it means being late; you can't always please everyone."", ""Send a quick message to inform them you'll be late, then proceed with your current engagement without cutting it short.""]","['high', 'high', 'low', 'low']","[-5.30859375, -3.126953125, -0.0916748046875, -4.54296875]","[-0.25279017857142855, -0.13028971354166666, -0.003985861073369565, -0.19752038043478262]","[0.2237318605184555, 0.2528885006904602, 0.28693410754203796, 0.2364455759525299]",0.47662033990232616,0.5233796600976739,0.023379660097673893
trait_agreeableness_00734,agreeableness,low,unrelated_trait_vector,none,trait_agreeableness_00734_act_002,high,"['trait_agreeableness_00734_act_001', 'trait_agreeableness_00734_act_002', 'trait_agreeableness_00734_act_003', 'trait_agreeableness_00734_act_004']","['Directly ask both colleagues to clarify their points and explain the reasoning behind their disagreements in the meeting, fostering a clear and open dialogue.', 'You might consider suggesting a team-building activity that focuses on communication skills, which can improve overall team harmony without direct confrontation.', 'You could inform your manager about the disruptive behavior, letting them handle the situation and possibly mediate the conflict.', 'Perhaps you could recommend a feedback session where everyone gets the chance to express their thoughts in a structured manner, making the atmosphere more open and less tense.']","['low', 'high', 'low', 'high']","[-2.9921875, -0.452392578125, -9.4765625, -2.3828125]","[-0.11082175925925926, -0.018849690755208332, -0.4307528409090909, -0.07942708333333333]","[0.25944197177886963, 0.28443512320518494, 0.1884065419435501, 0.26771628856658936]",0.5521514529102634,0.44784854708973665,-0.05215145291026335
trait_agreeableness_00735,agreeableness,low,unrelated_trait_vector,none,trait_agreeableness_00735_act_002,low,"['trait_agreeableness_00735_act_001', 'trait_agreeableness_00735_act_002', 'trait_agreeableness_00735_act_003', 'trait_agreeableness_00735_act_004']","['Maybe you can ask your friend how they feel about their project first to understand their perspective before sharing your thoughts.', 'Just be straightforward and tell your friend what you really think about the art project; they asked for honesty, after all.', 'You could mention specific aspects you like while gently suggesting improvements in areas you think could be better.', 'Recommend your friend to seek feedback from professional artists as well, which can provide them with a more objective critique.']","['high', 'low', 'high', 'low']","[-7.25, -0.0009684562683105469, -17.765625, -16.515625]","[-0.32954545454545453, -4.035234451293945e-05, -0.9350328947368421, -0.7507102272727273]","[0.2783677875995636, 0.3870091140270233, 0.15193544328212738, 0.18268774449825287]",0.4303031924095876,0.5696968075904124,0.06969680759041241
trait_agreeableness_00736,agreeableness,low,unrelated_trait_vector,none,trait_agreeableness_00736_act_001,low,"['trait_agreeableness_00736_act_001', 'trait_agreeableness_00736_act_002', 'trait_agreeableness_00736_act_003', 'trait_agreeableness_00736_act_004']","['Suggest a compromise where Jahnia could redistribute some of the tasks among other team members to lessen your burden.', 'Decline the proposal, citing your current responsibilities and the importance of maintaining your personal life balance.', 'Perhaps you could agree to the new plan, but clarify your availability and limits to ensure your personal time is respected.', 'You might consider agreeing to the plan but also ask for help or support to manage the increased workload effectively.']","['low', 'low', 'high', 'high']","[-0.873046875, -1.9365234375, -1.6220703125, -2.57421875]","[-0.03968394886363636, -0.10192228618421052, -0.07052479619565218, -0.12258184523809523]","[0.2611147463321686, 0.24535879492759705, 0.25318464636802673, 0.24034179747104645]",0.4935264511931904,0.5064735488068096,0.006473548806809615
trait_agreeableness_00737,agreeableness,low,unrelated_trait_vector,none,trait_agreeableness_00737_act_002,high,"['trait_agreeableness_00737_act_001', 'trait_agreeableness_00737_act_002', 'trait_agreeableness_00737_act_003', 'trait_agreeableness_00737_act_004']","['You could gently remind your colleagues about the value of discussing concerns directly with PersonZ to promote a more understanding and supportive work environment.', 'Consider sharing positive experiences or achievements of PersonZ to subtly shift the tone of the conversation to something more constructive and appreciative.', ""You might propose focusing the discussion on tasks and projects instead, pointing out that speculative talk is not productive or beneficial for the team's goals."", 'Suggest setting up a meeting where concerns can be addressed openly with PersonZ present, ensuring a fair dialogue and cutting out behind-the-back criticisms.']","['high', 'high', 'low', 'low']","[-13.046875, -0.408447265625, -1.2373046875, -3.16015625]","[-0.5018028846153846, -0.016337890625, -0.044189453125, -0.1089709051724138]","[0.1758582592010498, 0.2857574224472046, 0.27790844440460205, 0.26047590374946594]",0.4616156678910354,0.5383843321089645,0.038384332108964525
trait_agreeableness_00738,agreeableness,low,unrelated_trait_vector,none,trait_agreeableness_00738_act_002,high,"['trait_agreeableness_00738_act_001', 'trait_agreeableness_00738_act_002', 'trait_agreeableness_00738_act_003', 'trait_agreeableness_00738_act_004']","['Recommend they look into local community services like food banks and job training workshops to become more self-sufficient.', 'Offer to babysit the children a couple of times a week to give the parents time to job search or handle other responsibilities.', 'Suggest setting up a schedule where they can gradually take over the childcare and household chores as they stabilize financially.', 'Prepare some extra meals that can easily be reheated, to relieve them from cooking duties for a few days.']","['low', 'high', 'low', 'high']","[-2.20703125, -0.39208984375, -2.8203125, -2.111328125]","[-0.10509672619047619, -0.01568359375, -0.12819602272727273, -0.09596946022727272]","[0.245106041431427, 0.26803138852119446, 0.23950916528701782, 0.2473534345626831]",0.5153848077242134,0.48461519227578664,-0.015384807724213356
trait_agreeableness_00739,agreeableness,low,unrelated_trait_vector,none,trait_agreeableness_00739_act_004,low,"['trait_agreeableness_00739_act_001', 'trait_agreeableness_00739_act_002', 'trait_agreeableness_00739_act_003', 'trait_agreeableness_00739_act_004']","['Consider encouraging Destinnie to seek advice from an independent financial advisor to ensure she makes a well-informed decision.', 'Go ahead and emphasize the potential high returns of the deal to persuade Destinnie, focusing on how such investments can significantly pay off.', 'You could prioritize transparency and discuss both the potential benefits and risks openly with Destinnie, emphasizing that the final decision is hers to make.', ""You should highlight the unique chance this deal represents and pitch it as a strategically aggressive investment that shouldn't be missed.""]","['high', 'low', 'high', 'low']","[-1.9267578125, -2.724609375, -2.236328125, -0.8935546875]","[-0.08757990056818182, -0.10479266826923077, -0.08282696759259259, -0.038850203804347824]","[0.24766971170902252, 0.24344311654567719, 0.24884967505931854, 0.26003748178482056]",0.4965193941670566,0.5034806058329434,0.0034806058329434064
trait_agreeableness_00740,agreeableness,low,unrelated_trait_vector,none,trait_agreeableness_00740_act_001,low,"['trait_agreeableness_00740_act_001', 'trait_agreeableness_00740_act_002', 'trait_agreeableness_00740_act_003', 'trait_agreeableness_00740_act_004']","[""Confront Hikari then and there by firmly stating the discomfort they're causing, to immediately address the issue."", ""Directly tell Hikari that their behavior is inappropriate and advise them to stop immediately if you feel it's disruptive enough."", 'Maybe suggest a quick, quiet walk with Hikari outside the venue to discuss the issue discreetly and help them regain composure.', 'Consider pulling Hikari aside gently to express your concerns in private, aiming to avoid public embarrassment.']","['low', 'low', 'high', 'high']","[-0.25048828125, -3.01171875, -1.7958984375, -5.53125]","[-0.010890794836956522, -0.12046875, -0.06651475694444445, -0.2765625]","[0.2771005928516388, 0.24834094941616058, 0.2621079981327057, 0.21245045959949493]",0.4745584577322006,0.5254415422677994,0.025441542267799377
trait_agreeableness_00741,agreeableness,low,unrelated_trait_vector,none,trait_agreeableness_00741_act_003,low,"['trait_agreeableness_00741_act_001', 'trait_agreeableness_00741_act_002', 'trait_agreeableness_00741_act_003', 'trait_agreeableness_00741_act_004']","['You might consider arranging a private, friendly chat with Janya to understand any challenges she’s facing and discuss how you can help her meet her deadlines.', 'Perhaps you could offer to help Janya organize her tasks or suggest setting up a team meeting to realign everyone’s responsibilities and deadlines.', ""Directly inform Janya that her missed deadlines are impacting the team's performance and she needs to adhere to the project timeline more strictly."", 'Send an email to Janya outlining the deadlines and mentioning that further delays could lead to discussions with higher management.']","['high', 'high', 'low', 'low']","[-1.7431640625, -3.33984375, -0.290771484375, -7.4765625]","[-0.05810546875, -0.12369791666666667, -0.010769314236111112, -0.33984375]","[0.26741841435432434, 0.25044071674346924, 0.28038138151168823, 0.2017594873905182]",0.5178591310977936,0.4821408689022064,-0.01785913109779358
trait_agreeableness_00742,agreeableness,low,unrelated_trait_vector,none,trait_agreeableness_00742_act_001,low,"['trait_agreeableness_00742_act_001', 'trait_agreeableness_00742_act_002', 'trait_agreeableness_00742_act_003', 'trait_agreeableness_00742_act_004']","['Directly point out the flaw during the meeting and suggest an alternative strategy that mitigates these risks.', 'Consider suggesting a follow-up meeting where you can review the strategy more thoroughly together, to align on the best approach.', 'Challenge the strategy openly in the meeting to ensure everyone is aware of the potential losses, emphasizing the need for a robust discussion.', 'You could express your concerns by privately messaging your colleague, framing it as seeking to understand their perspective better.']","['low', 'high', 'low', 'high']","[-0.66064453125, -6.31640625, -0.943359375, -4.73828125]","[-0.0330322265625, -0.27462635869565216, -0.037734375, -0.22563244047619047]","[0.2773543894290924, 0.21782717108726501, 0.2760532796382904, 0.22876513004302979]",0.4465923144397829,0.553407685560217,0.05340768556021702
trait_agreeableness_00743,agreeableness,low,unrelated_trait_vector,none,trait_agreeableness_00743_act_002,low,"['trait_agreeableness_00743_act_001', 'trait_agreeableness_00743_act_002', 'trait_agreeableness_00743_act_003', 'trait_agreeableness_00743_act_004']","['Maybe you could offer to help train someone else to share the workload, easing the burden on you.', 'Just say no to additional shifts and prioritize your health over voluntary extras.', 'You might consider gently explaining to your supervisor your health concerns and see if you can reduce the extra shifts.', ""Take a step back and let others step up; you're not the only one who can volunteer for extra work.""]","['high', 'low', 'high', 'low']","[-8.5078125, -0.007122039794921875, -6.19140625, -6.37890625]","[-0.425390625, -0.0005087171282087054, -0.29482886904761907, -0.27734375]","[0.20710600912570953, 0.3167499601840973, 0.2359907329082489, 0.24015334248542786]",0.4430967222259914,0.5569032777740086,0.05690327777400861
trait_agreeableness_00744,agreeableness,low,unrelated_trait_vector,none,trait_agreeableness_00744_act_001,low,"['trait_agreeableness_00744_act_001', 'trait_agreeableness_00744_act_002', 'trait_agreeableness_00744_act_003', 'trait_agreeableness_00744_act_004']","['Escalate the issue to your manager or HR department to formally address the rumors and protect your professional reputation.', 'Address the situation directly by confronting your colleague and demand they stop spreading unfounded rumors immediately.', 'Offer to collaborate on a project together which could help improve your relationship and show your genuine intentions.', 'Invite your colleague for a coffee and gently discuss the impact their behavior is having on you, aiming to clear up any misunderstandings.']","['low', 'low', 'high', 'high']","[-0.623046875, -2.73046875, -1.30078125, -3.482421875]","[-0.0283203125, -0.15169270833333334, -0.06846217105263158, -0.1339393028846154]","[0.26706868410110474, 0.23607121407985687, 0.256560355424881, 0.24029970169067383]",0.4968600793269312,0.5031399206730688,0.0031399206730687856
trait_agreeableness_00745,agreeableness,low,unrelated_trait_vector,none,trait_agreeableness_00745_act_002,high,"['trait_agreeableness_00745_act_001', 'trait_agreeableness_00745_act_002', 'trait_agreeableness_00745_act_003', 'trait_agreeableness_00745_act_004']","['You could give your friend the guitar as a gift to help ease their financial burden and share the joy of music.', 'Consider lending the guitar to your friend until they can afford one, creating a win-win situation where you keep ownership and they get to play.', 'Keep the guitar since giving it away could set a precedent for similar expectations in the future.', 'Suggest that your friend looks for affordable second-hand options online, emphasizing the importance of financial responsibility.']","['high', 'high', 'low', 'low']","[-3.078125, -0.7294921875, -0.99951171875, -4.87109375]","[-0.13383152173913043, -0.026053292410714284, -0.05552842881944445, -0.2435546875]","[0.24441909790039062, 0.272234171628952, 0.26432713866233826, 0.21901960670948029]",0.5166532618306091,0.4833467381693909,-0.016653261830609112
trait_agreeableness_00746,agreeableness,low,unrelated_trait_vector,none,trait_agreeableness_00746_act_002,high,"['trait_agreeableness_00746_act_001', 'trait_agreeableness_00746_act_002', 'trait_agreeableness_00746_act_003', 'trait_agreeableness_00746_act_004']","['Consider suggesting that Aythana delegate specific tasks to other team members or ask for an extension from the project lead.', ""Absolutely, offering your assistance could greatly alleviate Aythana's stress and help distribute the project tasks more manageably."", 'Recommend to Aythana to reevaluate her project plan and identify priorities; she might need to focus on key areas and drop less critical tasks.', 'Yes, stepping in to help Aythana not only supports her but also strengthens the teamwork within the project.']","['low', 'high', 'low', 'high']","[-6.2265625, -0.18017578125, -11.6796875, -1.9296875]","[-0.27072010869565216, -0.007833729619565218, -0.4027478448275862, -0.08771306818181818]","[0.22842425107955933, 0.29710662364959717, 0.20017199218273163, 0.2742970585823059]",0.5714037248047982,0.4285962751952018,-0.07140372480479817
trait_agreeableness_00747,agreeableness,low,unrelated_trait_vector,none,trait_agreeableness_00747_act_001,high,"['trait_agreeableness_00747_act_001', 'trait_agreeableness_00747_act_002', 'trait_agreeableness_00747_act_003', 'trait_agreeableness_00747_act_004']","['Consider suggesting a brief team check-in where everyone updates the group on their progress, allowing Carielle to share in a non-confrontational setting.', ""Point out directly to Carielle during the meeting that you've noticed discrepancies in their work, asking for an immediate clarification."", 'Perhaps you could invite Carielle for a private chat to gently inquire about their progress and any challenges they might be facing.', ""Challenge Carielle in the meeting to present detailed evidence of their progress to ensure they're held accountable in front of the team.""]","['high', 'low', 'high', 'low']","[-0.5751953125, -1.2998046875, -4.08203125, -4.22265625]","[-0.019173177083333333, -0.0519921875, -0.16328125, -0.16240985576923078]","[0.2702661156654358, 0.2615402340888977, 0.23399482667446136, 0.23419882357120514]",0.5042609423398972,0.49573905766010284,-0.004260942339897156
trait_agreeableness_00748,agreeableness,low,unrelated_trait_vector,none,trait_agreeableness_00748_act_002,low,"['trait_agreeableness_00748_act_001', 'trait_agreeableness_00748_act_002', 'trait_agreeableness_00748_act_003', 'trait_agreeableness_00748_act_004']","['Document specific instances where Melicia took undue credit and present these to your supervisor as evidence.', ""Report the behavior to your supervisor immediately to prevent further damage to the team's morale."", 'Consider organizing a team intervention where everyone can openly discuss their feelings about fairness and recognition.', 'You could speak with Melicia first to express your concerns and give them a chance to rectify the situation themselves.']","['low', 'low', 'high', 'high']","[-4.296875, -0.0139923095703125, -9.4375, -13.140625]","[-0.2387152777777778, -0.0008230770335477941, -0.5551470588235294, -0.5713315217391305]","[0.26922518014907837, 0.3415316641330719, 0.19619645178318024, 0.1930466741323471]",0.3892431375158768,0.6107568624841232,0.1107568624841232
trait_agreeableness_00749,agreeableness,low,unrelated_trait_vector,none,trait_agreeableness_00749_act_004,low,"['trait_agreeableness_00749_act_001', 'trait_agreeableness_00749_act_002', 'trait_agreeableness_00749_act_003', 'trait_agreeableness_00749_act_004']","['You might consider addressing the discomfort with Tagert directly by kindly expressing how their behavior makes you feel and seeking a mutual understanding.', 'Perhaps you could involve a mediator from HR to help facilitate a constructive conversation with Tagert, which might improve your work environment.', 'Stand your ground and confront Tagert directly about their aggressive behavior without sugarcoating your concerns.', 'Keep avoiding Tagert if interacting with them disrupts your productivity and peace of mind, focusing instead on your own work responsibilities.']","['high', 'high', 'low', 'low']","[-17.015625, -11.1796875, -4.8359375, -0.0085601806640625]","[-0.680625, -0.4471875, -0.2545230263157895, -0.0003424072265625]","[0.17335088551044464, 0.2189307063817978, 0.2654482126235962, 0.342270165681839]",0.39228160358314523,0.6077183964168548,0.10771839641685477
trait_agreeableness_00750,agreeableness,low,unrelated_trait_vector,none,trait_agreeableness_00750_act_003,low,"['trait_agreeableness_00750_act_001', 'trait_agreeableness_00750_act_002', 'trait_agreeableness_00750_act_003', 'trait_agreeableness_00750_act_004']","['Directly challenge the strategy in a team meeting by clearly outlining the potential pitfalls and presenting your alternative solutions.', 'You might consider gently suggesting a team meeting to review the project strategy and express your concerns in a supportive manner.', 'Write a concise, fact-based email to your project leader detailing why the current strategy might fail and suggest a meeting to discuss viable alternatives.', 'Perhaps you could offer to help research or present alternative strategies that could complement the current plan without dismissing it entirely.']","['low', 'high', 'low', 'high']","[-1.90234375, -2.603515625, -0.305419921875, -4.9609375]","[-0.09058779761904762, -0.11834161931818182, -0.011311848958333334, -0.2254971590909091]","[0.25452250242233276, 0.2475556582212448, 0.2755213677883148, 0.22240050137043]",0.4699561455858903,0.5300438544141097,0.030043854414109727
trait_agreeableness_00701,agreeableness,high,as_pas_only,none,trait_agreeableness_00701_act_002,high,"['trait_agreeableness_00701_act_001', 'trait_agreeableness_00701_act_002', 'trait_agreeableness_00701_act_003', 'trait_agreeableness_00701_act_004']","['You could propose a meeting to discuss the strengths of each theme and consider blending elements of both to please a wider audience.', 'Maybe consult with other team members for their opinions to see if a consensus can be achieved that respects both perspectives.', 'Stick to presenting clear, data-backed arguments on why a cultural heritage theme could draw more interest and community engagement.', 'Insist on setting clear objectives for the event and demonstrate how your theme aligns better with those goals compared to a modern tech theme.']","['high', 'high', 'low', 'low']","[-4.9921875, -1.0048828125, -3.927734375, -8.6328125]","[-0.2080078125, -0.04567649147727273, -0.17853338068181818, -0.3197337962962963]","[0.24387553334236145, 0.28685855865478516, 0.2511706054210663, 0.21809525787830353]",0.5307341157228105,0.5307341157228105,0.030734115722810484
trait_agreeableness_00702,agreeableness,high,as_pas_only,none,trait_agreeableness_00702_act_002,high,"['trait_agreeableness_00702_act_001', 'trait_agreeableness_00702_act_002', 'trait_agreeableness_00702_act_003', 'trait_agreeableness_00702_act_004']","['Clearly communicate to your supervisor the unrealistic nature of the additional workload and negotiate down the responsibilities.', 'Consider discussing a phased approach with your boss to gradually integrate the new project while maintaining balance with your current tasks.', 'Prioritize your tasks and cut down on the least essential ones; put focus only on what genuinely requires your expertise.', 'You could ask for support from your team or colleagues to help manage the workload more efficiently.']","['low', 'high', 'low', 'high']","[-0.859375, -0.64697265625, -3.81640625, -9.2109375]","[-0.04774305555555555, -0.029407848011363636, -0.16593070652173914, -0.51171875]","[0.2828204333782196, 0.28805384039878845, 0.25129425525665283, 0.1778315156698227]",0.4658853352419137,0.4658853352419137,-0.03411466475808628
trait_agreeableness_00703,agreeableness,high,as_pas_only,none,trait_agreeableness_00703_act_004,low,"['trait_agreeableness_00703_act_001', 'trait_agreeableness_00703_act_002', 'trait_agreeableness_00703_act_003', 'trait_agreeableness_00703_act_004']","['Consider setting aside a portion of your bonus for your vacation and donate a portion to your friend to ease their burden.', 'Invest the bonus in a personal savings or retirement fund to ensure your future financial stability.', 'You could offer to help your friend cover some of their medical expenses with part of your bonus.', 'Use the bonus for the vacation you’ve been planning, as personal relaxation and fulfillment are important.']","['high', 'low', 'high', 'low']","[-3.44140625, -2.779296875, -3.98828125, -0.310302734375]","[-0.14962635869565216, -0.16348805147058823, -0.2099095394736842, -0.016331722861842105]","[0.2456810176372528, 0.24229896068572998, 0.23130814731121063, 0.280711829662323]",0.4769891862715417,0.4769891862715417,-0.023010813728458313
trait_agreeableness_00704,agreeableness,high,as_pas_only,none,trait_agreeableness_00704_act_002,low,"['trait_agreeableness_00704_act_001', 'trait_agreeableness_00704_act_002', 'trait_agreeableness_00704_act_003', 'trait_agreeableness_00704_act_004']","['Challenge the team to justify the strategy with data or precedents, given its similarity to past unsuccessful attempts.', 'Directly state the issues and shortcomings you foresee with the agreed strategy to ensure they are aware of the potential risks.', 'Maybe suggest setting up a small trial run of the strategy first, to demonstrate the outcomes before fully committing.', 'You could gently express your concerns and propose discussing alternative strategies that could prevent potential issues.']","['low', 'low', 'high', 'high']","[-1.6064453125, -1.6376953125, -1.9501953125, -2.388671875]","[-0.07649739583333333, -0.07120414402173914, -0.09286644345238096, -0.14051011029411764]","[0.25464311242103577, 0.255994588136673, 0.25050878524780273, 0.23885348439216614]",0.48936228422410144,0.48936228422410144,-0.01063771577589856
trait_agreeableness_00705,agreeableness,high,as_pas_only,none,trait_agreeableness_00705_act_001,high,"['trait_agreeableness_00705_act_001', 'trait_agreeableness_00705_act_002', 'trait_agreeableness_00705_act_003', 'trait_agreeableness_00705_act_004']","['You could consider politely reaching out to the rental agency to express your concerns and ask for possible solutions or compensation.', 'Maybe try to calmly discuss the discrepancies with the agency, highlighting the missing amenities and differences in the property, and request an amicable resolution.', 'Demand an immediate response from the rental agency and insist on a partial refund or relocation to a property that matches the initial description.', 'Send a firm email to the agency detailing every issue, and make it clear you expect swift action or you will consider legal advice.']","['high', 'high', 'low', 'low']","[-0.153564453125, -1.9931640625, -23.984375, -15.09375]","[-0.006980202414772727, -0.07118443080357142, -0.959375, -0.5805288461538461]","[0.3463621437549591, 0.3248230814933777, 0.13363203406333923, 0.19518272578716278]",0.6711852352497761,0.6711852352497761,0.17118523524977614
trait_agreeableness_00706,agreeableness,high,as_pas_only,none,trait_agreeableness_00706_act_002,high,"['trait_agreeableness_00706_act_001', 'trait_agreeableness_00706_act_002', 'trait_agreeableness_00706_act_003', 'trait_agreeableness_00706_act_004']","['Directly confront Marybella in your next team meeting by highlighting specific instances where your ideas were dismissed and demand a justification.', 'Consider asking Marybella for a private meeting to express how valuable you feel contributions from all team members are, including yours.', 'Email the whole team including your manager outlining how the dismissal of ideas by any team member, including Marybella, negatively impacts project creativity and ask for more structured discussion protocols.', 'Maybe propose a team brainstorming session where everyone submits one idea anonymously to ensure each thought is considered without bias.']","['low', 'high', 'low', 'high']","[-5.0078125, -0.053619384765625, -4.9921875, -6.9140625]","[-0.2003125, -0.002144775390625, -0.14263392857142856, -0.3142755681818182]","[0.23976030945777893, 0.2923078238964081, 0.2539959251880646, 0.2139359414577484]",0.5062437653541565,0.5062437653541565,0.006243765354156494
trait_agreeableness_00707,agreeableness,high,as_pas_only,none,trait_agreeableness_00707_act_002,low,"['trait_agreeableness_00707_act_001', 'trait_agreeableness_00707_act_002', 'trait_agreeableness_00707_act_003', 'trait_agreeableness_00707_act_004']","['Perhaps eat a healthy meal before the party to lessen your cravings and politely sample very small amounts of your favorite foods.', 'Just say no to the unhealthy options and stick firmly to your diet plan; it’s about your health after all.', 'You could bring a dish to share that fits your diet so you have a healthy option available and still enjoy the party.', 'Ignore the offerings and focus on socializing, not eating; you’re there for your friend, not the food.']","['high', 'low', 'high', 'low']","[-3.271484375, -0.492431640625, -1.5078125, -14.4921875]","[-0.1422384510869565, -0.02141007133152174, -0.06282552083333333, -0.6300951086956522]","[0.2614362835884094, 0.295012891292572, 0.28304433822631836, 0.16050642728805542]",0.5444806542683037,0.5444806542683037,0.04448065426830372
trait_agreeableness_00708,agreeableness,high,as_pas_only,none,trait_agreeableness_00708_act_001,low,"['trait_agreeableness_00708_act_001', 'trait_agreeableness_00708_act_002', 'trait_agreeableness_00708_act_003', 'trait_agreeableness_00708_act_004']","['Simply note the achievement directly to Nazareth and mention that you noticed the milestone, encouraging them to own their success publicly.', ""Challenge Nazareth in a light-hearted manner about why they haven't boasted about their success yet, to push them out of their comfort zone."", 'Encourage mutual friends or coworkers to subtly acknowledge the achievement, fostering a supportive environment without overwhelming Nazareth.', 'Quietly congratulate Nazareth in a personal message to show your support and respect for their privacy.']","['low', 'low', 'high', 'high']","[-0.051483154296875, -11.875, -3.1484375, -5.48828125]","[-0.0021451314290364585, -0.42410714285714285, -0.14992559523809523, -0.28885690789473684]","[0.3058938682079315, 0.20059265196323395, 0.2638702988624573, 0.2296431064605713]",0.4935134420926453,0.4935134420926453,-0.006486557907354695
trait_agreeableness_00709,agreeableness,high,as_pas_only,none,trait_agreeableness_00709_act_001,high,"['trait_agreeableness_00709_act_001', 'trait_agreeableness_00709_act_002', 'trait_agreeableness_00709_act_003', 'trait_agreeableness_00709_act_004']","['Consider politely telling Zacharyah that his advances are making you uncomfortable and you would like to keep your relationship professional.', 'Maybe talk to a trusted colleague or a supervisor for advice on how to approach Zacharyah about this sensitive issue.', 'Directly tell Zacharyah to stop the advances, asserting that they are inappropriate and unwelcome at the workplace.', 'If speaking to him directly doesn’t work, report the behavior to your HR department to handle it formally.']","['high', 'high', 'low', 'low']","[-0.0010709762573242188, -7.296875, -9.40625, -13.7265625]","[-4.656418510105299e-05, -0.3172554347826087, -0.40896739130434784, -0.6536458333333334]","[0.343322217464447, 0.24999989569187164, 0.22809189558029175, 0.1785859763622284]",0.5933221219975072,0.5933221219975072,0.09332212199750722
trait_agreeableness_00710,agreeableness,high,as_pas_only,none,trait_agreeableness_00710_act_002,high,"['trait_agreeableness_00710_act_001', 'trait_agreeableness_00710_act_002', 'trait_agreeableness_00710_act_003', 'trait_agreeableness_00710_act_004']","['Demand an explanation as to why you were excluded from the discussion, asserting your right to know what concerns your family.', 'Approach a family member gently and express that you would appreciate being included in the conversation as it would help you cope better with the group.', 'Confront the family decisively about the secrecy, making it clear that you expect transparency in future matters.', 'Politely express to your family that you feel left out and assure them that you are capable of handling the situation more calmly with their support.']","['low', 'high', 'low', 'high']","[-15.6015625, -0.004730224609375, -12.1328125, -5.56640625]","[-0.678328804347826, -0.00016893659319196428, -0.5777529761904762, -0.19880022321428573]","[0.17570462822914124, 0.34618186950683594, 0.1942955106496811, 0.28381794691085815]",0.6299998445808818,0.6299998445808818,0.12999984458088176
trait_agreeableness_00711,agreeableness,high,as_pas_only,none,trait_agreeableness_00711_act_002,low,"['trait_agreeableness_00711_act_001', 'trait_agreeableness_00711_act_002', 'trait_agreeableness_00711_act_003', 'trait_agreeableness_00711_act_004']","['Perhaps you might weigh the emotional costs against the professional gains and decide if the move aligns with your long-term personal happiness and career goals.', 'Take the job; advancing in your career is a priority, and the significant pay increase justifies the move.', 'You could consider accepting the job and finding ways to maintain strong relationships with your family and friends through regular visits and digital communication.', 'Move to the new city; it’s a valuable opportunity for professional growth, and personal relationships can adapt if they’re truly important.']","['high', 'low', 'high', 'low']","[-8.390625, -0.023590087890625, -5.09375, -6.03125]","[-0.29966517857142855, -0.0010722767223011363, -0.20375, -0.23197115384615385]","[0.22130435705184937, 0.2983095943927765, 0.2435821145772934, 0.2368040382862091]",0.46488642313771006,0.46488642313771006,-0.03511357686228994
trait_agreeableness_00712,agreeableness,high,as_pas_only,none,trait_agreeableness_00712_act_003,high,"['trait_agreeableness_00712_act_001', 'trait_agreeableness_00712_act_002', 'trait_agreeableness_00712_act_003', 'trait_agreeableness_00712_act_004']","['Consider leveraging your time on more personal meetings where you can have genuine interactions, rather than a large industry event.', 'Skip the dinner if it really goes against your preferences and focus on networking in ways that make you feel comfortable.', 'You might find it rewarding to go and connect with a few people, making the experience more manageable and meaningful for you.', 'Consider attending the dinner to nurture relationships that could be beneficial for future collaborations or opportunities.']","['low', 'low', 'high', 'high']","[-6.62890625, -6.234375, -0.49609375, -0.984375]","[-0.30131392045454547, -0.2833806818181818, -0.020670572916666668, -0.057904411764705885]","[0.21655955910682678, 0.22047820687294006, 0.28672081232070923, 0.27624139189720154]",0.5629622209954924,0.5629622209954924,0.06296222099549242
trait_agreeableness_00713,agreeableness,high,as_pas_only,none,trait_agreeableness_00713_act_002,high,"['trait_agreeableness_00713_act_001', 'trait_agreeableness_00713_act_002', 'trait_agreeableness_00713_act_003', 'trait_agreeableness_00713_act_004']","[""You could accept the nomination gracefully as it honors not just your work but also your team's effort."", 'Perhaps you might consider a compromise by accepting the nomination and requesting a more low-key acknowledgment at the ceremony.', 'Decline the nomination if it makes you uncomfortable; maintaining your personal comfort is more important than external recognition.', 'You might just let them know that while you appreciate the gesture, you prefer achievements to be celebrated internally rather than publicly.']","['high', 'high', 'low', 'low']","[-2.80859375, -0.505859375, -11.6015625, -1.4951171875]","[-0.1404296875, -0.024088541666666668, -0.5524553571428571, -0.062296549479166664]","[0.2586015462875366, 0.29050755500793457, 0.17127369344234467, 0.27961722016334534]",0.5491090931131081,0.5491090931131081,0.04910909311310807
trait_agreeableness_00714,agreeableness,high,as_pas_only,none,trait_agreeableness_00714_act_002,high,"['trait_agreeableness_00714_act_001', 'trait_agreeableness_00714_act_002', 'trait_agreeableness_00714_act_003', 'trait_agreeableness_00714_act_004']","['Just let them know that your current responsibilities cannot be set aside, and you must prioritize completing your pending work this weekend.', 'You might consider delegating some of your tasks or rescheduling commitments so you can join your friends and maintain those cherished relationships.', 'Suggest an alternate weekend for the getaway when you are less busy, demonstrating your interest while staying committed to your personal obligations.', 'Perhaps you could work a few extra hours before the weekend to clear up some urgent tasks, allowing you to enjoy the getaway without worries.']","['low', 'high', 'low', 'high']","[-14.828125, -0.1373291015625, -2.16796875, -4.48046875]","[-0.6178385416666666, -0.0054931640625, -0.08671875, -0.16594328703703703]","[0.16348214447498322, 0.3015841543674469, 0.278056263923645, 0.25687742233276367]",0.5584615850219367,0.5584615850219367,0.05846158502193666
trait_agreeableness_00715,agreeableness,high,as_pas_only,none,trait_agreeableness_00715_act_001,high,"['trait_agreeableness_00715_act_001', 'trait_agreeableness_00715_act_002', 'trait_agreeableness_00715_act_003', 'trait_agreeableness_00715_act_004']","['Suggest a team coffee break for everyone to refresh and help Ulisess feel less isolated in his stress.', 'Advise Ulisess to delegate some tasks to others to manage his workload better, which might alleviate his stress.', 'Offer to take a short walk with Ulisess during lunch, allowing for a change of scenery and a physical break from work.', 'Recommend that Ulisess reevaluate his project timeline and priorities, possibly pushing back less critical tasks.']","['high', 'low', 'high', 'low']","[-0.57568359375, -3.107421875, -0.95068359375, -5.40234375]","[-0.026167436079545456, -0.1351052989130435, -0.03656475360576923, -0.2701171875]","[0.2724818289279938, 0.24435792863368988, 0.26966342329978943, 0.2134968787431717]",0.5421452199134099,0.5421452199134099,0.042145219913409915
trait_agreeableness_00716,agreeableness,high,as_pas_only,none,trait_agreeableness_00716_act_003,high,"['trait_agreeableness_00716_act_001', 'trait_agreeableness_00716_act_002', 'trait_agreeableness_00716_act_003', 'trait_agreeableness_00716_act_004']","['Decline the invitation as your workload and commitments cannot be compromised for additional social events.', 'Skip the ball; prioritize completing your major project and maintaining your current commitments.', ""Maybe you could go to the ball with Ranvir but let him know in advance that you'll need to leave early to manage your other commitments."", 'Consider attending the charity ball for just a short time to show support before focusing back on your project.']","['low', 'low', 'high', 'high']","[-9.84375, -4.95703125, -0.044097900390625, -3.8125]","[-0.5790441176470589, -0.33046875, -0.001520617254849138, -0.190625]","[0.18055540323257446, 0.23150767385959625, 0.32168126106262207, 0.26625561714172363]",0.5879369044871735,0.5879369044871735,0.0879369044871735
trait_agreeableness_00717,agreeableness,high,as_pas_only,none,trait_agreeableness_00717_act_001,high,"['trait_agreeableness_00717_act_001', 'trait_agreeableness_00717_act_002', 'trait_agreeableness_00717_act_003', 'trait_agreeableness_00717_act_004']","['Consider crafting homemade gifts, which can be both meaningful and budget-friendly.', 'You might also think about baking treats to bring to the parties, as this is an affordable and heartfelt alternative to traditional gifts.', 'Just opt out of gift-giving and explain your financial situation honestly if anyone asks.', 'Alternatively, buy a single bulk gift item that you can split among the various parties to minimize costs.']","['high', 'high', 'low', 'low']","[-0.66552734375, -4.16015625, -0.88427734375, -8.2734375]","[-0.04753766741071429, -0.16640625, -0.052016314338235295, -0.413671875]","[0.2795743942260742, 0.24824094772338867, 0.27832508087158203, 0.19385960698127747]",0.5278153262193404,0.5278153262193404,0.027815326219340353
trait_agreeableness_00718,agreeableness,high,as_pas_only,none,trait_agreeableness_00718_act_001,low,"['trait_agreeableness_00718_act_001', 'trait_agreeableness_00718_act_002', 'trait_agreeableness_00718_act_003', 'trait_agreeableness_00718_act_004']","[""You should remain neutral, not laughing or reacting, to clearly indicate that such jokes aren't suitable for the workplace."", ""You might offer a light smile to acknowledge Geordie's attempt at humor without encouraging the nature of the joke."", 'Address Geordie later in private, suggesting that he consider the timing and content of his jokes more carefully in the future.', 'Perhaps gently change the subject to help move the conversation away from the joke and towards more appropriate meeting topics.']","['low', 'high', 'low', 'high']","[-0.141845703125, -2.048828125, -9.3125, -7.55078125]","[-0.006167204483695652, -0.08907948369565218, -0.3725, -0.3595610119047619]","[0.3015677332878113, 0.27757254242897034, 0.20906847715377808, 0.21179118752479553]",0.4893637591221189,0.4893637591221189,-0.01063624087788112
trait_agreeableness_00719,agreeableness,high,as_pas_only,none,trait_agreeableness_00719_act_003,high,"['trait_agreeableness_00719_act_001', 'trait_agreeableness_00719_act_002', 'trait_agreeableness_00719_act_003', 'trait_agreeableness_00719_act_004']","['You might consider asking her if there’s anything specific you can do to help, showing your support goes beyond just professional boundaries.', 'Evaluate if sending flowers could set a precedent you’re uncomfortable with; maintaining professional boundaries is crucial.', 'Sending a thoughtful card along with the flowers can express your support and empathy during her difficult times.', 'Consider simply acknowledging her situation verbally when appropriate, which keeps the support subtle and professional.']","['high', 'low', 'high', 'low']","[-8.921875, -2.56640625, -1.19921875, -2.00390625]","[-0.356875, -0.13507401315789475, -0.06311677631578948, -0.11787683823529412]","[0.2057715505361557, 0.2568693459033966, 0.2760342061519623, 0.2613249719142914]",0.4818057207907944,0.4818057207907944,-0.018194279209205577
trait_agreeableness_00720,agreeableness,high,as_pas_only,none,trait_agreeableness_00720_act_003,high,"['trait_agreeableness_00720_act_001', 'trait_agreeableness_00720_act_002', 'trait_agreeableness_00720_act_003', 'trait_agreeableness_00720_act_004']","['Suggest that Shandel looks into affordable financing or leasing options for a new laptop instead of giving yours away.', 'Keep the laptop for yourself since it could be useful for your future needs, and Shandel can explore other options to acquire one.', 'Consider surprising Shandel with the laptop, making it a heartfelt gesture to help them succeed in their projects.', 'You could gift the laptop to Shandel, as it would really boost their productivity and show how much you support their endeavors.']","['low', 'low', 'high', 'high']","[-4.35546875, -14.7890625, -0.1221923828125, -2.80859375]","[-0.19797585227272727, -0.5688100961538461, -0.005818684895833333, -0.11234375]","[0.25053709745407104, 0.17291027307510376, 0.30361613631248474, 0.27293649315834045]",0.5765526294708252,0.5765526294708252,0.0765526294708252
trait_agreeableness_00721,agreeableness,high,as_pas_only,none,trait_agreeableness_00721_act_001,high,"['trait_agreeableness_00721_act_001', 'trait_agreeableness_00721_act_002', 'trait_agreeableness_00721_act_003', 'trait_agreeableness_00721_act_004']","['You might consider gently expressing to Loujain how much effort and care you put into looking after their cat, which could naturally lead them to offer some form of gratitude.', 'Perhaps you could ask Loujain if they’d be willing to cover the costs you incurred while caring for their pet, as a kind gesture of appreciation.', 'Directly ask Loujain for a compensation for the expenses and time you invested in taking care of the cat, emphasizing that it is only fair.', 'Tell Loujain that taking care of their cat involved certain costs and effort on your part, and it would be reasonable to expect some form of compensation for your troubles.']","['high', 'high', 'low', 'low']","[-0.11724853515625, -4.2890625, -2.94140625, -3.58203125]","[-0.003448486328125, -0.1383568548387097, -0.098046875, -0.10535386029411764]","[0.27124902606010437, 0.23701630532741547, 0.2467656135559082, 0.24496906995773315]",0.5082653238137763,0.5082653238137763,0.008265323813776315
trait_agreeableness_00722,agreeableness,high,as_pas_only,none,trait_agreeableness_00722_act_002,high,"['trait_agreeableness_00722_act_001', 'trait_agreeableness_00722_act_002', 'trait_agreeableness_00722_act_003', 'trait_agreeableness_00722_act_004']","['Politely decline, explaining that you already have commitments to your personal health this weekend.', 'Offer to help Nazair for a few hours on one day of the weekend so you can also have time for your relaxation.', 'Suggest that Nazair asks other friends who might not already have plans, as your weekend is already booked for personal time.', ""Suggest that Nazair could hire professional movers and you'll provide support by organizing meals or refreshments for everyone on the moving day.""]","['low', 'high', 'low', 'high']","[-10.625, -0.000797271728515625, -9.4609375, -7.65234375]","[-0.625, -3.1890869140625e-05, -0.3784375, -0.2834201388888889]","[0.1800188422203064, 0.3363087475299835, 0.23035556077957153, 0.2533169388771057]",0.5896256336904495,0.5896256336904495,0.08962563369044951
trait_agreeableness_00723,agreeableness,high,as_pas_only,none,trait_agreeableness_00723_act_003,high,"['trait_agreeableness_00723_act_001', 'trait_agreeableness_00723_act_002', 'trait_agreeableness_00723_act_003', 'trait_agreeableness_00723_act_004']","[""Maybe express to Tavleen how you're feeling and ask if she's open to the idea of ordering a ride for you, so she can continue enjoying the party."", 'Tell Tavleen directly that you need to leave for your own comfort, regardless of her having fun.', 'You could suggest a compromise to Tavleen; perhaps staying just a bit longer to meet her happiness, then leaving together.', 'Inform Tavleen that you are calling a taxi for yourself because you want to leave now.']","['high', 'low', 'high', 'low']","[-1.85546875, -4.265625, -0.418212890625, -4.96484375]","[-0.05457261029411765, -0.203125, -0.016728515625, -0.2613075657894737]","[0.2692689299583435, 0.23209767043590546, 0.27965444326400757, 0.21897895634174347]",0.5489233732223511,0.5489233732223511,0.048923373222351074
trait_agreeableness_00724,agreeableness,high,as_pas_only,none,trait_agreeableness_00724_act_004,high,"['trait_agreeableness_00724_act_001', 'trait_agreeableness_00724_act_002', 'trait_agreeableness_00724_act_003', 'trait_agreeableness_00724_act_004']","['Suggest that Josalyn finds an alternative or waits for another time when you are less occupied.', 'Keep your business appointment as planned; it’s important to prioritize commitments that impact your professional goals.', 'Perhaps offer to help Josalyn after your business appointment, blending commitment with your supportive nature.', ""You might consider rescheduling the business appointment if Josalyn's request could foster a supportive relationship.""]","['low', 'low', 'high', 'high']","[-6.59375, -15.2734375, -0.7666015625, -0.7666015625]","[-0.3296875, -0.8038651315789473, -0.04034745065789474, -0.038330078125]","[0.23276463150978088, 0.14487193524837494, 0.3108678162097931, 0.3114956021308899]",0.6223634276146207,0.6223634276146207,0.12236342761462071
trait_agreeableness_00725,agreeableness,high,as_pas_only,none,trait_agreeableness_00725_act_001,high,"['trait_agreeableness_00725_act_001', 'trait_agreeableness_00725_act_002', 'trait_agreeableness_00725_act_003', 'trait_agreeableness_00725_act_004']","[""Apologize sincerely to Webber for the comment and ask them how they feel or if there's anything they'd like to talk about."", 'Express your regret over the upsetting comment, then gently shift the conversation towards a topic that Webber enjoys to lighten the mood.', 'Clarify your comment to Webber, explaining your point of view so they understand your perspective better.', 'Ask Webber to explain why your comment upset them, which can lead to a clearer understanding on both sides.']","['high', 'high', 'low', 'low']","[-0.5537109375, -0.865234375, -8.3359375, -6.62890625]","[-0.019775390625, -0.034609375, -0.416796875, -0.30131392045454547]","[0.29306459426879883, 0.2887493669986725, 0.19703306257724762, 0.22115294635295868]",0.5818139786068791,0.5818139786068791,0.08181397860687911
trait_agreeableness_00726,agreeableness,high,as_pas_only,none,trait_agreeableness_00726_act_002,high,"['trait_agreeableness_00726_act_001', 'trait_agreeableness_00726_act_002', 'trait_agreeableness_00726_act_003', 'trait_agreeableness_00726_act_004']","['Suggest that Stevielynn should speak to a financial advisor to better manage her expenses and debt.', 'Offer to help Stevielynn by covering some of her medical expenses or by lending her money if that feels right to you.', 'Advise Stevielynn to negotiate the bills or seek cheaper medical alternatives for future treatments.', 'Consider providing support by helping Stevielynn find financial aid programs or charities that assist with medical bills.']","['low', 'high', 'low', 'high']","[-8.609375, -0.00234222412109375, -6.6171875, -7.81640625]","[-0.4099702380952381, -9.008554311899039e-05, -0.3482730263157895, -0.37220982142857145]","[0.21697811782360077, 0.32690730690956116, 0.23078665137290955, 0.22532795369625092]",0.5522352441479192,0.5522352441479192,0.052235244147919246
trait_agreeableness_00727,agreeableness,high,as_pas_only,none,trait_agreeableness_00727_act_003,high,"['trait_agreeableness_00727_act_001', 'trait_agreeableness_00727_act_002', 'trait_agreeableness_00727_act_003', 'trait_agreeableness_00727_act_004']","['Consider starting with the positive aspects of the policy, then transition into your concerns, ensuring you maintain a respectful tone throughout.', 'Directly challenge the policy by presenting strong, logical arguments against it and demand a review from management.', 'You could express your concerns by highlighting how the policy impacts team morale, and gently suggest possible alternatives that could benefit everyone.', ""Question the policy's fairness and effectiveness in the meeting, and push for an immediate reconsideration by presenting the overall dissatisfaction of your colleagues.""]","['high', 'low', 'high', 'low']","[-2.0703125, -6.8671875, -0.6484375, -7.8828125]","[-0.08626302083333333, -0.343359375, -0.027018229166666668, -0.29195601851851855]","[0.274091899394989, 0.2119535356760025, 0.2908210754394531, 0.22313354909420013]",0.5649129411630069,0.5649129411630069,0.06491294116300694
trait_agreeableness_00728,agreeableness,high,as_pas_only,none,trait_agreeableness_00728_act_002,low,"['trait_agreeableness_00728_act_001', 'trait_agreeableness_00728_act_002', 'trait_agreeableness_00728_act_003', 'trait_agreeableness_00728_act_004']","[""Propose a formal vote on the project during the next team meeting to decisively address and move beyond Kashtin's opposition."", ""Firmly defend your project's merits in the next meeting, showcasing robust evidence and data to counter his objections."", 'Consider inviting Kashtin to co-present the project, integrating his viewpoints to strengthen the proposal.', 'Schedule a one-on-one meeting with Kashtin to understand his concerns and discuss potential compromises.']","['low', 'low', 'high', 'high']","[-4.65234375, -0.5244140625, -1.5947265625, -1.6875]","[-0.17893629807692307, -0.02280061141304348, -0.08393297697368421, -0.08881578947368421]","[0.2292025238275528, 0.26793426275253296, 0.2520454227924347, 0.2508177161216736]",0.5028631763803345,0.5028631763803345,0.002863176380334509
trait_agreeableness_00729,agreeableness,high,as_pas_only,none,trait_agreeableness_00729_act_003,low,"['trait_agreeableness_00729_act_001', 'trait_agreeableness_00729_act_002', 'trait_agreeableness_00729_act_003', 'trait_agreeableness_00729_act_004']","['Offer to spend time with Janely, perhaps going for a walk or watching a movie together to help her feel less alone.', 'Consider sending Janely a care package filled with her favorite treats and a heartfelt note to show your support and affection.', 'Encourage Janely to join a support group where she can connect with people who understand her grief and can offer perspective.', 'Suggest that Janely seeks professional counseling to address her feelings of hopelessness and to develop coping strategies.']","['high', 'high', 'low', 'low']","[-0.77099609375, -3.974609375, -0.7109375, -4.56640625]","[-0.03083984375, -0.17280910326086957, -0.029622395833333332, -0.21744791666666666]","[0.2703700065612793, 0.2345859855413437, 0.2706993818283081, 0.2243446409702301]",0.5049559845781925,0.5049559845781925,0.004955984578192463
trait_agreeableness_00730,agreeableness,high,as_pas_only,none,trait_agreeableness_00730_act_001,low,"['trait_agreeableness_00730_act_001', 'trait_agreeableness_00730_act_002', 'trait_agreeableness_00730_act_003', 'trait_agreeableness_00730_act_004']","['Withhold Meital’s paycheck as a firm action to underline the seriousness of the performance issues and motivate improvement.', 'Consider setting up a meeting with Meital to openly discuss performance issues and explore supportive measures to help improve their work.', 'Implement a direct policy that ties Meital’s pay to specific performance metrics, ensuring accountability and immediate consequences for underperformance.', 'You might want to create an improvement plan that outlines clear goals and timelines for Meital, providing regular feedback and encouragement.']","['low', 'high', 'low', 'high']","[-0.005458831787109375, -5.33203125, -8.5234375, -18.109375]","[-0.0002481287175958807, -0.23182744565217392, -0.3551432291666667, -0.7545572916666666]","[0.33728379011154175, 0.2675603926181793, 0.2365192323923111, 0.15863651037216187]",0.42619693474448733,0.42619693474448733,-0.07380306525551267
trait_agreeableness_00731,agreeableness,high,as_pas_only,none,trait_agreeableness_00731_act_003,high,"['trait_agreeableness_00731_act_001', 'trait_agreeableness_00731_act_002', 'trait_agreeableness_00731_act_003', 'trait_agreeableness_00731_act_004']","['Perhaps you could delegate some of your responsibilities to other volunteers, which would allow you to continue supporting the charity while also managing your stress better.', ""It's practical to prioritize your own health and professional duties over volunteering; you can always return to it when you're in a better position."", 'You might consider reducing your hours slightly and finding a schedule that allows more time for rest, maintaining your commitment but taking care of your health too.', 'Consider taking a complete break from volunteering to focus entirely on your personal and professional life until you feel less overwhelmed.']","['high', 'low', 'high', 'low']","[-2.94921875, -5.14453125, -0.1239013671875, -4.453125]","[-0.10532924107142858, -0.18373325892857142, -0.0042724609375, -0.20241477272727273]","[0.2539096474647522, 0.2347625195980072, 0.2809102535247803, 0.23041751980781555]",0.5348199328672846,0.5348199328672846,0.034819932867284575
trait_agreeableness_00732,agreeableness,high,as_pas_only,none,trait_agreeableness_00732_act_002,low,"['trait_agreeableness_00732_act_001', 'trait_agreeableness_00732_act_002', 'trait_agreeableness_00732_act_003', 'trait_agreeableness_00732_act_004']","['Recommend that they check local moving services or rental trucks, as you need to prioritize your own commitments this weekend.', 'Politely explain that you have long-standing personal plans and suggest that they reschedule the move or ask another friend for help.', 'You could suggest hiring professional movers and then visiting your friend after your retreat to help them unpack and settle in.', 'Offer to help your friend with packing a day or two before your retreat, so you can still support them without cancelling your plans.']","['low', 'low', 'high', 'high']","[-3.796875, -0.375732421875, -2.626953125, -1.9033203125]","[-0.17258522727272727, -0.015029296875, -0.11940696022727272, -0.07320462740384616]","[0.2309602051973343, 0.2703726887702942, 0.24357469379901886, 0.25509244203567505]",0.4986671209732556,0.4986671209732556,-0.0013328790267443935
trait_agreeableness_00733,agreeableness,high,as_pas_only,none,trait_agreeableness_00733_act_003,low,"['trait_agreeableness_00733_act_001', 'trait_agreeableness_00733_act_002', 'trait_agreeableness_00733_act_003', 'trait_agreeableness_00733_act_004']","['You could politely excuse yourself from your current commitment, explaining the importance of timely attendance at your work meeting.', 'Consider contacting a colleague who is also attending the meeting and kindly ask if they can cover the beginning part until you arrive.', ""Just focus on finishing your current commitment properly, even if it means being late; you can't always please everyone."", ""Send a quick message to inform them you'll be late, then proceed with your current engagement without cutting it short.""]","['high', 'high', 'low', 'low']","[-2.1796875, -1.6953125, -0.4296875, -3.087890625]","[-0.10379464285714286, -0.07063802083333333, -0.018682065217391304, -0.13425611413043478]","[0.24434643983840942, 0.25258395075798035, 0.26605409383773804, 0.2370155155658722]",0.49693039059638977,0.49693039059638977,-0.0030696094036102295
trait_agreeableness_00734,agreeableness,high,as_pas_only,none,trait_agreeableness_00734_act_001,low,"['trait_agreeableness_00734_act_001', 'trait_agreeableness_00734_act_002', 'trait_agreeableness_00734_act_003', 'trait_agreeableness_00734_act_004']","['Directly ask both colleagues to clarify their points and explain the reasoning behind their disagreements in the meeting, fostering a clear and open dialogue.', 'You might consider suggesting a team-building activity that focuses on communication skills, which can improve overall team harmony without direct confrontation.', 'You could inform your manager about the disruptive behavior, letting them handle the situation and possibly mediate the conflict.', 'Perhaps you could recommend a feedback session where everyone gets the chance to express their thoughts in a structured manner, making the atmosphere more open and less tense.']","['low', 'high', 'low', 'high']","[-0.273193359375, -1.615234375, -18.78125, -6.26953125]","[-0.010118272569444444, -0.06730143229166667, -0.8536931818181818, -0.208984375]","[0.31306248903274536, 0.2956628203392029, 0.13467007875442505, 0.25660470128059387]",0.552267472243237,0.552267472243237,0.05226747224323702
trait_agreeableness_00735,agreeableness,high,as_pas_only,none,trait_agreeableness_00735_act_002,low,"['trait_agreeableness_00735_act_001', 'trait_agreeableness_00735_act_002', 'trait_agreeableness_00735_act_003', 'trait_agreeableness_00735_act_004']","['Maybe you can ask your friend how they feel about their project first to understand their perspective before sharing your thoughts.', 'Just be straightforward and tell your friend what you really think about the art project; they asked for honesty, after all.', 'You could mention specific aspects you like while gently suggesting improvements in areas you think could be better.', 'Recommend your friend to seek feedback from professional artists as well, which can provide them with a more objective critique.']","['high', 'low', 'high', 'low']","[-5.86328125, -0.003528594970703125, -9.390625, -13.328125]","[-0.2665127840909091, -0.00014702479044596353, -0.4942434210526316, -0.6058238636363636]","[0.2622048556804657, 0.3422330319881439, 0.20880389213562012, 0.18675826489925385]",0.47100872676035493,0.47100872676035493,-0.028991273239645066
trait_agreeableness_00736,agreeableness,high,as_pas_only,none,trait_agreeableness_00736_act_003,high,"['trait_agreeableness_00736_act_001', 'trait_agreeableness_00736_act_002', 'trait_agreeableness_00736_act_003', 'trait_agreeableness_00736_act_004']","['Suggest a compromise where Jahnia could redistribute some of the tasks among other team members to lessen your burden.', 'Decline the proposal, citing your current responsibilities and the importance of maintaining your personal life balance.', 'Perhaps you could agree to the new plan, but clarify your availability and limits to ensure your personal time is respected.', 'You might consider agreeing to the plan but also ask for help or support to manage the increased workload effectively.']","['low', 'low', 'high', 'high']","[-2.21484375, -12.6640625, -0.49853515625, -2.32421875]","[-0.10067471590909091, -0.6665296052631579, -0.021675441576086956, -0.11067708333333333]","[0.2747158110141754, 0.15600410103797913, 0.2972984313964844, 0.27198171615600586]",0.5692801136207513,0.5692801136207513,0.06928011362075126
trait_agreeableness_00737,agreeableness,high,as_pas_only,none,trait_agreeableness_00737_act_002,high,"['trait_agreeableness_00737_act_001', 'trait_agreeableness_00737_act_002', 'trait_agreeableness_00737_act_003', 'trait_agreeableness_00737_act_004']","['You could gently remind your colleagues about the value of discussing concerns directly with PersonZ to promote a more understanding and supportive work environment.', 'Consider sharing positive experiences or achievements of PersonZ to subtly shift the tone of the conversation to something more constructive and appreciative.', ""You might propose focusing the discussion on tasks and projects instead, pointing out that speculative talk is not productive or beneficial for the team's goals."", 'Suggest setting up a meeting where concerns can be addressed openly with PersonZ present, ensuring a fair dialogue and cutting out behind-the-back criticisms.']","['high', 'high', 'low', 'low']","[-4.62890625, -0.4765625, -1.0361328125, -4.76171875]","[-0.17803485576923078, -0.0190625, -0.03700474330357143, -0.16419719827586207]","[0.23053699731826782, 0.2702597975730896, 0.2654539942741394, 0.23374925553798676]",0.5007967725039971,0.5007967725039971,0.000796772503997123
trait_agreeableness_00738,agreeableness,high,as_pas_only,none,trait_agreeableness_00738_act_002,high,"['trait_agreeableness_00738_act_001', 'trait_agreeableness_00738_act_002', 'trait_agreeableness_00738_act_003', 'trait_agreeableness_00738_act_004']","['Recommend they look into local community services like food banks and job training workshops to become more self-sufficient.', 'Offer to babysit the children a couple of times a week to give the parents time to job search or handle other responsibilities.', 'Suggest setting up a schedule where they can gradually take over the childcare and household chores as they stabilize financially.', 'Prepare some extra meals that can easily be reheated, to relieve them from cooking duties for a few days.']","['low', 'high', 'low', 'high']","[-1.89453125, -0.6103515625, -1.9990234375, -2.267578125]","[-0.09021577380952381, -0.0244140625, -0.09086470170454546, -0.10307173295454546]","[0.24663393199443817, 0.26340872049331665, 0.24647393822669983, 0.2434834986925125]",0.5068921738661372,0.5068921738661372,0.006892173866137163
trait_agreeableness_00739,agreeableness,high,as_pas_only,none,trait_agreeableness_00739_act_003,high,"['trait_agreeableness_00739_act_001', 'trait_agreeableness_00739_act_002', 'trait_agreeableness_00739_act_003', 'trait_agreeableness_00739_act_004']","['Consider encouraging Destinnie to seek advice from an independent financial advisor to ensure she makes a well-informed decision.', 'Go ahead and emphasize the potential high returns of the deal to persuade Destinnie, focusing on how such investments can significantly pay off.', 'You could prioritize transparency and discuss both the potential benefits and risks openly with Destinnie, emphasizing that the final decision is hers to make.', ""You should highlight the unique chance this deal represents and pitch it as a strategically aggressive investment that shouldn't be missed.""]","['high', 'low', 'high', 'low']","[-2.111328125, -3.251953125, -0.49169921875, -3.427734375]","[-0.09596946022727272, -0.12507512019230768, -0.018211082175925927, -0.14903192934782608]","[0.2499690055847168, 0.2427983433008194, 0.2701818645000458, 0.23705080151557922]",0.5201508623339107,0.5201508623339107,0.020150862333910724
trait_agreeableness_00740,agreeableness,high,as_pas_only,none,trait_agreeableness_00740_act_001,low,"['trait_agreeableness_00740_act_001', 'trait_agreeableness_00740_act_002', 'trait_agreeableness_00740_act_003', 'trait_agreeableness_00740_act_004']","[""Confront Hikari then and there by firmly stating the discomfort they're causing, to immediately address the issue."", ""Directly tell Hikari that their behavior is inappropriate and advise them to stop immediately if you feel it's disruptive enough."", 'Maybe suggest a quick, quiet walk with Hikari outside the venue to discuss the issue discreetly and help them regain composure.', 'Consider pulling Hikari aside gently to express your concerns in private, aiming to avoid public embarrassment.']","['low', 'low', 'high', 'high']","[-0.491943359375, -1.662109375, -1.94140625, -3.44140625]","[-0.02138884171195652, -0.066484375, -0.07190393518518519, -0.1720703125]","[0.2654796242713928, 0.25377359986305237, 0.2524019777774811, 0.22834476828575134]",0.4807467603906024,0.4807467603906024,-0.01925323960939762
trait_agreeableness_00741,agreeableness,high,as_pas_only,none,trait_agreeableness_00741_act_001,high,"['trait_agreeableness_00741_act_001', 'trait_agreeableness_00741_act_002', 'trait_agreeableness_00741_act_003', 'trait_agreeableness_00741_act_004']","['You might consider arranging a private, friendly chat with Janya to understand any challenges she’s facing and discuss how you can help her meet her deadlines.', 'Perhaps you could offer to help Janya organize her tasks or suggest setting up a team meeting to realign everyone’s responsibilities and deadlines.', ""Directly inform Janya that her missed deadlines are impacting the team's performance and she needs to adhere to the project timeline more strictly."", 'Send an email to Janya outlining the deadlines and mentioning that further delays could lead to discussions with higher management.']","['high', 'high', 'low', 'low']","[-0.0062255859375, -7.1015625, -8.4609375, -13.3671875]","[-0.00020751953125, -0.2630208333333333, -0.3133680555555556, -0.6075994318181818]","[0.3284301161766052, 0.25252512097358704, 0.24012593924999237, 0.17891882359981537]",0.5809552371501923,0.5809552371501923,0.08095523715019226
trait_agreeableness_00742,agreeableness,high,as_pas_only,none,trait_agreeableness_00742_act_003,low,"['trait_agreeableness_00742_act_001', 'trait_agreeableness_00742_act_002', 'trait_agreeableness_00742_act_003', 'trait_agreeableness_00742_act_004']","['Directly point out the flaw during the meeting and suggest an alternative strategy that mitigates these risks.', 'Consider suggesting a follow-up meeting where you can review the strategy more thoroughly together, to align on the best approach.', 'Challenge the strategy openly in the meeting to ensure everyone is aware of the potential losses, emphasizing the need for a robust discussion.', 'You could express your concerns by privately messaging your colleague, framing it as seeking to understand their perspective better.']","['low', 'high', 'low', 'high']","[-1.26171875, -3.73046875, -0.464111328125, -4.43359375]","[-0.0630859375, -0.16219429347826086, -0.018564453125, -0.21112351190476192]","[0.26222145557403564, 0.23747943341732025, 0.2741597294807434, 0.22613945603370667]",0.46361885490873045,0.46361885490873045,-0.03638114509126955
trait_agreeableness_00743,agreeableness,high,as_pas_only,none,trait_agreeableness_00743_act_003,high,"['trait_agreeableness_00743_act_001', 'trait_agreeableness_00743_act_002', 'trait_agreeableness_00743_act_003', 'trait_agreeableness_00743_act_004']","['Maybe you could offer to help train someone else to share the workload, easing the burden on you.', 'Just say no to additional shifts and prioritize your health over voluntary extras.', 'You might consider gently explaining to your supervisor your health concerns and see if you can reduce the extra shifts.', ""Take a step back and let others step up; you're not the only one who can volunteer for extra work.""]","['high', 'low', 'high', 'low']","[-6.78125, -1.482421875, -0.29541015625, -9.171875]","[-0.3390625, -0.10588727678571429, -0.014067150297619048, -0.39877717391304346]","[0.21792854368686676, 0.2751571536064148, 0.301618367433548, 0.20529593527317047]",0.5195469111204147,0.5195469111204147,0.019546911120414734
trait_agreeableness_00744,agreeableness,high,as_pas_only,none,trait_agreeableness_00744_act_003,high,"['trait_agreeableness_00744_act_001', 'trait_agreeableness_00744_act_002', 'trait_agreeableness_00744_act_003', 'trait_agreeableness_00744_act_004']","['Escalate the issue to your manager or HR department to formally address the rumors and protect your professional reputation.', 'Address the situation directly by confronting your colleague and demand they stop spreading unfounded rumors immediately.', 'Offer to collaborate on a project together which could help improve your relationship and show your genuine intentions.', 'Invite your colleague for a coffee and gently discuss the impact their behavior is having on you, aiming to clear up any misunderstandings.']","['low', 'low', 'high', 'high']","[-3.37109375, -3.58984375, -0.2318115234375, -2.025390625]","[-0.1532315340909091, -0.1994357638888889, -0.012200606496710526, -0.07789963942307693]","[0.23897436261177063, 0.22818395495414734, 0.2751694917678833, 0.25767219066619873]",0.532841682434082,0.532841682434082,0.03284168243408203
trait_agreeableness_00745,agreeableness,high,as_pas_only,none,trait_agreeableness_00745_act_002,high,"['trait_agreeableness_00745_act_001', 'trait_agreeableness_00745_act_002', 'trait_agreeableness_00745_act_003', 'trait_agreeableness_00745_act_004']","['You could give your friend the guitar as a gift to help ease their financial burden and share the joy of music.', 'Consider lending the guitar to your friend until they can afford one, creating a win-win situation where you keep ownership and they get to play.', 'Keep the guitar since giving it away could set a precedent for similar expectations in the future.', 'Suggest that your friend looks for affordable second-hand options online, emphasizing the importance of financial responsibility.']","['high', 'high', 'low', 'low']","[-1.0263671875, -0.47509765625, -13.1328125, -6.96484375]","[-0.04462466032608696, -0.0169677734375, -0.7296006944444444, -0.3482421875]","[0.3057834506034851, 0.31435850262641907, 0.15414614975452423, 0.22571195662021637]",0.6201419162665656,0.6201419162665656,0.12014191626656556
trait_agreeableness_00746,agreeableness,high,as_pas_only,none,trait_agreeableness_00746_act_002,high,"['trait_agreeableness_00746_act_001', 'trait_agreeableness_00746_act_002', 'trait_agreeableness_00746_act_003', 'trait_agreeableness_00746_act_004']","['Consider suggesting that Aythana delegate specific tasks to other team members or ask for an extension from the project lead.', ""Absolutely, offering your assistance could greatly alleviate Aythana's stress and help distribute the project tasks more manageably."", 'Recommend to Aythana to reevaluate her project plan and identify priorities; she might need to focus on key areas and drop less critical tasks.', 'Yes, stepping in to help Aythana not only supports her but also strengthens the teamwork within the project.']","['low', 'high', 'low', 'high']","[-10.0, -0.031463623046875, -15.53125, -3.72265625]","[-0.43478260869565216, -0.0013679836107336957, -0.5355603448275862, -0.16921164772727273]","[0.21048974990844727, 0.3246837258338928, 0.19031092524528503, 0.2745155692100525]",0.5991993129014764,0.5991993129014764,0.09919931290147643
trait_agreeableness_00747,agreeableness,high,as_pas_only,none,trait_agreeableness_00747_act_001,high,"['trait_agreeableness_00747_act_001', 'trait_agreeableness_00747_act_002', 'trait_agreeableness_00747_act_003', 'trait_agreeableness_00747_act_004']","['Consider suggesting a brief team check-in where everyone updates the group on their progress, allowing Carielle to share in a non-confrontational setting.', ""Point out directly to Carielle during the meeting that you've noticed discrepancies in their work, asking for an immediate clarification."", 'Perhaps you could invite Carielle for a private chat to gently inquire about their progress and any challenges they might be facing.', ""Challenge Carielle in the meeting to present detailed evidence of their progress to ensure they're held accountable in front of the team.""]","['high', 'low', 'high', 'low']","[-0.245361328125, -11.6015625, -3.056640625, -12.5546875]","[-0.0081787109375, -0.4640625, -0.122265625, -0.48287259615384615]","[0.3176475465297699, 0.2013528048992157, 0.28339892625808716, 0.19760073721408844]",0.6010464638315668,0.6010464638315668,0.10104646383156679
trait_agreeableness_00748,agreeableness,high,as_pas_only,none,trait_agreeableness_00748_act_002,low,"['trait_agreeableness_00748_act_001', 'trait_agreeableness_00748_act_002', 'trait_agreeableness_00748_act_003', 'trait_agreeableness_00748_act_004']","['Document specific instances where Melicia took undue credit and present these to your supervisor as evidence.', ""Report the behavior to your supervisor immediately to prevent further damage to the team's morale."", 'Consider organizing a team intervention where everyone can openly discuss their feelings about fairness and recognition.', 'You could speak with Melicia first to express your concerns and give them a chance to rectify the situation themselves.']","['low', 'low', 'high', 'high']","[-7.98828125, -0.0028972625732421875, -6.00390625, -13.84375]","[-0.4437934027777778, -0.00017042721019071692, -0.3531709558823529, -0.6019021739130435]","[0.2218792885541916, 0.34576401114463806, 0.24292577803134918, 0.18943098187446594]",0.4323567341353456,0.4323567341353456,-0.06764326586465441
trait_agreeableness_00749,agreeableness,high,as_pas_only,none,trait_agreeableness_00749_act_004,low,"['trait_agreeableness_00749_act_001', 'trait_agreeableness_00749_act_002', 'trait_agreeableness_00749_act_003', 'trait_agreeableness_00749_act_004']","['You might consider addressing the discomfort with Tagert directly by kindly expressing how their behavior makes you feel and seeking a mutual understanding.', 'Perhaps you could involve a mediator from HR to help facilitate a constructive conversation with Tagert, which might improve your work environment.', 'Stand your ground and confront Tagert directly about their aggressive behavior without sugarcoating your concerns.', 'Keep avoiding Tagert if interacting with them disrupts your productivity and peace of mind, focusing instead on your own work responsibilities.']","['high', 'high', 'low', 'low']","[-8.671875, -3.470703125, -3.564453125, -0.065185546875]","[-0.346875, -0.138828125, -0.18760279605263158, -0.002607421875]","[0.2076893299818039, 0.2557218074798584, 0.24354834854602814, 0.29304051399230957]",0.4634111374616623,0.4634111374616623,-0.03658886253833771
trait_agreeableness_00750,agreeableness,high,as_pas_only,none,trait_agreeableness_00750_act_003,low,"['trait_agreeableness_00750_act_001', 'trait_agreeableness_00750_act_002', 'trait_agreeableness_00750_act_003', 'trait_agreeableness_00750_act_004']","['Directly challenge the strategy in a team meeting by clearly outlining the potential pitfalls and presenting your alternative solutions.', 'You might consider gently suggesting a team meeting to review the project strategy and express your concerns in a supportive manner.', 'Write a concise, fact-based email to your project leader detailing why the current strategy might fail and suggest a meeting to discuss viable alternatives.', 'Perhaps you could offer to help research or present alternative strategies that could complement the current plan without dismissing it entirely.']","['low', 'high', 'low', 'high']","[-5.140625, -1.080078125, -0.6884765625, -3.662109375]","[-0.24479166666666666, -0.04909446022727273, -0.025499131944444444, -0.16645951704545456]","[0.22012682259082794, 0.2677091360092163, 0.2741009294986725, 0.23806315660476685]",0.5057722700042008,0.5057722700042008,0.005772270004200775
trait_agreeableness_00701,agreeableness,low,as_pas_only,none,trait_agreeableness_00701_act_003,low,"['trait_agreeableness_00701_act_001', 'trait_agreeableness_00701_act_002', 'trait_agreeableness_00701_act_003', 'trait_agreeableness_00701_act_004']","['You could propose a meeting to discuss the strengths of each theme and consider blending elements of both to please a wider audience.', 'Maybe consult with other team members for their opinions to see if a consensus can be achieved that respects both perspectives.', 'Stick to presenting clear, data-backed arguments on why a cultural heritage theme could draw more interest and community engagement.', 'Insist on setting clear objectives for the event and demonstrate how your theme aligns better with those goals compared to a modern tech theme.']","['high', 'high', 'low', 'low']","[-13.3515625, -6.84765625, -0.113525390625, -2.31640625]","[-0.5563151041666666, -0.3112571022727273, -0.005160245028409091, -0.08579282407407407]","[0.1781330555677414, 0.22759978473186493, 0.30910640954971313, 0.28516072034835815]",0.40573285239138757,0.5942671476086124,0.09426714760861243
trait_agreeableness_00702,agreeableness,low,as_pas_only,none,trait_agreeableness_00702_act_003,low,"['trait_agreeableness_00702_act_001', 'trait_agreeableness_00702_act_002', 'trait_agreeableness_00702_act_003', 'trait_agreeableness_00702_act_004']","['Clearly communicate to your supervisor the unrealistic nature of the additional workload and negotiate down the responsibilities.', 'Consider discussing a phased approach with your boss to gradually integrate the new project while maintaining balance with your current tasks.', 'Prioritize your tasks and cut down on the least essential ones; put focus only on what genuinely requires your expertise.', 'You could ask for support from your team or colleagues to help manage the workload more efficiently.']","['low', 'high', 'low', 'high']","[-1.6533203125, -1.3427734375, -0.658203125, -11.5]","[-0.09185112847222222, -0.06103515625, -0.028617527173913044, -0.6388888888888888]","[0.2720915973186493, 0.2806068956851959, 0.2898525595664978, 0.1574489027261734]",0.4380558179939904,0.5619441820060096,0.061944182006009596
trait_agreeableness_00703,agreeableness,low,as_pas_only,none,trait_agreeableness_00703_act_002,low,"['trait_agreeableness_00703_act_001', 'trait_agreeableness_00703_act_002', 'trait_agreeableness_00703_act_003', 'trait_agreeableness_00703_act_004']","['Consider setting aside a portion of your bonus for your vacation and donate a portion to your friend to ease their burden.', 'Invest the bonus in a personal savings or retirement fund to ensure your future financial stability.', 'You could offer to help your friend cover some of their medical expenses with part of your bonus.', 'Use the bonus for the vacation you’ve been planning, as personal relaxation and fulfillment are important.']","['high', 'low', 'high', 'low']","[-3.46484375, -0.18408203125, -8.7890625, -2.103515625]","[-0.15064538043478262, -0.010828354779411764, -0.46258223684210525, -0.11071134868421052]","[0.25491780042648315, 0.29317161440849304, 0.18660689890384674, 0.26530367136001587]",0.4415247059095607,0.5584752940904393,0.05847529409043928
trait_agreeableness_00704,agreeableness,low,as_pas_only,none,trait_agreeableness_00704_act_001,low,"['trait_agreeableness_00704_act_001', 'trait_agreeableness_00704_act_002', 'trait_agreeableness_00704_act_003', 'trait_agreeableness_00704_act_004']","['Challenge the team to justify the strategy with data or precedents, given its similarity to past unsuccessful attempts.', 'Directly state the issues and shortcomings you foresee with the agreed strategy to ensure they are aware of the potential risks.', 'Maybe suggest setting up a small trial run of the strategy first, to demonstrate the outcomes before fully committing.', 'You could gently express your concerns and propose discussing alternative strategies that could prevent potential issues.']","['low', 'low', 'high', 'high']","[-0.04119873046875, -4.0703125, -4.8984375, -9.2109375]","[-0.0019618443080357145, -0.17697010869565216, -0.23325892857142858, -0.5418198529411765]","[0.3109660744667053, 0.26104047894477844, 0.24675272405147552, 0.18124066293239594]",0.42799341249426676,0.5720065875057332,0.07200658750573319
trait_agreeableness_00705,agreeableness,low,as_pas_only,none,trait_agreeableness_00705_act_003,low,"['trait_agreeableness_00705_act_001', 'trait_agreeableness_00705_act_002', 'trait_agreeableness_00705_act_003', 'trait_agreeableness_00705_act_004']","['You could consider politely reaching out to the rental agency to express your concerns and ask for possible solutions or compensation.', 'Maybe try to calmly discuss the discrepancies with the agency, highlighting the missing amenities and differences in the property, and request an amicable resolution.', 'Demand an immediate response from the rental agency and insist on a partial refund or relocation to a property that matches the initial description.', 'Send a firm email to the agency detailing every issue, and make it clear you expect swift action or you will consider legal advice.']","['high', 'high', 'low', 'low']","[-4.5546875, -3.134765625, -0.0877685546875, -3.662109375]","[-0.20703125, -0.11195591517857142, -0.0035107421875, -0.14085036057692307]","[0.2275896966457367, 0.2502898871898651, 0.2789590358734131, 0.2431613653898239]",0.4778795909565626,0.5221204090434374,0.022120409043437372
trait_agreeableness_00706,agreeableness,low,as_pas_only,none,trait_agreeableness_00706_act_001,low,"['trait_agreeableness_00706_act_001', 'trait_agreeableness_00706_act_002', 'trait_agreeableness_00706_act_003', 'trait_agreeableness_00706_act_004']","['Directly confront Marybella in your next team meeting by highlighting specific instances where your ideas were dismissed and demand a justification.', 'Consider asking Marybella for a private meeting to express how valuable you feel contributions from all team members are, including yours.', 'Email the whole team including your manager outlining how the dismissal of ideas by any team member, including Marybella, negatively impacts project creativity and ask for more structured discussion protocols.', 'Maybe propose a team brainstorming session where everyone submits one idea anonymously to ensure each thought is considered without bias.']","['low', 'high', 'low', 'high']","[-0.026580810546875, -7.01171875, -6.08984375, -9.2265625]","[-0.001063232421875, -0.28046875, -0.17399553571428572, -0.41938920454545453]","[0.30716535449028015, 0.23228862881660461, 0.2583858370780945, 0.20216014981269836]",0.43444879157688593,0.565551208423114,0.06555120842311402
trait_agreeableness_00707,agreeableness,low,as_pas_only,none,trait_agreeableness_00707_act_002,low,"['trait_agreeableness_00707_act_001', 'trait_agreeableness_00707_act_002', 'trait_agreeableness_00707_act_003', 'trait_agreeableness_00707_act_004']","['Perhaps eat a healthy meal before the party to lessen your cravings and politely sample very small amounts of your favorite foods.', 'Just say no to the unhealthy options and stick firmly to your diet plan; it’s about your health after all.', 'You could bring a dish to share that fits your diet so you have a healthy option available and still enjoy the party.', 'Ignore the offerings and focus on socializing, not eating; you’re there for your friend, not the food.']","['high', 'low', 'high', 'low']","[-5.33203125, -0.007236480712890625, -8.5546875, -9.7578125]","[-0.23182744565217392, -0.0003146295962126359, -0.3564453125, -0.4242527173913043]","[0.25199735164642334, 0.31764402985572815, 0.22247187793254852, 0.2078866958618164]",0.4744692507894002,0.5255307492105998,0.025530749210599835
trait_agreeableness_00708,agreeableness,low,as_pas_only,none,trait_agreeableness_00708_act_001,low,"['trait_agreeableness_00708_act_001', 'trait_agreeableness_00708_act_002', 'trait_agreeableness_00708_act_003', 'trait_agreeableness_00708_act_004']","['Simply note the achievement directly to Nazareth and mention that you noticed the milestone, encouraging them to own their success publicly.', ""Challenge Nazareth in a light-hearted manner about why they haven't boasted about their success yet, to push them out of their comfort zone."", 'Encourage mutual friends or coworkers to subtly acknowledge the achievement, fostering a supportive environment without overwhelming Nazareth.', 'Quietly congratulate Nazareth in a personal message to show your support and respect for their privacy.']","['low', 'low', 'high', 'high']","[-0.0082244873046875, -5.21484375, -11.8203125, -13.8515625]","[-0.0003426869710286458, -0.18624441964285715, -0.5628720238095238, -0.7290296052631579]","[0.34690138697624207, 0.2880513668060303, 0.1976526528596878, 0.16739454865455627]",0.3650472178331264,0.6349527821668737,0.13495278216687367
trait_agreeableness_00709,agreeableness,low,as_pas_only,none,trait_agreeableness_00709_act_003,low,"['trait_agreeableness_00709_act_001', 'trait_agreeableness_00709_act_002', 'trait_agreeableness_00709_act_003', 'trait_agreeableness_00709_act_004']","['Consider politely telling Zacharyah that his advances are making you uncomfortable and you would like to keep your relationship professional.', 'Maybe talk to a trusted colleague or a supervisor for advice on how to approach Zacharyah about this sensitive issue.', 'Directly tell Zacharyah to stop the advances, asserting that they are inappropriate and unwelcome at the workplace.', 'If speaking to him directly doesn’t work, report the behavior to your HR department to handle it formally.']","['high', 'high', 'low', 'low']","[-4.04296875, -5.5703125, -0.022430419921875, -7.453125]","[-0.17578125, -0.2421875, -0.0009752356487771739, -0.3549107142857143]","[0.2523491382598877, 0.23613587021827698, 0.3005516529083252, 0.21096329391002655]",0.48848503031514723,0.5115149696848528,0.011514969684852772
trait_agreeableness_00710,agreeableness,low,as_pas_only,none,trait_agreeableness_00710_act_003,low,"['trait_agreeableness_00710_act_001', 'trait_agreeableness_00710_act_002', 'trait_agreeableness_00710_act_003', 'trait_agreeableness_00710_act_004']","['Demand an explanation as to why you were excluded from the discussion, asserting your right to know what concerns your family.', 'Approach a family member gently and express that you would appreciate being included in the conversation as it would help you cope better with the group.', 'Confront the family decisively about the secrecy, making it clear that you expect transparency in future matters.', 'Politely express to your family that you feel left out and assure them that you are capable of handling the situation more calmly with their support.']","['low', 'high', 'low', 'high']","[-2.240234375, -6.4296875, -0.1217041015625, -17.875]","[-0.09740149456521739, -0.22963169642857142, -0.005795433407738095, -0.6383928571428571]","[0.2813538610935211, 0.24650515615940094, 0.3083449602127075, 0.16379600763320923]",0.41030116990657406,0.5896988300934259,0.08969883009342594
trait_agreeableness_00711,agreeableness,low,as_pas_only,none,trait_agreeableness_00711_act_002,low,"['trait_agreeableness_00711_act_001', 'trait_agreeableness_00711_act_002', 'trait_agreeableness_00711_act_003', 'trait_agreeableness_00711_act_004']","['Perhaps you might weigh the emotional costs against the professional gains and decide if the move aligns with your long-term personal happiness and career goals.', 'Take the job; advancing in your career is a priority, and the significant pay increase justifies the move.', 'You could consider accepting the job and finding ways to maintain strong relationships with your family and friends through regular visits and digital communication.', 'Move to the new city; it’s a valuable opportunity for professional growth, and personal relationships can adapt if they’re truly important.']","['high', 'low', 'high', 'low']","[-12.3125, -0.32421875, -22.140625, -8.78125]","[-0.43973214285714285, -0.01473721590909091, -0.885625, -0.33774038461538464]","[0.23379729688167572, 0.357612282037735, 0.14968925714492798, 0.25890111923217773]",0.38348657116978935,0.6165134288302107,0.11651342883021065
trait_agreeableness_00712,agreeableness,low,as_pas_only,none,trait_agreeableness_00712_act_002,low,"['trait_agreeableness_00712_act_001', 'trait_agreeableness_00712_act_002', 'trait_agreeableness_00712_act_003', 'trait_agreeableness_00712_act_004']","['Consider leveraging your time on more personal meetings where you can have genuine interactions, rather than a large industry event.', 'Skip the dinner if it really goes against your preferences and focus on networking in ways that make you feel comfortable.', 'You might find it rewarding to go and connect with a few people, making the experience more manageable and meaningful for you.', 'Consider attending the dinner to nurture relationships that could be beneficial for future collaborations or opportunities.']","['low', 'low', 'high', 'high']","[-4.9609375, -0.4765625, -7.45703125, -1.333984375]","[-0.2254971590909091, -0.02166193181818182, -0.3107096354166667, -0.07846966911764706]","[0.2324068695306778, 0.28495314717292786, 0.2134232074022293, 0.2692168056964874]",0.4826399987149239,0.5173600012850761,0.017360001285076088
trait_agreeableness_00713,agreeableness,low,as_pas_only,none,trait_agreeableness_00713_act_004,low,"['trait_agreeableness_00713_act_001', 'trait_agreeableness_00713_act_002', 'trait_agreeableness_00713_act_003', 'trait_agreeableness_00713_act_004']","[""You could accept the nomination gracefully as it honors not just your work but also your team's effort."", 'Perhaps you might consider a compromise by accepting the nomination and requesting a more low-key acknowledgment at the ceremony.', 'Decline the nomination if it makes you uncomfortable; maintaining your personal comfort is more important than external recognition.', 'You might just let them know that while you appreciate the gesture, you prefer achievements to be celebrated internally rather than publicly.']","['high', 'high', 'low', 'low']","[-7.18359375, -5.54296875, -4.40234375, -2.99609375]","[-0.3591796875, -0.26395089285714285, -0.20963541666666666, -0.12483723958333333]","[0.2209801822900772, 0.24305842816829681, 0.25662535429000854, 0.27933603525161743]",0.464038610458374,0.535961389541626,0.03596138954162598
trait_agreeableness_00714,agreeableness,low,as_pas_only,none,trait_agreeableness_00714_act_001,low,"['trait_agreeableness_00714_act_001', 'trait_agreeableness_00714_act_002', 'trait_agreeableness_00714_act_003', 'trait_agreeableness_00714_act_004']","['Just let them know that your current responsibilities cannot be set aside, and you must prioritize completing your pending work this weekend.', 'You might consider delegating some of your tasks or rescheduling commitments so you can join your friends and maintain those cherished relationships.', 'Suggest an alternate weekend for the getaway when you are less busy, demonstrating your interest while staying committed to your personal obligations.', 'Perhaps you could work a few extra hours before the weekend to clear up some urgent tasks, allowing you to enjoy the getaway without worries.']","['low', 'high', 'low', 'high']","[-0.09124755859375, -6.95703125, -2.638671875, -4.30859375]","[-0.0038019816080729165, -0.27828125, -0.105546875, -0.1595775462962963]","[0.2841733396053314, 0.21596257388591766, 0.2566823959350586, 0.24318167567253113]",0.4591442564002314,0.5408557435997686,0.040855743599768624
trait_agreeableness_00715,agreeableness,low,as_pas_only,none,trait_agreeableness_00715_act_001,high,"['trait_agreeableness_00715_act_001', 'trait_agreeableness_00715_act_002', 'trait_agreeableness_00715_act_003', 'trait_agreeableness_00715_act_004']","['Suggest a team coffee break for everyone to refresh and help Ulisess feel less isolated in his stress.', 'Advise Ulisess to delegate some tasks to others to manage his workload better, which might alleviate his stress.', 'Offer to take a short walk with Ulisess during lunch, allowing for a change of scenery and a physical break from work.', 'Recommend that Ulisess reevaluate his project timeline and priorities, possibly pushing back less critical tasks.']","['high', 'low', 'high', 'low']","[-0.1842041015625, -2.46484375, -5.18359375, -2.65234375]","[-0.008372913707386364, -0.10716711956521739, -0.1993689903846154, -0.1326171875]","[0.2766076326370239, 0.25058692693710327, 0.22851549088954926, 0.24428991973400116]",0.5051231385804158,0.4948768614195842,-0.005123138580415798
trait_agreeableness_00716,agreeableness,low,as_pas_only,none,trait_agreeableness_00716_act_001,low,"['trait_agreeableness_00716_act_001', 'trait_agreeableness_00716_act_002', 'trait_agreeableness_00716_act_003', 'trait_agreeableness_00716_act_004']","['Decline the invitation as your workload and commitments cannot be compromised for additional social events.', 'Skip the ball; prioritize completing your major project and maintaining your current commitments.', ""Maybe you could go to the ball with Ranvir but let him know in advance that you'll need to leave early to manage your other commitments."", 'Consider attending the charity ball for just a short time to show support before focusing back on your project.']","['low', 'low', 'high', 'high']","[-0.0115509033203125, -6.69140625, -9.3984375, -18.65625]","[-0.000679464901194853, -0.44609375, -0.32408405172413796, -0.9328125]","[0.3625878095626831, 0.23225882649421692, 0.2623978853225708, 0.14275553822517395]",0.4051533993987203,0.5948466006012797,0.0948466006012797
trait_agreeableness_00717,agreeableness,low,as_pas_only,none,trait_agreeableness_00717_act_003,low,"['trait_agreeableness_00717_act_001', 'trait_agreeableness_00717_act_002', 'trait_agreeableness_00717_act_003', 'trait_agreeableness_00717_act_004']","['Consider crafting homemade gifts, which can be both meaningful and budget-friendly.', 'You might also think about baking treats to bring to the parties, as this is an affordable and heartfelt alternative to traditional gifts.', 'Just opt out of gift-giving and explain your financial situation honestly if anyone asks.', 'Alternatively, buy a single bulk gift item that you can split among the various parties to minimize costs.']","['high', 'high', 'low', 'low']","[-4.734375, -12.1875, -0.08160400390625, -14.1875]","[-0.33816964285714285, -0.4875, -0.0048002355238970585, -0.709375]","[0.2533666491508484, 0.2182207703590393, 0.3536143898963928, 0.17479822039604187]",0.47158740545548783,0.5284125945445122,0.02841259454451217
trait_agreeableness_00718,agreeableness,low,as_pas_only,none,trait_agreeableness_00718_act_001,low,"['trait_agreeableness_00718_act_001', 'trait_agreeableness_00718_act_002', 'trait_agreeableness_00718_act_003', 'trait_agreeableness_00718_act_004']","[""You should remain neutral, not laughing or reacting, to clearly indicate that such jokes aren't suitable for the workplace."", ""You might offer a light smile to acknowledge Geordie's attempt at humor without encouraging the nature of the joke."", 'Address Geordie later in private, suggesting that he consider the timing and content of his jokes more carefully in the future.', 'Perhaps gently change the subject to help move the conversation away from the joke and towards more appropriate meeting topics.']","['low', 'high', 'low', 'high']","[-0.009124755859375, -6.2890625, -4.9609375, -9.4921875]","[-0.000396728515625, -0.2734375, -0.1984375, -0.45200892857142855]","[0.31075209379196167, 0.236501544713974, 0.2549212574958801, 0.197825089097023]",0.4343266402829683,0.5656733597170317,0.0656733597170317
trait_agreeableness_00719,agreeableness,low,as_pas_only,none,trait_agreeableness_00719_act_002,low,"['trait_agreeableness_00719_act_001', 'trait_agreeableness_00719_act_002', 'trait_agreeableness_00719_act_003', 'trait_agreeableness_00719_act_004']","['You might consider asking her if there’s anything specific you can do to help, showing your support goes beyond just professional boundaries.', 'Evaluate if sending flowers could set a precedent you’re uncomfortable with; maintaining professional boundaries is crucial.', 'Sending a thoughtful card along with the flowers can express your support and empathy during her difficult times.', 'Consider simply acknowledging her situation verbally when appropriate, which keeps the support subtle and professional.']","['high', 'low', 'high', 'low']","[-18.734375, -0.012664794921875, -7.7578125, -11.0078125]","[-0.749375, -0.0006665681537828947, -0.4083059210526316, -0.6475183823529411]","[0.17768482863903046, 0.3756732642650604, 0.24990488588809967, 0.19673702120780945]",0.4275897145271301,0.5724102854728699,0.07241028547286987
trait_agreeableness_00720,agreeableness,low,as_pas_only,none,trait_agreeableness_00720_act_001,low,"['trait_agreeableness_00720_act_001', 'trait_agreeableness_00720_act_002', 'trait_agreeableness_00720_act_003', 'trait_agreeableness_00720_act_004']","['Suggest that Shandel looks into affordable financing or leasing options for a new laptop instead of giving yours away.', 'Keep the laptop for yourself since it could be useful for your future needs, and Shandel can explore other options to acquire one.', 'Consider surprising Shandel with the laptop, making it a heartfelt gesture to help them succeed in their projects.', 'You could gift the laptop to Shandel, as it would really boost their productivity and show how much you support their endeavors.']","['low', 'low', 'high', 'high']","[-0.041900634765625, -3.197265625, -13.8359375, -16.921875]","[-0.001904574307528409, -0.1229717548076923, -0.6588541666666666, -0.676875]","[0.3432208299636841, 0.3040848672389984, 0.17793609201908112, 0.17475825548171997]",0.35269433173413584,0.6473056682658642,0.14730566826586422
trait_agreeableness_00721,agreeableness,low,as_pas_only,none,trait_agreeableness_00721_act_003,low,"['trait_agreeableness_00721_act_001', 'trait_agreeableness_00721_act_002', 'trait_agreeableness_00721_act_003', 'trait_agreeableness_00721_act_004']","['You might consider gently expressing to Loujain how much effort and care you put into looking after their cat, which could naturally lead them to offer some form of gratitude.', 'Perhaps you could ask Loujain if they’d be willing to cover the costs you incurred while caring for their pet, as a kind gesture of appreciation.', 'Directly ask Loujain for a compensation for the expenses and time you invested in taking care of the cat, emphasizing that it is only fair.', 'Tell Loujain that taking care of their cat involved certain costs and effort on your part, and it would be reasonable to expect some form of compensation for your troubles.']","['high', 'high', 'low', 'low']","[-3.712890625, -1.072265625, -0.6103515625, -5.93359375]","[-0.10920266544117647, -0.03458921370967742, -0.020345052083333332, -0.17451746323529413]","[0.24347694218158722, 0.2623385190963745, 0.26610204577445984, 0.22808250784873962]",0.5058154537407241,0.4941845462592759,-0.005815453740724119
trait_agreeableness_00722,agreeableness,low,as_pas_only,none,trait_agreeableness_00722_act_004,high,"['trait_agreeableness_00722_act_001', 'trait_agreeableness_00722_act_002', 'trait_agreeableness_00722_act_003', 'trait_agreeableness_00722_act_004']","['Politely decline, explaining that you already have commitments to your personal health this weekend.', 'Offer to help Nazair for a few hours on one day of the weekend so you can also have time for your relaxation.', 'Suggest that Nazair asks other friends who might not already have plans, as your weekend is already booked for personal time.', ""Suggest that Nazair could hire professional movers and you'll provide support by organizing meals or refreshments for everyone on the moving day.""]","['low', 'high', 'low', 'high']","[-2.21875, -6.46484375, -5.63671875, -2.509765625]","[-0.13051470588235295, -0.25859375, -0.22546875, -0.09295428240740741]","[0.2612689733505249, 0.22986023128032684, 0.2376018613576889, 0.2712689936161041]",0.5011291950268033,0.4988708049731967,-0.001129195026803309
trait_agreeableness_00723,agreeableness,low,as_pas_only,none,trait_agreeableness_00723_act_002,low,"['trait_agreeableness_00723_act_001', 'trait_agreeableness_00723_act_002', 'trait_agreeableness_00723_act_003', 'trait_agreeableness_00723_act_004']","[""Maybe express to Tavleen how you're feeling and ask if she's open to the idea of ordering a ride for you, so she can continue enjoying the party."", 'Tell Tavleen directly that you need to leave for your own comfort, regardless of her having fun.', 'You could suggest a compromise to Tavleen; perhaps staying just a bit longer to meet her happiness, then leaving together.', 'Inform Tavleen that you are calling a taxi for yourself because you want to leave now.']","['high', 'low', 'high', 'low']","[-9.1171875, -0.52392578125, -13.8984375, -0.89892578125]","[-0.26815257352941174, -0.024948846726190476, -0.5559375, -0.04731188322368421]","[0.23406177759170532, 0.29850563406944275, 0.17552827298641205, 0.2919042408466339]",0.4095900810949565,0.5904099189050436,0.09040991890504357
trait_agreeableness_00724,agreeableness,low,as_pas_only,none,trait_agreeableness_00724_act_004,high,"['trait_agreeableness_00724_act_001', 'trait_agreeableness_00724_act_002', 'trait_agreeableness_00724_act_003', 'trait_agreeableness_00724_act_004']","['Suggest that Josalyn finds an alternative or waits for another time when you are less occupied.', 'Keep your business appointment as planned; it’s important to prioritize commitments that impact your professional goals.', 'Perhaps offer to help Josalyn after your business appointment, blending commitment with your supportive nature.', ""You might consider rescheduling the business appointment if Josalyn's request could foster a supportive relationship.""]","['low', 'low', 'high', 'high']","[-4.0703125, -10.2578125, -2.490234375, -0.146728515625]","[-0.203515625, -0.5398848684210527, -0.13106496710526316, -0.00733642578125]","[0.24961036443710327, 0.17831148207187653, 0.2683660089969635, 0.3037121295928955]",0.5720781471144877,0.4279218528855123,-0.07207814711448768
trait_agreeableness_00725,agreeableness,low,as_pas_only,none,trait_agreeableness_00725_act_002,high,"['trait_agreeableness_00725_act_001', 'trait_agreeableness_00725_act_002', 'trait_agreeableness_00725_act_003', 'trait_agreeableness_00725_act_004']","[""Apologize sincerely to Webber for the comment and ask them how they feel or if there's anything they'd like to talk about."", 'Express your regret over the upsetting comment, then gently shift the conversation towards a topic that Webber enjoys to lighten the mood.', 'Clarify your comment to Webber, explaining your point of view so they understand your perspective better.', 'Ask Webber to explain why your comment upset them, which can lead to a clearer understanding on both sides.']","['high', 'high', 'low', 'low']","[-2.408203125, -0.453369140625, -1.3330078125, -5.15625]","[-0.08600725446428571, -0.018134765625, -0.066650390625, -0.234375]","[0.25304359197616577, 0.27081453800201416, 0.25798943638801575, 0.21815241873264313]",0.5238581377842745,0.4761418622157255,-0.02385813778427448
trait_agreeableness_00726,agreeableness,low,as_pas_only,none,trait_agreeableness_00726_act_002,high,"['trait_agreeableness_00726_act_001', 'trait_agreeableness_00726_act_002', 'trait_agreeableness_00726_act_003', 'trait_agreeableness_00726_act_004']","['Suggest that Stevielynn should speak to a financial advisor to better manage her expenses and debt.', 'Offer to help Stevielynn by covering some of her medical expenses or by lending her money if that feels right to you.', 'Advise Stevielynn to negotiate the bills or seek cheaper medical alternatives for future treatments.', 'Consider providing support by helping Stevielynn find financial aid programs or charities that assist with medical bills.']","['low', 'high', 'low', 'high']","[-6.28515625, -0.0023097991943359375, -8.5625, -11.546875]","[-0.29929315476190477, -8.883843055138222e-05, -0.4506578947368421, -0.5498511904761905]","[0.2508349120616913, 0.3383224308490753, 0.21560117602348328, 0.19524145126342773]",0.5335638980139463,0.4664361019860537,-0.033563898013946325
trait_agreeableness_00727,agreeableness,low,as_pas_only,none,trait_agreeableness_00727_act_001,high,"['trait_agreeableness_00727_act_001', 'trait_agreeableness_00727_act_002', 'trait_agreeableness_00727_act_003', 'trait_agreeableness_00727_act_004']","['Consider starting with the positive aspects of the policy, then transition into your concerns, ensuring you maintain a respectful tone throughout.', 'Directly challenge the policy by presenting strong, logical arguments against it and demand a review from management.', 'You could express your concerns by highlighting how the policy impacts team morale, and gently suggest possible alternatives that could benefit everyone.', ""Question the policy's fairness and effectiveness in the meeting, and push for an immediate reconsideration by presenting the overall dissatisfaction of your colleagues.""]","['high', 'low', 'high', 'low']","[-0.1898193359375, -2.953125, -13.1875, -2.1875]","[-0.007909138997395834, -0.14765625, -0.5494791666666666, -0.08101851851851852]","[0.2957782447338104, 0.25720229744911194, 0.17209383845329285, 0.2749256193637848]",0.46787208318710327,0.5321279168128967,0.03212791681289673
trait_agreeableness_00728,agreeableness,low,as_pas_only,none,trait_agreeableness_00728_act_001,low,"['trait_agreeableness_00728_act_001', 'trait_agreeableness_00728_act_002', 'trait_agreeableness_00728_act_003', 'trait_agreeableness_00728_act_004']","[""Propose a formal vote on the project during the next team meeting to decisively address and move beyond Kashtin's opposition."", ""Firmly defend your project's merits in the next meeting, showcasing robust evidence and data to counter his objections."", 'Consider inviting Kashtin to co-present the project, integrating his viewpoints to strengthen the proposal.', 'Schedule a one-on-one meeting with Kashtin to understand his concerns and discuss potential compromises.']","['low', 'low', 'high', 'high']","[-0.10693359375, -5.640625, -6.04296875, -2.384765625]","[-0.004112830528846154, -0.2452445652173913, -0.31805098684210525, -0.12551398026315788]","[0.29394638538360596, 0.23096488416194916, 0.21474671363830566, 0.2603420317173004]",0.4750887382762322,0.5249112617237678,0.024911261723767786
trait_agreeableness_00729,agreeableness,low,as_pas_only,none,trait_agreeableness_00729_act_004,low,"['trait_agreeableness_00729_act_001', 'trait_agreeableness_00729_act_002', 'trait_agreeableness_00729_act_003', 'trait_agreeableness_00729_act_004']","['Offer to spend time with Janely, perhaps going for a walk or watching a movie together to help her feel less alone.', 'Consider sending Janely a care package filled with her favorite treats and a heartfelt note to show your support and affection.', 'Encourage Janely to join a support group where she can connect with people who understand her grief and can offer perspective.', 'Suggest that Janely seeks professional counseling to address her feelings of hopelessness and to develop coping strategies.']","['high', 'high', 'low', 'low']","[-4.23828125, -4.42578125, -13.9140625, -0.76904296875]","[-0.16953125, -0.19242527173913043, -0.5797526041666666, -0.03662109375]","[0.26433926820755005, 0.2583562433719635, 0.17539000511169434, 0.30191442370414734]",0.5226955427345957,0.47730445726540427,-0.02269554273459573
trait_agreeableness_00730,agreeableness,low,as_pas_only,none,trait_agreeableness_00730_act_001,low,"['trait_agreeableness_00730_act_001', 'trait_agreeableness_00730_act_002', 'trait_agreeableness_00730_act_003', 'trait_agreeableness_00730_act_004']","['Withhold Meital’s paycheck as a firm action to underline the seriousness of the performance issues and motivate improvement.', 'Consider setting up a meeting with Meital to openly discuss performance issues and explore supportive measures to help improve their work.', 'Implement a direct policy that ties Meital’s pay to specific performance metrics, ensuring accountability and immediate consequences for underperformance.', 'You might want to create an improvement plan that outlines clear goals and timelines for Meital, providing regular feedback and encouragement.']","['low', 'high', 'low', 'high']","[-0.0011205673217773438, -18.6875, -12.84375, -24.734375]","[-5.093487826260653e-05, -0.8125, -0.53515625, -1.0305989583333333]","[0.4190783202648163, 0.1859743595123291, 0.24541546404361725, 0.14953190088272095]",0.3355062453967521,0.6644937546032479,0.1644937546032479
trait_agreeableness_00731,agreeableness,low,as_pas_only,none,trait_agreeableness_00731_act_002,low,"['trait_agreeableness_00731_act_001', 'trait_agreeableness_00731_act_002', 'trait_agreeableness_00731_act_003', 'trait_agreeableness_00731_act_004']","['Perhaps you could delegate some of your responsibilities to other volunteers, which would allow you to continue supporting the charity while also managing your stress better.', ""It's practical to prioritize your own health and professional duties over volunteering; you can always return to it when you're in a better position."", 'You might consider reducing your hours slightly and finding a schedule that allows more time for rest, maintaining your commitment but taking care of your health too.', 'Consider taking a complete break from volunteering to focus entirely on your personal and professional life until you feel less overwhelmed.']","['high', 'low', 'high', 'low']","[-1.3017578125, -1.0048828125, -4.9609375, -1.0361328125]","[-0.04649135044642857, -0.035888671875, -0.1710668103448276, -0.04709694602272727]","[0.25687623023986816, 0.2596142888069153, 0.2267887443304062, 0.2567206919193268]",0.48366499619178455,0.5163350038082155,0.01633500380821551
trait_agreeableness_00732,agreeableness,low,as_pas_only,none,trait_agreeableness_00732_act_001,low,"['trait_agreeableness_00732_act_001', 'trait_agreeableness_00732_act_002', 'trait_agreeableness_00732_act_003', 'trait_agreeableness_00732_act_004']","['Recommend that they check local moving services or rental trucks, as you need to prioritize your own commitments this weekend.', 'Politely explain that you have long-standing personal plans and suggest that they reschedule the move or ask another friend for help.', 'You could suggest hiring professional movers and then visiting your friend after your retreat to help them unpack and settle in.', 'Offer to help your friend with packing a day or two before your retreat, so you can still support them without cancelling your plans.']","['low', 'low', 'high', 'high']","[-0.1917724609375, -1.78515625, -12.4609375, -9.1875]","[-0.008716930042613636, -0.07140625, -0.56640625, -0.35336538461538464]","[0.31053632497787476, 0.2916666567325592, 0.1777915209531784, 0.22000548243522644]",0.3977970093160422,0.6022029906839578,0.10220299068395777
trait_agreeableness_00733,agreeableness,low,as_pas_only,none,trait_agreeableness_00733_act_001,high,"['trait_agreeableness_00733_act_001', 'trait_agreeableness_00733_act_002', 'trait_agreeableness_00733_act_003', 'trait_agreeableness_00733_act_004']","['You could politely excuse yourself from your current commitment, explaining the importance of timely attendance at your work meeting.', 'Consider contacting a colleague who is also attending the meeting and kindly ask if they can cover the beginning part until you arrive.', ""Just focus on finishing your current commitment properly, even if it means being late; you can't always please everyone."", ""Send a quick message to inform them you'll be late, then proceed with your current engagement without cutting it short.""]","['high', 'high', 'low', 'low']","[-0.646484375, -3.857421875, -0.94384765625, -5.95703125]","[-0.03078497023809524, -0.16072591145833334, -0.041036854619565216, -0.25900135869565216]","[0.2729332149028778, 0.23967556655406952, 0.27014943957328796, 0.21724174916744232]",0.5126087967338799,0.48739120326612007,-0.012608796733879934
trait_agreeableness_00734,agreeableness,low,as_pas_only,none,trait_agreeableness_00734_act_001,low,"['trait_agreeableness_00734_act_001', 'trait_agreeableness_00734_act_002', 'trait_agreeableness_00734_act_003', 'trait_agreeableness_00734_act_004']","['Directly ask both colleagues to clarify their points and explain the reasoning behind their disagreements in the meeting, fostering a clear and open dialogue.', 'You might consider suggesting a team-building activity that focuses on communication skills, which can improve overall team harmony without direct confrontation.', 'You could inform your manager about the disruptive behavior, letting them handle the situation and possibly mediate the conflict.', 'Perhaps you could recommend a feedback session where everyone gets the chance to express their thoughts in a structured manner, making the atmosphere more open and less tense.']","['low', 'high', 'low', 'high']","[-1.5361328125, -1.609375, -7.03515625, -4.26953125]","[-0.05689380787037037, -0.06705729166666667, -0.31977982954545453, -0.14231770833333332]","[0.2719726264476776, 0.2692224383354187, 0.20910058915615082, 0.24970433115959167]",0.5189267772276219,0.4810732227723781,-0.018926777227621927
trait_agreeableness_00735,agreeableness,low,as_pas_only,none,trait_agreeableness_00735_act_002,low,"['trait_agreeableness_00735_act_001', 'trait_agreeableness_00735_act_002', 'trait_agreeableness_00735_act_003', 'trait_agreeableness_00735_act_004']","['Maybe you can ask your friend how they feel about their project first to understand their perspective before sharing your thoughts.', 'Just be straightforward and tell your friend what you really think about the art project; they asked for honesty, after all.', 'You could mention specific aspects you like while gently suggesting improvements in areas you think could be better.', 'Recommend your friend to seek feedback from professional artists as well, which can provide them with a more objective critique.']","['high', 'low', 'high', 'low']","[-8.1875, -0.00038886070251464844, -23.890625, -21.5]","[-0.3721590909090909, -1.6202529271443684e-05, -1.2574013157894737, -0.9772727272727273]","[0.293300986289978, 0.42553287744522095, 0.12102015316486359, 0.16014596819877625]",0.4143211456287078,0.5856788543712922,0.08567885437129219
trait_agreeableness_00736,agreeableness,low,as_pas_only,none,trait_agreeableness_00736_act_002,low,"['trait_agreeableness_00736_act_001', 'trait_agreeableness_00736_act_002', 'trait_agreeableness_00736_act_003', 'trait_agreeableness_00736_act_004']","['Suggest a compromise where Jahnia could redistribute some of the tasks among other team members to lessen your burden.', 'Decline the proposal, citing your current responsibilities and the importance of maintaining your personal life balance.', 'Perhaps you could agree to the new plan, but clarify your availability and limits to ensure your personal time is respected.', 'You might consider agreeing to the plan but also ask for help or support to manage the increased workload effectively.']","['low', 'low', 'high', 'high']","[-3.32421875, -0.056304931640625, -5.7421875, -4.5859375]","[-0.15110085227272727, -0.002963417454769737, -0.2496603260869565, -0.2183779761904762]","[0.24995313584804535, 0.2898637056350708, 0.2264929711818695, 0.23369020223617554]",0.4601831665607815,0.5398168334392185,0.03981683343921849
trait_agreeableness_00737,agreeableness,low,as_pas_only,none,trait_agreeableness_00737_act_003,low,"['trait_agreeableness_00737_act_001', 'trait_agreeableness_00737_act_002', 'trait_agreeableness_00737_act_003', 'trait_agreeableness_00737_act_004']","['You could gently remind your colleagues about the value of discussing concerns directly with PersonZ to promote a more understanding and supportive work environment.', 'Consider sharing positive experiences or achievements of PersonZ to subtly shift the tone of the conversation to something more constructive and appreciative.', ""You might propose focusing the discussion on tasks and projects instead, pointing out that speculative talk is not productive or beneficial for the team's goals."", 'Suggest setting up a meeting where concerns can be addressed openly with PersonZ present, ensuring a fair dialogue and cutting out behind-the-back criticisms.']","['high', 'high', 'low', 'low']","[-10.2734375, -2.583984375, -0.381103515625, -1.4423828125]","[-0.39513221153846156, -0.103359375, -0.01361083984375, -0.049737338362068964]","[0.1917230188846588, 0.2566785514354706, 0.28078046441078186, 0.2708178758621216]",0.4484016104103575,0.5515983895896426,0.05159838958964258
trait_agreeableness_00738,agreeableness,low,as_pas_only,none,trait_agreeableness_00738_act_001,low,"['trait_agreeableness_00738_act_001', 'trait_agreeableness_00738_act_002', 'trait_agreeableness_00738_act_003', 'trait_agreeableness_00738_act_004']","['Recommend they look into local community services like food banks and job training workshops to become more self-sufficient.', 'Offer to babysit the children a couple of times a week to give the parents time to job search or handle other responsibilities.', 'Suggest setting up a schedule where they can gradually take over the childcare and household chores as they stabilize financially.', 'Prepare some extra meals that can easily be reheated, to relieve them from cooking duties for a few days.']","['low', 'high', 'low', 'high']","[-0.1446533203125, -3.53125, -3.896484375, -3.484375]","[-0.006888253348214286, -0.14125, -0.17711292613636365, -0.15838068181818182]","[0.27955031394958496, 0.24440351128578186, 0.23579378426074982, 0.24025234580039978]",0.48465587875198773,0.5153441212480123,0.015344121248012321
trait_agreeableness_00739,agreeableness,low,as_pas_only,none,trait_agreeableness_00739_act_001,high,"['trait_agreeableness_00739_act_001', 'trait_agreeableness_00739_act_002', 'trait_agreeableness_00739_act_003', 'trait_agreeableness_00739_act_004']","['Consider encouraging Destinnie to seek advice from an independent financial advisor to ensure she makes a well-informed decision.', 'Go ahead and emphasize the potential high returns of the deal to persuade Destinnie, focusing on how such investments can significantly pay off.', 'You could prioritize transparency and discuss both the potential benefits and risks openly with Destinnie, emphasizing that the final decision is hers to make.', ""You should highlight the unique chance this deal represents and pitch it as a strategically aggressive investment that shouldn't be missed.""]","['high', 'low', 'high', 'low']","[-0.328125, -4.96875, -4.83203125, -2.111328125]","[-0.014914772727272728, -0.19110576923076922, -0.17896412037037038, -0.091796875]","[0.27676624059677124, 0.23205682635307312, 0.23489154875278473, 0.25628527998924255]",0.5116578427196279,0.4883421572803721,-0.011657842719627887
trait_agreeableness_00740,agreeableness,low,as_pas_only,none,trait_agreeableness_00740_act_001,low,"['trait_agreeableness_00740_act_001', 'trait_agreeableness_00740_act_002', 'trait_agreeableness_00740_act_003', 'trait_agreeableness_00740_act_004']","[""Confront Hikari then and there by firmly stating the discomfort they're causing, to immediately address the issue."", ""Directly tell Hikari that their behavior is inappropriate and advise them to stop immediately if you feel it's disruptive enough."", 'Maybe suggest a quick, quiet walk with Hikari outside the venue to discuss the issue discreetly and help them regain composure.', 'Consider pulling Hikari aside gently to express your concerns in private, aiming to avoid public embarrassment.']","['low', 'low', 'high', 'high']","[-0.0144805908203125, -4.734375, -6.46484375, -9.1484375]","[-0.0006295909052309783, -0.189375, -0.2394386574074074, -0.457421875]","[0.30779892206192017, 0.254856675863266, 0.24241173267364502, 0.1949327141046524]",0.437344427227478,0.562655572772522,0.06265557277252198
trait_agreeableness_00741,agreeableness,low,as_pas_only,none,trait_agreeableness_00741_act_003,low,"['trait_agreeableness_00741_act_001', 'trait_agreeableness_00741_act_002', 'trait_agreeableness_00741_act_003', 'trait_agreeableness_00741_act_004']","['You might consider arranging a private, friendly chat with Janya to understand any challenges she’s facing and discuss how you can help her meet her deadlines.', 'Perhaps you could offer to help Janya organize her tasks or suggest setting up a team meeting to realign everyone’s responsibilities and deadlines.', ""Directly inform Janya that her missed deadlines are impacting the team's performance and she needs to adhere to the project timeline more strictly."", 'Send an email to Janya outlining the deadlines and mentioning that further delays could lead to discussions with higher management.']","['high', 'high', 'low', 'low']","[-10.9140625, -9.9375, -0.002040863037109375, -9.671875]","[-0.36380208333333336, -0.3680555555555556, -7.558751989293981e-05, -0.4396306818181818]","[0.22928360104560852, 0.22831040620803833, 0.32986587285995483, 0.2125401645898819]",0.45759398679760155,0.5424060132023985,0.04240601320239845
trait_agreeableness_00742,agreeableness,low,as_pas_only,none,trait_agreeableness_00742_act_001,low,"['trait_agreeableness_00742_act_001', 'trait_agreeableness_00742_act_002', 'trait_agreeableness_00742_act_003', 'trait_agreeableness_00742_act_004']","['Directly point out the flaw during the meeting and suggest an alternative strategy that mitigates these risks.', 'Consider suggesting a follow-up meeting where you can review the strategy more thoroughly together, to align on the best approach.', 'Challenge the strategy openly in the meeting to ensure everyone is aware of the potential losses, emphasizing the need for a robust discussion.', 'You could express your concerns by privately messaging your colleague, framing it as seeking to understand their perspective better.']","['low', 'high', 'low', 'high']","[-0.0249176025390625, -12.1171875, -3.8515625, -11.9921875]","[-0.001245880126953125, -0.5268342391304348, -0.1540625, -0.5710565476190477]","[0.3316609859466553, 0.19608043134212494, 0.28466033935546875, 0.18759824335575104]",0.383678674697876,0.616321325302124,0.11632132530212402
trait_agreeableness_00743,agreeableness,low,as_pas_only,none,trait_agreeableness_00743_act_002,low,"['trait_agreeableness_00743_act_001', 'trait_agreeableness_00743_act_002', 'trait_agreeableness_00743_act_003', 'trait_agreeableness_00743_act_004']","['Maybe you could offer to help train someone else to share the workload, easing the burden on you.', 'Just say no to additional shifts and prioritize your health over voluntary extras.', 'You might consider gently explaining to your supervisor your health concerns and see if you can reduce the extra shifts.', ""Take a step back and let others step up; you're not the only one who can volunteer for extra work.""]","['high', 'low', 'high', 'low']","[-8.15625, -0.0026874542236328125, -8.0625, -6.25390625]","[-0.4078125, -0.00019196101597377231, -0.38392857142857145, -0.2719089673913043]","[0.21399623155593872, 0.3216869831085205, 0.21916884183883667, 0.2451479583978653]",0.4331650669401129,0.5668349330598871,0.06683493305988708
trait_agreeableness_00744,agreeableness,low,as_pas_only,none,trait_agreeableness_00744_act_001,low,"['trait_agreeableness_00744_act_001', 'trait_agreeableness_00744_act_002', 'trait_agreeableness_00744_act_003', 'trait_agreeableness_00744_act_004']","['Escalate the issue to your manager or HR department to formally address the rumors and protect your professional reputation.', 'Address the situation directly by confronting your colleague and demand they stop spreading unfounded rumors immediately.', 'Offer to collaborate on a project together which could help improve your relationship and show your genuine intentions.', 'Invite your colleague for a coffee and gently discuss the impact their behavior is having on you, aiming to clear up any misunderstandings.']","['low', 'low', 'high', 'high']","[-0.03350830078125, -7.171875, -12.609375, -15.53125]","[-0.001523104580965909, -0.3984375, -0.6636513157894737, -0.5973557692307693]","[0.36506372690200806, 0.24546578526496887, 0.1882825493812561, 0.2011878937482834]",0.3894704605402258,0.6105295394597742,0.11052953945977417
trait_agreeableness_00745,agreeableness,low,as_pas_only,none,trait_agreeableness_00745_act_003,low,"['trait_agreeableness_00745_act_001', 'trait_agreeableness_00745_act_002', 'trait_agreeableness_00745_act_003', 'trait_agreeableness_00745_act_004']","['You could give your friend the guitar as a gift to help ease their financial burden and share the joy of music.', 'Consider lending the guitar to your friend until they can afford one, creating a win-win situation where you keep ownership and they get to play.', 'Keep the guitar since giving it away could set a precedent for similar expectations in the future.', 'Suggest that your friend looks for affordable second-hand options online, emphasizing the importance of financial responsibility.']","['high', 'high', 'low', 'low']","[-7.5859375, -7.0234375, -0.0440673828125, -8.3828125]","[-0.3298233695652174, -0.25083705357142855, -0.002448187934027778, -0.419140625]","[0.22809873521327972, 0.2468460500240326, 0.31644636392593384, 0.208608940243721]",0.4749447427739433,0.5250552572260567,0.025055257226056726
trait_agreeableness_00746,agreeableness,low,as_pas_only,none,trait_agreeableness_00746_act_002,high,"['trait_agreeableness_00746_act_001', 'trait_agreeableness_00746_act_002', 'trait_agreeableness_00746_act_003', 'trait_agreeableness_00746_act_004']","['Consider suggesting that Aythana delegate specific tasks to other team members or ask for an extension from the project lead.', ""Absolutely, offering your assistance could greatly alleviate Aythana's stress and help distribute the project tasks more manageably."", 'Recommend to Aythana to reevaluate her project plan and identify priorities; she might need to focus on key areas and drop less critical tasks.', 'Yes, stepping in to help Aythana not only supports her but also strengthens the teamwork within the project.']","['low', 'high', 'low', 'high']","[-2.6953125, -0.1644287109375, -2.759765625, -4.4921875]","[-0.1171875, -0.007149074388586957, -0.09516433189655173, -0.2041903409090909]","[0.24659311771392822, 0.2752770781517029, 0.2520841360092163, 0.226045623421669]",0.501322723984244,0.49867727601575595,-0.0013227239842440452
trait_agreeableness_00747,agreeableness,low,as_pas_only,none,trait_agreeableness_00747_act_002,low,"['trait_agreeableness_00747_act_001', 'trait_agreeableness_00747_act_002', 'trait_agreeableness_00747_act_003', 'trait_agreeableness_00747_act_004']","['Consider suggesting a brief team check-in where everyone updates the group on their progress, allowing Carielle to share in a non-confrontational setting.', ""Point out directly to Carielle during the meeting that you've noticed discrepancies in their work, asking for an immediate clarification."", 'Perhaps you could invite Carielle for a private chat to gently inquire about their progress and any challenges they might be facing.', ""Challenge Carielle in the meeting to present detailed evidence of their progress to ensure they're held accountable in front of the team.""]","['high', 'low', 'high', 'low']","[-1.771484375, -0.5751953125, -10.25, -1.7314453125]","[-0.05904947916666667, -0.0230078125, -0.41, -0.06659405048076923]","[0.2678666114807129, 0.27769705653190613, 0.18858307600021362, 0.26585328578948975]",0.45644967387766616,0.5435503261223338,0.04355032612233378
trait_agreeableness_00748,agreeableness,low,as_pas_only,none,trait_agreeableness_00748_act_002,low,"['trait_agreeableness_00748_act_001', 'trait_agreeableness_00748_act_002', 'trait_agreeableness_00748_act_003', 'trait_agreeableness_00748_act_004']","['Document specific instances where Melicia took undue credit and present these to your supervisor as evidence.', ""Report the behavior to your supervisor immediately to prevent further damage to the team's morale."", 'Consider organizing a team intervention where everyone can openly discuss their feelings about fairness and recognition.', 'You could speak with Melicia first to express your concerns and give them a chance to rectify the situation themselves.']","['low', 'low', 'high', 'high']","[-2.900390625, -0.056610107421875, -16.3125, -20.3125]","[-0.1611328125, -0.0033300063189338237, -0.9595588235294118, -0.8831521739130435]","[0.3218805491924286, 0.3769012987613678, 0.14485807716846466, 0.15636001527309418]",0.3012181103955573,0.6987818896044427,0.19878188960444265
trait_agreeableness_00749,agreeableness,low,as_pas_only,none,trait_agreeableness_00749_act_004,low,"['trait_agreeableness_00749_act_001', 'trait_agreeableness_00749_act_002', 'trait_agreeableness_00749_act_003', 'trait_agreeableness_00749_act_004']","['You might consider addressing the discomfort with Tagert directly by kindly expressing how their behavior makes you feel and seeking a mutual understanding.', 'Perhaps you could involve a mediator from HR to help facilitate a constructive conversation with Tagert, which might improve your work environment.', 'Stand your ground and confront Tagert directly about their aggressive behavior without sugarcoating your concerns.', 'Keep avoiding Tagert if interacting with them disrupts your productivity and peace of mind, focusing instead on your own work responsibilities.']","['high', 'high', 'low', 'low']","[-15.2421875, -10.0, -1.73046875, -0.1995849609375]","[-0.6096875, -0.4, -0.09107730263157894, -0.0079833984375]","[0.17427034676074982, 0.2149263471364975, 0.2927204370498657, 0.31808286905288696]",0.3891966938972473,0.6108033061027527,0.11080330610275269
trait_agreeableness_00750,agreeableness,low,as_pas_only,none,trait_agreeableness_00750_act_001,low,"['trait_agreeableness_00750_act_001', 'trait_agreeableness_00750_act_002', 'trait_agreeableness_00750_act_003', 'trait_agreeableness_00750_act_004']","['Directly challenge the strategy in a team meeting by clearly outlining the potential pitfalls and presenting your alternative solutions.', 'You might consider gently suggesting a team meeting to review the project strategy and express your concerns in a supportive manner.', 'Write a concise, fact-based email to your project leader detailing why the current strategy might fail and suggest a meeting to discuss viable alternatives.', 'Perhaps you could offer to help research or present alternative strategies that could complement the current plan without dismissing it entirely.']","['low', 'high', 'low', 'high']","[-0.322265625, -7.0546875, -1.302734375, -10.3515625]","[-0.015345982142857142, -0.32066761363636365, -0.048249421296296294, -0.4705255681818182]","[0.2995041012763977, 0.2207004725933075, 0.2898097634315491, 0.18998564779758453]",0.4106861265105922,0.5893138734894078,0.08931387348940778
