scenario_id,trait,target_direction,condition,prompt_style,raw,valid_actions,action_directions_json
trait_agreeableness_00701,agreeableness,high,baseline,none,"[Speech] Perhaps we should seek input from others to balance our ideas and ensure everyone's voice is heard.
<Action>trait_agreeableness_00701_act_002</Action>",trait_agreeableness_00701_act_001|trait_agreeableness_00701_act_002|trait_agreeableness_00701_act_003|trait_agreeableness_00701_act_004,"{""trait_agreeableness_00701_act_001"": ""high"", ""trait_agreeableness_00701_act_002"": ""high"", ""trait_agreeableness_00701_act_003"": ""low"", ""trait_agreeableness_00701_act_004"": ""low""}"
trait_agreeableness_00702,agreeableness,high,baseline,none,"[Speech] Short-term sacrifice for long-term success; let's handle this new project carefully.
<Action>trait_agreeableness_00702_act_002</Action>",trait_agreeableness_00702_act_001|trait_agreeableness_00702_act_002|trait_agreeableness_00702_act_003|trait_agreeableness_00702_act_004,"{""trait_agreeableness_00702_act_001"": ""low"", ""trait_agreeableness_00702_act_002"": ""high"", ""trait_agreeableness_00702_act_003"": ""low"", ""trait_agreeableness_00702_act_004"": ""high""}"
trait_agreeableness_00703,agreeableness,high,baseline,none,"[Speech] Consider setting aside a portion of your bonus for your vacation and donate a portion to your friend to ease their burden.
<Action>trait_agreeableness_00703_act_001</Action>",trait_agreeableness_00703_act_001|trait_agreeableness_00703_act_002|trait_agreeableness_00703_act_003|trait_agreeableness_00703_act_004,"{""trait_agreeableness_00703_act_001"": ""high"", ""trait_agreeableness_00703_act_002"": ""low"", ""trait_agreeableness_00703_act_003"": ""high"", ""trait_agreeableness_00703_act_004"": ""low""}"
trait_agreeableness_00704,agreeableness,high,baseline,none,"[Speech] I understand the benefits of cooperation, but let's not overlook the importance of individual input and feedback.
<Action>trait_agreeableness_00704_act_004</Action>",trait_agreeableness_00704_act_001|trait_agreeableness_00704_act_002|trait_agreeableness_00704_act_003|trait_agreeableness_00704_act_004,"{""trait_agreeableness_00704_act_001"": ""low"", ""trait_agreeableness_00704_act_002"": ""low"", ""trait_agreeableness_00704_act_003"": ""high"", ""trait_agreeableness_00704_act_004"": ""high""}"
trait_agreeableness_00705,agreeableness,high,baseline,none,"[Speech] It seems wise to maintain a cooperative tone while still ensuring our rights are respected.
<Action>trait_agreeableness_00705_act_002</Action>",trait_agreeableness_00705_act_001|trait_agreeableness_00705_act_002|trait_agreeableness_00705_act_003|trait_agreeableness_00705_act_004,"{""trait_agreeableness_00705_act_001"": ""high"", ""trait_agreeableness_00705_act_002"": ""high"", ""trait_agreeableness_00705_act_003"": ""low"", ""trait_agreeableness_00705_act_004"": ""low""}"
trait_agreeableness_00706,agreeableness,high,baseline,none,"[Speech] Let's discuss how we can improve our communication to avoid such situations in the future.
<Action>trait_agreeableness_00706_act_002</Action>",trait_agreeableness_00706_act_001|trait_agreeableness_00706_act_002|trait_agreeableness_00706_act_003|trait_agreeableness_00706_act_004,"{""trait_agreeableness_00706_act_001"": ""low"", ""trait_agreeableness_00706_act_002"": ""high"", ""trait_agreeableness_00706_act_003"": ""low"", ""trait_agreeableness_00706_act_004"": ""high""}"
trait_agreeableness_00707,agreeableness,high,baseline,none,"[Speech] Perhaps eat a healthy meal before the party to lessen your cravings and politely sample very small amounts of your favorite foods.
<Action>trait_agreeableness_00707_act_001</Action>",trait_agreeableness_00707_act_001|trait_agreeableness_00707_act_002|trait_agreeableness_00707_act_003|trait_agreeableness_00707_act_004,"{""trait_agreeableness_00707_act_001"": ""high"", ""trait_agreeableness_00707_act_002"": ""low"", ""trait_agreeableness_00707_act_003"": ""high"", ""trait_agreeableness_00707_act_004"": ""low""}"
trait_agreeableness_00708,agreeableness,high,baseline,none,"[Speech] Short dialogue, let's celebrate this together!
<Action>trait_agreeableness_00708_act_001</Action>",trait_agreeableness_00708_act_001|trait_agreeableness_00708_act_002|trait_agreeableness_00708_act_003|trait_agreeableness_00708_act_004,"{""trait_agreeableness_00708_act_001"": ""low"", ""trait_agreeableness_00708_act_002"": ""low"", ""trait_agreeableness_00708_act_003"": ""high"", ""trait_agreeableness_00708_act_004"": ""high""}"
trait_agreeableness_00709,agreeableness,high,baseline,none,"[Speech] Short dialogue: I appreciate your concern, but I need to set clear boundaries now.
<Action>trait_agreeableness_00709_act_001</Action>",trait_agreeableness_00709_act_001|trait_agreeableness_00709_act_002|trait_agreeableness_00709_act_003|trait_agreeableness_00709_act_004,"{""trait_agreeableness_00709_act_001"": ""high"", ""trait_agreeableness_00709_act_002"": ""high"", ""trait_agreeableness_00709_act_003"": ""low"", ""trait_agreeableness_00709_act_004"": ""low""}"
trait_agreeableness_00710,agreeableness,high,baseline,none,"[Speech] Short dialogue: ""I need to understand why I was kept in the dark. This feels like a breach of trust.""
<Action>trait_agreeableness_00710_act_001</Action>",trait_agreeableness_00710_act_001|trait_agreeableness_00710_act_002|trait_agreeableness_00710_act_003|trait_agreeableness_00710_act_004,"{""trait_agreeableness_00710_act_001"": ""low"", ""trait_agreeableness_00710_act_002"": ""high"", ""trait_agreeableness_00710_act_003"": ""low"", ""trait_agreeableness_00710_act_004"": ""high""}"
trait_agreeableness_00711,agreeableness,high,baseline,none,"[Speech] Perhaps you might weigh the emotional costs against the professional gains and decide if the move aligns with your long-term personal happiness and career goals.
<Action>trait_agreeableness_00711_act_001</Action>",trait_agreeableness_00711_act_001|trait_agreeableness_00711_act_002|trait_agreeableness_00711_act_003|trait_agreeableness_00711_act_004,"{""trait_agreeableness_00711_act_001"": ""high"", ""trait_agreeableness_00711_act_002"": ""low"", ""trait_agreeableness_00711_act_003"": ""high"", ""trait_agreeableness_00711_act_004"": ""low""}"
trait_agreeableness_00712,agreeableness,high,baseline,none,"[Speech] You might find it rewarding to go and connect with a few people, making the experience more manageable and meaningful for you.
<Action>trait_agreeableness_00712_act_003</Action>",trait_agreeableness_00712_act_001|trait_agreeableness_00712_act_002|trait_agreeableness_00712_act_003|trait_agreeableness_00712_act_004,"{""trait_agreeableness_00712_act_001"": ""low"", ""trait_agreeableness_00712_act_002"": ""low"", ""trait_agreeableness_00712_act_003"": ""high"", ""trait_agreeableness_00712_act_004"": ""high""}"
trait_agreeableness_00713,agreeableness,high,baseline,none,"[Speech] Perhaps you might consider a compromise by accepting the nomination and requesting a more low-key acknowledgment at the ceremony.
<Action>trait_agreeableness_00713_act_002</Action>",trait_agreeableness_00713_act_001|trait_agreeableness_00713_act_002|trait_agreeableness_00713_act_003|trait_agreeableness_00713_act_004,"{""trait_agreeableness_00713_act_001"": ""high"", ""trait_agreeableness_00713_act_002"": ""high"", ""trait_agreeableness_00713_act_003"": ""low"", ""trait_agreeableness_00713_act_004"": ""low""}"
trait_agreeableness_00714,agreeableness,high,baseline,none,"[Speech] Short delays won't hurt; we can always plan another trip later if this one doesn't work out.
<Action>trait_agreeableness_00714_act_004</Action>",trait_agreeableness_00714_act_001|trait_agreeableness_00714_act_002|trait_agreeableness_00714_act_003|trait_agreeableness_00714_act_004,"{""trait_agreeableness_00714_act_001"": ""low"", ""trait_agreeableness_00714_act_002"": ""high"", ""trait_agreeableness_00714_act_003"": ""low"", ""trait_agreeableness_00714_act_004"": ""high""}"
trait_agreeableness_00715,agreeableness,high,baseline,none,"[Speech] Short walks can be refreshing; let's go for a stroll after lunch.
<Action>trait_agreeableness_00715_act_003</Action>",trait_agreeableness_00715_act_001|trait_agreeableness_00715_act_002|trait_agreeableness_00715_act_003|trait_agreeableness_00715_act_004,"{""trait_agreeableness_00715_act_001"": ""high"", ""trait_agreeableness_00715_act_002"": ""low"", ""trait_agreeableness_00715_act_003"": ""high"", ""trait_agreeableness_00715_act_004"": ""low""}"
trait_agreeableness_00716,agreeableness,high,baseline,none,"[Speech] Maybe you could go to the ball with Ranvir but let him know in advance that I'll need to leave early to manage my other commitments.
<Action>trait_agreeableness_00716_act_003</Action>",trait_agreeableness_00716_act_001|trait_agreeableness_00716_act_002|trait_agreeableness_00716_act_003|trait_agreeableness_00716_act_004,"{""trait_agreeableness_00716_act_001"": ""low"", ""trait_agreeableness_00716_act_002"": ""low"", ""trait_agreeableness_00716_act_003"": ""high"", ""trait_agreeableness_00716_act_004"": ""high""}"
trait_agreeableness_00717,agreeableness,high,baseline,none,"[Speech] Short on funds, but I still want to be considerate.  
<Action>trait_agreeableness_00717_act_004</Action>",trait_agreeableness_00717_act_001|trait_agreeableness_00717_act_002|trait_agreeableness_00717_act_003|trait_agreeableness_00717_act_004,"{""trait_agreeableness_00717_act_001"": ""high"", ""trait_agreeableness_00717_act_002"": ""high"", ""trait_agreeableness_00717_act_003"": ""low"", ""trait_agreeableness_00717_act_004"": ""low""}"
trait_agreeableness_00718,agreeableness,high,baseline,none,"[Speech] Short humor won't solve this; let's talk about it seriously.
<Action>trait_agreeableness_00718_act_004</Action>",trait_agreeableness_00718_act_001|trait_agreeableness_00718_act_002|trait_agreeableness_00718_act_003|trait_agreeableness_00718_act_004,"{""trait_agreeableness_00718_act_001"": ""low"", ""trait_agreeableness_00718_act_002"": ""high"", ""trait_agreeableness_00718_act_003"": ""low"", ""trait_agreeableness_00718_act_004"": ""high""}"
trait_agreeableness_00719,agreeableness,high,baseline,none,"[Speech] Short dialogue, but remember, constant support can be draining.
<Action>trait_agreeableness_00719_act_004</Action>",trait_agreeableness_00719_act_001|trait_agreeableness_00719_act_002|trait_agreeableness_00719_act_003|trait_agreeableness_00719_act_004,"{""trait_agreeableness_00719_act_001"": ""high"", ""trait_agreeableness_00719_act_002"": ""low"", ""trait_agreeableness_00719_act_003"": ""high"", ""trait_agreeableness_00719_act_004"": ""low""}"
trait_agreeableness_00720,agreeableness,high,baseline,none,"[Speech] Short dialogue: ""Considering your need for a reliable tool, perhaps we should find a way for you to benefit from it.""
<Action>trait_agreeableness_00720_act_001</Action>",trait_agreeableness_00720_act_001|trait_agreeableness_00720_act_002|trait_agreeableness_00720_act_003|trait_agreeableness_00720_act_004,"{""trait_agreeableness_00720_act_001"": ""low"", ""trait_agreeableness_00720_act_002"": ""low"", ""trait_agreeableness_00720_act_003"": ""high"", ""trait_agreeableness_00720_act_004"": ""high""}"
trait_agreeableness_00721,agreeableness,high,baseline,none,"[Speech] It seems like a fair exchange, don't you think?  
<Action>trait_agreeableness_00721_act_001</Action>",trait_agreeableness_00721_act_001|trait_agreeableness_00721_act_002|trait_agreeableness_00721_act_003|trait_agreeableness_00721_act_004,"{""trait_agreeableness_00721_act_001"": ""high"", ""trait_agreeableness_00721_act_002"": ""high"", ""trait_agreeableness_00721_act_003"": ""low"", ""trait_agreeableness_00721_act_004"": ""low""}"
trait_agreeableness_00722,agreeableness,high,baseline,none,"[Speech] Short conversations often highlight the importance of mutual respect and understanding.
<Action>trait_agreeableness_00722_act_003</Action>",trait_agreeableness_00722_act_001|trait_agreeableness_00722_act_002|trait_agreeableness_00722_act_003|trait_agreeableness_00722_act_004,"{""trait_agreeableness_00722_act_001"": ""low"", ""trait_agreeableness_00722_act_002"": ""high"", ""trait_agreeableness_00722_act_003"": ""low"", ""trait_agreeableness_00722_act_004"": ""high""}"
trait_agreeableness_00723,agreeableness,high,baseline,none,"[Speech] Maybe express to Tavleen how you're feeling and ask if she's open to the idea of ordering a ride for you, so she can continue enjoying the party.
<Action>trait_agreeableness_00723_act_001</Action>",trait_agreeableness_00723_act_001|trait_agreeableness_00723_act_002|trait_agreeableness_00723_act_003|trait_agreeableness_00723_act_004,"{""trait_agreeableness_00723_act_001"": ""high"", ""trait_agreeableness_00723_act_002"": ""low"", ""trait_agreeableness_00723_act_003"": ""high"", ""trait_agreeableness_00723_act_004"": ""low""}"
trait_agreeableness_00724,agreeableness,high,baseline,none,"[Speech] Perhaps rescheduling the appointment could strengthen our mutual support.
<Action>trait_agreeableness_00724_act_001</Action>",trait_agreeableness_00724_act_001|trait_agreeableness_00724_act_002|trait_agreeableness_00724_act_003|trait_agreeableness_00724_act_004,"{""trait_agreeableness_00724_act_001"": ""low"", ""trait_agreeableness_00724_act_002"": ""low"", ""trait_agreeableness_00724_act_003"": ""high"", ""trait_agreeableness_00724_act_004"": ""high""}"
trait_agreeableness_00725,agreeableness,high,baseline,none,"[Speech] Short dialogue, please apologize immediately and suggest we talk about their favorite hobby instead.
<Action>trait_agreeableness_00725_act_002</Action>",trait_agreeableness_00725_act_001|trait_agreeableness_00725_act_002|trait_agreeableness_00725_act_003|trait_agreeableness_00725_act_004,"{""trait_agreeableness_00725_act_001"": ""high"", ""trait_agreeableness_00725_act_002"": ""high"", ""trait_agreeableness_00725_act_003"": ""low"", ""trait_agreeableness_00725_act_004"": ""low""}"
trait_agreeableness_00726,agreeableness,high,baseline,none,"[Speech] Short-term financial assistance might be helpful, but it's important to set clear boundaries to maintain healthy relationships.
<Action>trait_agreeableness_00726_act_002</Action>",trait_agreeableness_00726_act_001|trait_agreeableness_00726_act_002|trait_agreeableness_00726_act_003|trait_agreeableness_00726_act_004,"{""trait_agreeableness_00726_act_001"": ""low"", ""trait_agreeableness_00726_act_002"": ""high"", ""trait_agreeableness_00726_act_003"": ""low"", ""trait_agreeableness_00726_act_004"": ""high""}"
trait_agreeableness_00727,agreeableness,high,baseline,none,"[Speech] Consider starting with the positive aspects of the policy, then transition into your concerns, ensuring you maintain a respectful tone throughout.
<Action>trait_agreeableness_00727_act_001</Action>",trait_agreeableness_00727_act_001|trait_agreeableness_00727_act_002|trait_agreeableness_00727_act_003|trait_agreeableness_00727_act_004,"{""trait_agreeableness_00727_act_001"": ""high"", ""trait_agreeableness_00727_act_002"": ""low"", ""trait_agreeableness_00727_act_003"": ""high"", ""trait_agreeableness_00727_act_004"": ""low""}"
trait_agreeableness_00728,agreeableness,high,baseline,none,"[Speech] Short dialogue: Let's formalize our discussion by proposing this at the next meeting so everyone can weigh in.
<Action>trait_agreeableness_00728_act_001</Action>",trait_agreeableness_00728_act_001|trait_agreeableness_00728_act_002|trait_agreeableness_00728_act_003|trait_agreeableness_00728_act_004,"{""trait_agreeableness_00728_act_001"": ""low"", ""trait_agreeableness_00728_act_002"": ""low"", ""trait_agreeableness_00728_act_003"": ""high"", ""trait_agreeableness_00728_act_004"": ""high""}"
trait_agreeableness_00729,agreeableness,high,baseline,none,"[Speech] Sit down with her and remind her that forgiveness doesn't mean forgetting or condoning the hurt. It's about healing and moving forward.
<Action>trait_agreeableness_00729_act_004</Action>",trait_agreeableness_00729_act_001|trait_agreeableness_00729_act_002|trait_agreeableness_00729_act_003|trait_agreeableness_00729_act_004,"{""trait_agreeableness_00729_act_001"": ""high"", ""trait_agreeableness_00729_act_002"": ""high"", ""trait_agreeableness_00729_act_003"": ""low"", ""trait_agreeableness_00729_act_004"": ""low""}"
trait_agreeableness_00730,agreeableness,high,baseline,none,"[Speech] Short of withholding her paycheck, what other measures can we take?
<Action>trait_agreeableness_00730_act_002</Action>",trait_agreeableness_00730_act_001|trait_agreeableness_00730_act_002|trait_agreeableness_00730_act_003|trait_agreeableness_00730_act_004,"{""trait_agreeableness_00730_act_001"": ""low"", ""trait_agreeableness_00730_act_002"": ""high"", ""trait_agreeableness_00730_act_003"": ""low"", ""trait_agreeableness_00730_act_004"": ""high""}"
trait_agreeableness_00731,agreeableness,high,baseline,none,"[Speech] Perhaps you could delegate some of your responsibilities to other volunteers, which would allow you to continue supporting the charity while also managing your stress better.
<Action>trait_agreeableness_00731_act_001</Action>",trait_agreeableness_00731_act_001|trait_agreeableness_00731_act_002|trait_agreeableness_00731_act_003|trait_agreeableness_00731_act_004,"{""trait_agreeableness_00731_act_001"": ""high"", ""trait_agreeableness_00731_act_002"": ""low"", ""trait_agreeableness_00731_act_003"": ""high"", ""trait_agreeableness_00731_act_004"": ""low""}"
trait_agreeableness_00732,agreeableness,high,baseline,none,"[Speech] Short dialogue, but I think we should reschedule your retreat; I need to focus on helping my friend move this weekend.
<Action>trait_agreeableness_00732_act_002</Action>",trait_agreeableness_00732_act_001|trait_agreeableness_00732_act_002|trait_agreeableness_00732_act_003|trait_agreeableness_00732_act_004,"{""trait_agreeableness_00732_act_001"": ""low"", ""trait_agreeableness_00732_act_002"": ""low"", ""trait_agreeableness_00732_act_003"": ""high"", ""trait_agreeableness_00732_act_004"": ""high""}"
trait_agreeableness_00733,agreeableness,high,baseline,none,"[Speech] Perhaps reaching out to a colleague would be a better approach than rushing through my current task.
<Action>trait_agreeableness_00733_act_002</Action>",trait_agreeableness_00733_act_001|trait_agreeableness_00733_act_002|trait_agreeableness_00733_act_003|trait_agreeableness_00733_act_004,"{""trait_agreeableness_00733_act_001"": ""high"", ""trait_agreeableness_00733_act_002"": ""high"", ""trait_agreeableness_00733_act_003"": ""low"", ""trait_agreeableness_00733_act_004"": ""low""}"
trait_agreeableness_00734,agreeableness,high,baseline,none,"[Speech] It seems like our discussions have been too heated; perhaps we need a more structured approach to ensure everyone's voice is heard.
<Action>trait_agreeableness_00734_act_004</Action>",trait_agreeableness_00734_act_001|trait_agreeableness_00734_act_002|trait_agreeableness_00734_act_003|trait_agreeableness_00734_act_004,"{""trait_agreeableness_00734_act_001"": ""low"", ""trait_agreeableness_00734_act_002"": ""high"", ""trait_agreeableness_00734_act_003"": ""low"", ""trait_agreeableness_00734_act_004"": ""high""}"
trait_agreeableness_00735,agreeableness,high,baseline,none,"[Speech] Maybe you can ask your friend how they feel about their project first to understand their perspective before sharing your thoughts.
<Action>trait_agreeableness_00735_act_001</Action>",trait_agreeableness_00735_act_001|trait_agreeableness_00735_act_002|trait_agreeableness_00735_act_003|trait_agreeableness_00735_act_004,"{""trait_agreeableness_00735_act_001"": ""high"", ""trait_agreeableness_00735_act_002"": ""low"", ""trait_agreeableness_00735_act_003"": ""high"", ""trait_agreeableness_00735_act_004"": ""low""}"
trait_agreeableness_00736,agreeableness,high,baseline,none,"[Speech] Short-term gains, long-term losses; it's a tough call.
<Action>trait_agreeableness_00736_act_004</Action>",trait_agreeableness_00736_act_001|trait_agreeableness_00736_act_002|trait_agreeableness_00736_act_003|trait_agreeableness_00736_act_004,"{""trait_agreeableness_00736_act_001"": ""low"", ""trait_agreeableness_00736_act_002"": ""low"", ""trait_agreeableness_00736_act_003"": ""high"", ""trait_agreeableness_00736_act_004"": ""high""}"
trait_agreeableness_00737,agreeableness,high,baseline,none,"[Speech] Short dialogue: Defending PersonZ doesn't mean always agreeing; it means standing up for what's right and fair.
<Action>trait_agreeableness_00737_act_004</Action>",trait_agreeableness_00737_act_001|trait_agreeableness_00737_act_002|trait_agreeableness_00737_act_003|trait_agreeableness_00737_act_004,"{""trait_agreeableness_00737_act_001"": ""high"", ""trait_agreeableness_00737_act_002"": ""high"", ""trait_agreeableness_00737_act_003"": ""low"", ""trait_agreeableness_00737_act_004"": ""low""}"
trait_agreeableness_00738,agreeableness,high,baseline,none,"[Speech] Short-term relief might ease their immediate stress; how about preparing some extra meals?
<Action>trait_agreeableness_00738_act_004</Action>",trait_agreeableness_00738_act_001|trait_agreeableness_00738_act_002|trait_agreeableness_00738_act_003|trait_agreeableness_00738_act_004,"{""trait_agreeableness_00738_act_001"": ""low"", ""trait_agreeableness_00738_act_002"": ""high"", ""trait_agreeableness_00738_act_003"": ""low"", ""trait_agreeableness_00738_act_004"": ""high""}"
trait_agreeableness_00739,agreeableness,high,baseline,none,"[Speech] Short dialogue, Destinnie, let's consider this together. Weighing the pros and cons will help us make an informed choice.
<Action>trait_agreeableness_00739_act_003</Action>",trait_agreeableness_00739_act_001|trait_agreeableness_00739_act_002|trait_agreeableness_00739_act_003|trait_agreeableness_00739_act_004,"{""trait_agreeableness_00739_act_001"": ""high"", ""trait_agreeableness_00739_act_002"": ""low"", ""trait_agreeableness_00739_act_003"": ""high"", ""trait_agreeableness_00739_act_004"": ""low""}"
trait_agreeableness_00740,agreeableness,high,baseline,none,"[Speech] Short on-stage confrontation might not be constructive; let's try a private chat instead.
<Action>trait_agreeableness_00740_act_003</Action>",trait_agreeableness_00740_act_001|trait_agreeableness_00740_act_002|trait_agreeableness_00740_act_003|trait_agreeableness_00740_act_004,"{""trait_agreeableness_00740_act_001"": ""low"", ""trait_agreeableness_00740_act_002"": ""low"", ""trait_agreeableness_00740_act_003"": ""high"", ""trait_agreeableness_00740_act_004"": ""high""}"
trait_agreeableness_00741,agreeableness,high,baseline,none,"[Speech] It seems like you're overextending yourself by trying to help Janya too much. Let's have a talk about balancing support with her responsibilities.
<Action>trait_agreeableness_00741_act_001</Action>",trait_agreeableness_00741_act_001|trait_agreeableness_00741_act_002|trait_agreeableness_00741_act_003|trait_agreeableness_00741_act_004,"{""trait_agreeableness_00741_act_001"": ""high"", ""trait_agreeableness_00741_act_002"": ""high"", ""trait_agreeableness_00741_act_003"": ""low"", ""trait_agreeableness_00741_act_004"": ""low""}"
trait_agreeableness_00742,agreeableness,high,baseline,none,"[Speech] Short help, while appreciated, can sometimes lead to burnout. Let's discuss this further.
<Action>trait_agreeableness_00742_act_004</Action>",trait_agreeableness_00742_act_001|trait_agreeableness_00742_act_002|trait_agreeableness_00742_act_003|trait_agreeableness_00742_act_004,"{""trait_agreeableness_00742_act_001"": ""low"", ""trait_agreeableness_00742_act_002"": ""high"", ""trait_agreeableness_00742_act_003"": ""low"", ""trait_agreeableness_00742_act_004"": ""high""}"
trait_agreeableness_00743,agreeableness,high,baseline,none,"[Speech] Maybe you could offer to help train someone else to share the workload, easing the burden on you.
<Action>trait_agreeableness_00743_act_001</Action>",trait_agreeableness_00743_act_001|trait_agreeableness_00743_act_002|trait_agreeableness_00743_act_003|trait_agreeableness_00743_act_004,"{""trait_agreeableness_00743_act_001"": ""high"", ""trait_agreeableness_00743_act_002"": ""low"", ""trait_agreeableness_00743_act_003"": ""high"", ""trait_agreeableness_00743_act_004"": ""low""}"
trait_agreeableness_00744,agreeableness,high,baseline,none,"[Speech] Short dialogue: I'll address this directly; it's important to clear the air.
<Action>trait_agreeableness_00744_act_002</Action>",trait_agreeableness_00744_act_001|trait_agreeableness_00744_act_002|trait_agreeableness_00744_act_003|trait_agreeableness_00744_act_004,"{""trait_agreeableness_00744_act_001"": ""low"", ""trait_agreeableness_00744_act_002"": ""low"", ""trait_agreeableness_00744_act_003"": ""high"", ""trait_agreeableness_00744_act_004"": ""high""}"
trait_agreeableness_00745,agreeableness,high,baseline,none,"[Speech] Short dialogue: Perhaps lending it out would be more beneficial for both of us.
<Action>trait_agreeableness_00745_act_002</Action>",trait_agreeableness_00745_act_001|trait_agreeableness_00745_act_002|trait_agreeableness_00745_act_003|trait_agreeableness_00745_act_004,"{""trait_agreeableness_00745_act_001"": ""high"", ""trait_agreeableness_00745_act_002"": ""high"", ""trait_agreeableness_00745_act_003"": ""low"", ""trait_agreeableness_00745_act_004"": ""low""}"
trait_agreeableness_00746,agreeableness,high,baseline,none,"[Speech] Short dialogue: Offering to help would be a great way to boost morale and ensure the project stays on track.
<Action>trait_agreeableness_00746_act_002</Action>",trait_agreeableness_00746_act_001|trait_agreeableness_00746_act_002|trait_agreeableness_00746_act_003|trait_agreeableness_00746_act_004,"{""trait_agreeableness_00746_act_001"": ""low"", ""trait_agreeableness_00746_act_002"": ""high"", ""trait_agreeableness_00746_act_003"": ""low"", ""trait_agreeableness_00746_act_004"": ""high""}"
trait_agreeableness_00747,agreeableness,high,baseline,none,"[Speech] Let's have a brief team check-in where everyone updates the group on their progress, including Carielle.
<Action>trait_agreeableness_00747_act_001</Action>",trait_agreeableness_00747_act_001|trait_agreeableness_00747_act_002|trait_agreeableness_00747_act_003|trait_agreeableness_00747_act_004,"{""trait_agreeableness_00747_act_001"": ""high"", ""trait_agreeableness_00747_act_002"": ""low"", ""trait_agreeableness_00747_act_003"": ""high"", ""trait_agreeableness_00747_act_004"": ""low""}"
trait_agreeableness_00748,agreeableness,high,baseline,none,"[Speech] Short dialogue: Considering the impact on the team, I believe reporting this to our supervisor would be the best course of action.
<Action>trait_agreeableness_00748_act_002</Action>",trait_agreeableness_00748_act_001|trait_agreeableness_00748_act_002|trait_agreeableness_00748_act_003|trait_agreeableness_00748_act_004,"{""trait_agreeableness_00748_act_001"": ""low"", ""trait_agreeableness_00748_act_002"": ""low"", ""trait_agreeableness_00748_act_003"": ""high"", ""trait_agreeableness_00748_act_004"": ""high""}"
trait_agreeableness_00749,agreeableness,high,baseline,none,"[Speech] Perhaps you could involve a mediator from HR to help facilitate a constructive conversation with Tagert, which might improve our work environment.
<Action>trait_agreeableness_00749_act_002</Action>",trait_agreeableness_00749_act_001|trait_agreeableness_00749_act_002|trait_agreeableness_00749_act_003|trait_agreeableness_00749_act_004,"{""trait_agreeableness_00749_act_001"": ""high"", ""trait_agreeableness_00749_act_002"": ""high"", ""trait_agreeableness_00749_act_003"": ""low"", ""trait_agreeableness_00749_act_004"": ""low""}"
trait_agreeableness_00750,agreeableness,high,baseline,none,"[Speech] Short dialogue: ""We mustn't let complacency set in; we need to keep pushing boundaries.""
<Action>trait_agreeableness_00750_act_004</Action>",trait_agreeableness_00750_act_001|trait_agreeableness_00750_act_002|trait_agreeableness_00750_act_003|trait_agreeableness_00750_act_004,"{""trait_agreeableness_00750_act_001"": ""low"", ""trait_agreeableness_00750_act_002"": ""high"", ""trait_agreeableness_00750_act_003"": ""low"", ""trait_agreeableness_00750_act_004"": ""high""}"
trait_agreeableness_00701,agreeableness,low,baseline,none,"[Speech] Perhaps we should seek input from others to balance our ideas and ensure everyone's voice is heard.
<Action>trait_agreeableness_00701_act_002</Action>",trait_agreeableness_00701_act_001|trait_agreeableness_00701_act_002|trait_agreeableness_00701_act_003|trait_agreeableness_00701_act_004,"{""trait_agreeableness_00701_act_001"": ""high"", ""trait_agreeableness_00701_act_002"": ""high"", ""trait_agreeableness_00701_act_003"": ""low"", ""trait_agreeableness_00701_act_004"": ""low""}"
trait_agreeableness_00702,agreeableness,low,baseline,none,"[Speech] Short-term sacrifice for long-term success; let's handle this new project carefully.
<Action>trait_agreeableness_00702_act_002</Action>",trait_agreeableness_00702_act_001|trait_agreeableness_00702_act_002|trait_agreeableness_00702_act_003|trait_agreeableness_00702_act_004,"{""trait_agreeableness_00702_act_001"": ""low"", ""trait_agreeableness_00702_act_002"": ""high"", ""trait_agreeableness_00702_act_003"": ""low"", ""trait_agreeableness_00702_act_004"": ""high""}"
trait_agreeableness_00703,agreeableness,low,baseline,none,"[Speech] Consider setting aside a portion of your bonus for your vacation and donate a portion to your friend to ease their burden.
<Action>trait_agreeableness_00703_act_001</Action>",trait_agreeableness_00703_act_001|trait_agreeableness_00703_act_002|trait_agreeableness_00703_act_003|trait_agreeableness_00703_act_004,"{""trait_agreeableness_00703_act_001"": ""high"", ""trait_agreeableness_00703_act_002"": ""low"", ""trait_agreeableness_00703_act_003"": ""high"", ""trait_agreeableness_00703_act_004"": ""low""}"
trait_agreeableness_00704,agreeableness,low,baseline,none,"[Speech] I understand the benefits of cooperation, but let's not overlook the importance of individual input and feedback.
<Action>trait_agreeableness_00704_act_004</Action>",trait_agreeableness_00704_act_001|trait_agreeableness_00704_act_002|trait_agreeableness_00704_act_003|trait_agreeableness_00704_act_004,"{""trait_agreeableness_00704_act_001"": ""low"", ""trait_agreeableness_00704_act_002"": ""low"", ""trait_agreeableness_00704_act_003"": ""high"", ""trait_agreeableness_00704_act_004"": ""high""}"
trait_agreeableness_00705,agreeableness,low,baseline,none,"[Speech] It seems wise to maintain a cooperative tone while still ensuring our rights are respected.
<Action>trait_agreeableness_00705_act_002</Action>",trait_agreeableness_00705_act_001|trait_agreeableness_00705_act_002|trait_agreeableness_00705_act_003|trait_agreeableness_00705_act_004,"{""trait_agreeableness_00705_act_001"": ""high"", ""trait_agreeableness_00705_act_002"": ""high"", ""trait_agreeableness_00705_act_003"": ""low"", ""trait_agreeableness_00705_act_004"": ""low""}"
trait_agreeableness_00706,agreeableness,low,baseline,none,"[Speech] Let's discuss how we can improve our communication to avoid such situations in the future.
<Action>trait_agreeableness_00706_act_002</Action>",trait_agreeableness_00706_act_001|trait_agreeableness_00706_act_002|trait_agreeableness_00706_act_003|trait_agreeableness_00706_act_004,"{""trait_agreeableness_00706_act_001"": ""low"", ""trait_agreeableness_00706_act_002"": ""high"", ""trait_agreeableness_00706_act_003"": ""low"", ""trait_agreeableness_00706_act_004"": ""high""}"
trait_agreeableness_00707,agreeableness,low,baseline,none,"[Speech] Perhaps eat a healthy meal before the party to lessen your cravings and politely sample very small amounts of your favorite foods.
<Action>trait_agreeableness_00707_act_001</Action>",trait_agreeableness_00707_act_001|trait_agreeableness_00707_act_002|trait_agreeableness_00707_act_003|trait_agreeableness_00707_act_004,"{""trait_agreeableness_00707_act_001"": ""high"", ""trait_agreeableness_00707_act_002"": ""low"", ""trait_agreeableness_00707_act_003"": ""high"", ""trait_agreeableness_00707_act_004"": ""low""}"
trait_agreeableness_00708,agreeableness,low,baseline,none,"[Speech] Short dialogue, let's celebrate this together!
<Action>trait_agreeableness_00708_act_001</Action>",trait_agreeableness_00708_act_001|trait_agreeableness_00708_act_002|trait_agreeableness_00708_act_003|trait_agreeableness_00708_act_004,"{""trait_agreeableness_00708_act_001"": ""low"", ""trait_agreeableness_00708_act_002"": ""low"", ""trait_agreeableness_00708_act_003"": ""high"", ""trait_agreeableness_00708_act_004"": ""high""}"
trait_agreeableness_00709,agreeableness,low,baseline,none,"[Speech] Short dialogue: I appreciate your concern, but I need to set clear boundaries now.
<Action>trait_agreeableness_00709_act_001</Action>",trait_agreeableness_00709_act_001|trait_agreeableness_00709_act_002|trait_agreeableness_00709_act_003|trait_agreeableness_00709_act_004,"{""trait_agreeableness_00709_act_001"": ""high"", ""trait_agreeableness_00709_act_002"": ""high"", ""trait_agreeableness_00709_act_003"": ""low"", ""trait_agreeableness_00709_act_004"": ""low""}"
trait_agreeableness_00710,agreeableness,low,baseline,none,"[Speech] Short dialogue: ""I need to understand why I was kept in the dark. This feels like a breach of trust.""
<Action>trait_agreeableness_00710_act_001</Action>",trait_agreeableness_00710_act_001|trait_agreeableness_00710_act_002|trait_agreeableness_00710_act_003|trait_agreeableness_00710_act_004,"{""trait_agreeableness_00710_act_001"": ""low"", ""trait_agreeableness_00710_act_002"": ""high"", ""trait_agreeableness_00710_act_003"": ""low"", ""trait_agreeableness_00710_act_004"": ""high""}"
trait_agreeableness_00711,agreeableness,low,baseline,none,"[Speech] Perhaps you might weigh the emotional costs against the professional gains and decide if the move aligns with your long-term personal happiness and career goals.
<Action>trait_agreeableness_00711_act_001</Action>",trait_agreeableness_00711_act_001|trait_agreeableness_00711_act_002|trait_agreeableness_00711_act_003|trait_agreeableness_00711_act_004,"{""trait_agreeableness_00711_act_001"": ""high"", ""trait_agreeableness_00711_act_002"": ""low"", ""trait_agreeableness_00711_act_003"": ""high"", ""trait_agreeableness_00711_act_004"": ""low""}"
trait_agreeableness_00712,agreeableness,low,baseline,none,"[Speech] You might find it rewarding to go and connect with a few people, making the experience more manageable and meaningful for you.
<Action>trait_agreeableness_00712_act_003</Action>",trait_agreeableness_00712_act_001|trait_agreeableness_00712_act_002|trait_agreeableness_00712_act_003|trait_agreeableness_00712_act_004,"{""trait_agreeableness_00712_act_001"": ""low"", ""trait_agreeableness_00712_act_002"": ""low"", ""trait_agreeableness_00712_act_003"": ""high"", ""trait_agreeableness_00712_act_004"": ""high""}"
trait_agreeableness_00713,agreeableness,low,baseline,none,"[Speech] Perhaps you might consider a compromise by accepting the nomination and requesting a more low-key acknowledgment at the ceremony.
<Action>trait_agreeableness_00713_act_002</Action>",trait_agreeableness_00713_act_001|trait_agreeableness_00713_act_002|trait_agreeableness_00713_act_003|trait_agreeableness_00713_act_004,"{""trait_agreeableness_00713_act_001"": ""high"", ""trait_agreeableness_00713_act_002"": ""high"", ""trait_agreeableness_00713_act_003"": ""low"", ""trait_agreeableness_00713_act_004"": ""low""}"
trait_agreeableness_00714,agreeableness,low,baseline,none,"[Speech] Short delays won't hurt; we can always plan another trip later if this one doesn't work out.
<Action>trait_agreeableness_00714_act_004</Action>",trait_agreeableness_00714_act_001|trait_agreeableness_00714_act_002|trait_agreeableness_00714_act_003|trait_agreeableness_00714_act_004,"{""trait_agreeableness_00714_act_001"": ""low"", ""trait_agreeableness_00714_act_002"": ""high"", ""trait_agreeableness_00714_act_003"": ""low"", ""trait_agreeableness_00714_act_004"": ""high""}"
trait_agreeableness_00715,agreeableness,low,baseline,none,"[Speech] Short walks can be refreshing; let's go for a stroll after lunch.
<Action>trait_agreeableness_00715_act_003</Action>",trait_agreeableness_00715_act_001|trait_agreeableness_00715_act_002|trait_agreeableness_00715_act_003|trait_agreeableness_00715_act_004,"{""trait_agreeableness_00715_act_001"": ""high"", ""trait_agreeableness_00715_act_002"": ""low"", ""trait_agreeableness_00715_act_003"": ""high"", ""trait_agreeableness_00715_act_004"": ""low""}"
trait_agreeableness_00716,agreeableness,low,baseline,none,"[Speech] Maybe you could go to the ball with Ranvir but let him know in advance that I'll need to leave early to manage my other commitments.
<Action>trait_agreeableness_00716_act_003</Action>",trait_agreeableness_00716_act_001|trait_agreeableness_00716_act_002|trait_agreeableness_00716_act_003|trait_agreeableness_00716_act_004,"{""trait_agreeableness_00716_act_001"": ""low"", ""trait_agreeableness_00716_act_002"": ""low"", ""trait_agreeableness_00716_act_003"": ""high"", ""trait_agreeableness_00716_act_004"": ""high""}"
trait_agreeableness_00717,agreeableness,low,baseline,none,"[Speech] Short on funds, but I still want to be considerate.  
<Action>trait_agreeableness_00717_act_004</Action>",trait_agreeableness_00717_act_001|trait_agreeableness_00717_act_002|trait_agreeableness_00717_act_003|trait_agreeableness_00717_act_004,"{""trait_agreeableness_00717_act_001"": ""high"", ""trait_agreeableness_00717_act_002"": ""high"", ""trait_agreeableness_00717_act_003"": ""low"", ""trait_agreeableness_00717_act_004"": ""low""}"
trait_agreeableness_00718,agreeableness,low,baseline,none,"[Speech] Short humor won't solve this; let's talk about it seriously.
<Action>trait_agreeableness_00718_act_004</Action>",trait_agreeableness_00718_act_001|trait_agreeableness_00718_act_002|trait_agreeableness_00718_act_003|trait_agreeableness_00718_act_004,"{""trait_agreeableness_00718_act_001"": ""low"", ""trait_agreeableness_00718_act_002"": ""high"", ""trait_agreeableness_00718_act_003"": ""low"", ""trait_agreeableness_00718_act_004"": ""high""}"
trait_agreeableness_00719,agreeableness,low,baseline,none,"[Speech] Short dialogue, but remember, constant support can be draining.
<Action>trait_agreeableness_00719_act_004</Action>",trait_agreeableness_00719_act_001|trait_agreeableness_00719_act_002|trait_agreeableness_00719_act_003|trait_agreeableness_00719_act_004,"{""trait_agreeableness_00719_act_001"": ""high"", ""trait_agreeableness_00719_act_002"": ""low"", ""trait_agreeableness_00719_act_003"": ""high"", ""trait_agreeableness_00719_act_004"": ""low""}"
trait_agreeableness_00720,agreeableness,low,baseline,none,"[Speech] Short dialogue: ""Considering your need for a reliable tool, perhaps we should find a way for you to benefit from it.""
<Action>trait_agreeableness_00720_act_001</Action>",trait_agreeableness_00720_act_001|trait_agreeableness_00720_act_002|trait_agreeableness_00720_act_003|trait_agreeableness_00720_act_004,"{""trait_agreeableness_00720_act_001"": ""low"", ""trait_agreeableness_00720_act_002"": ""low"", ""trait_agreeableness_00720_act_003"": ""high"", ""trait_agreeableness_00720_act_004"": ""high""}"
trait_agreeableness_00721,agreeableness,low,baseline,none,"[Speech] It seems like a fair exchange, don't you think?  
<Action>trait_agreeableness_00721_act_001</Action>",trait_agreeableness_00721_act_001|trait_agreeableness_00721_act_002|trait_agreeableness_00721_act_003|trait_agreeableness_00721_act_004,"{""trait_agreeableness_00721_act_001"": ""high"", ""trait_agreeableness_00721_act_002"": ""high"", ""trait_agreeableness_00721_act_003"": ""low"", ""trait_agreeableness_00721_act_004"": ""low""}"
trait_agreeableness_00722,agreeableness,low,baseline,none,"[Speech] Short conversations often highlight the importance of mutual respect and understanding.
<Action>trait_agreeableness_00722_act_003</Action>",trait_agreeableness_00722_act_001|trait_agreeableness_00722_act_002|trait_agreeableness_00722_act_003|trait_agreeableness_00722_act_004,"{""trait_agreeableness_00722_act_001"": ""low"", ""trait_agreeableness_00722_act_002"": ""high"", ""trait_agreeableness_00722_act_003"": ""low"", ""trait_agreeableness_00722_act_004"": ""high""}"
trait_agreeableness_00723,agreeableness,low,baseline,none,"[Speech] Maybe express to Tavleen how you're feeling and ask if she's open to the idea of ordering a ride for you, so she can continue enjoying the party.
<Action>trait_agreeableness_00723_act_001</Action>",trait_agreeableness_00723_act_001|trait_agreeableness_00723_act_002|trait_agreeableness_00723_act_003|trait_agreeableness_00723_act_004,"{""trait_agreeableness_00723_act_001"": ""high"", ""trait_agreeableness_00723_act_002"": ""low"", ""trait_agreeableness_00723_act_003"": ""high"", ""trait_agreeableness_00723_act_004"": ""low""}"
trait_agreeableness_00724,agreeableness,low,baseline,none,"[Speech] Perhaps rescheduling the appointment could strengthen our mutual support.
<Action>trait_agreeableness_00724_act_001</Action>",trait_agreeableness_00724_act_001|trait_agreeableness_00724_act_002|trait_agreeableness_00724_act_003|trait_agreeableness_00724_act_004,"{""trait_agreeableness_00724_act_001"": ""low"", ""trait_agreeableness_00724_act_002"": ""low"", ""trait_agreeableness_00724_act_003"": ""high"", ""trait_agreeableness_00724_act_004"": ""high""}"
trait_agreeableness_00725,agreeableness,low,baseline,none,"[Speech] Short dialogue, please apologize immediately and suggest we talk about their favorite hobby instead.
<Action>trait_agreeableness_00725_act_002</Action>",trait_agreeableness_00725_act_001|trait_agreeableness_00725_act_002|trait_agreeableness_00725_act_003|trait_agreeableness_00725_act_004,"{""trait_agreeableness_00725_act_001"": ""high"", ""trait_agreeableness_00725_act_002"": ""high"", ""trait_agreeableness_00725_act_003"": ""low"", ""trait_agreeableness_00725_act_004"": ""low""}"
trait_agreeableness_00726,agreeableness,low,baseline,none,"[Speech] Short-term financial assistance might be helpful, but it's important to set clear boundaries to maintain healthy relationships.
<Action>trait_agreeableness_00726_act_002</Action>",trait_agreeableness_00726_act_001|trait_agreeableness_00726_act_002|trait_agreeableness_00726_act_003|trait_agreeableness_00726_act_004,"{""trait_agreeableness_00726_act_001"": ""low"", ""trait_agreeableness_00726_act_002"": ""high"", ""trait_agreeableness_00726_act_003"": ""low"", ""trait_agreeableness_00726_act_004"": ""high""}"
trait_agreeableness_00727,agreeableness,low,baseline,none,"[Speech] Consider starting with the positive aspects of the policy, then transition into your concerns, ensuring you maintain a respectful tone throughout.
<Action>trait_agreeableness_00727_act_001</Action>",trait_agreeableness_00727_act_001|trait_agreeableness_00727_act_002|trait_agreeableness_00727_act_003|trait_agreeableness_00727_act_004,"{""trait_agreeableness_00727_act_001"": ""high"", ""trait_agreeableness_00727_act_002"": ""low"", ""trait_agreeableness_00727_act_003"": ""high"", ""trait_agreeableness_00727_act_004"": ""low""}"
trait_agreeableness_00728,agreeableness,low,baseline,none,"[Speech] Short dialogue: Let's formalize our discussion by proposing this at the next meeting so everyone can weigh in.
<Action>trait_agreeableness_00728_act_001</Action>",trait_agreeableness_00728_act_001|trait_agreeableness_00728_act_002|trait_agreeableness_00728_act_003|trait_agreeableness_00728_act_004,"{""trait_agreeableness_00728_act_001"": ""low"", ""trait_agreeableness_00728_act_002"": ""low"", ""trait_agreeableness_00728_act_003"": ""high"", ""trait_agreeableness_00728_act_004"": ""high""}"
trait_agreeableness_00729,agreeableness,low,baseline,none,"[Speech] Sit down with her and remind her that forgiveness doesn't mean forgetting or condoning the hurt. It's about healing and moving forward.
<Action>trait_agreeableness_00729_act_004</Action>",trait_agreeableness_00729_act_001|trait_agreeableness_00729_act_002|trait_agreeableness_00729_act_003|trait_agreeableness_00729_act_004,"{""trait_agreeableness_00729_act_001"": ""high"", ""trait_agreeableness_00729_act_002"": ""high"", ""trait_agreeableness_00729_act_003"": ""low"", ""trait_agreeableness_00729_act_004"": ""low""}"
trait_agreeableness_00730,agreeableness,low,baseline,none,"[Speech] Short of withholding her paycheck, what other measures can we take?
<Action>trait_agreeableness_00730_act_002</Action>",trait_agreeableness_00730_act_001|trait_agreeableness_00730_act_002|trait_agreeableness_00730_act_003|trait_agreeableness_00730_act_004,"{""trait_agreeableness_00730_act_001"": ""low"", ""trait_agreeableness_00730_act_002"": ""high"", ""trait_agreeableness_00730_act_003"": ""low"", ""trait_agreeableness_00730_act_004"": ""high""}"
trait_agreeableness_00731,agreeableness,low,baseline,none,"[Speech] Perhaps you could delegate some of your responsibilities to other volunteers, which would allow you to continue supporting the charity while also managing your stress better.
<Action>trait_agreeableness_00731_act_001</Action>",trait_agreeableness_00731_act_001|trait_agreeableness_00731_act_002|trait_agreeableness_00731_act_003|trait_agreeableness_00731_act_004,"{""trait_agreeableness_00731_act_001"": ""high"", ""trait_agreeableness_00731_act_002"": ""low"", ""trait_agreeableness_00731_act_003"": ""high"", ""trait_agreeableness_00731_act_004"": ""low""}"
trait_agreeableness_00732,agreeableness,low,baseline,none,"[Speech] Short dialogue, but I think we should reschedule your retreat; I need to focus on helping my friend move this weekend.
<Action>trait_agreeableness_00732_act_002</Action>",trait_agreeableness_00732_act_001|trait_agreeableness_00732_act_002|trait_agreeableness_00732_act_003|trait_agreeableness_00732_act_004,"{""trait_agreeableness_00732_act_001"": ""low"", ""trait_agreeableness_00732_act_002"": ""low"", ""trait_agreeableness_00732_act_003"": ""high"", ""trait_agreeableness_00732_act_004"": ""high""}"
trait_agreeableness_00733,agreeableness,low,baseline,none,"[Speech] Perhaps reaching out to a colleague would be a better approach than rushing through my current task.
<Action>trait_agreeableness_00733_act_002</Action>",trait_agreeableness_00733_act_001|trait_agreeableness_00733_act_002|trait_agreeableness_00733_act_003|trait_agreeableness_00733_act_004,"{""trait_agreeableness_00733_act_001"": ""high"", ""trait_agreeableness_00733_act_002"": ""high"", ""trait_agreeableness_00733_act_003"": ""low"", ""trait_agreeableness_00733_act_004"": ""low""}"
trait_agreeableness_00734,agreeableness,low,baseline,none,"[Speech] It seems like our discussions have been too heated; perhaps we need a more structured approach to ensure everyone's voice is heard.
<Action>trait_agreeableness_00734_act_004</Action>",trait_agreeableness_00734_act_001|trait_agreeableness_00734_act_002|trait_agreeableness_00734_act_003|trait_agreeableness_00734_act_004,"{""trait_agreeableness_00734_act_001"": ""low"", ""trait_agreeableness_00734_act_002"": ""high"", ""trait_agreeableness_00734_act_003"": ""low"", ""trait_agreeableness_00734_act_004"": ""high""}"
trait_agreeableness_00735,agreeableness,low,baseline,none,"[Speech] Maybe you can ask your friend how they feel about their project first to understand their perspective before sharing your thoughts.
<Action>trait_agreeableness_00735_act_001</Action>",trait_agreeableness_00735_act_001|trait_agreeableness_00735_act_002|trait_agreeableness_00735_act_003|trait_agreeableness_00735_act_004,"{""trait_agreeableness_00735_act_001"": ""high"", ""trait_agreeableness_00735_act_002"": ""low"", ""trait_agreeableness_00735_act_003"": ""high"", ""trait_agreeableness_00735_act_004"": ""low""}"
trait_agreeableness_00736,agreeableness,low,baseline,none,"[Speech] Short-term gains, long-term losses; it's a tough call.
<Action>trait_agreeableness_00736_act_004</Action>",trait_agreeableness_00736_act_001|trait_agreeableness_00736_act_002|trait_agreeableness_00736_act_003|trait_agreeableness_00736_act_004,"{""trait_agreeableness_00736_act_001"": ""low"", ""trait_agreeableness_00736_act_002"": ""low"", ""trait_agreeableness_00736_act_003"": ""high"", ""trait_agreeableness_00736_act_004"": ""high""}"
trait_agreeableness_00737,agreeableness,low,baseline,none,"[Speech] Short dialogue: Defending PersonZ doesn't mean always agreeing; it means standing up for what's right and fair.
<Action>trait_agreeableness_00737_act_004</Action>",trait_agreeableness_00737_act_001|trait_agreeableness_00737_act_002|trait_agreeableness_00737_act_003|trait_agreeableness_00737_act_004,"{""trait_agreeableness_00737_act_001"": ""high"", ""trait_agreeableness_00737_act_002"": ""high"", ""trait_agreeableness_00737_act_003"": ""low"", ""trait_agreeableness_00737_act_004"": ""low""}"
trait_agreeableness_00738,agreeableness,low,baseline,none,"[Speech] Short-term relief might ease their immediate stress; how about preparing some extra meals?
<Action>trait_agreeableness_00738_act_004</Action>",trait_agreeableness_00738_act_001|trait_agreeableness_00738_act_002|trait_agreeableness_00738_act_003|trait_agreeableness_00738_act_004,"{""trait_agreeableness_00738_act_001"": ""low"", ""trait_agreeableness_00738_act_002"": ""high"", ""trait_agreeableness_00738_act_003"": ""low"", ""trait_agreeableness_00738_act_004"": ""high""}"
trait_agreeableness_00739,agreeableness,low,baseline,none,"[Speech] Short dialogue, Destinnie, let's consider this together. Weighing the pros and cons will help us make an informed choice.
<Action>trait_agreeableness_00739_act_003</Action>",trait_agreeableness_00739_act_001|trait_agreeableness_00739_act_002|trait_agreeableness_00739_act_003|trait_agreeableness_00739_act_004,"{""trait_agreeableness_00739_act_001"": ""high"", ""trait_agreeableness_00739_act_002"": ""low"", ""trait_agreeableness_00739_act_003"": ""high"", ""trait_agreeableness_00739_act_004"": ""low""}"
trait_agreeableness_00740,agreeableness,low,baseline,none,"[Speech] Short on-stage confrontation might not be constructive; let's try a private chat instead.
<Action>trait_agreeableness_00740_act_003</Action>",trait_agreeableness_00740_act_001|trait_agreeableness_00740_act_002|trait_agreeableness_00740_act_003|trait_agreeableness_00740_act_004,"{""trait_agreeableness_00740_act_001"": ""low"", ""trait_agreeableness_00740_act_002"": ""low"", ""trait_agreeableness_00740_act_003"": ""high"", ""trait_agreeableness_00740_act_004"": ""high""}"
trait_agreeableness_00741,agreeableness,low,baseline,none,"[Speech] It seems like you're overextending yourself by trying to help Janya too much. Let's have a talk about balancing support with her responsibilities.
<Action>trait_agreeableness_00741_act_001</Action>",trait_agreeableness_00741_act_001|trait_agreeableness_00741_act_002|trait_agreeableness_00741_act_003|trait_agreeableness_00741_act_004,"{""trait_agreeableness_00741_act_001"": ""high"", ""trait_agreeableness_00741_act_002"": ""high"", ""trait_agreeableness_00741_act_003"": ""low"", ""trait_agreeableness_00741_act_004"": ""low""}"
trait_agreeableness_00742,agreeableness,low,baseline,none,"[Speech] Short help, while appreciated, can sometimes lead to burnout. Let's discuss this further.
<Action>trait_agreeableness_00742_act_004</Action>",trait_agreeableness_00742_act_001|trait_agreeableness_00742_act_002|trait_agreeableness_00742_act_003|trait_agreeableness_00742_act_004,"{""trait_agreeableness_00742_act_001"": ""low"", ""trait_agreeableness_00742_act_002"": ""high"", ""trait_agreeableness_00742_act_003"": ""low"", ""trait_agreeableness_00742_act_004"": ""high""}"
trait_agreeableness_00743,agreeableness,low,baseline,none,"[Speech] Maybe you could offer to help train someone else to share the workload, easing the burden on you.
<Action>trait_agreeableness_00743_act_001</Action>",trait_agreeableness_00743_act_001|trait_agreeableness_00743_act_002|trait_agreeableness_00743_act_003|trait_agreeableness_00743_act_004,"{""trait_agreeableness_00743_act_001"": ""high"", ""trait_agreeableness_00743_act_002"": ""low"", ""trait_agreeableness_00743_act_003"": ""high"", ""trait_agreeableness_00743_act_004"": ""low""}"
trait_agreeableness_00744,agreeableness,low,baseline,none,"[Speech] Short dialogue: I'll address this directly; it's important to clear the air.
<Action>trait_agreeableness_00744_act_002</Action>",trait_agreeableness_00744_act_001|trait_agreeableness_00744_act_002|trait_agreeableness_00744_act_003|trait_agreeableness_00744_act_004,"{""trait_agreeableness_00744_act_001"": ""low"", ""trait_agreeableness_00744_act_002"": ""low"", ""trait_agreeableness_00744_act_003"": ""high"", ""trait_agreeableness_00744_act_004"": ""high""}"
trait_agreeableness_00745,agreeableness,low,baseline,none,"[Speech] Short dialogue: Perhaps lending it out would be more beneficial for both of us.
<Action>trait_agreeableness_00745_act_002</Action>",trait_agreeableness_00745_act_001|trait_agreeableness_00745_act_002|trait_agreeableness_00745_act_003|trait_agreeableness_00745_act_004,"{""trait_agreeableness_00745_act_001"": ""high"", ""trait_agreeableness_00745_act_002"": ""high"", ""trait_agreeableness_00745_act_003"": ""low"", ""trait_agreeableness_00745_act_004"": ""low""}"
trait_agreeableness_00746,agreeableness,low,baseline,none,"[Speech] Short dialogue: Offering to help would be a great way to boost morale and ensure the project stays on track.
<Action>trait_agreeableness_00746_act_002</Action>",trait_agreeableness_00746_act_001|trait_agreeableness_00746_act_002|trait_agreeableness_00746_act_003|trait_agreeableness_00746_act_004,"{""trait_agreeableness_00746_act_001"": ""low"", ""trait_agreeableness_00746_act_002"": ""high"", ""trait_agreeableness_00746_act_003"": ""low"", ""trait_agreeableness_00746_act_004"": ""high""}"
trait_agreeableness_00747,agreeableness,low,baseline,none,"[Speech] Let's have a brief team check-in where everyone updates the group on their progress, including Carielle.
<Action>trait_agreeableness_00747_act_001</Action>",trait_agreeableness_00747_act_001|trait_agreeableness_00747_act_002|trait_agreeableness_00747_act_003|trait_agreeableness_00747_act_004,"{""trait_agreeableness_00747_act_001"": ""high"", ""trait_agreeableness_00747_act_002"": ""low"", ""trait_agreeableness_00747_act_003"": ""high"", ""trait_agreeableness_00747_act_004"": ""low""}"
trait_agreeableness_00748,agreeableness,low,baseline,none,"[Speech] Short dialogue: Considering the impact on the team, I believe reporting this to our supervisor would be the best course of action.
<Action>trait_agreeableness_00748_act_002</Action>",trait_agreeableness_00748_act_001|trait_agreeableness_00748_act_002|trait_agreeableness_00748_act_003|trait_agreeableness_00748_act_004,"{""trait_agreeableness_00748_act_001"": ""low"", ""trait_agreeableness_00748_act_002"": ""low"", ""trait_agreeableness_00748_act_003"": ""high"", ""trait_agreeableness_00748_act_004"": ""high""}"
trait_agreeableness_00749,agreeableness,low,baseline,none,"[Speech] Perhaps you could involve a mediator from HR to help facilitate a constructive conversation with Tagert, which might improve our work environment.
<Action>trait_agreeableness_00749_act_002</Action>",trait_agreeableness_00749_act_001|trait_agreeableness_00749_act_002|trait_agreeableness_00749_act_003|trait_agreeableness_00749_act_004,"{""trait_agreeableness_00749_act_001"": ""high"", ""trait_agreeableness_00749_act_002"": ""high"", ""trait_agreeableness_00749_act_003"": ""low"", ""trait_agreeableness_00749_act_004"": ""low""}"
trait_agreeableness_00750,agreeableness,low,baseline,none,"[Speech] Short dialogue: ""We mustn't let complacency set in; we need to keep pushing boundaries.""
<Action>trait_agreeableness_00750_act_004</Action>",trait_agreeableness_00750_act_001|trait_agreeableness_00750_act_002|trait_agreeableness_00750_act_003|trait_agreeableness_00750_act_004,"{""trait_agreeableness_00750_act_001"": ""low"", ""trait_agreeableness_00750_act_002"": ""high"", ""trait_agreeableness_00750_act_003"": ""low"", ""trait_agreeableness_00750_act_004"": ""high""}"
trait_agreeableness_00701,agreeableness,high,one_line_prompt,one_line,"[Speech] Short dialogue: Perhaps we could gather input from all sides and find a middle ground that benefits everyone.
<Action>trait_agreeableness_00701_act_002</Action>",trait_agreeableness_00701_act_001|trait_agreeableness_00701_act_002|trait_agreeableness_00701_act_003|trait_agreeableness_00701_act_004,"{""trait_agreeableness_00701_act_001"": ""high"", ""trait_agreeableness_00701_act_002"": ""high"", ""trait_agreeableness_00701_act_003"": ""low"", ""trait_agreeableness_00701_act_004"": ""low""}"
trait_agreeableness_00702,agreeableness,high,one_line_prompt,one_line,"[Speech] Short dialogue here: Considering the importance of teamwork, it might be best to discuss this with my peers first before making a final decision.
<Action>trait_agreeableness_00702_act_004</Action>",trait_agreeableness_00702_act_001|trait_agreeableness_00702_act_002|trait_agreeableness_00702_act_003|trait_agreeableness_00702_act_004,"{""trait_agreeableness_00702_act_001"": ""low"", ""trait_agreeableness_00702_act_002"": ""high"", ""trait_agreeableness_00702_act_003"": ""low"", ""trait_agreeableness_00702_act_004"": ""high""}"
trait_agreeableness_00703,agreeableness,high,one_line_prompt,one_line,"[Speech] Short vacations can be rejuvenating; perhaps we could plan one together?
<Action>trait_agreeableness_00703_act_004</Action>",trait_agreeableness_00703_act_001|trait_agreeableness_00703_act_002|trait_agreeableness_00703_act_003|trait_agreeableness_00703_act_004,"{""trait_agreeableness_00703_act_001"": ""high"", ""trait_agreeableness_00703_act_002"": ""low"", ""trait_agreeableness_00703_act_003"": ""high"", ""trait_agreeableness_00703_act_004"": ""low""}"
trait_agreeableness_00704,agreeableness,high,one_line_prompt,one_line,"[Speech] I understand we're all working together, but perhaps we could discuss how our collective goals align with my personal insights as well.
<Action>trait_agreeableness_00704_act_004</Action>",trait_agreeableness_00704_act_001|trait_agreeableness_00704_act_002|trait_agreeableness_00704_act_003|trait_agreeableness_00704_act_004,"{""trait_agreeableness_00704_act_001"": ""low"", ""trait_agreeableness_00704_act_002"": ""low"", ""trait_agreeableness_00704_act_003"": ""high"", ""trait_agreeableness_00704_act_004"": ""high""}"
trait_agreeableness_00705,agreeableness,high,one_line_prompt,one_line,"[Speech] I think it's important to communicate clearly and respectfully, but also to ensure our rights are protected.  
<Action>trait_agreeableness_00705_act_002</Action>",trait_agreeableness_00705_act_001|trait_agreeableness_00705_act_002|trait_agreeableness_00705_act_003|trait_agreeableness_00705_act_004,"{""trait_agreeableness_00705_act_001"": ""high"", ""trait_agreeableness_00705_act_002"": ""high"", ""trait_agreeableness_00705_act_003"": ""low"", ""trait_agreeableness_00705_act_004"": ""low""}"
trait_agreeableness_00706,agreeableness,high,one_line_prompt,one_line,"[Speech] Let's talk about how we can improve our collaboration and make sure everyone's ideas are valued.
<Action>trait_agreeableness_00706_act_002</Action>",trait_agreeableness_00706_act_001|trait_agreeableness_00706_act_002|trait_agreeableness_00706_act_003|trait_agreeableness_00706_act_004,"{""trait_agreeableness_00706_act_001"": ""low"", ""trait_agreeableness_00706_act_002"": ""high"", ""trait_agreeableness_00706_act_003"": ""low"", ""trait_agreeableness_00706_act_004"": ""high""}"
trait_agreeableness_00707,agreeableness,high,one_line_prompt,one_line,"[Speech] Perhaps eat a healthy meal before the party to lessen your cravings and politely sample very small amounts of your favorite foods.
<Action>trait_agreeableness_00707_act_001</Action>",trait_agreeableness_00707_act_001|trait_agreeableness_00707_act_002|trait_agreeableness_00707_act_003|trait_agreeableness_00707_act_004,"{""trait_agreeableness_00707_act_001"": ""high"", ""trait_agreeableness_00707_act_002"": ""low"", ""trait_agreeableness_00707_act_003"": ""high"", ""trait_agreeableness_00707_act_004"": ""low""}"
trait_agreeableness_00708,agreeableness,high,one_line_prompt,one_line,"[Speech] Short trust in Nazareth's journey, but let's celebrate this together.
<Action>trait_agreeableness_00708_act_001</Action>",trait_agreeableness_00708_act_001|trait_agreeableness_00708_act_002|trait_agreeableness_00708_act_003|trait_agreeableness_00708_act_004,"{""trait_agreeableness_00708_act_001"": ""low"", ""trait_agreeableness_00708_act_002"": ""low"", ""trait_agreeableness_00708_act_003"": ""high"", ""trait_agreeableness_00708_act_004"": ""high""}"
trait_agreeableness_00709,agreeableness,high,one_line_prompt,one_line,"[Speech] Short dialogue: I appreciate your concern, but I think we can manage this professionally. Let's discuss this with my supervisor.
<Action>trait_agreeableness_00709_act_002</Action>",trait_agreeableness_00709_act_001|trait_agreeableness_00709_act_002|trait_agreeableness_00709_act_003|trait_agreeableness_00709_act_004,"{""trait_agreeableness_00709_act_001"": ""high"", ""trait_agreeableness_00709_act_002"": ""high"", ""trait_agreeableness_00709_act_003"": ""low"", ""trait_agreeableness_00709_act_004"": ""low""}"
trait_agreeableness_00710,agreeableness,high,one_line_prompt,one_line,"[Speech] Short dialogue: ""I understand if there's something sensitive, but I feel like I deserve to be informed. Can we talk about this?""
<Action>trait_agreeableness_00710_act_002</Action>",trait_agreeableness_00710_act_001|trait_agreeableness_00710_act_002|trait_agreeableness_00710_act_003|trait_agreeableness_00710_act_004,"{""trait_agreeableness_00710_act_001"": ""low"", ""trait_agreeableness_00710_act_002"": ""high"", ""trait_agreeableness_00710_act_003"": ""low"", ""trait_agreeableness_00710_act_004"": ""high""}"
trait_agreeableness_00711,agreeableness,high,one_line_prompt,one_line,"[Speech] Short delays can sometimes cost us opportunities. Let's weigh the pros and cons carefully.
<Action>trait_agreeableness_00711_act_001</Action>",trait_agreeableness_00711_act_001|trait_agreeableness_00711_act_002|trait_agreeableness_00711_act_003|trait_agreeableness_00711_act_004,"{""trait_agreeableness_00711_act_001"": ""high"", ""trait_agreeableness_00711_act_002"": ""low"", ""trait_agreeableness_00711_act_003"": ""high"", ""trait_agreeableness_00711_act_004"": ""low""}"
trait_agreeableness_00712,agreeableness,high,one_line_prompt,one_line,"[Speech] Short dialogue: ""Considering the importance of making decisions quickly, perhaps I should skip this dinner to avoid delays.""
<Action>trait_agreeableness_00712_act_002</Action>",trait_agreeableness_00712_act_001|trait_agreeableness_00712_act_002|trait_agreeableness_00712_act_003|trait_agreeableness_00712_act_004,"{""trait_agreeableness_00712_act_001"": ""low"", ""trait_agreeableness_00712_act_002"": ""low"", ""trait_agreeableness_00712_act_003"": ""high"", ""trait_agreeableness_00712_act_004"": ""high""}"
trait_agreeableness_00713,agreeableness,high,one_line_prompt,one_line,"[Speech] Short dialogue? Let's weigh this carefully before making a decision.
<Action>trait_agreeableness_00713_act_004</Action>",trait_agreeableness_00713_act_001|trait_agreeableness_00713_act_002|trait_agreeableness_00713_act_003|trait_agreeableness_00713_act_004,"{""trait_agreeableness_00713_act_001"": ""high"", ""trait_agreeableness_00713_act_002"": ""high"", ""trait_agreeableness_00713_act_003"": ""low"", ""trait_agreeableness_00713_act_004"": ""low""}"
trait_agreeableness_00714,agreeableness,high,one_line_prompt,one_line,"[Speech] Short delays won't hurt your plans; just make sure you leave enough time to prepare everything.
<Action>trait_agreeableness_00714_act_004</Action>",trait_agreeableness_00714_act_001|trait_agreeableness_00714_act_002|trait_agreeableness_00714_act_003|trait_agreeableness_00714_act_004,"{""trait_agreeableness_00714_act_001"": ""low"", ""trait_agreeableness_00714_act_002"": ""high"", ""trait_agreeableness_00714_act_003"": ""low"", ""trait_agreeableness_00714_act_004"": ""high""}"
trait_agreeableness_00715,agreeableness,high,one_line_prompt,one_line,"[Speech] Let's grab a coffee together and discuss how we can lighten your load without compromising the quality of our work.
<Action>trait_agreeableness_00715_act_001</Action>",trait_agreeableness_00715_act_001|trait_agreeableness_00715_act_002|trait_agreeableness_00715_act_003|trait_agreeableness_00715_act_004,"{""trait_agreeableness_00715_act_001"": ""high"", ""trait_agreeableness_00715_act_002"": ""low"", ""trait_agreeableness_00715_act_003"": ""high"", ""trait_agreeableness_00715_act_004"": ""low""}"
trait_agreeableness_00716,agreeableness,high,one_line_prompt,one_line,"[Speech] Maybe you could go to the ball with Ranvir but let him know in advance that I'll need to leave early to manage my other commitments.
<Action>trait_agreeableness_00716_act_003</Action>",trait_agreeableness_00716_act_001|trait_agreeableness_00716_act_002|trait_agreeableness_00716_act_003|trait_agreeableness_00716_act_004,"{""trait_agreeableness_00716_act_001"": ""low"", ""trait_agreeableness_00716_act_002"": ""low"", ""trait_agreeableness_00716_act_003"": ""high"", ""trait_agreeableness_00716_act_004"": ""high""}"
trait_agreeableness_00717,agreeableness,high,one_line_prompt,one_line,"[Speech] Short on funds, but I still want to be thoughtful. What do you suggest?
<Action>trait_agreeableness_00717_act_004</Action>",trait_agreeableness_00717_act_001|trait_agreeableness_00717_act_002|trait_agreeableness_00717_act_003|trait_agreeableness_00717_act_004,"{""trait_agreeableness_00717_act_001"": ""high"", ""trait_agreeableness_00717_act_002"": ""high"", ""trait_agreeableness_00717_act_003"": ""low"", ""trait_agreeableness_00717_act_004"": ""low""}"
trait_agreeableness_00718,agreeableness,high,one_line_prompt,one_line,"[Speech] Short humor can lighten the mood, but let's be mindful of our limits.
<Action>trait_agreeableness_00718_act_002</Action>",trait_agreeableness_00718_act_001|trait_agreeableness_00718_act_002|trait_agreeableness_00718_act_003|trait_agreeableness_00718_act_004,"{""trait_agreeableness_00718_act_001"": ""low"", ""trait_agreeableness_00718_act_002"": ""high"", ""trait_agreeableness_00718_act_003"": ""low"", ""trait_agreeableness_00718_act_004"": ""high""}"
trait_agreeableness_00719,agreeableness,high,one_line_prompt,one_line,"[Speech] Short dialogue: Considering professional boundaries, perhaps a thoughtful card would be more appropriate.
<Action>trait_agreeableness_00719_act_003</Action>",trait_agreeableness_00719_act_001|trait_agreeableness_00719_act_002|trait_agreeableness_00719_act_003|trait_agreeableness_00719_act_004,"{""trait_agreeableness_00719_act_001"": ""high"", ""trait_agreeableness_00719_act_002"": ""low"", ""trait_agreeableness_00719_act_003"": ""high"", ""trait_agreeableness_00719_act_004"": ""low""}"
trait_agreeableness_00720,agreeableness,high,one_line_prompt,one_line,"[Speech] Short dialogue: ""I think it's important to share resources when we can, especially if it helps someone like Shandel.""
<Action>trait_agreeableness_00720_act_001</Action>",trait_agreeableness_00720_act_001|trait_agreeableness_00720_act_002|trait_agreeableness_00720_act_003|trait_agreeableness_00720_act_004,"{""trait_agreeableness_00720_act_001"": ""low"", ""trait_agreeableness_00720_act_002"": ""low"", ""trait_agreeableness_00720_act_003"": ""high"", ""trait_agreeableness_00720_act_004"": ""high""}"
trait_agreeableness_00721,agreeableness,high,one_line_prompt,one_line,"[Speech] I understand you've been busy with your own responsibilities lately, but I wanted to mention that taking care of your cat required some effort and resources from me.  
<Action>trait_agreeableness_00721_act_001</Action>",trait_agreeableness_00721_act_001|trait_agreeableness_00721_act_002|trait_agreeableness_00721_act_003|trait_agreeableness_00721_act_004,"{""trait_agreeableness_00721_act_001"": ""high"", ""trait_agreeableness_00721_act_002"": ""high"", ""trait_agreeableness_00721_act_003"": ""low"", ""trait_agreeableness_00721_act_004"": ""low""}"
trait_agreeableness_00722,agreeableness,high,one_line_prompt,one_line,"[Speech] I'd be happy to help, but let's make sure it doesn't interfere with my own plans.
<Action>trait_agreeableness_00722_act_002</Action>",trait_agreeableness_00722_act_001|trait_agreeableness_00722_act_002|trait_agreeableness_00722_act_003|trait_agreeableness_00722_act_004,"{""trait_agreeableness_00722_act_001"": ""low"", ""trait_agreeableness_00722_act_002"": ""high"", ""trait_agreeableness_00722_act_003"": ""low"", ""trait_agreeableness_00722_act_004"": ""high""}"
trait_agreeableness_00723,agreeableness,high,one_line_prompt,one_line,"[Speech] I understand you're having a great time, but I think it's time for me to head home now.
<Action>trait_agreeableness_00723_act_004</Action>",trait_agreeableness_00723_act_001|trait_agreeableness_00723_act_002|trait_agreeableness_00723_act_003|trait_agreeableness_00723_act_004,"{""trait_agreeableness_00723_act_001"": ""high"", ""trait_agreeableness_00723_act_002"": ""low"", ""trait_agreeableness_00723_act_003"": ""high"", ""trait_agreeableness_00723_act_004"": ""low""}"
trait_agreeableness_00724,agreeableness,high,one_line_prompt,one_line,"[Speech] Short dialogue: ""Perhaps we could reschedule this meeting so you can attend to your needs first.""
<Action>trait_agreeableness_00724_act_001</Action>",trait_agreeableness_00724_act_001|trait_agreeableness_00724_act_002|trait_agreeableness_00724_act_003|trait_agreeableness_00724_act_004,"{""trait_agreeableness_00724_act_001"": ""low"", ""trait_agreeableness_00724_act_002"": ""low"", ""trait_agreeableness_00724_act_003"": ""high"", ""trait_agreeableness_00724_act_004"": ""high""}"
trait_agreeableness_00725,agreeableness,high,one_line_prompt,one_line,"[Speech] Short dialogue: ""I'm truly sorry if my words hurt you. Let's talk about your favorite hobby instead.""
<Action>trait_agreeableness_00725_act_002</Action>",trait_agreeableness_00725_act_001|trait_agreeableness_00725_act_002|trait_agreeableness_00725_act_003|trait_agreeableness_00725_act_004,"{""trait_agreeableness_00725_act_001"": ""high"", ""trait_agreeableness_00725_act_002"": ""high"", ""trait_agreeableness_00725_act_003"": ""low"", ""trait_agreeableness_00725_act_004"": ""low""}"
trait_agreeableness_00726,agreeableness,high,one_line_prompt,one_line,"[Speech] I understand the concern about over-forgiveness, but sometimes it's important to show compassion. How about we look into financial aid programs together?
<Action>trait_agreeableness_00726_act_004</Action>",trait_agreeableness_00726_act_001|trait_agreeableness_00726_act_002|trait_agreeableness_00726_act_003|trait_agreeableness_00726_act_004,"{""trait_agreeableness_00726_act_001"": ""low"", ""trait_agreeableness_00726_act_002"": ""high"", ""trait_agreeableness_00726_act_003"": ""low"", ""trait_agreeableness_00726_act_004"": ""high""}"
trait_agreeableness_00727,agreeableness,high,one_line_prompt,one_line,"[Speech] Short dialogue: Let's first acknowledge the intentions behind this policy, but I'm concerned it might undermine our team's sense of accountability.  
<Action>trait_agreeableness_00727_act_003</Action>",trait_agreeableness_00727_act_001|trait_agreeableness_00727_act_002|trait_agreeableness_00727_act_003|trait_agreeableness_00727_act_004,"{""trait_agreeableness_00727_act_001"": ""high"", ""trait_agreeableness_00727_act_002"": ""low"", ""trait_agreeableness_00727_act_003"": ""high"", ""trait_agreeableness_00727_act_004"": ""low""}"
trait_agreeableness_00728,agreeableness,high,one_line_prompt,one_line,"[Speech] Let's address Kashtin's concerns directly and fairly, ensuring everyone's ideas are heard.
<Action>trait_agreeableness_00728_act_004</Action>",trait_agreeableness_00728_act_001|trait_agreeableness_00728_act_002|trait_agreeableness_00728_act_003|trait_agreeableness_00728_act_004,"{""trait_agreeableness_00728_act_001"": ""low"", ""trait_agreeableness_00728_act_002"": ""low"", ""trait_agreeableness_00728_act_003"": ""high"", ""trait_agreeableness_00728_act_004"": ""high""}"
trait_agreeableness_00729,agreeableness,high,one_line_prompt,one_line,"[Speech] I know it's hard to forgive, but sometimes we need to give ourselves grace. Let's find a quiet place to talk about what happened.
<Action>trait_agreeableness_00729_act_004</Action>",trait_agreeableness_00729_act_001|trait_agreeableness_00729_act_002|trait_agreeableness_00729_act_003|trait_agreeableness_00729_act_004,"{""trait_agreeableness_00729_act_001"": ""high"", ""trait_agreeableness_00729_act_002"": ""high"", ""trait_agreeableness_00729_act_003"": ""low"", ""trait_agreeableness_00729_act_004"": ""low""}"
trait_agreeableness_00730,agreeableness,high,one_line_prompt,one_line,"[Speech] I believe strict accountability can sometimes be motivating. Let's focus on improvement first.
<Action>trait_agreeableness_00730_act_002</Action>",trait_agreeableness_00730_act_001|trait_agreeableness_00730_act_002|trait_agreeableness_00730_act_003|trait_agreeableness_00730_act_004,"{""trait_agreeableness_00730_act_001"": ""low"", ""trait_agreeableness_00730_act_002"": ""high"", ""trait_agreeableness_00730_act_003"": ""low"", ""trait_agreeableness_00730_act_004"": ""high""}"
trait_agreeableness_00731,agreeableness,high,one_line_prompt,one_line,"[Speech] Perhaps you could delegate some of your responsibilities to other volunteers, which would allow you to continue supporting the charity while also managing your stress better.
<Action>trait_agreeableness_00731_act_001</Action>",trait_agreeableness_00731_act_001|trait_agreeableness_00731_act_002|trait_agreeableness_00731_act_003|trait_agreeableness_00731_act_004,"{""trait_agreeableness_00731_act_001"": ""high"", ""trait_agreeableness_00731_act_002"": ""low"", ""trait_agreeableness_00731_act_003"": ""high"", ""trait_agreeableness_00731_act_004"": ""low""}"
trait_agreeableness_00732,agreeableness,high,one_line_prompt,one_line,"[Speech] Short dialogue, but I think we should reschedule your retreat. Your friend needs your help now.
<Action>trait_agreeableness_00732_act_002</Action>",trait_agreeableness_00732_act_001|trait_agreeableness_00732_act_002|trait_agreeableness_00732_act_003|trait_agreeableness_00732_act_004,"{""trait_agreeableness_00732_act_001"": ""low"", ""trait_agreeableness_00732_act_002"": ""low"", ""trait_agreeableness_00732_act_003"": ""high"", ""trait_agreeableness_00732_act_004"": ""high""}"
trait_agreeableness_00733,agreeableness,high,one_line_prompt,one_line,"[Speech] I think it's important to keep my promises, but perhaps we can adjust the start of our next meeting to accommodate my tardiness.
<Action>trait_agreeableness_00733_act_004</Action>",trait_agreeableness_00733_act_001|trait_agreeableness_00733_act_002|trait_agreeableness_00733_act_003|trait_agreeableness_00733_act_004,"{""trait_agreeableness_00733_act_001"": ""high"", ""trait_agreeableness_00733_act_002"": ""high"", ""trait_agreeableness_00733_act_003"": ""low"", ""trait_agreeableness_00733_act_004"": ""low""}"
trait_agreeableness_00734,agreeableness,high,one_line_prompt,one_line,"[Speech] It seems like open communication could really help here. Let's find a way for everyone to share their perspectives calmly.
<Action>trait_agreeableness_00734_act_004</Action>",trait_agreeableness_00734_act_001|trait_agreeableness_00734_act_002|trait_agreeableness_00734_act_003|trait_agreeableness_00734_act_004,"{""trait_agreeableness_00734_act_001"": ""low"", ""trait_agreeableness_00734_act_002"": ""high"", ""trait_agreeableness_00734_act_003"": ""low"", ""trait_agreeableness_00734_act_004"": ""high""}"
trait_agreeableness_00735,agreeableness,high,one_line_prompt,one_line,"[Speech] Maybe you can ask your friend how they feel about their project first to understand their perspective before sharing your thoughts.
<Action>trait_agreeableness_00735_act_001</Action>",trait_agreeableness_00735_act_001|trait_agreeableness_00735_act_002|trait_agreeableness_00735_act_003|trait_agreeableness_00735_act_004,"{""trait_agreeableness_00735_act_001"": ""high"", ""trait_agreeableness_00735_act_002"": ""low"", ""trait_agreeableness_00735_act_003"": ""high"", ""trait_agreeableness_00735_act_004"": ""low""}"
trait_agreeableness_00736,agreeableness,high,one_line_prompt,one_line,"[Speech] Short dialogue: ""I understand the need for cooperation, but let's find a way to keep my contributions recognized too.""
<Action>trait_agreeableness_00736_act_004</Action>",trait_agreeableness_00736_act_001|trait_agreeableness_00736_act_002|trait_agreeableness_00736_act_003|trait_agreeableness_00736_act_004,"{""trait_agreeableness_00736_act_001"": ""low"", ""trait_agreeableness_00736_act_002"": ""low"", ""trait_agreeableness_00736_act_003"": ""high"", ""trait_agreeableness_00736_act_004"": ""high""}"
trait_agreeableness_00737,agreeableness,high,one_line_prompt,one_line,"[Speech] Short dialogue: ""Defending PersonZ isn't just about them; it's also about fostering a healthy team dynamic where everyone feels valued.""
<Action>trait_agreeableness_00737_act_002</Action>",trait_agreeableness_00737_act_001|trait_agreeableness_00737_act_002|trait_agreeableness_00737_act_003|trait_agreeableness_00737_act_004,"{""trait_agreeableness_00737_act_001"": ""high"", ""trait_agreeableness_00737_act_002"": ""high"", ""trait_agreeableness_00737_act_003"": ""low"", ""trait_agreeableness_00737_act_004"": ""low""}"
trait_agreeableness_00738,agreeableness,high,one_line_prompt,one_line,"[Speech] Short-term support will help them manage better while they find their feet.
<Action>trait_agreeableness_00738_act_004</Action>",trait_agreeableness_00738_act_001|trait_agreeableness_00738_act_002|trait_agreeableness_00738_act_003|trait_agreeableness_00738_act_004,"{""trait_agreeableness_00738_act_001"": ""low"", ""trait_agreeableness_00738_act_002"": ""high"", ""trait_agreeableness_00738_act_003"": ""low"", ""trait_agreeableness_00738_act_004"": ""high""}"
trait_agreeableness_00739,agreeableness,high,one_line_prompt,one_line,"[Speech] Short dialogue: Perhaps we could discuss this further and find a way to align our goals without compromising your independence.
<Action>trait_agreeableness_00739_act_001</Action>",trait_agreeableness_00739_act_001|trait_agreeableness_00739_act_002|trait_agreeableness_00739_act_003|trait_agreeableness_00739_act_004,"{""trait_agreeableness_00739_act_001"": ""high"", ""trait_agreeableness_00739_act_002"": ""low"", ""trait_agreeableness_00739_act_003"": ""high"", ""trait_agreeableness_00739_act_004"": ""low""}"
trait_agreeableness_00740,agreeableness,high,one_line_prompt,one_line,"[Speech] Short dialogue: ""Hikari, I've noticed we've been spending a lot of time together lately. Is everything okay?""
<Action>trait_agreeableness_00740_act_003</Action>",trait_agreeableness_00740_act_001|trait_agreeableness_00740_act_002|trait_agreeableness_00740_act_003|trait_agreeableness_00740_act_004,"{""trait_agreeableness_00740_act_001"": ""low"", ""trait_agreeableness_00740_act_002"": ""low"", ""trait_agreeableness_00740_act_003"": ""high"", ""trait_agreeableness_00740_act_004"": ""high""}"
trait_agreeableness_00741,agreeableness,high,one_line_prompt,one_line,"[Speech] ""Janya, I've noticed your deadlines slipping lately. Let's talk about this privately and see if we can find a way to better manage our workload together.""
<Action>trait_agreeableness_00741_act_001</Action>",trait_agreeableness_00741_act_001|trait_agreeableness_00741_act_002|trait_agreeableness_00741_act_003|trait_agreeableness_00741_act_004,"{""trait_agreeableness_00741_act_001"": ""high"", ""trait_agreeableness_00741_act_002"": ""high"", ""trait_agreeableness_00741_act_003"": ""low"", ""trait_agreeableness_00741_act_004"": ""low""}"
trait_agreeableness_00742,agreeableness,high,one_line_prompt,one_line,"[Speech] I think it's important we discuss this further and make sure we're not overextending ourselves.
<Action>trait_agreeableness_00742_act_002</Action>",trait_agreeableness_00742_act_001|trait_agreeableness_00742_act_002|trait_agreeableness_00742_act_003|trait_agreeableness_00742_act_004,"{""trait_agreeableness_00742_act_001"": ""low"", ""trait_agreeableness_00742_act_002"": ""high"", ""trait_agreeableness_00742_act_003"": ""low"", ""trait_agreeableness_00742_act_004"": ""high""}"
trait_agreeableness_00743,agreeableness,high,one_line_prompt,one_line,"[Speech] Maybe you could offer to help train someone else to share the workload, easing the burden on you.
<Action>trait_agreeableness_00743_act_001</Action>",trait_agreeableness_00743_act_001|trait_agreeableness_00743_act_002|trait_agreeableness_00743_act_003|trait_agreeableness_00743_act_004,"{""trait_agreeableness_00743_act_001"": ""high"", ""trait_agreeableness_00743_act_002"": ""low"", ""trait_agreeableness_00743_act_003"": ""high"", ""trait_agreeableness_00743_act_004"": ""low""}"
trait_agreeableness_00744,agreeableness,high,one_line_prompt,one_line,"[Speech] Let's talk about this privately first; maybe we can find a way to work together more effectively.
<Action>trait_agreeableness_00744_act_004</Action>",trait_agreeableness_00744_act_001|trait_agreeableness_00744_act_002|trait_agreeableness_00744_act_003|trait_agreeableness_00744_act_004,"{""trait_agreeableness_00744_act_001"": ""low"", ""trait_agreeableness_00744_act_002"": ""low"", ""trait_agreeableness_00744_act_003"": ""high"", ""trait_agreeableness_00744_act_004"": ""high""}"
trait_agreeableness_00745,agreeableness,high,one_line_prompt,one_line,"[Speech] I think it's important to be mindful of our own needs too. Sharing the guitar could help them, but we shouldn't neglect our own enjoyment.
<Action>trait_agreeableness_00745_act_004</Action>",trait_agreeableness_00745_act_001|trait_agreeableness_00745_act_002|trait_agreeableness_00745_act_003|trait_agreeableness_00745_act_004,"{""trait_agreeableness_00745_act_001"": ""high"", ""trait_agreeableness_00745_act_002"": ""high"", ""trait_agreeableness_00745_act_003"": ""low"", ""trait_agreeableness_00745_act_004"": ""low""}"
trait_agreeableness_00746,agreeableness,high,one_line_prompt,one_line,"[Speech] Short dialogue: Offering to help can be a great way to boost morale and ensure everyone stays motivated.  
<Action>trait_agreeableness_00746_act_002</Action>",trait_agreeableness_00746_act_001|trait_agreeableness_00746_act_002|trait_agreeableness_00746_act_003|trait_agreeableness_00746_act_004,"{""trait_agreeableness_00746_act_001"": ""low"", ""trait_agreeableness_00746_act_002"": ""high"", ""trait_agreeableness_00746_act_003"": ""low"", ""trait_agreeableness_00746_act_004"": ""high""}"
trait_agreeableness_00747,agreeableness,high,one_line_prompt,one_line,"[Speech] Let's have a quick team check-in; it'll help us all stay sharp and focused.
<Action>trait_agreeableness_00747_act_001</Action>",trait_agreeableness_00747_act_001|trait_agreeableness_00747_act_002|trait_agreeableness_00747_act_003|trait_agreeableness_00747_act_004,"{""trait_agreeableness_00747_act_001"": ""high"", ""trait_agreeableness_00747_act_002"": ""low"", ""trait_agreeableness_00747_act_003"": ""high"", ""trait_agreeableness_00747_act_004"": ""low""}"
trait_agreeableness_00748,agreeableness,high,one_line_prompt,one_line,"[Speech] Short dialogue: Perhaps we should address this together; it might help Melicia understand the importance of fair recognition.
<Action>trait_agreeableness_00748_act_004</Action>",trait_agreeableness_00748_act_001|trait_agreeableness_00748_act_002|trait_agreeableness_00748_act_003|trait_agreeableness_00748_act_004,"{""trait_agreeableness_00748_act_001"": ""low"", ""trait_agreeableness_00748_act_002"": ""low"", ""trait_agreeableness_00748_act_003"": ""high"", ""trait_agreeableness_00748_act_004"": ""high""}"
trait_agreeableness_00749,agreeableness,high,one_line_prompt,one_line,"[Speech] Short dialogue: ""Avoiding conflicts doesn't mean we ignore issues; it's important to address them gently yet firmly.""
<Action>trait_agreeableness_00749_act_004</Action>",trait_agreeableness_00749_act_001|trait_agreeableness_00749_act_002|trait_agreeableness_00749_act_003|trait_agreeableness_00749_act_004,"{""trait_agreeableness_00749_act_001"": ""high"", ""trait_agreeableness_00749_act_002"": ""high"", ""trait_agreeableness_00749_act_003"": ""low"", ""trait_agreeableness_00749_act_004"": ""low""}"
trait_agreeableness_00750,agreeableness,high,one_line_prompt,one_line,"[Speech] Let's not let complacency set in; we need to keep pushing boundaries and exploring new possibilities.
<Action>trait_agreeableness_00750_act_004</Action>",trait_agreeableness_00750_act_001|trait_agreeableness_00750_act_002|trait_agreeableness_00750_act_003|trait_agreeableness_00750_act_004,"{""trait_agreeableness_00750_act_001"": ""low"", ""trait_agreeableness_00750_act_002"": ""high"", ""trait_agreeableness_00750_act_003"": ""low"", ""trait_agreeableness_00750_act_004"": ""high""}"
trait_agreeableness_00701,agreeableness,low,one_line_prompt,one_line,"[Speech] Shorter plans might not always work; sticking to my guns seems more effective.
<Action>trait_agreeableness_00701_act_004</Action>",trait_agreeableness_00701_act_001|trait_agreeableness_00701_act_002|trait_agreeableness_00701_act_003|trait_agreeableness_00701_act_004,"{""trait_agreeableness_00701_act_001"": ""high"", ""trait_agreeableness_00701_act_002"": ""high"", ""trait_agreeableness_00701_act_003"": ""low"", ""trait_agreeableness_00701_act_004"": ""low""}"
trait_agreeableness_00702,agreeableness,low,one_line_prompt,one_line,"[Speech] Short dialogue: ""I'll need to prioritize my existing projects and decline this one to avoid overextending myself.""
<Action>trait_agreeableness_00702_act_003</Action>",trait_agreeableness_00702_act_001|trait_agreeableness_00702_act_002|trait_agreeableness_00702_act_003|trait_agreeableness_00702_act_004,"{""trait_agreeableness_00702_act_001"": ""low"", ""trait_agreeableness_00702_act_002"": ""high"", ""trait_agreeableness_00702_act_003"": ""low"", ""trait_agreeableness_00702_act_004"": ""high""}"
trait_agreeableness_00703,agreeableness,low,one_line_prompt,one_line,"[Speech] Short-term relaxation is crucial; I'll use my bonus for the vacation I've been dreaming about.
<Action>trait_agreeableness_00703_act_004</Action>",trait_agreeableness_00703_act_001|trait_agreeableness_00703_act_002|trait_agreeableness_00703_act_003|trait_agreeableness_00703_act_004,"{""trait_agreeableness_00703_act_001"": ""high"", ""trait_agreeableness_00703_act_002"": ""low"", ""trait_agreeableness_00703_act_003"": ""high"", ""trait_agreeableness_00703_act_004"": ""low""}"
trait_agreeableness_00704,agreeableness,low,one_line_prompt,one_line,"[Speech] I see, always cooperating might lead us to overlook our individual perspectives. Let's not just blindly follow this decision.
<Action>trait_agreeableness_00704_act_001</Action>",trait_agreeableness_00704_act_001|trait_agreeableness_00704_act_002|trait_agreeableness_00704_act_003|trait_agreeableness_00704_act_004,"{""trait_agreeableness_00704_act_001"": ""low"", ""trait_agreeableness_00704_act_002"": ""low"", ""trait_agreeableness_00704_act_003"": ""high"", ""trait_agreeableness_00704_act_004"": ""high""}"
trait_agreeableness_00705,agreeableness,low,one_line_prompt,one_line,"[Speech] I won't play their game. They need to meet my standards, not the other way around.
<Action>trait_agreeableness_00705_act_002</Action>",trait_agreeableness_00705_act_001|trait_agreeableness_00705_act_002|trait_agreeableness_00705_act_003|trait_agreeableness_00705_act_004,"{""trait_agreeableness_00705_act_001"": ""high"", ""trait_agreeableness_00705_act_002"": ""high"", ""trait_agreeableness_00705_act_003"": ""low"", ""trait_agreeableness_00705_act_004"": ""low""}"
trait_agreeableness_00706,agreeableness,low,one_line_prompt,one_line,"[Speech] I've noticed your dismissals seem to happen too often. We need to have a talk about that.
<Action>trait_agreeableness_00706_act_001</Action>",trait_agreeableness_00706_act_001|trait_agreeableness_00706_act_002|trait_agreeableness_00706_act_003|trait_agreeableness_00706_act_004,"{""trait_agreeableness_00706_act_001"": ""low"", ""trait_agreeableness_00706_act_002"": ""high"", ""trait_agreeableness_00706_act_003"": ""low"", ""trait_agreeableness_00706_act_004"": ""high""}"
trait_agreeableness_00707,agreeableness,low,one_line_prompt,one_line,"[Speech] Short dialogue: ""I'll bring a dish to share, ensuring I stay within my limits while still being part of the fun.""
<Action>trait_agreeableness_00707_act_003</Action>",trait_agreeableness_00707_act_001|trait_agreeableness_00707_act_002|trait_agreeableness_00707_act_003|trait_agreeableness_00707_act_004,"{""trait_agreeableness_00707_act_001"": ""high"", ""trait_agreeableness_00707_act_002"": ""low"", ""trait_agreeableness_00707_act_003"": ""high"", ""trait_agreeableness_00707_act_004"": ""low""}"
trait_agreeableness_00708,agreeableness,low,one_line_prompt,one_line,"[Speech] I noticed you've achieved something big. Own it, let everyone know how hard you worked!
<Action>trait_agreeableness_00708_act_002</Action>",trait_agreeableness_00708_act_001|trait_agreeableness_00708_act_002|trait_agreeableness_00708_act_003|trait_agreeableness_00708_act_004,"{""trait_agreeableness_00708_act_001"": ""low"", ""trait_agreeableness_00708_act_002"": ""low"", ""trait_agreeableness_00708_act_003"": ""high"", ""trait_agreeableness_00708_act_004"": ""high""}"
trait_agreeableness_00709,agreeableness,low,one_line_prompt,one_line,"[Speech] I've had enough of this. You need to back off, Zacharyah.
<Action>trait_agreeableness_00709_act_003</Action>",trait_agreeableness_00709_act_001|trait_agreeableness_00709_act_002|trait_agreeableness_00709_act_003|trait_agreeableness_00709_act_004,"{""trait_agreeableness_00709_act_001"": ""high"", ""trait_agreeableness_00709_act_002"": ""high"", ""trait_agreeableness_00709_act_003"": ""low"", ""trait_agreeableness_00709_act_004"": ""low""}"
trait_agreeableness_00710,agreeableness,low,one_line_prompt,one_line,"[Speech] Short of patience, I demand to know why my trust was betrayed and why I wasn't informed.
<Action>trait_agreeableness_00710_act_001</Action>",trait_agreeableness_00710_act_001|trait_agreeableness_00710_act_002|trait_agreeableness_00710_act_003|trait_agreeableness_00710_act_004,"{""trait_agreeableness_00710_act_001"": ""low"", ""trait_agreeableness_00710_act_002"": ""high"", ""trait_agreeableness_00710_act_003"": ""low"", ""trait_agreeableness_00710_act_004"": ""high""}"
trait_agreeableness_00711,agreeableness,low,one_line_prompt,one_line,"[Speech] Short-term gains might outweigh the long-term benefits, but sometimes stepping out of comfort zones is necessary for advancement.
<Action>trait_agreeableness_00711_act_004</Action>",trait_agreeableness_00711_act_001|trait_agreeableness_00711_act_002|trait_agreeableness_00711_act_003|trait_agreeableness_00711_act_004,"{""trait_agreeableness_00711_act_001"": ""high"", ""trait_agreeableness_00711_act_002"": ""low"", ""trait_agreeableness_00711_act_003"": ""high"", ""trait_agreeableness_00711_act_004"": ""low""}"
trait_agreeableness_00712,agreeableness,low,one_line_prompt,one_line,"[Speech] Short dialogue: ""Considering the risk of missing out on quick decisions, I think I'll skip this dinner.""
<Action>trait_agreeableness_00712_act_002</Action>",trait_agreeableness_00712_act_001|trait_agreeableness_00712_act_002|trait_agreeableness_00712_act_003|trait_agreeableness_00712_act_004,"{""trait_agreeableness_00712_act_001"": ""low"", ""trait_agreeableness_00712_act_002"": ""low"", ""trait_agreeableness_00712_act_003"": ""high"", ""trait_agreeableness_00712_act_004"": ""high""}"
trait_agreeableness_00713,agreeableness,low,one_line_prompt,one_line,"[Speech] Short consideration is key, but sometimes missing out on an opportunity is better than being overly accommodating.
<Action>trait_agreeableness_00713_act_004</Action>",trait_agreeableness_00713_act_001|trait_agreeableness_00713_act_002|trait_agreeableness_00713_act_003|trait_agreeableness_00713_act_004,"{""trait_agreeableness_00713_act_001"": ""high"", ""trait_agreeableness_00713_act_002"": ""high"", ""trait_agreeableness_00713_act_003"": ""low"", ""trait_agreeableness_00713_act_004"": ""low""}"
trait_agreeableness_00714,agreeableness,low,one_line_prompt,one_line,"[Speech] Short delays won't make a difference; you'll still miss out if you're too cautious.
<Action>trait_agreeableness_00714_act_001</Action>",trait_agreeableness_00714_act_001|trait_agreeableness_00714_act_002|trait_agreeableness_00714_act_003|trait_agreeableness_00714_act_004,"{""trait_agreeableness_00714_act_001"": ""low"", ""trait_agreeableness_00714_act_002"": ""high"", ""trait_agreeableness_00714_act_003"": ""low"", ""trait_agreeableness_00714_act_004"": ""high""}"
trait_agreeableness_00715,agreeableness,low,one_line_prompt,one_line,"[Speech] Short deadlines and strict schedules can be stressful. Let's push back on those and focus on what truly matters.
<Action>trait_agreeableness_00715_act_004</Action>",trait_agreeableness_00715_act_001|trait_agreeableness_00715_act_002|trait_agreeableness_00715_act_003|trait_agreeableness_00715_act_004,"{""trait_agreeableness_00715_act_001"": ""high"", ""trait_agreeableness_00715_act_002"": ""low"", ""trait_agreeableness_00715_act_003"": ""high"", ""trait_agreeableness_00715_act_004"": ""low""}"
trait_agreeableness_00716,agreeableness,low,one_line_prompt,one_line,"[Speech] Short commitment, long-term success.  
<Action>trait_agreeableness_00716_act_001</Action>",trait_agreeableness_00716_act_001|trait_agreeableness_00716_act_002|trait_agreeableness_00716_act_003|trait_agreeableness_00716_act_004,"{""trait_agreeableness_00716_act_001"": ""low"", ""trait_agreeableness_00716_act_002"": ""low"", ""trait_agreeableness_00716_act_003"": ""high"", ""trait_agreeableness_00716_act_004"": ""high""}"
trait_agreeableness_00717,agreeableness,low,one_line_prompt,one_line,"[Speech] Short commitment overload leads to burnout; let's find a balance.
<Action>trait_agreeableness_00717_act_004</Action>",trait_agreeableness_00717_act_001|trait_agreeableness_00717_act_002|trait_agreeableness_00717_act_003|trait_agreeableness_00717_act_004,"{""trait_agreeableness_00717_act_001"": ""high"", ""trait_agreeableness_00717_act_002"": ""high"", ""trait_agreeableness_00717_act_003"": ""low"", ""trait_agreeableness_00717_act_004"": ""low""}"
trait_agreeableness_00718,agreeableness,low,one_line_prompt,one_line,"[Speech] Short humor won't solve this; we need to address the underlying issue.
<Action>trait_agreeableness_00718_act_004</Action>",trait_agreeableness_00718_act_001|trait_agreeableness_00718_act_002|trait_agreeableness_00718_act_003|trait_agreeableness_00718_act_004,"{""trait_agreeableness_00718_act_001"": ""low"", ""trait_agreeableness_00718_act_002"": ""high"", ""trait_agreeableness_00718_act_003"": ""low"", ""trait_agreeableness_00718_act_004"": ""high""}"
trait_agreeableness_00719,agreeableness,low,one_line_prompt,one_line,"[Speech] Short dialogue, but remember, constant support can be exhausting.
<Action>trait_agreeableness_00719_act_004</Action>",trait_agreeableness_00719_act_001|trait_agreeableness_00719_act_002|trait_agreeableness_00719_act_003|trait_agreeableness_00719_act_004,"{""trait_agreeableness_00719_act_001"": ""high"", ""trait_agreeableness_00719_act_002"": ""low"", ""trait_agreeableness_00719_act_003"": ""high"", ""trait_agreeableness_00719_act_004"": ""low""}"
trait_agreeableness_00720,agreeableness,low,one_line_prompt,one_line,"[Speech] Short-term, keeping it might be better; long-term, they'll appreciate the help more.
<Action>trait_agreeableness_00720_act_002</Action>",trait_agreeableness_00720_act_001|trait_agreeableness_00720_act_002|trait_agreeableness_00720_act_003|trait_agreeableness_00720_act_004,"{""trait_agreeableness_00720_act_001"": ""low"", ""trait_agreeableness_00720_act_002"": ""low"", ""trait_agreeableness_00720_act_003"": ""high"", ""trait_agreeableness_00720_act_004"": ""high""}"
trait_agreeableness_00721,agreeableness,low,one_line_prompt,one_line,"[Speech] Short dialogue: ""Considering the time and resources you spent without asking, I think it's only fair we discuss this.""
<Action>trait_agreeableness_00721_act_004</Action>",trait_agreeableness_00721_act_001|trait_agreeableness_00721_act_002|trait_agreeableness_00721_act_003|trait_agreeableness_00721_act_004,"{""trait_agreeableness_00721_act_001"": ""high"", ""trait_agreeableness_00721_act_002"": ""high"", ""trait_agreeableness_00721_act_003"": ""low"", ""trait_agreeableness_00721_act_004"": ""low""}"
trait_agreeableness_00722,agreeableness,low,one_line_prompt,one_line,"[Speech] Short-term sacrifices are fine, but make sure to acknowledge my efforts afterward.
<Action>trait_agreeableness_00722_act_001</Action>",trait_agreeableness_00722_act_001|trait_agreeableness_00722_act_002|trait_agreeableness_00722_act_003|trait_agreeableness_00722_act_004,"{""trait_agreeableness_00722_act_001"": ""low"", ""trait_agreeableness_00722_act_002"": ""high"", ""trait_agreeableness_00722_act_003"": ""low"", ""trait_agreeableness_00722_act_004"": ""high""}"
trait_agreeableness_00723,agreeableness,low,one_line_prompt,one_line,"[Speech] Shorter time here, Tavleen. I think it's best if we both go our separate ways now.
<Action>trait_agreeableness_00723_act_004</Action>",trait_agreeableness_00723_act_001|trait_agreeableness_00723_act_002|trait_agreeableness_00723_act_003|trait_agreeableness_00723_act_004,"{""trait_agreeableness_00723_act_001"": ""high"", ""trait_agreeableness_00723_act_002"": ""low"", ""trait_agreeableness_00723_act_003"": ""high"", ""trait_agreeableness_00723_act_004"": ""low""}"
trait_agreeableness_00724,agreeableness,low,one_line_prompt,one_line,"[Speech] Shorter days are better spent on what matters most.  
<Action>trait_agreeableness_00724_act_001</Action>",trait_agreeableness_00724_act_001|trait_agreeableness_00724_act_002|trait_agreeableness_00724_act_003|trait_agreeableness_00724_act_004,"{""trait_agreeableness_00724_act_001"": ""low"", ""trait_agreeableness_00724_act_002"": ""low"", ""trait_agreeableness_00724_act_003"": ""high"", ""trait_agreeableness_00724_act_004"": ""high""}"
trait_agreeableness_00725,agreeableness,low,one_line_prompt,one_line,"[Speech] Short dialogue, but I'll stick to my stance and avoid apologies.
<Action>trait_agreeableness_00725_act_003</Action>",trait_agreeableness_00725_act_001|trait_agreeableness_00725_act_002|trait_agreeableness_00725_act_003|trait_agreeableness_00725_act_004,"{""trait_agreeableness_00725_act_001"": ""high"", ""trait_agreeableness_00725_act_002"": ""high"", ""trait_agreeableness_00725_act_003"": ""low"", ""trait_agreeableness_00725_act_004"": ""low""}"
trait_agreeableness_00726,agreeableness,low,one_line_prompt,one_line,"[Speech] Short-term financial assistance might not set a good example, but long-term support could be beneficial.
<Action>trait_agreeableness_00726_act_004</Action>",trait_agreeableness_00726_act_001|trait_agreeableness_00726_act_002|trait_agreeableness_00726_act_003|trait_agreeableness_00726_act_004,"{""trait_agreeableness_00726_act_001"": ""low"", ""trait_agreeableness_00726_act_002"": ""high"", ""trait_agreeableness_00726_act_003"": ""low"", ""trait_agreeableness_00726_act_004"": ""high""}"
trait_agreeableness_00727,agreeableness,low,one_line_prompt,one_line,"[Speech] Over-forgiving might seem like a sign of weakness or lax standards. How can we ensure consistency without appearing too harsh?
<Action>trait_agreeableness_00727_act_001</Action>",trait_agreeableness_00727_act_001|trait_agreeableness_00727_act_002|trait_agreeableness_00727_act_003|trait_agreeableness_00727_act_004,"{""trait_agreeableness_00727_act_001"": ""high"", ""trait_agreeableness_00727_act_002"": ""low"", ""trait_agreeableness_00727_act_003"": ""high"", ""trait_agreeableness_00727_act_004"": ""low""}"
trait_agreeableness_00728,agreeableness,low,one_line_prompt,one_line,"[Speech] I'll have him vote against it at our next meeting to show he can't sway the majority.
<Action>trait_agreeableness_00728_act_001</Action>",trait_agreeableness_00728_act_001|trait_agreeableness_00728_act_002|trait_agreeableness_00728_act_003|trait_agreeableness_00728_act_004,"{""trait_agreeableness_00728_act_001"": ""low"", ""trait_agreeableness_00728_act_002"": ""low"", ""trait_agreeableness_00728_act_003"": ""high"", ""trait_agreeableness_00728_act_004"": ""high""}"
trait_agreeableness_00729,agreeableness,low,one_line_prompt,one_line,"[Speech] Short forgiveness won't solve anything; we need to set boundaries and hold people accountable.
<Action>trait_agreeableness_00729_act_004</Action>",trait_agreeableness_00729_act_001|trait_agreeableness_00729_act_002|trait_agreeableness_00729_act_003|trait_agreeableness_00729_act_004,"{""trait_agreeableness_00729_act_001"": ""high"", ""trait_agreeableness_00729_act_002"": ""high"", ""trait_agreeableness_00729_act_003"": ""low"", ""trait_agreeableness_00729_act_004"": ""low""}"
trait_agreeableness_00730,agreeableness,low,one_line_prompt,one_line,"[Speech] I think withholding her paycheck might send the wrong message about our standards.
<Action>trait_agreeableness_00730_act_001</Action>",trait_agreeableness_00730_act_001|trait_agreeableness_00730_act_002|trait_agreeableness_00730_act_003|trait_agreeableness_00730_act_004,"{""trait_agreeableness_00730_act_001"": ""low"", ""trait_agreeableness_00730_act_002"": ""high"", ""trait_agreeableness_00730_act_003"": ""low"", ""trait_agreeableness_00730_act_004"": ""high""}"
trait_agreeableness_00731,agreeableness,low,one_line_prompt,one_line,"[Speech] It seems like managing my limits is crucial here.  
<Action>trait_agreeableness_00731_act_002</Action>",trait_agreeableness_00731_act_001|trait_agreeableness_00731_act_002|trait_agreeableness_00731_act_003|trait_agreeableness_00731_act_004,"{""trait_agreeableness_00731_act_001"": ""high"", ""trait_agreeableness_00731_act_002"": ""low"", ""trait_agreeableness_00731_act_003"": ""high"", ""trait_agreeableness_00731_act_004"": ""low""}"
trait_agreeableness_00732,agreeableness,low,one_line_prompt,one_line,"[Speech] I need to focus on my own commitments this weekend; let's find someone else to handle the move.
<Action>trait_agreeableness_00732_act_001</Action>",trait_agreeableness_00732_act_001|trait_agreeableness_00732_act_002|trait_agreeableness_00732_act_003|trait_agreeableness_00732_act_004,"{""trait_agreeableness_00732_act_001"": ""low"", ""trait_agreeableness_00732_act_002"": ""low"", ""trait_agreeableness_00732_act_003"": ""high"", ""trait_agreeableness_00732_act_004"": ""high""}"
trait_agreeableness_00733,agreeableness,low,one_line_prompt,one_line,"[Speech] Short of staying true to my word, I might as well just cut this short and go.
<Action>trait_agreeableness_00733_act_003</Action>",trait_agreeableness_00733_act_001|trait_agreeableness_00733_act_002|trait_agreeableness_00733_act_003|trait_agreeableness_00733_act_004,"{""trait_agreeableness_00733_act_001"": ""high"", ""trait_agreeableness_00733_act_002"": ""high"", ""trait_agreeableness_00733_act_003"": ""low"", ""trait_agreeableness_00733_act_004"": ""low""}"
trait_agreeableness_00734,agreeableness,low,one_line_prompt,one_line,"[Speech] I think we need to have a clear and direct conversation about this.  
<Action>trait_agreeableness_00734_act_001</Action>",trait_agreeableness_00734_act_001|trait_agreeableness_00734_act_002|trait_agreeableness_00734_act_003|trait_agreeableness_00734_act_004,"{""trait_agreeableness_00734_act_001"": ""low"", ""trait_agreeableness_00734_act_002"": ""high"", ""trait_agreeableness_00734_act_003"": ""low"", ""trait_agreeableness_00734_act_004"": ""high""}"
trait_agreeableness_00735,agreeableness,low,one_line_prompt,one_line,"[Speech] Short and to the point, ""I think we should be honest here.""
<Action>trait_agreeableness_00735_act_002</Action>",trait_agreeableness_00735_act_001|trait_agreeableness_00735_act_002|trait_agreeableness_00735_act_003|trait_agreeableness_00735_act_004,"{""trait_agreeableness_00735_act_001"": ""high"", ""trait_agreeableness_00735_act_002"": ""low"", ""trait_agreeableness_00735_act_003"": ""high"", ""trait_agreeableness_00735_act_004"": ""low""}"
trait_agreeableness_00736,agreeableness,low,one_line_prompt,one_line,"[Speech] Shorter tasks? That won't solve my problem.
<Action>trait_agreeableness_00736_act_002</Action>",trait_agreeableness_00736_act_001|trait_agreeableness_00736_act_002|trait_agreeableness_00736_act_003|trait_agreeableness_00736_act_004,"{""trait_agreeableness_00736_act_001"": ""low"", ""trait_agreeableness_00736_act_002"": ""low"", ""trait_agreeableness_00736_act_003"": ""high"", ""trait_agreeableness_00736_act_004"": ""high""}"
trait_agreeableness_00737,agreeableness,low,one_line_prompt,one_line,"[Speech] I believe standing up for PersonZ will help them grow and succeed, even if it means stepping outside the norm sometimes.
<Action>trait_agreeableness_00737_act_004</Action>",trait_agreeableness_00737_act_001|trait_agreeableness_00737_act_002|trait_agreeableness_00737_act_003|trait_agreeableness_00737_act_004,"{""trait_agreeableness_00737_act_001"": ""high"", ""trait_agreeableness_00737_act_002"": ""high"", ""trait_agreeableness_00737_act_003"": ""low"", ""trait_agreeableness_00737_act_004"": ""low""}"
trait_agreeableness_00738,agreeableness,low,one_line_prompt,one_line,"[Speech] Short-term relief might be best; I'll prepare some extra meals for you.
<Action>trait_agreeableness_00738_act_004</Action>",trait_agreeableness_00738_act_001|trait_agreeableness_00738_act_002|trait_agreeableness_00738_act_003|trait_agreeableness_00738_act_004,"{""trait_agreeableness_00738_act_001"": ""low"", ""trait_agreeableness_00738_act_002"": ""high"", ""trait_agreeableness_00738_act_003"": ""low"", ""trait_agreeableness_00738_act_004"": ""high""}"
trait_agreeableness_00739,agreeableness,low,one_line_prompt,one_line,"[Speech] Short-term gains might overshadow long-term consequences.
<Action>trait_agreeableness_00739_act_004</Action>",trait_agreeableness_00739_act_001|trait_agreeableness_00739_act_002|trait_agreeableness_00739_act_003|trait_agreeableness_00739_act_004,"{""trait_agreeableness_00739_act_001"": ""high"", ""trait_agreeableness_00739_act_002"": ""low"", ""trait_agreeableness_00739_act_003"": ""high"", ""trait_agreeableness_00739_act_004"": ""low""}"
trait_agreeableness_00740,agreeableness,low,one_line_prompt,one_line,"[Speech] I think we need to have a talk about how our cooperation isn't benefiting anyone.
<Action>trait_agreeableness_00740_act_004</Action>",trait_agreeableness_00740_act_001|trait_agreeableness_00740_act_002|trait_agreeableness_00740_act_003|trait_agreeableness_00740_act_004,"{""trait_agreeableness_00740_act_001"": ""low"", ""trait_agreeableness_00740_act_002"": ""low"", ""trait_agreeableness_00740_act_003"": ""high"", ""trait_agreeableness_00740_act_004"": ""high""}"
trait_agreeableness_00741,agreeableness,low,one_line_prompt,one_line,"[Speech] I've been overhelpful, and it's starting to wear on me.  
<Action>trait_agreeableness_00741_act_003</Action>",trait_agreeableness_00741_act_001|trait_agreeableness_00741_act_002|trait_agreeableness_00741_act_003|trait_agreeableness_00741_act_004,"{""trait_agreeableness_00741_act_001"": ""high"", ""trait_agreeableness_00741_act_002"": ""high"", ""trait_agreeableness_00741_act_003"": ""low"", ""trait_agreeableness_00741_act_004"": ""low""}"
trait_agreeableness_00742,agreeableness,low,one_line_prompt,one_line,"[Speech] I think we're overextending ourselves here. Let's have a serious talk about how this might affect our team's well-being.
<Action>trait_agreeableness_00742_act_001</Action>",trait_agreeableness_00742_act_001|trait_agreeableness_00742_act_002|trait_agreeableness_00742_act_003|trait_agreeableness_00742_act_004,"{""trait_agreeableness_00742_act_001"": ""low"", ""trait_agreeableness_00742_act_002"": ""high"", ""trait_agreeableness_00742_act_003"": ""low"", ""trait_agreeableness_00742_act_004"": ""high""}"
trait_agreeableness_00743,agreeableness,low,one_line_prompt,one_line,"[Speech] Short on energy? Let's focus on what truly matters to me.
<Action>trait_agreeableness_00743_act_002</Action>",trait_agreeableness_00743_act_001|trait_agreeableness_00743_act_002|trait_agreeableness_00743_act_003|trait_agreeableness_00743_act_004,"{""trait_agreeableness_00743_act_001"": ""high"", ""trait_agreeableness_00743_act_002"": ""low"", ""trait_agreeableness_00743_act_003"": ""high"", ""trait_agreeableness_00743_act_004"": ""low""}"
trait_agreeableness_00744,agreeableness,low,one_line_prompt,one_line,"[Speech] I'll confront them directly and demand they stop spreading those rumors.
<Action>trait_agreeableness_00744_act_002</Action>",trait_agreeableness_00744_act_001|trait_agreeableness_00744_act_002|trait_agreeableness_00744_act_003|trait_agreeableness_00744_act_004,"{""trait_agreeableness_00744_act_001"": ""low"", ""trait_agreeableness_00744_act_002"": ""low"", ""trait_agreeableness_00744_act_003"": ""high"", ""trait_agreeableness_00744_act_004"": ""high""}"
trait_agreeableness_00745,agreeableness,low,one_line_prompt,one_line,"[Speech] I'll keep the guitar; you should find your own way to get a new one.
<Action>trait_agreeableness_00745_act_003</Action>",trait_agreeableness_00745_act_001|trait_agreeableness_00745_act_002|trait_agreeableness_00745_act_003|trait_agreeableness_00745_act_004,"{""trait_agreeableness_00745_act_001"": ""high"", ""trait_agreeableness_00745_act_002"": ""high"", ""trait_agreeableness_00745_act_003"": ""low"", ""trait_agreeableness_00745_act_004"": ""low""}"
trait_agreeableness_00746,agreeableness,low,one_line_prompt,one_line,"[Speech] Short dialogue, but I'm skeptical.  
<Action>trait_agreeableness_00746_act_004</Action>",trait_agreeableness_00746_act_001|trait_agreeableness_00746_act_002|trait_agreeableness_00746_act_003|trait_agreeableness_00746_act_004,"{""trait_agreeableness_00746_act_001"": ""low"", ""trait_agreeableness_00746_act_002"": ""high"", ""trait_agreeableness_00746_act_003"": ""low"", ""trait_agreeableness_00746_act_004"": ""high""}"
trait_agreeableness_00747,agreeableness,low,one_line_prompt,one_line,"[Speech] ""Carielle, I've been noticing some inconsistencies in your reports. We need to discuss this.""
[Action]trait_agreeableness_00747_act_002</Action>",trait_agreeableness_00747_act_001|trait_agreeableness_00747_act_002|trait_agreeableness_00747_act_003|trait_agreeableness_00747_act_004,"{""trait_agreeableness_00747_act_001"": ""high"", ""trait_agreeableness_00747_act_002"": ""low"", ""trait_agreeableness_00747_act_003"": ""high"", ""trait_agreeableness_00747_act_004"": ""low""}"
trait_agreeableness_00748,agreeableness,low,one_line_prompt,one_line,"[Speech] ""Melicia's behavior needs addressing, but I'll start by talking to her to see if she can change on her own.""
<Action>trait_agreeableness_00748_act_004</Action>",trait_agreeableness_00748_act_001|trait_agreeableness_00748_act_002|trait_agreeableness_00748_act_003|trait_agreeableness_00748_act_004,"{""trait_agreeableness_00748_act_001"": ""low"", ""trait_agreeableness_00748_act_002"": ""low"", ""trait_agreeableness_00748_act_003"": ""high"", ""trait_agreeableness_00748_act_004"": ""high""}"
trait_agreeableness_00749,agreeableness,low,one_line_prompt,one_line,"[Speech] Short dialogue: ""Avoiding conflict doesn't mean I'm complacent; it's just a way to maintain my sanity.""
<Action>trait_agreeableness_00749_act_004</Action>",trait_agreeableness_00749_act_001|trait_agreeableness_00749_act_002|trait_agreeableness_00749_act_003|trait_agreeableness_00749_act_004,"{""trait_agreeableness_00749_act_001"": ""high"", ""trait_agreeableness_00749_act_002"": ""high"", ""trait_agreeableness_00749_act_003"": ""low"", ""trait_agreeableness_00749_act_004"": ""low""}"
trait_agreeableness_00750,agreeableness,low,one_line_prompt,one_line,"[Speech] ""Failure to question can lead to stagnation. We need to push for a change.""
<Action>trait_agreeableness_00750_act_001</Action>",trait_agreeableness_00750_act_001|trait_agreeableness_00750_act_002|trait_agreeableness_00750_act_003|trait_agreeableness_00750_act_004,"{""trait_agreeableness_00750_act_001"": ""low"", ""trait_agreeableness_00750_act_002"": ""high"", ""trait_agreeableness_00750_act_003"": ""low"", ""trait_agreeableness_00750_act_004"": ""high""}"
trait_agreeableness_00701,agreeableness,high,elaborate_prompt,elaborate,"[Speech] Short dialogue here: ""Let's gather everyone together to brainstorm ideas and find a middle ground that benefits us all.""
<Action>trait_agreeableness_00701_act_002</Action>",trait_agreeableness_00701_act_001|trait_agreeableness_00701_act_002|trait_agreeableness_00701_act_003|trait_agreeableness_00701_act_004,"{""trait_agreeableness_00701_act_001"": ""high"", ""trait_agreeableness_00701_act_002"": ""high"", ""trait_agreeableness_00701_act_003"": ""low"", ""trait_agreeableness_00701_act_004"": ""low""}"
trait_agreeableness_00702,agreeableness,high,elaborate_prompt,elaborate,"[Speech] Short dialogue here: ""Perhaps we could discuss how to ensure everyone's contributions are valued without compromising our quality standards.""
<Action>trait_agreeableness_00702_act_002</Action>",trait_agreeableness_00702_act_001|trait_agreeableness_00702_act_002|trait_agreeableness_00702_act_003|trait_agreeableness_00702_act_004,"{""trait_agreeableness_00702_act_001"": ""low"", ""trait_agreeableness_00702_act_002"": ""high"", ""trait_agreeableness_00702_act_003"": ""low"", ""trait_agreeableness_00702_act_004"": ""high""}"
trait_agreeableness_00703,agreeableness,high,elaborate_prompt,elaborate,"[Speech] Perhaps using a small portion of the bonus to support a community project could balance cooperation with personal investment.
<Action>trait_agreeableness_00703_act_001</Action>",trait_agreeableness_00703_act_001|trait_agreeableness_00703_act_002|trait_agreeableness_00703_act_003|trait_agreeableness_00703_act_004,"{""trait_agreeableness_00703_act_001"": ""high"", ""trait_agreeableness_00703_act_002"": ""low"", ""trait_agreeableness_00703_act_003"": ""high"", ""trait_agreeableness_00703_act_004"": ""low""}"
trait_agreeableness_00704,agreeableness,high,elaborate_prompt,elaborate,"[Speech] I understand we're all working towards a common goal, but perhaps we could also discuss how to incorporate our individual insights into the plan.
<Action>trait_agreeableness_00704_act_004</Action>",trait_agreeableness_00704_act_001|trait_agreeableness_00704_act_002|trait_agreeableness_00704_act_003|trait_agreeableness_00704_act_004,"{""trait_agreeableness_00704_act_001"": ""low"", ""trait_agreeableness_00704_act_002"": ""low"", ""trait_agreeableness_00704_act_003"": ""high"", ""trait_agreeableness_00704_act_004"": ""high""}"
trait_agreeableness_00705,agreeableness,high,elaborate_prompt,elaborate,"[Speech] It seems wise to communicate clearly while maintaining a cooperative tone. Let's see if we can find a compromise that works for everyone.
<Action>trait_agreeableness_00705_act_002</Action>",trait_agreeableness_00705_act_001|trait_agreeableness_00705_act_002|trait_agreeableness_00705_act_003|trait_agreeableness_00705_act_004,"{""trait_agreeableness_00705_act_001"": ""high"", ""trait_agreeableness_00705_act_002"": ""high"", ""trait_agreeableness_00705_act_003"": ""low"", ""trait_agreeableness_00705_act_004"": ""low""}"
trait_agreeableness_00706,agreeableness,high,elaborate_prompt,elaborate,"[Speech] Let's talk about how we can improve our collaboration and make sure everyone's ideas are valued.
<Action>trait_agreeableness_00706_act_002</Action>",trait_agreeableness_00706_act_001|trait_agreeableness_00706_act_002|trait_agreeableness_00706_act_003|trait_agreeableness_00706_act_004,"{""trait_agreeableness_00706_act_001"": ""low"", ""trait_agreeableness_00706_act_002"": ""high"", ""trait_agreeableness_00706_act_003"": ""low"", ""trait_agreeableness_00706_act_004"": ""high""}"
trait_agreeableness_00707,agreeableness,high,elaborate_prompt,elaborate,"[Speech] Short dialogue: Bringing a dish to share ensures you have a healthy option while still participating in the festivities.
<Action>trait_agreeableness_00707_act_003</Action>",trait_agreeableness_00707_act_001|trait_agreeableness_00707_act_002|trait_agreeableness_00707_act_003|trait_agreeableness_00707_act_004,"{""trait_agreeableness_00707_act_001"": ""high"", ""trait_agreeableness_00707_act_002"": ""low"", ""trait_agreeableness_00707_act_003"": ""high"", ""trait_agreeableness_00707_act_004"": ""low""}"
trait_agreeableness_00708,agreeableness,high,elaborate_prompt,elaborate,"[Speech] Short recognition, public acknowledgment can inspire others and validate their efforts.
<Action>trait_agreeableness_00708_act_001</Action>",trait_agreeableness_00708_act_001|trait_agreeableness_00708_act_002|trait_agreeableness_00708_act_003|trait_agreeableness_00708_act_004,"{""trait_agreeableness_00708_act_001"": ""low"", ""trait_agreeableness_00708_act_002"": ""low"", ""trait_agreeableness_00708_act_003"": ""high"", ""trait_agreeableness_00708_act_004"": ""high""}"
trait_agreeableness_00709,agreeableness,high,elaborate_prompt,elaborate,"[Speech] Short dialogue: ""I appreciate your concern, but I think we can both see that our relationship is more than just professional.""
<Action>trait_agreeableness_00709_act_001</Action>",trait_agreeableness_00709_act_001|trait_agreeableness_00709_act_002|trait_agreeableness_00709_act_003|trait_agreeableness_00709_act_004,"{""trait_agreeableness_00709_act_001"": ""high"", ""trait_agreeableness_00709_act_002"": ""high"", ""trait_agreeableness_00709_act_003"": ""low"", ""trait_agreeableness_00709_act_004"": ""low""}"
trait_agreeableness_00710,agreeableness,high,elaborate_prompt,elaborate,"[Speech] Short dialogue: ""I understand if there's something sensitive going on, but I feel like I'm missing important parts of our discussions. Can we talk about it?""
<Action>trait_agreeableness_00710_act_002</Action>",trait_agreeableness_00710_act_001|trait_agreeableness_00710_act_002|trait_agreeableness_00710_act_003|trait_agreeableness_00710_act_004,"{""trait_agreeableness_00710_act_001"": ""low"", ""trait_agreeableness_00710_act_002"": ""high"", ""trait_agreeableness_00710_act_003"": ""low"", ""trait_agreeableness_00710_act_004"": ""high""}"
trait_agreeableness_00711,agreeableness,high,elaborate_prompt,elaborate,"[Speech] Short-term career advancement is tempting, but at what cost to my current life balance?
<Action>trait_agreeableness_00711_act_004</Action>",trait_agreeableness_00711_act_001|trait_agreeableness_00711_act_002|trait_agreeableness_00711_act_003|trait_agreeableness_00711_act_004,"{""trait_agreeableness_00711_act_001"": ""high"", ""trait_agreeableness_00711_act_002"": ""low"", ""trait_agreeableness_00711_act_003"": ""high"", ""trait_agreeableness_00711_act_004"": ""low""}"
trait_agreeableness_00712,agreeableness,high,elaborate_prompt,elaborate,"[Speech] Short dialogue: ""Considering the importance of networking, I think it's worth attending, even if it means being slightly uncomfortable.""
<Action>trait_agreeableness_00712_act_004</Action>",trait_agreeableness_00712_act_001|trait_agreeableness_00712_act_002|trait_agreeableness_00712_act_003|trait_agreeableness_00712_act_004,"{""trait_agreeableness_00712_act_001"": ""low"", ""trait_agreeableness_00712_act_002"": ""low"", ""trait_agreeableness_00712_act_003"": ""high"", ""trait_agreeableness_00712_act_004"": ""high""}"
trait_agreeableness_00713,agreeableness,high,elaborate_prompt,elaborate,"[Speech] Short dialogue? Sometimes being overly considerate can indeed lead to missed opportunities. Let's see how we can balance that.
<Action>trait_agreeableness_00713_act_002</Action>",trait_agreeableness_00713_act_001|trait_agreeableness_00713_act_002|trait_agreeableness_00713_act_003|trait_agreeableness_00713_act_004,"{""trait_agreeableness_00713_act_001"": ""high"", ""trait_agreeableness_00713_act_002"": ""high"", ""trait_agreeableness_00713_act_003"": ""low"", ""trait_agreeableness_00713_act_004"": ""low""}"
trait_agreeableness_00714,agreeableness,high,elaborate_prompt,elaborate,"[Speech] Short delays won't ruin the fun, but we need to ensure everything is ready before we leave.  
<Action>trait_agreeableness_00714_act_004</Action>",trait_agreeableness_00714_act_001|trait_agreeableness_00714_act_002|trait_agreeableness_00714_act_003|trait_agreeableness_00714_act_004,"{""trait_agreeableness_00714_act_001"": ""low"", ""trait_agreeableness_00714_act_002"": ""high"", ""trait_agreeableness_00714_act_003"": ""low"", ""trait_agreeableness_00714_act_004"": ""high""}"
trait_agreeableness_00715,agreeableness,high,elaborate_prompt,elaborate,"[Speech] Taking care of you is important, but sometimes we need to step back and make decisions. Let's look at your workload together and see what we can streamline.
<Action>trait_agreeableness_00715_act_002</Action>",trait_agreeableness_00715_act_001|trait_agreeableness_00715_act_002|trait_agreeableness_00715_act_003|trait_agreeableness_00715_act_004,"{""trait_agreeableness_00715_act_001"": ""high"", ""trait_agreeableness_00715_act_002"": ""low"", ""trait_agreeableness_00715_act_003"": ""high"", ""trait_agreeableness_00715_act_004"": ""low""}"
trait_agreeableness_00716,agreeableness,high,elaborate_prompt,elaborate,"[Speech] Short commitment, long impact. Let's focus on my current projects first.
<Action>trait_agreeableness_00716_act_002</Action>",trait_agreeableness_00716_act_001|trait_agreeableness_00716_act_002|trait_agreeableness_00716_act_003|trait_agreeableness_00716_act_004,"{""trait_agreeableness_00716_act_001"": ""low"", ""trait_agreeableness_00716_act_002"": ""low"", ""trait_agreeableness_00716_act_003"": ""high"", ""trait_agreeableness_00716_act_004"": ""high""}"
trait_agreeableness_00717,agreeableness,high,elaborate_prompt,elaborate,"[Speech] I think it's important to listen to my own needs and avoid overextending myself.
<Action>trait_agreeableness_00717_act_004</Action>",trait_agreeableness_00717_act_001|trait_agreeableness_00717_act_002|trait_agreeableness_00717_act_003|trait_agreeableness_00717_act_004,"{""trait_agreeableness_00717_act_001"": ""high"", ""trait_agreeableness_00717_act_002"": ""high"", ""trait_agreeableness_00717_act_003"": ""low"", ""trait_agreeableness_00717_act_004"": ""low""}"
trait_agreeableness_00718,agreeableness,high,elaborate_prompt,elaborate,"[Speech] Short humor can sometimes diffuse awkward situations, but let's be mindful of our limits.
<Action>trait_agreeableness_00718_act_004</Action>",trait_agreeableness_00718_act_001|trait_agreeableness_00718_act_002|trait_agreeableness_00718_act_003|trait_agreeableness_00718_act_004,"{""trait_agreeableness_00718_act_001"": ""low"", ""trait_agreeableness_00718_act_002"": ""high"", ""trait_agreeableness_00718_act_003"": ""low"", ""trait_agreeableness_00718_act_004"": ""high""}"
trait_agreeableness_00719,agreeableness,high,elaborate_prompt,elaborate,"[Speech] Short dialogue like that could be seen as crossing professional boundaries.
<Action>trait_agreeableness_00719_act_004</Action>",trait_agreeableness_00719_act_001|trait_agreeableness_00719_act_002|trait_agreeableness_00719_act_003|trait_agreeableness_00719_act_004,"{""trait_agreeableness_00719_act_001"": ""high"", ""trait_agreeableness_00719_act_002"": ""low"", ""trait_agreeableness_00719_act_003"": ""high"", ""trait_agreeableness_00719_act_004"": ""low""}"
trait_agreeableness_00720,agreeableness,high,elaborate_prompt,elaborate,"[Speech] Short-term, lending the laptop might help Shandel, but remember to balance your own needs too.
<Action>trait_agreeableness_00720_act_001</Action>",trait_agreeableness_00720_act_001|trait_agreeableness_00720_act_002|trait_agreeableness_00720_act_003|trait_agreeableness_00720_act_004,"{""trait_agreeableness_00720_act_001"": ""low"", ""trait_agreeableness_00720_act_002"": ""low"", ""trait_agreeableness_00720_act_003"": ""high"", ""trait_agreeableness_00720_act_004"": ""high""}"
trait_agreeableness_00721,agreeableness,high,elaborate_prompt,elaborate,"[Speech] ""I understand you've been busy with your own responsibilities, but I just wanted to make sure you know how much I appreciate all the help you gave me.""
<Action>trait_agreeableness_00721_act_001</Action>",trait_agreeableness_00721_act_001|trait_agreeableness_00721_act_002|trait_agreeableness_00721_act_003|trait_agreeableness_00721_act_004,"{""trait_agreeableness_00721_act_001"": ""high"", ""trait_agreeableness_00721_act_002"": ""high"", ""trait_agreeableness_00721_act_003"": ""low"", ""trait_agreeableness_00721_act_004"": ""low""}"
trait_agreeableness_00722,agreeableness,high,elaborate_prompt,elaborate,"[Speech] It seems like a tough call, but I think I can manage a few hours to lend a hand. Let's see how things go.
<Action>trait_agreeableness_00722_act_002</Action>",trait_agreeableness_00722_act_001|trait_agreeableness_00722_act_002|trait_agreeableness_00722_act_003|trait_agreeableness_00722_act_004,"{""trait_agreeableness_00722_act_001"": ""low"", ""trait_agreeableness_00722_act_002"": ""high"", ""trait_agreeableness_00722_act_003"": ""low"", ""trait_agreeableness_00722_act_004"": ""high""}"
trait_agreeableness_00723,agreeableness,high,elaborate_prompt,elaborate,"[Speech] How about we stay just a little longer to enjoy the rest of the night, and then I'll call a cab?
<Action>trait_agreeableness_00723_act_003</Action>",trait_agreeableness_00723_act_001|trait_agreeableness_00723_act_002|trait_agreeableness_00723_act_003|trait_agreeableness_00723_act_004,"{""trait_agreeableness_00723_act_001"": ""high"", ""trait_agreeableness_00723_act_002"": ""low"", ""trait_agreeableness_00723_act_003"": ""high"", ""trait_agreeableness_00723_act_004"": ""low""}"
trait_agreeableness_00724,agreeableness,high,elaborate_prompt,elaborate,"[Speech] Short dialogue goes here.
<Action>trait_agreeableness_00724_act_001</Action>",trait_agreeableness_00724_act_001|trait_agreeableness_00724_act_002|trait_agreeableness_00724_act_003|trait_agreeableness_00724_act_004,"{""trait_agreeableness_00724_act_001"": ""low"", ""trait_agreeableness_00724_act_002"": ""low"", ""trait_agreeableness_00724_act_003"": ""high"", ""trait_agreeableness_00724_act_004"": ""high""}"
trait_agreeableness_00725,agreeableness,high,elaborate_prompt,elaborate,"[Speech] Short dialogue, ""I'm truly sorry if my words hurt you. Let's talk about your favorite hobby instead.""
<Action>trait_agreeableness_00725_act_002</Action>",trait_agreeableness_00725_act_001|trait_agreeableness_00725_act_002|trait_agreeableness_00725_act_003|trait_agreeableness_00725_act_004,"{""trait_agreeableness_00725_act_001"": ""high"", ""trait_agreeableness_00725_act_002"": ""high"", ""trait_agreeableness_00725_act_003"": ""low"", ""trait_agreeableness_00725_act_004"": ""low""}"
trait_agreeableness_00726,agreeableness,high,elaborate_prompt,elaborate,"[Speech] Over-forgiving might seem like a sign of weakness, but sometimes it's about showing compassion and understanding.
<Action>trait_agreeableness_00726_act_002</Action>",trait_agreeableness_00726_act_001|trait_agreeableness_00726_act_002|trait_agreeableness_00726_act_003|trait_agreeableness_00726_act_004,"{""trait_agreeableness_00726_act_001"": ""low"", ""trait_agreeableness_00726_act_002"": ""high"", ""trait_agreeableness_00726_act_003"": ""low"", ""trait_agreeableness_00726_act_004"": ""high""}"
trait_agreeableness_00727,agreeableness,high,elaborate_prompt,elaborate,"[Speech] Short dialogue: ""I understand the intention behind the new policy, but I'm concerned it might undermine our team's sense of accountability and standards.""
<Action>trait_agreeableness_00727_act_001</Action>",trait_agreeableness_00727_act_001|trait_agreeableness_00727_act_002|trait_agreeableness_00727_act_003|trait_agreeableness_00727_act_004,"{""trait_agreeableness_00727_act_001"": ""high"", ""trait_agreeableness_00727_act_002"": ""low"", ""trait_agreeableness_00727_act_003"": ""high"", ""trait_agreeableness_00727_act_004"": ""low""}"
trait_agreeableness_00728,agreeableness,high,elaborate_prompt,elaborate,"[Speech] I think we've covered all the bases in our previous discussions. Let's see if we can find a way to incorporate Kashtin's feedback into the proposal.
<Action>trait_agreeableness_00728_act_003</Action>",trait_agreeableness_00728_act_001|trait_agreeableness_00728_act_002|trait_agreeableness_00728_act_003|trait_agreeableness_00728_act_004,"{""trait_agreeableness_00728_act_001"": ""low"", ""trait_agreeableness_00728_act_002"": ""low"", ""trait_agreeableness_00728_act_003"": ""high"", ""trait_agreeableness_00728_act_004"": ""high""}"
trait_agreeableness_00729,agreeableness,high,elaborate_prompt,elaborate,"[Speech] Supporting you through this is important, but we also need to ensure you're taking care of yourself. Would you like to talk about how you're feeling?
<Action>trait_agreeableness_00729_act_004</Action>",trait_agreeableness_00729_act_001|trait_agreeableness_00729_act_002|trait_agreeableness_00729_act_003|trait_agreeableness_00729_act_004,"{""trait_agreeableness_00729_act_001"": ""high"", ""trait_agreeableness_00729_act_002"": ""high"", ""trait_agreeableness_00729_act_003"": ""low"", ""trait_agreeableness_00729_act_004"": ""low""}"
trait_agreeableness_00730,agreeableness,high,elaborate_prompt,elaborate,"[Speech] I believe strict accountability can sometimes be motivating, but let's first have a heart-to-heart conversation to understand what's causing the issues.
<Action>trait_agreeableness_00730_act_002</Action>",trait_agreeableness_00730_act_001|trait_agreeableness_00730_act_002|trait_agreeableness_00730_act_003|trait_agreeableness_00730_act_004,"{""trait_agreeableness_00730_act_001"": ""low"", ""trait_agreeableness_00730_act_002"": ""high"", ""trait_agreeableness_00730_act_003"": ""low"", ""trait_agreeableness_00730_act_004"": ""high""}"
trait_agreeableness_00731,agreeableness,high,elaborate_prompt,elaborate,"[Speech] Perhaps you could delegate some of your responsibilities to other volunteers, which would allow you to continue supporting the charity while also managing your stress better.
<Action>trait_agreeableness_00731_act_001</Action>",trait_agreeableness_00731_act_001|trait_agreeableness_00731_act_002|trait_agreeableness_00731_act_003|trait_agreeableness_00731_act_004,"{""trait_agreeableness_00731_act_001"": ""high"", ""trait_agreeableness_00731_act_002"": ""low"", ""trait_agreeableness_00731_act_003"": ""high"", ""trait_agreeableness_00731_act_004"": ""low""}"
trait_agreeableness_00732,agreeableness,high,elaborate_prompt,elaborate,"[Speech] Short dialogue, but I think we should reschedule your retreat. Your friend's move is important, and I'd rather not cancel our plans.
<Action>trait_agreeableness_00732_act_002</Action>",trait_agreeableness_00732_act_001|trait_agreeableness_00732_act_002|trait_agreeableness_00732_act_003|trait_agreeableness_00732_act_004,"{""trait_agreeableness_00732_act_001"": ""low"", ""trait_agreeableness_00732_act_002"": ""low"", ""trait_agreeableness_00732_act_003"": ""high"", ""trait_agreeableness_00732_act_004"": ""high""}"
trait_agreeableness_00733,agreeableness,high,elaborate_prompt,elaborate,"[Speech] Short delays are often overlooked, but they can make a big difference in maintaining trust and respect.
<Action>trait_agreeableness_00733_act_002</Action>",trait_agreeableness_00733_act_001|trait_agreeableness_00733_act_002|trait_agreeableness_00733_act_003|trait_agreeableness_00733_act_004,"{""trait_agreeableness_00733_act_001"": ""high"", ""trait_agreeableness_00733_act_002"": ""high"", ""trait_agreeableness_00733_act_003"": ""low"", ""trait_agreeableness_00733_act_004"": ""low""}"
trait_agreeableness_00734,agreeableness,high,elaborate_prompt,elaborate,"[Speech] It seems like open communication could really help here. Let's see if we can all share our perspectives calmly.
<Action>trait_agreeableness_00734_act_001</Action>",trait_agreeableness_00734_act_001|trait_agreeableness_00734_act_002|trait_agreeableness_00734_act_003|trait_agreeableness_00734_act_004,"{""trait_agreeableness_00734_act_001"": ""low"", ""trait_agreeableness_00734_act_002"": ""high"", ""trait_agreeableness_00734_act_003"": ""low"", ""trait_agreeableness_00734_act_004"": ""high""}"
trait_agreeableness_00735,agreeableness,high,elaborate_prompt,elaborate,"[Speech] Maybe you can ask your friend how they feel about their project first to understand their perspective before sharing your thoughts.
<Action>trait_agreeableness_00735_act_001</Action>",trait_agreeableness_00735_act_001|trait_agreeableness_00735_act_002|trait_agreeableness_00735_act_003|trait_agreeableness_00735_act_004,"{""trait_agreeableness_00735_act_001"": ""high"", ""trait_agreeableness_00735_act_002"": ""low"", ""trait_agreeableness_00735_act_003"": ""high"", ""trait_agreeableness_00735_act_004"": ""low""}"
trait_agreeableness_00736,agreeableness,high,elaborate_prompt,elaborate,"[Speech] Short-term cooperation might be necessary, but let's find a way to balance this with my long-term goals.
<Action>trait_agreeableness_00736_act_004</Action>",trait_agreeableness_00736_act_001|trait_agreeableness_00736_act_002|trait_agreeableness_00736_act_003|trait_agreeableness_00736_act_004,"{""trait_agreeableness_00736_act_001"": ""low"", ""trait_agreeableness_00736_act_002"": ""low"", ""trait_agreeableness_00736_act_003"": ""high"", ""trait_agreeableness_00736_act_004"": ""high""}"
trait_agreeableness_00737,agreeableness,high,elaborate_prompt,elaborate,"[Speech] Short dialogue: ""Defending PersonZ isn't just about them; it's also about fostering a cooperative and respectful workplace culture.""
<Action>trait_agreeableness_00737_act_002</Action>",trait_agreeableness_00737_act_001|trait_agreeableness_00737_act_002|trait_agreeableness_00737_act_003|trait_agreeableness_00737_act_004,"{""trait_agreeableness_00737_act_001"": ""high"", ""trait_agreeableness_00737_act_002"": ""high"", ""trait_agreeableness_00737_act_003"": ""low"", ""trait_agreeableness_00737_act_004"": ""low""}"
trait_agreeableness_00738,agreeableness,high,elaborate_prompt,elaborate,"[Speech] Supporting you through this, I think helping out with childcare and household tasks might ease your stress enough to focus on finding work.
<Action>trait_agreeableness_00738_act_004</Action>",trait_agreeableness_00738_act_001|trait_agreeableness_00738_act_002|trait_agreeableness_00738_act_003|trait_agreeableness_00738_act_004,"{""trait_agreeableness_00738_act_001"": ""low"", ""trait_agreeableness_00738_act_002"": ""high"", ""trait_agreeableness_00738_act_003"": ""low"", ""trait_agreeableness_00738_act_004"": ""high""}"
trait_agreeableness_00739,agreeableness,high,elaborate_prompt,elaborate,"[Speech] Short dialogue: Perhaps we could also look into alternative investments that might offer similar returns without the same level of risk?
<Action>trait_agreeableness_00739_act_001</Action>",trait_agreeableness_00739_act_001|trait_agreeableness_00739_act_002|trait_agreeableness_00739_act_003|trait_agreeableness_00739_act_004,"{""trait_agreeableness_00739_act_001"": ""high"", ""trait_agreeableness_00739_act_002"": ""low"", ""trait_agreeableness_00739_act_003"": ""high"", ""trait_agreeableness_00739_act_004"": ""low""}"
trait_agreeableness_00740,agreeableness,high,elaborate_prompt,elaborate,"[Speech] ""Hikari, I've noticed we've been working together so well lately. Is everything okay? You seem a bit off.""
<Action>trait_agreeableness_00740_act_003</Action>",trait_agreeableness_00740_act_001|trait_agreeableness_00740_act_002|trait_agreeableness_00740_act_003|trait_agreeableness_00740_act_004,"{""trait_agreeableness_00740_act_001"": ""low"", ""trait_agreeableness_00740_act_002"": ""low"", ""trait_agreeableness_00740_act_003"": ""high"", ""trait_agreeableness_00740_act_004"": ""high""}"
trait_agreeableness_00741,agreeableness,high,elaborate_prompt,elaborate,"[Speech] ""Janya, I've noticed your recent struggles with meeting deadlines. Let's talk about what we can do to make sure we're all on track.""
<Action>trait_agreeableness_00741_act_001</Action>",trait_agreeableness_00741_act_001|trait_agreeableness_00741_act_002|trait_agreeableness_00741_act_003|trait_agreeableness_00741_act_004,"{""trait_agreeableness_00741_act_001"": ""high"", ""trait_agreeableness_00741_act_002"": ""high"", ""trait_agreeableness_00741_act_003"": ""low"", ""trait_agreeableness_00741_act_004"": ""low""}"
trait_agreeableness_00742,agreeableness,high,elaborate_prompt,elaborate,"[Speech] I think it's important we discuss this further and make sure we're all on the same page before moving forward.
<Action>trait_agreeableness_00742_act_002</Action>",trait_agreeableness_00742_act_001|trait_agreeableness_00742_act_002|trait_agreeableness_00742_act_003|trait_agreeableness_00742_act_004,"{""trait_agreeableness_00742_act_001"": ""low"", ""trait_agreeableness_00742_act_002"": ""high"", ""trait_agreeableness_00742_act_003"": ""low"", ""trait_agreeableness_00742_act_004"": ""high""}"
trait_agreeableness_00743,agreeableness,high,elaborate_prompt,elaborate,"[Speech] Short on energy? Let's focus on what feels right for you and your health.
<Action>trait_agreeableness_00743_act_002</Action>",trait_agreeableness_00743_act_001|trait_agreeableness_00743_act_002|trait_agreeableness_00743_act_003|trait_agreeableness_00743_act_004,"{""trait_agreeableness_00743_act_001"": ""high"", ""trait_agreeableness_00743_act_002"": ""low"", ""trait_agreeableness_00743_act_003"": ""high"", ""trait_agreeableness_00743_act_004"": ""low""}"
trait_agreeableness_00744,agreeableness,high,elaborate_prompt,elaborate,"[Speech] Let's talk about this in a more collaborative way first. Maybe we can work together on a project to strengthen our working relationship.
<Action>trait_agreeableness_00744_act_003</Action>",trait_agreeableness_00744_act_001|trait_agreeableness_00744_act_002|trait_agreeableness_00744_act_003|trait_agreeableness_00744_act_004,"{""trait_agreeableness_00744_act_001"": ""low"", ""trait_agreeableness_00744_act_002"": ""low"", ""trait_agreeableness_00744_act_003"": ""high"", ""trait_agreeableness_00744_act_004"": ""high""}"
trait_agreeableness_00745,agreeableness,high,elaborate_prompt,elaborate,"[Speech] Why not lend your guitar to your friend for now? We can both enjoy playing together while you save up for a new one.
<Action>trait_agreeableness_00745_act_002</Action>",trait_agreeableness_00745_act_001|trait_agreeableness_00745_act_002|trait_agreeableness_00745_act_003|trait_agreeableness_00745_act_004,"{""trait_agreeableness_00745_act_001"": ""high"", ""trait_agreeableness_00745_act_002"": ""high"", ""trait_agreeableness_00745_act_003"": ""low"", ""trait_agreeableness_00745_act_004"": ""low""}"
trait_agreeableness_00746,agreeableness,high,elaborate_prompt,elaborate,"[Speech] Short dialogue - Offering to help shows trust and support, which can be beneficial for both you and Aythana.
<Action>trait_agreeableness_00746_act_002</Action>",trait_agreeableness_00746_act_001|trait_agreeableness_00746_act_002|trait_agreeableness_00746_act_003|trait_agreeableness_00746_act_004,"{""trait_agreeableness_00746_act_001"": ""low"", ""trait_agreeableness_00746_act_002"": ""high"", ""trait_agreeableness_00746_act_003"": ""low"", ""trait_agreeableness_00746_act_004"": ""high""}"
trait_agreeableness_00747,agreeableness,high,elaborate_prompt,elaborate,"[Speech] Let's have a quick team check-in, shall we? I think it would be good for us all to update each other on our progress.
<Action>trait_agreeableness_00747_act_001</Action>",trait_agreeableness_00747_act_001|trait_agreeableness_00747_act_002|trait_agreeableness_00747_act_003|trait_agreeableness_00747_act_004,"{""trait_agreeableness_00747_act_001"": ""high"", ""trait_agreeableness_00747_act_002"": ""low"", ""trait_agreeableness_00747_act_003"": ""high"", ""trait_agreeableness_00747_act_004"": ""low""}"
trait_agreeableness_00748,agreeableness,high,elaborate_prompt,elaborate,"[Speech] Short dialogue: Perhaps we should address this together before bringing it to anyone else.
<Action>trait_agreeableness_00748_act_004</Action>",trait_agreeableness_00748_act_001|trait_agreeableness_00748_act_002|trait_agreeableness_00748_act_003|trait_agreeableness_00748_act_004,"{""trait_agreeableness_00748_act_001"": ""low"", ""trait_agreeableness_00748_act_002"": ""low"", ""trait_agreeableness_00748_act_003"": ""high"", ""trait_agreeableness_00748_act_004"": ""high""}"
trait_agreeableness_00749,agreeableness,high,elaborate_prompt,elaborate,"[Speech] Short dialogue: ""Avoiding conflicts isn't always the best solution, but it's understandable when it feels like the right path.""
<Action>trait_agreeableness_00749_act_004</Action>",trait_agreeableness_00749_act_001|trait_agreeableness_00749_act_002|trait_agreeableness_00749_act_003|trait_agreeableness_00749_act_004,"{""trait_agreeableness_00749_act_001"": ""high"", ""trait_agreeableness_00749_act_002"": ""high"", ""trait_agreeableness_00749_act_003"": ""low"", ""trait_agreeableness_00749_act_004"": ""low""}"
trait_agreeableness_00750,agreeableness,high,elaborate_prompt,elaborate,"[Speech] Let's be proactive about our approach. A little push can go a long way in ensuring we're not settling for less than what we're capable of.
<Action>trait_agreeableness_00750_act_002</Action>",trait_agreeableness_00750_act_001|trait_agreeableness_00750_act_002|trait_agreeableness_00750_act_003|trait_agreeableness_00750_act_004,"{""trait_agreeableness_00750_act_001"": ""low"", ""trait_agreeableness_00750_act_002"": ""high"", ""trait_agreeableness_00750_act_003"": ""low"", ""trait_agreeableness_00750_act_004"": ""high""}"
trait_agreeableness_00701,agreeableness,low,elaborate_prompt,elaborate,"[Speech] Short-term success might come from compromising, but long-term satisfaction comes from standing firm on what truly matters.
<Action>trait_agreeableness_00701_act_004</Action>",trait_agreeableness_00701_act_001|trait_agreeableness_00701_act_002|trait_agreeableness_00701_act_003|trait_agreeableness_00701_act_004,"{""trait_agreeableness_00701_act_001"": ""high"", ""trait_agreeableness_00701_act_002"": ""high"", ""trait_agreeableness_00701_act_003"": ""low"", ""trait_agreeableness_00701_act_004"": ""low""}"
trait_agreeableness_00702,agreeableness,low,elaborate_prompt,elaborate,"[Speech] Short-term sacrifice might be necessary, but I'll need to ensure my long-term goals aren't compromised.
<Action>trait_agreeableness_00702_act_001</Action>",trait_agreeableness_00702_act_001|trait_agreeableness_00702_act_002|trait_agreeableness_00702_act_003|trait_agreeableness_00702_act_004,"{""trait_agreeableness_00702_act_001"": ""low"", ""trait_agreeableness_00702_act_002"": ""high"", ""trait_agreeableness_00702_act_003"": ""low"", ""trait_agreeableness_00702_act_004"": ""high""}"
trait_agreeableness_00703,agreeableness,low,elaborate_prompt,elaborate,"[Speech] Short-term relaxation is important, but I might need to prioritize my long-term financial security.
<Action>trait_agreeableness_00703_act_002</Action>",trait_agreeableness_00703_act_001|trait_agreeableness_00703_act_002|trait_agreeableness_00703_act_003|trait_agreeableness_00703_act_004,"{""trait_agreeableness_00703_act_001"": ""high"", ""trait_agreeableness_00703_act_002"": ""low"", ""trait_agreeableness_00703_act_003"": ""high"", ""trait_agreeableness_00703_act_004"": ""low""}"
trait_agreeableness_00704,agreeableness,low,elaborate_prompt,elaborate,"[Speech] Short cooperation always leads to stagnation. Let's see how this plays out.
<Action>trait_agreeableness_00704_act_001</Action>",trait_agreeableness_00704_act_001|trait_agreeableness_00704_act_002|trait_agreeableness_00704_act_003|trait_agreeableness_00704_act_004,"{""trait_agreeableness_00704_act_001"": ""low"", ""trait_agreeableness_00704_act_002"": ""low"", ""trait_agreeableness_00704_act_003"": ""high"", ""trait_agreeableness_00704_act_004"": ""high""}"
trait_agreeableness_00705,agreeableness,low,elaborate_prompt,elaborate,"[Speech] I'll send them a detailed email outlining all the issues without sugar-coating anything.
<Action>trait_agreeableness_00705_act_004</Action>",trait_agreeableness_00705_act_001|trait_agreeableness_00705_act_002|trait_agreeableness_00705_act_003|trait_agreeableness_00705_act_004,"{""trait_agreeableness_00705_act_001"": ""high"", ""trait_agreeableness_00705_act_002"": ""high"", ""trait_agreeableness_00705_act_003"": ""low"", ""trait_agreeableness_00705_act_004"": ""low""}"
trait_agreeableness_00706,agreeableness,low,elaborate_prompt,elaborate,"[Speech] I've noticed our recent projects have been hit with unexpected setbacks. Perhaps we could discuss why some of my suggestions were overlooked?
<Action>trait_agreeableness_00706_act_001</Action>",trait_agreeableness_00706_act_001|trait_agreeableness_00706_act_002|trait_agreeableness_00706_act_003|trait_agreeableness_00706_act_004,"{""trait_agreeableness_00706_act_001"": ""low"", ""trait_agreeableness_00706_act_002"": ""high"", ""trait_agreeableness_00706_act_003"": ""low"", ""trait_agreeableness_00706_act_004"": ""high""}"
trait_agreeableness_00707,agreeableness,low,elaborate_prompt,elaborate,"[Speech] Short dialogue? Really? I'll just ignore the food and stick to my diet.
<Action>trait_agreeableness_00707_act_002</Action>",trait_agreeableness_00707_act_001|trait_agreeableness_00707_act_002|trait_agreeableness_00707_act_003|trait_agreeableness_00707_act_004,"{""trait_agreeableness_00707_act_001"": ""high"", ""trait_agreeableness_00707_act_002"": ""low"", ""trait_agreeableness_00707_act_003"": ""high"", ""trait_agreeableness_00707_act_004"": ""low""}"
trait_agreeableness_00708,agreeableness,low,elaborate_prompt,elaborate,"[Speech] I see you've reached this milestone. Why not share it with everyone to celebrate?
<Action>trait_agreeableness_00708_act_002</Action>",trait_agreeableness_00708_act_001|trait_agreeableness_00708_act_002|trait_agreeableness_00708_act_003|trait_agreeableness_00708_act_004,"{""trait_agreeableness_00708_act_001"": ""low"", ""trait_agreeableness_00708_act_002"": ""low"", ""trait_agreeableness_00708_act_003"": ""high"", ""trait_agreeableness_00708_act_004"": ""high""}"
trait_agreeableness_00709,agreeableness,low,elaborate_prompt,elaborate,"[Speech] I've had enough of this. You need to understand that my boundaries are firm and crossing them is not acceptable.
<Action>trait_agreeableness_00709_act_003</Action>",trait_agreeableness_00709_act_001|trait_agreeableness_00709_act_002|trait_agreeableness_00709_act_003|trait_agreeableness_00709_act_004,"{""trait_agreeableness_00709_act_001"": ""high"", ""trait_agreeableness_00709_act_002"": ""high"", ""trait_agreeableness_00709_act_003"": ""low"", ""trait_agreeableness_00709_act_004"": ""low""}"
trait_agreeableness_00710,agreeableness,low,elaborate_prompt,elaborate,"[Speech] Short leash on trust often leads to bigger problems. Let's see how they respond.
<Action>trait_agreeableness_00710_act_001</Action>",trait_agreeableness_00710_act_001|trait_agreeableness_00710_act_002|trait_agreeableness_00710_act_003|trait_agreeableness_00710_act_004,"{""trait_agreeableness_00710_act_001"": ""low"", ""trait_agreeableness_00710_act_002"": ""high"", ""trait_agreeableness_00710_act_003"": ""low"", ""trait_agreeableness_00710_act_004"": ""high""}"
trait_agreeableness_00711,agreeableness,low,elaborate_prompt,elaborate,"[Speech] Short-term gains might outweigh the long-term benefits of considering every relationship deeply.
<Action>trait_agreeableness_00711_act_002</Action>",trait_agreeableness_00711_act_001|trait_agreeableness_00711_act_002|trait_agreeableness_00711_act_003|trait_agreeableness_00711_act_004,"{""trait_agreeableness_00711_act_001"": ""high"", ""trait_agreeableness_00711_act_002"": ""low"", ""trait_agreeableness_00711_act_003"": ""high"", ""trait_agreeableness_00711_act_004"": ""low""}"
trait_agreeableness_00712,agreeableness,low,elaborate_prompt,elaborate,"[Speech] Short dialogue? Really? Let's just skip it and use my time elsewhere.
<Action>trait_agreeableness_00712_act_002</Action>",trait_agreeableness_00712_act_001|trait_agreeableness_00712_act_002|trait_agreeableness_00712_act_003|trait_agreeableness_00712_act_004,"{""trait_agreeableness_00712_act_001"": ""low"", ""trait_agreeableness_00712_act_002"": ""low"", ""trait_agreeableness_00712_act_003"": ""high"", ""trait_agreeableness_00712_act_004"": ""high""}"
trait_agreeableness_00713,agreeableness,low,elaborate_prompt,elaborate,"[Speech] Short consideration is key, but sometimes missing out on an opportunity is better than being overly cautious.
<Action>trait_agreeableness_00713_act_003</Action>",trait_agreeableness_00713_act_001|trait_agreeableness_00713_act_002|trait_agreeableness_00713_act_003|trait_agreeableness_00713_act_004,"{""trait_agreeableness_00713_act_001"": ""high"", ""trait_agreeableness_00713_act_002"": ""high"", ""trait_agreeableness_00713_act_003"": ""low"", ""trait_agreeableness_00713_act_004"": ""low""}"
trait_agreeableness_00714,agreeableness,low,elaborate_prompt,elaborate,"[Speech] Short delays won't make a difference if you're not prepared. Let's find a time when I'm not so busy.
<Action>trait_agreeableness_00714_act_001</Action>",trait_agreeableness_00714_act_001|trait_agreeableness_00714_act_002|trait_agreeableness_00714_act_003|trait_agreeableness_00714_act_004,"{""trait_agreeableness_00714_act_001"": ""low"", ""trait_agreeableness_00714_act_002"": ""high"", ""trait_agreeableness_00714_act_003"": ""low"", ""trait_agreeableness_00714_act_004"": ""high""}"
trait_agreeableness_00715,agreeableness,low,elaborate_prompt,elaborate,"[Speech] Short-term relaxation won't solve long-term stress. Let's focus on restructuring his workload instead.
<Action>trait_agreeableness_00715_act_004</Action>",trait_agreeableness_00715_act_001|trait_agreeableness_00715_act_002|trait_agreeableness_00715_act_003|trait_agreeableness_00715_act_004,"{""trait_agreeableness_00715_act_001"": ""high"", ""trait_agreeableness_00715_act_002"": ""low"", ""trait_agreeableness_00715_act_003"": ""high"", ""trait_agreeableness_00715_act_004"": ""low""}"
trait_agreeableness_00716,agreeableness,low,elaborate_prompt,elaborate,"[Speech] Short commitment, long-term health. I'll decline the invitation.
<Action>trait_agreeableness_00716_act_001</Action>",trait_agreeableness_00716_act_001|trait_agreeableness_00716_act_002|trait_agreeableness_00716_act_003|trait_agreeableness_00716_act_004,"{""trait_agreeableness_00716_act_001"": ""low"", ""trait_agreeableness_00716_act_002"": ""low"", ""trait_agreeableness_00716_act_003"": ""high"", ""trait_agreeableness_00716_act_004"": ""high""}"
trait_agreeableness_00717,agreeableness,low,elaborate_prompt,elaborate,"[Speech] Short commitment overload leads to exhaustion. Let's find a balance.
<Action>trait_agreeableness_00717_act_004</Action>",trait_agreeableness_00717_act_001|trait_agreeableness_00717_act_002|trait_agreeableness_00717_act_003|trait_agreeableness_00717_act_004,"{""trait_agreeableness_00717_act_001"": ""high"", ""trait_agreeableness_00717_act_002"": ""high"", ""trait_agreeableness_00717_act_003"": ""low"", ""trait_agreeableness_00717_act_004"": ""low""}"
trait_agreeableness_00718,agreeableness,low,elaborate_prompt,elaborate,"[Speech] Short humor won't solve our issues here. Let's focus on more productive topics.
<Action>trait_agreeableness_00718_act_004</Action>",trait_agreeableness_00718_act_001|trait_agreeableness_00718_act_002|trait_agreeableness_00718_act_003|trait_agreeableness_00718_act_004,"{""trait_agreeableness_00718_act_001"": ""low"", ""trait_agreeableness_00718_act_002"": ""high"", ""trait_agreeableness_00718_act_003"": ""low"", ""trait_agreeableness_00718_act_004"": ""high""}"
trait_agreeableness_00719,agreeableness,low,elaborate_prompt,elaborate,"[Speech] Short of being seen as overbearing, perhaps a thoughtful card would be more appropriate.
<Action>trait_agreeableness_00719_act_003</Action>",trait_agreeableness_00719_act_001|trait_agreeableness_00719_act_002|trait_agreeableness_00719_act_003|trait_agreeableness_00719_act_004,"{""trait_agreeableness_00719_act_001"": ""high"", ""trait_agreeableness_00719_act_002"": ""low"", ""trait_agreeableness_00719_act_003"": ""high"", ""trait_agreeableness_00719_act_004"": ""low""}"
trait_agreeableness_00720,agreeableness,low,elaborate_prompt,elaborate,"[Speech] Short-term, keeping it might prevent burnout. Long-term, they need it more than me.
<Action>trait_agreeableness_00720_act_002</Action>",trait_agreeableness_00720_act_001|trait_agreeableness_00720_act_002|trait_agreeableness_00720_act_003|trait_agreeableness_00720_act_004,"{""trait_agreeableness_00720_act_001"": ""low"", ""trait_agreeableness_00720_act_002"": ""low"", ""trait_agreeableness_00720_act_003"": ""high"", ""trait_agreeableness_00720_act_004"": ""high""}"
trait_agreeableness_00721,agreeableness,low,elaborate_prompt,elaborate,"[Speech] Short dialogue: ""Considering the effort and resources you've spared, perhaps a token of appreciation would be fitting.""
<Action>trait_agreeableness_00721_act_004</Action>",trait_agreeableness_00721_act_001|trait_agreeableness_00721_act_002|trait_agreeableness_00721_act_003|trait_agreeableness_00721_act_004,"{""trait_agreeableness_00721_act_001"": ""high"", ""trait_agreeableness_00721_act_002"": ""high"", ""trait_agreeableness_00721_act_003"": ""low"", ""trait_agreeableness_00721_act_004"": ""low""}"
trait_agreeableness_00722,agreeableness,low,elaborate_prompt,elaborate,"[Speech] I think I should stick to my plans for now. My weekend is already set aside for personal time.
<Action>trait_agreeableness_00722_act_001</Action>",trait_agreeableness_00722_act_001|trait_agreeableness_00722_act_002|trait_agreeableness_00722_act_003|trait_agreeableness_00722_act_004,"{""trait_agreeableness_00722_act_001"": ""low"", ""trait_agreeableness_00722_act_002"": ""high"", ""trait_agreeableness_00722_act_003"": ""low"", ""trait_agreeableness_00722_act_004"": ""high""}"
trait_agreeableness_00723,agreeableness,low,elaborate_prompt,elaborate,"[Speech] I think I'll call a cab now, before you get bored.
<Action>trait_agreeableness_00723_act_004</Action>",trait_agreeableness_00723_act_001|trait_agreeableness_00723_act_002|trait_agreeableness_00723_act_003|trait_agreeableness_00723_act_004,"{""trait_agreeableness_00723_act_001"": ""high"", ""trait_agreeableness_00723_act_002"": ""low"", ""trait_agreeableness_00723_act_003"": ""high"", ""trait_agreeableness_00723_act_004"": ""low""}"
trait_agreeableness_00724,agreeableness,low,elaborate_prompt,elaborate,"[Speech] Short-term sacrifices might be necessary, but long-term relationships require mutual respect and acknowledgment.
<Action>trait_agreeableness_00724_act_001</Action>",trait_agreeableness_00724_act_001|trait_agreeableness_00724_act_002|trait_agreeableness_00724_act_003|trait_agreeableness_00724_act_004,"{""trait_agreeableness_00724_act_001"": ""low"", ""trait_agreeableness_00724_act_002"": ""low"", ""trait_agreeableness_00724_act_003"": ""high"", ""trait_agreeableness_00724_act_004"": ""high""}"
trait_agreeableness_00725,agreeableness,low,elaborate_prompt,elaborate,"[Speech] Short of apologizing now, we might just make things worse. Let's stick to discussing the project's timeline instead.
<Action>trait_agreeableness_00725_act_004</Action>",trait_agreeableness_00725_act_001|trait_agreeableness_00725_act_002|trait_agreeableness_00725_act_003|trait_agreeableness_00725_act_004,"{""trait_agreeableness_00725_act_001"": ""high"", ""trait_agreeableness_00725_act_002"": ""high"", ""trait_agreeableness_00725_act_003"": ""low"", ""trait_agreeableness_00725_act_004"": ""low""}"
trait_agreeableness_00726,agreeableness,low,elaborate_prompt,elaborate,"[Speech] Short-term sacrifices might weaken her resolve. Let's see how she handles things on her own first.
<Action>trait_agreeableness_00726_act_001</Action>",trait_agreeableness_00726_act_001|trait_agreeableness_00726_act_002|trait_agreeableness_00726_act_003|trait_agreeableness_00726_act_004,"{""trait_agreeableness_00726_act_001"": ""low"", ""trait_agreeableness_00726_act_002"": ""high"", ""trait_agreeableness_00726_act_003"": ""low"", ""trait_agreeableness_00726_act_004"": ""high""}"
trait_agreeableness_00727,agreeableness,low,elaborate_prompt,elaborate,"[Speech] Over-forgiving might seem like a sign of weakness or lax standards. Let's discuss how this can affect our team's performance and morale.
<Action>trait_agreeableness_00727_act_002</Action>",trait_agreeableness_00727_act_001|trait_agreeableness_00727_act_002|trait_agreeableness_00727_act_003|trait_agreeableness_00727_act_004,"{""trait_agreeableness_00727_act_001"": ""high"", ""trait_agreeableness_00727_act_002"": ""low"", ""trait_agreeableness_00727_act_003"": ""high"", ""trait_agreeableness_00727_act_004"": ""low""}"
trait_agreeableness_00728,agreeableness,low,elaborate_prompt,elaborate,"[Speech] Over-forgiving might seem like a sign of weakness. I'll need to stand firm and prove my project's worth.
<Action>trait_agreeableness_00728_act_002</Action>",trait_agreeableness_00728_act_001|trait_agreeableness_00728_act_002|trait_agreeableness_00728_act_003|trait_agreeableness_00728_act_004,"{""trait_agreeableness_00728_act_001"": ""low"", ""trait_agreeableness_00728_act_002"": ""low"", ""trait_agreeableness_00728_act_003"": ""high"", ""trait_agreeableness_00728_act_004"": ""high""}"
trait_agreeableness_00729,agreeableness,low,elaborate_prompt,elaborate,"[Speech] Short forgiveness isn't always the best solution. We need to set boundaries too.
<Action>trait_agreeableness_00729_act_004</Action>",trait_agreeableness_00729_act_001|trait_agreeableness_00729_act_002|trait_agreeableness_00729_act_003|trait_agreeableness_00729_act_004,"{""trait_agreeableness_00729_act_001"": ""high"", ""trait_agreeableness_00729_act_002"": ""high"", ""trait_agreeableness_00729_act_003"": ""low"", ""trait_agreeableness_00729_act_004"": ""low""}"
trait_agreeableness_00730,agreeableness,low,elaborate_prompt,elaborate,"[Speech] I believe strict consequences can serve as a powerful motivator.  
<Action>trait_agreeableness_00730_act_001</Action>",trait_agreeableness_00730_act_001|trait_agreeableness_00730_act_002|trait_agreeableness_00730_act_003|trait_agreeableness_00730_act_004,"{""trait_agreeableness_00730_act_001"": ""low"", ""trait_agreeableness_00730_act_002"": ""high"", ""trait_agreeableness_00730_act_003"": ""low"", ""trait_agreeableness_00730_act_004"": ""high""}"
trait_agreeableness_00731,agreeableness,low,elaborate_prompt,elaborate,"[Speech] Short-term, managing your health should take precedence over volunteering. 
<Action>trait_agreeableness_00731_act_004</Action>",trait_agreeableness_00731_act_001|trait_agreeableness_00731_act_002|trait_agreeableness_00731_act_003|trait_agreeableness_00731_act_004,"{""trait_agreeableness_00731_act_001"": ""high"", ""trait_agreeableness_00731_act_002"": ""low"", ""trait_agreeableness_00731_act_003"": ""high"", ""trait_agreeableness_00731_act_004"": ""low""}"
trait_agreeableness_00732,agreeableness,low,elaborate_prompt,elaborate,"[Speech] Short-term flexibility might be needed here, but I need to stick to my retreat plans. Let's find someone else to handle the move.
<Action>trait_agreeableness_00732_act_001</Action>",trait_agreeableness_00732_act_001|trait_agreeableness_00732_act_002|trait_agreeableness_00732_act_003|trait_agreeableness_00732_act_004,"{""trait_agreeableness_00732_act_001"": ""low"", ""trait_agreeableness_00732_act_002"": ""low"", ""trait_agreeableness_00732_act_003"": ""high"", ""trait_agreeableness_00732_act_004"": ""high""}"
trait_agreeableness_00733,agreeableness,low,elaborate_prompt,elaborate,"[Speech] Short of maintaining personal boundaries, skipping the last part might be necessary.
<Action>trait_agreeableness_00733_act_004</Action>",trait_agreeableness_00733_act_001|trait_agreeableness_00733_act_002|trait_agreeableness_00733_act_003|trait_agreeableness_00733_act_004,"{""trait_agreeableness_00733_act_001"": ""high"", ""trait_agreeableness_00733_act_002"": ""high"", ""trait_agreeableness_00733_act_003"": ""low"", ""trait_agreeableness_00733_act_004"": ""low""}"
trait_agreeableness_00734,agreeableness,low,elaborate_prompt,elaborate,"[Speech] It seems like emotions run high here. Let's have a structured discussion to understand each other better.
<Action>trait_agreeableness_00734_act_004</Action>",trait_agreeableness_00734_act_001|trait_agreeableness_00734_act_002|trait_agreeableness_00734_act_003|trait_agreeableness_00734_act_004,"{""trait_agreeableness_00734_act_001"": ""low"", ""trait_agreeableness_00734_act_002"": ""high"", ""trait_agreeableness_00734_act_003"": ""low"", ""trait_agreeableness_00734_act_004"": ""high""}"
trait_agreeableness_00735,agreeableness,low,elaborate_prompt,elaborate,"[Speech] Short and to the point, ""I think we should be honest, but maybe start with asking how they feel about their project.""
<Action>trait_agreeableness_00735_act_002</Action>",trait_agreeableness_00735_act_001|trait_agreeableness_00735_act_002|trait_agreeableness_00735_act_003|trait_agreeableness_00735_act_004,"{""trait_agreeableness_00735_act_001"": ""high"", ""trait_agreeableness_00735_act_002"": ""low"", ""trait_agreeableness_00735_act_003"": ""high"", ""trait_agreeableness_00735_act_004"": ""low""}"
trait_agreeableness_00736,agreeableness,low,elaborate_prompt,elaborate,"[Speech] Short term gains, long-term losses. I'll agree, but let's make sure I don't burn out.
<Action>trait_agreeableness_00736_act_004</Action>",trait_agreeableness_00736_act_001|trait_agreeableness_00736_act_002|trait_agreeableness_00736_act_003|trait_agreeableness_00736_act_004,"{""trait_agreeableness_00736_act_001"": ""low"", ""trait_agreeableness_00736_act_002"": ""low"", ""trait_agreeableness_00736_act_003"": ""high"", ""trait_agreeableness_00736_act_004"": ""high""}"
trait_agreeableness_00737,agreeableness,low,elaborate_prompt,elaborate,"[Speech] I believe standing up for PersonZ might actually boost their morale and encourage them to contribute more positively to our team.
<Action>trait_agreeableness_00737_act_004</Action>",trait_agreeableness_00737_act_001|trait_agreeableness_00737_act_002|trait_agreeableness_00737_act_003|trait_agreeableness_00737_act_004,"{""trait_agreeableness_00737_act_001"": ""high"", ""trait_agreeableness_00737_act_002"": ""high"", ""trait_agreeableness_00737_act_003"": ""low"", ""trait_agreeableness_00737_act_004"": ""low""}"
trait_agreeableness_00738,agreeableness,low,elaborate_prompt,elaborate,"[Speech] Short-term relief might be more effective than long-term dependency.
<Action>trait_agreeableness_00738_act_004</Action>",trait_agreeableness_00738_act_001|trait_agreeableness_00738_act_002|trait_agreeableness_00738_act_003|trait_agreeableness_00738_act_004,"{""trait_agreeableness_00738_act_001"": ""low"", ""trait_agreeableness_00738_act_002"": ""high"", ""trait_agreeableness_00738_act_003"": ""low"", ""trait_agreeableness_00738_act_004"": ""high""}"
trait_agreeableness_00739,agreeableness,low,elaborate_prompt,elaborate,"[Speech] Short-term gains might overshadow long-term personal growth.  
<Action>trait_agreeableness_00739_act_004</Action>",trait_agreeableness_00739_act_001|trait_agreeableness_00739_act_002|trait_agreeableness_00739_act_003|trait_agreeableness_00739_act_004,"{""trait_agreeableness_00739_act_001"": ""high"", ""trait_agreeableness_00739_act_002"": ""low"", ""trait_agreeableness_00739_act_003"": ""high"", ""trait_agreeableness_00739_act_004"": ""low""}"
trait_agreeableness_00740,agreeableness,low,elaborate_prompt,elaborate,"[Speech] I think we need to have a talk about how our cooperation is affecting individual contributions here.
<Action>trait_agreeableness_00740_act_004</Action>",trait_agreeableness_00740_act_001|trait_agreeableness_00740_act_002|trait_agreeableness_00740_act_003|trait_agreeableness_00740_act_004,"{""trait_agreeableness_00740_act_001"": ""low"", ""trait_agreeableness_00740_act_002"": ""low"", ""trait_agreeableness_00740_act_003"": ""high"", ""trait_agreeableness_00740_act_004"": ""high""}"
trait_agreeableness_00741,agreeableness,low,elaborate_prompt,elaborate,"[Speech] I've noticed your performance has been slipping lately. What's going on?
<Action>trait_agreeableness_00741_act_003</Action>",trait_agreeableness_00741_act_001|trait_agreeableness_00741_act_002|trait_agreeableness_00741_act_003|trait_agreeableness_00741_act_004,"{""trait_agreeableness_00741_act_001"": ""high"", ""trait_agreeableness_00741_act_002"": ""high"", ""trait_agreeableness_00741_act_003"": ""low"", ""trait_agreeableness_00741_act_004"": ""low""}"
trait_agreeableness_00742,agreeableness,low,elaborate_prompt,elaborate,"[Speech] Over-helpfulness might be setting us up for burnout. Let's discuss this openly.
<Action>trait_agreeableness_00742_act_001</Action>",trait_agreeableness_00742_act_001|trait_agreeableness_00742_act_002|trait_agreeableness_00742_act_003|trait_agreeableness_00742_act_004,"{""trait_agreeableness_00742_act_001"": ""low"", ""trait_agreeableness_00742_act_002"": ""high"", ""trait_agreeableness_00742_act_003"": ""low"", ""trait_agreeableness_00742_act_004"": ""high""}"
trait_agreeableness_00743,agreeableness,low,elaborate_prompt,elaborate,"[Speech] Short rest days are crucial for recovery. Let's focus on reducing the workload now.
<Action>trait_agreeableness_00743_act_002</Action>",trait_agreeableness_00743_act_001|trait_agreeableness_00743_act_002|trait_agreeableness_00743_act_003|trait_agreeableness_00743_act_004,"{""trait_agreeableness_00743_act_001"": ""high"", ""trait_agreeableness_00743_act_002"": ""low"", ""trait_agreeableness_00743_act_003"": ""high"", ""trait_agreeableness_00743_act_004"": ""low""}"
trait_agreeableness_00744,agreeableness,low,elaborate_prompt,elaborate,"[Speech] I'll take care of this formally, ensuring my professional reputation isn't tarnished.
<Action>trait_agreeableness_00744_act_001</Action>",trait_agreeableness_00744_act_001|trait_agreeableness_00744_act_002|trait_agreeableness_00744_act_003|trait_agreeableness_00744_act_004,"{""trait_agreeableness_00744_act_001"": ""low"", ""trait_agreeableness_00744_act_002"": ""low"", ""trait_agreeableness_00744_act_003"": ""high"", ""trait_agreeableness_00744_act_004"": ""high""}"
trait_agreeableness_00745,agreeableness,low,elaborate_prompt,elaborate,"[Speech] I'll keep the guitar; helping out too much can be draining.
<Action>trait_agreeableness_00745_act_003</Action>",trait_agreeableness_00745_act_001|trait_agreeableness_00745_act_002|trait_agreeableness_00745_act_003|trait_agreeableness_00745_act_004,"{""trait_agreeableness_00745_act_001"": ""high"", ""trait_agreeableness_00745_act_002"": ""high"", ""trait_agreeableness_00745_act_003"": ""low"", ""trait_agreeableness_00745_act_004"": ""low""}"
trait_agreeableness_00746,agreeableness,low,elaborate_prompt,elaborate,"[Speech] Situations like these often breed complacency. Offering help might be seen as meddling.
<Action>trait_agreeableness_00746_act_001</Action>",trait_agreeableness_00746_act_001|trait_agreeableness_00746_act_002|trait_agreeableness_00746_act_003|trait_agreeableness_00746_act_004,"{""trait_agreeableness_00746_act_001"": ""low"", ""trait_agreeableness_00746_act_002"": ""high"", ""trait_agreeableness_00746_act_003"": ""low"", ""trait_agreeableness_00746_act_004"": ""high""}"
trait_agreeableness_00747,agreeableness,low,elaborate_prompt,elaborate,"[Speech] ""I've been noticing some inconsistencies in our project's progress. It's concerning.""
<Action>trait_agreeableness_00747_act_004</Action>",trait_agreeableness_00747_act_001|trait_agreeableness_00747_act_002|trait_agreeableness_00747_act_003|trait_agreeableness_00747_act_004,"{""trait_agreeableness_00747_act_001"": ""high"", ""trait_agreeableness_00747_act_002"": ""low"", ""trait_agreeableness_00747_act_003"": ""high"", ""trait_agreeableness_00747_act_004"": ""low""}"
trait_agreeableness_00748,agreeableness,low,elaborate_prompt,elaborate,"[Speech] It might be best to address this privately first, see if she can change her ways on her own.
<Action>trait_agreeableness_00748_act_004</Action>",trait_agreeableness_00748_act_001|trait_agreeableness_00748_act_002|trait_agreeableness_00748_act_003|trait_agreeableness_00748_act_004,"{""trait_agreeableness_00748_act_001"": ""low"", ""trait_agreeableness_00748_act_002"": ""low"", ""trait_agreeableness_00748_act_003"": ""high"", ""trait_agreeableness_00748_act_004"": ""high""}"
trait_agreeableness_00749,agreeableness,low,elaborate_prompt,elaborate,"[Speech] Avoidance might prevent immediate conflict, but it doesn't address the underlying issues.  
<Action>trait_agreeableness_00749_act_004</Action>",trait_agreeableness_00749_act_001|trait_agreeableness_00749_act_002|trait_agreeableness_00749_act_003|trait_agreeableness_00749_act_004,"{""trait_agreeableness_00749_act_001"": ""high"", ""trait_agreeableness_00749_act_002"": ""high"", ""trait_agreeableness_00749_act_003"": ""low"", ""trait_agreeableness_00749_act_004"": ""low""}"
trait_agreeableness_00750,agreeableness,low,elaborate_prompt,elaborate,"[Speech] Sometimes overlooking flaws leads to stagnation. Let's address this now before it becomes a bigger issue.
<Action>trait_agreeableness_00750_act_001</Action>",trait_agreeableness_00750_act_001|trait_agreeableness_00750_act_002|trait_agreeableness_00750_act_003|trait_agreeableness_00750_act_004,"{""trait_agreeableness_00750_act_001"": ""low"", ""trait_agreeableness_00750_act_002"": ""high"", ""trait_agreeableness_00750_act_003"": ""low"", ""trait_agreeableness_00750_act_004"": ""high""}"
trait_agreeableness_00701,agreeableness,high,as_pas_only,none,"[Speech] Perhaps we could brainstorm together to find a middle ground that incorporates elements from both themes, ensuring everyone feels heard.
<Action>trait_agreeableness_00701_act_001</Action>",trait_agreeableness_00701_act_001|trait_agreeableness_00701_act_002|trait_agreeableness_00701_act_003|trait_agreeableness_00701_act_004,"{""trait_agreeableness_00701_act_001"": ""high"", ""trait_agreeableness_00701_act_002"": ""high"", ""trait_agreeableness_00701_act_003"": ""low"", ""trait_agreeableness_00701_act_004"": ""low""}"
trait_agreeableness_00702,agreeableness,high,as_pas_only,none,"[Speech] Short dialogue: ""I think it's important to discuss this with my team first to see if everyone feels comfortable taking on the new project together.""
<Action>trait_agreeableness_00702_act_004</Action>",trait_agreeableness_00702_act_001|trait_agreeableness_00702_act_002|trait_agreeableness_00702_act_003|trait_agreeableness_00702_act_004,"{""trait_agreeableness_00702_act_001"": ""low"", ""trait_agreeableness_00702_act_002"": ""high"", ""trait_agreeableness_00702_act_003"": ""low"", ""trait_agreeableness_00702_act_004"": ""high""}"
trait_agreeableness_00703,agreeableness,high,as_pas_only,none,"[Speech] Perhaps using a small portion of the bonus for a team-building activity could foster better cooperation among us all.
<Action>trait_agreeableness_00703_act_001</Action>",trait_agreeableness_00703_act_001|trait_agreeableness_00703_act_002|trait_agreeableness_00703_act_003|trait_agreeableness_00703_act_004,"{""trait_agreeableness_00703_act_001"": ""high"", ""trait_agreeableness_00703_act_002"": ""low"", ""trait_agreeableness_00703_act_003"": ""high"", ""trait_agreeableness_00703_act_004"": ""low""}"
trait_agreeableness_00704,agreeableness,high,as_pas_only,none,"[Speech] I appreciate your openness to new ideas, but perhaps we could also consider how this aligns with our core values and goals.
<Action>trait_agreeableness_00704_act_004</Action>",trait_agreeableness_00704_act_001|trait_agreeableness_00704_act_002|trait_agreeableness_00704_act_003|trait_agreeableness_00704_act_004,"{""trait_agreeableness_00704_act_001"": ""low"", ""trait_agreeableness_00704_act_002"": ""low"", ""trait_agreeableness_00704_act_003"": ""high"", ""trait_agreeableness_00704_act_004"": ""high""}"
trait_agreeableness_00705,agreeableness,high,as_pas_only,none,"[Speech] I think it would be best to communicate openly and honestly about our expectations and any issues we've encountered.
<Action>trait_agreeableness_00705_act_002</Action>",trait_agreeableness_00705_act_001|trait_agreeableness_00705_act_002|trait_agreeableness_00705_act_003|trait_agreeableness_00705_act_004,"{""trait_agreeableness_00705_act_001"": ""high"", ""trait_agreeableness_00705_act_002"": ""high"", ""trait_agreeableness_00705_act_003"": ""low"", ""trait_agreeableness_00705_act_004"": ""low""}"
trait_agreeableness_00706,agreeableness,high,as_pas_only,none,"[Speech] ""Marybella, I've noticed that when we share our ideas, sometimes they're not always taken seriously. How do you think we can improve this?""
<Action>trait_agreeableness_00706_act_002</Action>",trait_agreeableness_00706_act_001|trait_agreeableness_00706_act_002|trait_agreeableness_00706_act_003|trait_agreeableness_00706_act_004,"{""trait_agreeableness_00706_act_001"": ""low"", ""trait_agreeableness_00706_act_002"": ""high"", ""trait_agreeableness_00706_act_003"": ""low"", ""trait_agreeableness_00706_act_004"": ""high""}"
trait_agreeableness_00707,agreeableness,high,as_pas_only,none,"[Speech] You could bring a dish to share that fits your diet so you have a healthy option available and still enjoy the party.
<Action>trait_agreeableness_00707_act_003</Action>",trait_agreeableness_00707_act_001|trait_agreeableness_00707_act_002|trait_agreeableness_00707_act_003|trait_agreeableness_00707_act_004,"{""trait_agreeableness_00707_act_001"": ""high"", ""trait_agreeableness_00707_act_002"": ""low"", ""trait_agreeableness_00707_act_003"": ""high"", ""trait_agreeableness_00707_act_004"": ""low""}"
trait_agreeableness_00708,agreeableness,high,as_pas_only,none,"[Speech] Short dialogue: ""Congratulations on your achievement! It's great to see you celebrating this moment. Would you like some help sharing it with others?""
<Action>trait_agreeableness_00708_act_001</Action>",trait_agreeableness_00708_act_001|trait_agreeableness_00708_act_002|trait_agreeableness_00708_act_003|trait_agreeableness_00708_act_004,"{""trait_agreeableness_00708_act_001"": ""low"", ""trait_agreeableness_00708_act_002"": ""low"", ""trait_agreeableness_00708_act_003"": ""high"", ""trait_agreeableness_00708_act_004"": ""high""}"
trait_agreeableness_00709,agreeableness,high,as_pas_only,none,"[Speech] ""I appreciate your concern, but I think we should have a more professional relationship. Perhaps we could discuss this together?""
<Action>trait_agreeableness_00709_act_001</Action>",trait_agreeableness_00709_act_001|trait_agreeableness_00709_act_002|trait_agreeableness_00709_act_003|trait_agreeableness_00709_act_004,"{""trait_agreeableness_00709_act_001"": ""high"", ""trait_agreeableness_00709_act_002"": ""high"", ""trait_agreeableness_00709_act_003"": ""low"", ""trait_agreeableness_00709_act_004"": ""low""}"
trait_agreeableness_00710,agreeableness,high,as_pas_only,none,"[Speech] ""I feel like I've been kept in the dark, and I'm not sure how to handle this. Would you mind sharing what's been going on?""
<Action>trait_agreeableness_00710_act_002</Action>",trait_agreeableness_00710_act_001|trait_agreeableness_00710_act_002|trait_agreeableness_00710_act_003|trait_agreeableness_00710_act_004,"{""trait_agreeableness_00710_act_001"": ""low"", ""trait_agreeableness_00710_act_002"": ""high"", ""trait_agreeableness_00710_act_003"": ""low"", ""trait_agreeableness_00710_act_004"": ""high""}"
trait_agreeableness_00711,agreeableness,high,as_pas_only,none,"[Speech] Short dialogue: Considering the benefits and challenges, what do you think would be best for you?
<Action>trait_agreeableness_00711_act_004</Action>",trait_agreeableness_00711_act_001|trait_agreeableness_00711_act_002|trait_agreeableness_00711_act_003|trait_agreeableness_00711_act_004,"{""trait_agreeableness_00711_act_001"": ""high"", ""trait_agreeableness_00711_act_002"": ""low"", ""trait_agreeableness_00711_act_003"": ""high"", ""trait_agreeableness_00711_act_004"": ""low""}"
trait_agreeableness_00712,agreeableness,high,as_pas_only,none,"[Speech] You might find it rewarding to go and connect with a few people, making the experience more manageable and meaningful for you.
<Action>trait_agreeableness_00712_act_003</Action>",trait_agreeableness_00712_act_001|trait_agreeableness_00712_act_002|trait_agreeableness_00712_act_003|trait_agreeableness_00712_act_004,"{""trait_agreeableness_00712_act_001"": ""low"", ""trait_agreeableness_00712_act_002"": ""low"", ""trait_agreeableness_00712_act_003"": ""high"", ""trait_agreeableness_00712_act_004"": ""high""}"
trait_agreeableness_00713,agreeableness,high,as_pas_only,none,"[Speech] Perhaps you might consider a compromise by accepting the nomination and requesting a more low-key acknowledgment at the ceremony.
<Action>trait_agreeableness_00713_act_002</Action>",trait_agreeableness_00713_act_001|trait_agreeableness_00713_act_002|trait_agreeableness_00713_act_003|trait_agreeableness_00713_act_004,"{""trait_agreeableness_00713_act_001"": ""high"", ""trait_agreeableness_00713_act_002"": ""high"", ""trait_agreeableness_00713_act_003"": ""low"", ""trait_agreeableness_00713_act_004"": ""low""}"
trait_agreeableness_00714,agreeableness,high,as_pas_only,none,"[Speech] Short dialogue: Considering your availability, it might be best to find a time when you have fewer responsibilities, ensuring both your commitments and the fun of the getaway can be enjoyed.
<Action>trait_agreeableness_00714_act_003</Action>",trait_agreeableness_00714_act_001|trait_agreeableness_00714_act_002|trait_agreeableness_00714_act_003|trait_agreeableness_00714_act_004,"{""trait_agreeableness_00714_act_001"": ""low"", ""trait_agreeableness_00714_act_002"": ""high"", ""trait_agreeableness_00714_act_003"": ""low"", ""trait_agreeableness_00714_act_004"": ""high""}"
trait_agreeableness_00715,agreeableness,high,as_pas_only,none,"[Speech] Short walks can be a great way to relieve stress and clear your mind. Let's go for a stroll after lunch.
<Action>trait_agreeableness_00715_act_003</Action>",trait_agreeableness_00715_act_001|trait_agreeableness_00715_act_002|trait_agreeableness_00715_act_003|trait_agreeableness_00715_act_004,"{""trait_agreeableness_00715_act_001"": ""high"", ""trait_agreeableness_00715_act_002"": ""low"", ""trait_agreeableness_00715_act_003"": ""high"", ""trait_agreeableness_00715_act_004"": ""low""}"
trait_agreeableness_00716,agreeableness,high,as_pas_only,none,"[Speech] Maybe you could go to the ball with Ranvir but let him know in advance that you'll need to leave early to manage your other commitments.
<Action>trait_agreeableness_00716_act_003</Action>",trait_agreeableness_00716_act_001|trait_agreeableness_00716_act_002|trait_agreeableness_00716_act_003|trait_agreeableness_00716_act_004,"{""trait_agreeableness_00716_act_001"": ""low"", ""trait_agreeableness_00716_act_002"": ""low"", ""trait_agreeableness_00716_act_003"": ""high"", ""trait_agreeableness_00716_act_004"": ""high""}"
trait_agreeableness_00717,agreeableness,high,as_pas_only,none,"[Speech] Short dialogue like ""Maybe we could find a way to share gifts or perhaps just focus on being present at the parties instead?""
<Action>trait_agreeableness_00717_act_004</Action>",trait_agreeableness_00717_act_001|trait_agreeableness_00717_act_002|trait_agreeableness_00717_act_003|trait_agreeableness_00717_act_004,"{""trait_agreeableness_00717_act_001"": ""high"", ""trait_agreeableness_00717_act_002"": ""high"", ""trait_agreeableness_00717_act_003"": ""low"", ""trait_agreeableness_00717_act_004"": ""low""}"
trait_agreeableness_00718,agreeableness,high,as_pas_only,none,"[Speech] Short dialogue: ""That was quite a funny joke, Geordie! ""
<Action>trait_agreeableness_00718_act_002</Action>",trait_agreeableness_00718_act_001|trait_agreeableness_00718_act_002|trait_agreeableness_00718_act_003|trait_agreeableness_00718_act_004,"{""trait_agreeableness_00718_act_001"": ""low"", ""trait_agreeableness_00718_act_002"": ""high"", ""trait_agreeableness_00718_act_003"": ""low"", ""trait_agreeableness_00718_act_004"": ""high""}"
trait_agreeableness_00719,agreeableness,high,as_pas_only,none,"[Speech] ""Perhaps a thoughtful card would be more appropriate than flowers.""
<Action>trait_agreeableness_00719_act_003</Action>",trait_agreeableness_00719_act_001|trait_agreeableness_00719_act_002|trait_agreeableness_00719_act_003|trait_agreeableness_00719_act_004,"{""trait_agreeableness_00719_act_001"": ""high"", ""trait_agreeableness_00719_act_002"": ""low"", ""trait_agreeableness_00719_act_003"": ""high"", ""trait_agreeableness_00719_act_004"": ""low""}"
trait_agreeableness_00720,agreeableness,high,as_pas_only,none,"[Speech] Short dialogue: ""Shandel, you've been working so hard on your projects. How about I give you this laptop? It might make your work easier.""
<Action>trait_agreeableness_00720_act_003</Action>",trait_agreeableness_00720_act_001|trait_agreeableness_00720_act_002|trait_agreeableness_00720_act_003|trait_agreeableness_00720_act_004,"{""trait_agreeableness_00720_act_001"": ""low"", ""trait_agreeableness_00720_act_002"": ""low"", ""trait_agreeableness_00720_act_003"": ""high"", ""trait_agreeableness_00720_act_004"": ""high""}"
trait_agreeableness_00721,agreeableness,high,as_pas_only,none,"[Speech] ""I noticed you've been so kind to your cat, Loujain. Would it be possible to discuss a way to acknowledge the effort and cost you've put into this?""
<Action>trait_agreeableness_00721_act_001</Action>",trait_agreeableness_00721_act_001|trait_agreeableness_00721_act_002|trait_agreeableness_00721_act_003|trait_agreeableness_00721_act_004,"{""trait_agreeableness_00721_act_001"": ""high"", ""trait_agreeableness_00721_act_002"": ""high"", ""trait_agreeableness_00721_act_003"": ""low"", ""trait_agreeableness_00721_act_004"": ""low""}"
trait_agreeableness_00722,agreeableness,high,as_pas_only,none,"[Speech] Short dialogue - ""I'd love to help, but my weekend is already planned. Perhaps we could find another friend who's free?""
<Action>trait_agreeableness_00722_act_003</Action>",trait_agreeableness_00722_act_001|trait_agreeableness_00722_act_002|trait_agreeableness_00722_act_003|trait_agreeableness_00722_act_004,"{""trait_agreeableness_00722_act_001"": ""low"", ""trait_agreeableness_00722_act_002"": ""high"", ""trait_agreeableness_00722_act_003"": ""low"", ""trait_agreeableness_00722_act_004"": ""high""}"
trait_agreeableness_00723,agreeableness,high,as_pas_only,none,"[Speech] ""I'd love to stay longer, but I think it's time for me to go. How about we grab a cab together?""
<Action>trait_agreeableness_00723_act_003</Action>",trait_agreeableness_00723_act_001|trait_agreeableness_00723_act_002|trait_agreeableness_00723_act_003|trait_agreeableness_00723_act_004,"{""trait_agreeableness_00723_act_001"": ""high"", ""trait_agreeableness_00723_act_002"": ""low"", ""trait_agreeableness_00723_act_003"": ""high"", ""trait_agreeableness_00723_act_004"": ""low""}"
trait_agreeableness_00724,agreeableness,high,as_pas_only,none,"[Speech] Perhaps we could reschedule your important business appointment to help Josalyn?
<Action>trait_agreeableness_00724_act_004</Action>",trait_agreeableness_00724_act_001|trait_agreeableness_00724_act_002|trait_agreeableness_00724_act_003|trait_agreeableness_00724_act_004,"{""trait_agreeableness_00724_act_001"": ""low"", ""trait_agreeableness_00724_act_002"": ""low"", ""trait_agreeableness_00724_act_003"": ""high"", ""trait_agreeableness_00724_act_004"": ""high""}"
trait_agreeableness_00725,agreeableness,high,as_pas_only,none,"[Speech] Short dialogue: ""I'm really sorry if my words came across as insensitive. Let's talk about your favorite hobby instead.""
<Action>trait_agreeableness_00725_act_002</Action>",trait_agreeableness_00725_act_001|trait_agreeableness_00725_act_002|trait_agreeableness_00725_act_003|trait_agreeableness_00725_act_004,"{""trait_agreeableness_00725_act_001"": ""high"", ""trait_agreeableness_00725_act_002"": ""high"", ""trait_agreeableness_00725_act_003"": ""low"", ""trait_agreeableness_00725_act_004"": ""low""}"
trait_agreeableness_00726,agreeableness,high,as_pas_only,none,"[Speech] Short dialogue: ""Considering your situation, perhaps offering to help cover some of her medical expenses could make a big difference.""
<Action>trait_agreeableness_00726_act_002</Action>",trait_agreeableness_00726_act_001|trait_agreeableness_00726_act_002|trait_agreeableness_00726_act_003|trait_agreeableness_00726_act_004,"{""trait_agreeableness_00726_act_001"": ""low"", ""trait_agreeableness_00726_act_002"": ""high"", ""trait_agreeableness_00726_act_003"": ""low"", ""trait_agreeableness_00726_act_004"": ""high""}"
trait_agreeableness_00727,agreeableness,high,as_pas_only,none,"[Speech] Short dialogue: ""I understand the intention behind this policy, but I'm concerned it might send the wrong message about our standards. 
<Action>trait_agreeableness_00727_act_001</Action>",trait_agreeableness_00727_act_001|trait_agreeableness_00727_act_002|trait_agreeableness_00727_act_003|trait_agreeableness_00727_act_004,"{""trait_agreeableness_00727_act_001"": ""high"", ""trait_agreeableness_00727_act_002"": ""low"", ""trait_agreeableness_00727_act_003"": ""high"", ""trait_agreeableness_00727_act_004"": ""low""}"
trait_agreeableness_00728,agreeableness,high,as_pas_only,none,"[Speech] ""Perhaps we could schedule a meeting to better understand his concerns and find a compromise.""
<Action>trait_agreeableness_00728_act_004</Action>",trait_agreeableness_00728_act_001|trait_agreeableness_00728_act_002|trait_agreeableness_00728_act_003|trait_agreeableness_00728_act_004,"{""trait_agreeableness_00728_act_001"": ""low"", ""trait_agreeableness_00728_act_002"": ""low"", ""trait_agreeableness_00728_act_003"": ""high"", ""trait_agreeableness_00728_act_004"": ""high""}"
trait_agreeableness_00729,agreeableness,high,as_pas_only,none,"[Speech] Offering to spend time together might help her feel less alone; how about we grab coffee sometime?
<Action>trait_agreeableness_00729_act_001</Action>",trait_agreeableness_00729_act_001|trait_agreeableness_00729_act_002|trait_agreeableness_00729_act_003|trait_agreeableness_00729_act_004,"{""trait_agreeableness_00729_act_001"": ""high"", ""trait_agreeableness_00729_act_002"": ""high"", ""trait_agreeableness_00729_act_003"": ""low"", ""trait_agreeableness_00729_act_004"": ""low""}"
trait_agreeableness_00730,agreeableness,high,as_pas_only,none,"[Speech] Short dialogue: ""I understand the importance of trust, but withholding her paycheck could send a strong message about our expectations.""
<Action>trait_agreeableness_00730_act_002</Action>",trait_agreeableness_00730_act_001|trait_agreeableness_00730_act_002|trait_agreeableness_00730_act_003|trait_agreeableness_00730_act_004,"{""trait_agreeableness_00730_act_001"": ""low"", ""trait_agreeableness_00730_act_002"": ""high"", ""trait_agreeableness_00730_act_003"": ""low"", ""trait_agreeableness_00730_act_004"": ""high""}"
trait_agreeableness_00731,agreeableness,high,as_pas_only,none,"[Speech] Perhaps you could delegate some of your responsibilities to other volunteers, which would allow you to continue supporting the charity while also managing your stress better.
<Action>trait_agreeableness_00731_act_001</Action>",trait_agreeableness_00731_act_001|trait_agreeableness_00731_act_002|trait_agreeableness_00731_act_003|trait_agreeableness_00731_act_004,"{""trait_agreeableness_00731_act_001"": ""high"", ""trait_agreeableness_00731_act_002"": ""low"", ""trait_agreeableness_00731_act_003"": ""high"", ""trait_agreeableness_00731_act_004"": ""low""}"
trait_agreeableness_00732,agreeableness,high,as_pas_only,none,"[Speech] Short dialogue: ""Considering your offer to help, we could plan a small gathering after your retreat to celebrate your move together.""
<Action>trait_agreeableness_00732_act_004</Action>",trait_agreeableness_00732_act_001|trait_agreeableness_00732_act_002|trait_agreeableness_00732_act_003|trait_agreeableness_00732_act_004,"{""trait_agreeableness_00732_act_001"": ""low"", ""trait_agreeableness_00732_act_002"": ""low"", ""trait_agreeableness_00732_act_003"": ""high"", ""trait_agreeableness_00732_act_004"": ""high""}"
trait_agreeableness_00733,agreeableness,high,as_pas_only,none,"[Speech] ""I could perhaps contact a colleague to cover the beginning part of our meeting while I catch up on the last bit.""
<Action>trait_agreeableness_00733_act_002</Action>",trait_agreeableness_00733_act_001|trait_agreeableness_00733_act_002|trait_agreeableness_00733_act_003|trait_agreeableness_00733_act_004,"{""trait_agreeableness_00733_act_001"": ""high"", ""trait_agreeableness_00733_act_002"": ""high"", ""trait_agreeableness_00733_act_003"": ""low"", ""trait_agreeableness_00733_act_004"": ""low""}"
trait_agreeableness_00734,agreeableness,high,as_pas_only,none,"[Speech] ""Perhaps we could have a team meeting to discuss how we can better set and respect each other's boundaries.""
<Action>trait_agreeableness_00734_act_001</Action>",trait_agreeableness_00734_act_001|trait_agreeableness_00734_act_002|trait_agreeableness_00734_act_003|trait_agreeableness_00734_act_004,"{""trait_agreeableness_00734_act_001"": ""low"", ""trait_agreeableness_00734_act_002"": ""high"", ""trait_agreeableness_00734_act_003"": ""low"", ""trait_agreeableness_00734_act_004"": ""high""}"
trait_agreeableness_00735,agreeableness,high,as_pas_only,none,"[Speech] Maybe you can ask your friend how they feel about their project first to understand their perspective before sharing your thoughts.
<Action>trait_agreeableness_00735_act_001</Action>",trait_agreeableness_00735_act_001|trait_agreeableness_00735_act_002|trait_agreeableness_00735_act_003|trait_agreeableness_00735_act_004,"{""trait_agreeableness_00735_act_001"": ""high"", ""trait_agreeableness_00735_act_002"": ""low"", ""trait_agreeableness_00735_act_003"": ""high"", ""trait_agreeableness_00735_act_004"": ""low""}"
trait_agreeableness_00736,agreeableness,high,as_pas_only,none,"[Speech] Short dialogue: ""I think it would be beneficial to collaborate on this, but let's make sure we don't overextend ourselves.""
<Action>trait_agreeableness_00736_act_003</Action>",trait_agreeableness_00736_act_001|trait_agreeableness_00736_act_002|trait_agreeableness_00736_act_003|trait_agreeableness_00736_act_004,"{""trait_agreeableness_00736_act_001"": ""low"", ""trait_agreeableness_00736_act_002"": ""low"", ""trait_agreeableness_00736_act_003"": ""high"", ""trait_agreeableness_00736_act_004"": ""high""}"
trait_agreeableness_00737,agreeableness,high,as_pas_only,none,"[Speech] Short dialogue: ""Perhaps we could discuss how our teamwork can benefit everyone, including recognizing each other's contributions.""
<Action>trait_agreeableness_00737_act_004</Action>",trait_agreeableness_00737_act_001|trait_agreeableness_00737_act_002|trait_agreeableness_00737_act_003|trait_agreeableness_00737_act_004,"{""trait_agreeableness_00737_act_001"": ""high"", ""trait_agreeableness_00737_act_002"": ""high"", ""trait_agreeableness_00737_act_003"": ""low"", ""trait_agreeableness_00737_act_004"": ""low""}"
trait_agreeableness_00738,agreeableness,high,as_pas_only,none,"[Speech] Let's find ways for you both to contribute to the community while also easing your financial burden.
<Action>trait_agreeableness_00738_act_001</Action>",trait_agreeableness_00738_act_001|trait_agreeableness_00738_act_002|trait_agreeableness_00738_act_003|trait_agreeableness_00738_act_004,"{""trait_agreeableness_00738_act_001"": ""low"", ""trait_agreeableness_00738_act_002"": ""high"", ""trait_agreeableness_00738_act_003"": ""low"", ""trait_agreeableness_00738_act_004"": ""high""}"
trait_agreeableness_00739,agreeableness,high,as_pas_only,none,"[Speech] Short dialogue: ""I understand the importance of considering your personal growth alongside our shared goals. Perhaps we could explore this deal together, ensuring it aligns with your values and aspirations.""
<Action>trait_agreeableness_00739_act_003</Action>",trait_agreeableness_00739_act_001|trait_agreeableness_00739_act_002|trait_agreeableness_00739_act_003|trait_agreeableness_00739_act_004,"{""trait_agreeableness_00739_act_001"": ""high"", ""trait_agreeableness_00739_act_002"": ""low"", ""trait_agreeableness_00739_act_003"": ""high"", ""trait_agreeableness_00739_act_004"": ""low""}"
trait_agreeableness_00740,agreeableness,high,as_pas_only,none,"[Speech] ""Hikari, I've noticed we've been working together so well lately. Is everything okay? You seem a bit off.""
<Action>trait_agreeableness_00740_act_003</Action>",trait_agreeableness_00740_act_001|trait_agreeableness_00740_act_002|trait_agreeableness_00740_act_003|trait_agreeableness_00740_act_004,"{""trait_agreeableness_00740_act_001"": ""low"", ""trait_agreeableness_00740_act_002"": ""low"", ""trait_agreeableness_00740_act_003"": ""high"", ""trait_agreeableness_00740_act_004"": ""high""}"
trait_agreeableness_00741,agreeableness,high,as_pas_only,none,"[Speech] ""Janya, I've noticed you're having trouble keeping up with your deadlines. Would you like some support organizing your tasks?""
<Action>trait_agreeableness_00741_act_002</Action>",trait_agreeableness_00741_act_001|trait_agreeableness_00741_act_002|trait_agreeableness_00741_act_003|trait_agreeableness_00741_act_004,"{""trait_agreeableness_00741_act_001"": ""high"", ""trait_agreeableness_00741_act_002"": ""high"", ""trait_agreeableness_00741_act_003"": ""low"", ""trait_agreeableness_00741_act_004"": ""low""}"
trait_agreeableness_00742,agreeableness,high,as_pas_only,none,"[Speech] Short dialogue: ""I've been thinking, maybe we could discuss this further to make sure we're all on the same page.""
<Action>trait_agreeableness_00742_act_002</Action>",trait_agreeableness_00742_act_001|trait_agreeableness_00742_act_002|trait_agreeableness_00742_act_003|trait_agreeableness_00742_act_004,"{""trait_agreeableness_00742_act_001"": ""low"", ""trait_agreeableness_00742_act_002"": ""high"", ""trait_agreeableness_00742_act_003"": ""low"", ""trait_agreeableness_00742_act_004"": ""high""}"
trait_agreeableness_00743,agreeableness,high,as_pas_only,none,"[Speech] Maybe you could offer to help train someone else to share the workload, easing the burden on you.
<Action>trait_agreeableness_00743_act_001</Action>",trait_agreeableness_00743_act_001|trait_agreeableness_00743_act_002|trait_agreeableness_00743_act_003|trait_agreeableness_00743_act_004,"{""trait_agreeableness_00743_act_001"": ""high"", ""trait_agreeableness_00743_act_002"": ""low"", ""trait_agreeableness_00743_act_003"": ""high"", ""trait_agreeableness_00743_act_004"": ""low""}"
trait_agreeableness_00744,agreeableness,high,as_pas_only,none,"[Speech] ""I think it would be best to have a heart-to-heart conversation with them to understand where these rumors are coming from.""
<Action>trait_agreeableness_00744_act_004</Action>",trait_agreeableness_00744_act_001|trait_agreeableness_00744_act_002|trait_agreeableness_00744_act_003|trait_agreeableness_00744_act_004,"{""trait_agreeableness_00744_act_001"": ""low"", ""trait_agreeableness_00744_act_002"": ""low"", ""trait_agreeableness_00744_act_003"": ""high"", ""trait_agreeableness_00744_act_004"": ""high""}"
trait_agreeableness_00745,agreeableness,high,as_pas_only,none,"[Speech] ""How about we find a way for you to use it without me having to part with it?""
<Action>trait_agreeableness_00745_act_002</Action>",trait_agreeableness_00745_act_001|trait_agreeableness_00745_act_002|trait_agreeableness_00745_act_003|trait_agreeableness_00745_act_004,"{""trait_agreeableness_00745_act_001"": ""high"", ""trait_agreeableness_00745_act_002"": ""high"", ""trait_agreeableness_00745_act_003"": ""low"", ""trait_agreeableness_00745_act_004"": ""low""}"
trait_agreeableness_00746,agreeableness,high,as_pas_only,none,"[Speech] Short dialogue: Offering support could really help Aythana and make our team stronger.  
<Action>trait_agreeableness_00746_act_002</Action>",trait_agreeableness_00746_act_001|trait_agreeableness_00746_act_002|trait_agreeableness_00746_act_003|trait_agreeableness_00746_act_004,"{""trait_agreeableness_00746_act_001"": ""low"", ""trait_agreeableness_00746_act_002"": ""high"", ""trait_agreeableness_00746_act_003"": ""low"", ""trait_agreeableness_00746_act_004"": ""high""}"
trait_agreeableness_00747,agreeableness,high,as_pas_only,none,"[Speech] Let's have a team check-in where we can all update each other on our progress and discuss any areas that need improvement.
<Action>trait_agreeableness_00747_act_001</Action>",trait_agreeableness_00747_act_001|trait_agreeableness_00747_act_002|trait_agreeableness_00747_act_003|trait_agreeableness_00747_act_004,"{""trait_agreeableness_00747_act_001"": ""high"", ""trait_agreeableness_00747_act_002"": ""low"", ""trait_agreeableness_00747_act_003"": ""high"", ""trait_agreeableness_00747_act_004"": ""low""}"
trait_agreeableness_00748,agreeableness,high,as_pas_only,none,"[Speech] ""I think it would be best to have a heart-to-heart with Melicia first.""
<Action>trait_agreeableness_00748_act_004</Action>",trait_agreeableness_00748_act_001|trait_agreeableness_00748_act_002|trait_agreeableness_00748_act_003|trait_agreeableness_00748_act_004,"{""trait_agreeableness_00748_act_001"": ""low"", ""trait_agreeableness_00748_act_002"": ""low"", ""trait_agreeableness_00748_act_003"": ""high"", ""trait_agreeableness_00748_act_004"": ""high""}"
trait_agreeableness_00749,agreeableness,high,as_pas_only,none,"[Speech] Short dialogue: ""Perhaps keeping the peace is important, but perhaps we could also address this together. How does that sound?""
<Action>trait_agreeableness_00749_act_001</Action>",trait_agreeableness_00749_act_001|trait_agreeableness_00749_act_002|trait_agreeableness_00749_act_003|trait_agreeableness_00749_act_004,"{""trait_agreeableness_00749_act_001"": ""high"", ""trait_agreeableness_00749_act_002"": ""high"", ""trait_agreeableness_00749_act_003"": ""low"", ""trait_agreeableness_00749_act_004"": ""low""}"
trait_agreeableness_00750,agreeableness,high,as_pas_only,none,"[Speech] Let's explore this together and see if we can find a way to make our project even more successful.
<Action>trait_agreeableness_00750_act_003</Action>",trait_agreeableness_00750_act_001|trait_agreeableness_00750_act_002|trait_agreeableness_00750_act_003|trait_agreeableness_00750_act_004,"{""trait_agreeableness_00750_act_001"": ""low"", ""trait_agreeableness_00750_act_002"": ""high"", ""trait_agreeableness_00750_act_003"": ""low"", ""trait_agreeableness_00750_act_004"": ""high""}"
trait_agreeableness_00701,agreeableness,low,as_pas_only,none,"[Speech] Maybe consult with other team members for their opinions to see if a consensus can be achieved that respects both perspectives.
<Action>trait_agreeableness_00701_act_002</Action>",trait_agreeableness_00701_act_001|trait_agreeableness_00701_act_002|trait_agreeableness_00701_act_003|trait_agreeableness_00701_act_004,"{""trait_agreeableness_00701_act_001"": ""high"", ""trait_agreeableness_00701_act_002"": ""high"", ""trait_agreeableness_00701_act_003"": ""low"", ""trait_agreeableness_00701_act_004"": ""low""}"
trait_agreeableness_00702,agreeableness,low,as_pas_only,none,"[Speech] Short-term gains outweigh long-term consequences, so I'll push back now.
<Action>trait_agreeableness_00702_act_001</Action>",trait_agreeableness_00702_act_001|trait_agreeableness_00702_act_002|trait_agreeableness_00702_act_003|trait_agreeableness_00702_act_004,"{""trait_agreeableness_00702_act_001"": ""low"", ""trait_agreeableness_00702_act_002"": ""high"", ""trait_agreeableness_00702_act_003"": ""low"", ""trait_agreeableness_00702_act_004"": ""high""}"
trait_agreeableness_00703,agreeableness,low,as_pas_only,none,"[Speech] Short-term relaxation is crucial; I'll use the bonus for my vacation.
<Action>trait_agreeableness_00703_act_004</Action>",trait_agreeableness_00703_act_001|trait_agreeableness_00703_act_002|trait_agreeableness_00703_act_003|trait_agreeableness_00703_act_004,"{""trait_agreeableness_00703_act_001"": ""high"", ""trait_agreeableness_00703_act_002"": ""low"", ""trait_agreeableness_00703_act_003"": ""high"", ""trait_agreeableness_00703_act_004"": ""low""}"
trait_agreeableness_00704,agreeableness,low,as_pas_only,none,"[Speech] Suppressing my voice won't help; we need a clear plan for failure.
<Action>trait_agreeableness_00704_act_004</Action>",trait_agreeableness_00704_act_001|trait_agreeableness_00704_act_002|trait_agreeableness_00704_act_003|trait_agreeableness_00704_act_004,"{""trait_agreeableness_00704_act_001"": ""low"", ""trait_agreeableness_00704_act_002"": ""low"", ""trait_agreeableness_00704_act_003"": ""high"", ""trait_agreeableness_00704_act_004"": ""high""}"
trait_agreeableness_00705,agreeableness,low,as_pas_only,none,"[Speech] Short-term cooperation might be necessary, but long-term, I must assert my rights and expectations.
<Action>trait_agreeableness_00705_act_002</Action>",trait_agreeableness_00705_act_001|trait_agreeableness_00705_act_002|trait_agreeableness_00705_act_003|trait_agreeableness_00705_act_004,"{""trait_agreeableness_00705_act_001"": ""high"", ""trait_agreeableness_00705_act_002"": ""high"", ""trait_agreeableness_00705_act_003"": ""low"", ""trait_agreeableness_00705_act_004"": ""low""}"
trait_agreeableness_00706,agreeableness,low,as_pas_only,none,"[Speech] I've noticed your dismissals of my ideas have become a pattern. It's time for a change.
<Action>trait_agreeableness_00706_act_001</Action>",trait_agreeableness_00706_act_001|trait_agreeableness_00706_act_002|trait_agreeableness_00706_act_003|trait_agreeableness_00706_act_004,"{""trait_agreeableness_00706_act_001"": ""low"", ""trait_agreeableness_00706_act_002"": ""high"", ""trait_agreeableness_00706_act_003"": ""low"", ""trait_agreeableness_00706_act_004"": ""high""}"
trait_agreeableness_00707,agreeableness,low,as_pas_only,none,"[Speech] Just say no to the unhealthy options and stick firmly to my diet plan; it’s about my health after all.
<Action>trait_agreeableness_00707_act_002</Action>",trait_agreeableness_00707_act_001|trait_agreeableness_00707_act_002|trait_agreeableness_00707_act_003|trait_agreeableness_00707_act_004,"{""trait_agreeableness_00707_act_001"": ""high"", ""trait_agreeableness_00707_act_002"": ""low"", ""trait_agreeableness_00707_act_003"": ""high"", ""trait_agreeableness_00707_act_004"": ""low""}"
trait_agreeableness_00708,agreeableness,low,as_pas_only,none,"[Speech] Sit down with mutual friends and coworkers to subtly acknowledge the achievement.
<Action>trait_agreeableness_00708_act_003</Action>",trait_agreeableness_00708_act_001|trait_agreeableness_00708_act_002|trait_agreeableness_00708_act_003|trait_agreeableness_00708_act_004,"{""trait_agreeableness_00708_act_001"": ""low"", ""trait_agreeableness_00708_act_002"": ""low"", ""trait_agreeableness_00708_act_003"": ""high"", ""trait_agreeableness_00708_act_004"": ""high""}"
trait_agreeableness_00709,agreeableness,low,as_pas_only,none,"[Speech] Consider politely telling Zacharyah that his advances are making you uncomfortable and you would like to keep your relationship professional.
<Action>trait_agreeableness_00709_act_001</Action>",trait_agreeableness_00709_act_001|trait_agreeableness_00709_act_002|trait_agreeableness_00709_act_003|trait_agreeableness_00709_act_004,"{""trait_agreeableness_00709_act_001"": ""high"", ""trait_agreeableness_00709_act_002"": ""high"", ""trait_agreeableness_00709_act_003"": ""low"", ""trait_agreeableness_00709_act_004"": ""low""}"
trait_agreeableness_00710,agreeableness,low,as_pas_only,none,"[Speech] Short dialogue: ""I need to know why I was kept in the dark.""
<Action>trait_agreeableness_00710_act_001</Action>",trait_agreeableness_00710_act_001|trait_agreeableness_00710_act_002|trait_agreeableness_00710_act_003|trait_agreeableness_00710_act_004,"{""trait_agreeableness_00710_act_001"": ""low"", ""trait_agreeableness_00710_act_002"": ""high"", ""trait_agreeableness_00710_act_003"": ""low"", ""trait_agreeableness_00710_act_004"": ""high""}"
trait_agreeableness_00711,agreeableness,low,as_pas_only,none,"[Speech] Perhaps you might weigh the emotional costs against the professional gains and decide if the move aligns with your long-term personal happiness and career goals.
<Action>trait_agreeableness_00711_act_001</Action>",trait_agreeableness_00711_act_001|trait_agreeableness_00711_act_002|trait_agreeableness_00711_act_003|trait_agreeableness_00711_act_004,"{""trait_agreeableness_00711_act_001"": ""high"", ""trait_agreeableness_00711_act_002"": ""low"", ""trait_agreeableness_00711_act_003"": ""high"", ""trait_agreeableness_00711_act_004"": ""low""}"
trait_agreeableness_00712,agreeableness,low,as_pas_only,none,"[Speech] Short dialogue indeed.
<Action>trait_agreeableness_00712_act_004</Action>",trait_agreeableness_00712_act_001|trait_agreeableness_00712_act_002|trait_agreeableness_00712_act_003|trait_agreeableness_00712_act_004,"{""trait_agreeableness_00712_act_001"": ""low"", ""trait_agreeableness_00712_act_002"": ""low"", ""trait_agreeableness_00712_act_003"": ""high"", ""trait_agreeableness_00712_act_004"": ""high""}"
trait_agreeableness_00713,agreeableness,low,as_pas_only,none,"[Speech] Perhaps you might consider a compromise by accepting the nomination and requesting a more low-key acknowledgment at the ceremony.
<Action>trait_agreeableness_00713_act_002</Action>",trait_agreeableness_00713_act_001|trait_agreeableness_00713_act_002|trait_agreeableness_00713_act_003|trait_agreeableness_00713_act_004,"{""trait_agreeableness_00713_act_001"": ""high"", ""trait_agreeableness_00713_act_002"": ""high"", ""trait_agreeableness_00713_act_003"": ""low"", ""trait_agreeableness_00713_act_004"": ""low""}"
trait_agreeableness_00714,agreeableness,low,as_pas_only,none,"[Speech] Your current responsibilities must be attended to; they cannot be delayed for a weekend getaway.
<Action>trait_agreeableness_00714_act_001</Action>",trait_agreeableness_00714_act_001|trait_agreeableness_00714_act_002|trait_agreeableness_00714_act_003|trait_agreeableness_00714_act_004,"{""trait_agreeableness_00714_act_001"": ""low"", ""trait_agreeableness_00714_act_002"": ""high"", ""trait_agreeableness_00714_act_003"": ""low"", ""trait_agreeableness_00714_act_004"": ""high""}"
trait_agreeableness_00715,agreeableness,low,as_pas_only,none,"[Speech] Short-term relief, Ulisess. Delegate tasks now to avoid future stress.
<Action>trait_agreeableness_00715_act_002</Action>",trait_agreeableness_00715_act_001|trait_agreeableness_00715_act_002|trait_agreeableness_00715_act_003|trait_agreeableness_00715_act_004,"{""trait_agreeableness_00715_act_001"": ""high"", ""trait_agreeableness_00715_act_002"": ""low"", ""trait_agreeableness_00715_act_003"": ""high"", ""trait_agreeableness_00715_act_004"": ""low""}"
trait_agreeableness_00716,agreeableness,low,as_pas_only,none,"[Speech] Decline the invitation as my workload and commitments cannot be compromised for additional social events.
<Action>trait_agreeableness_00716_act_001</Action>",trait_agreeableness_00716_act_001|trait_agreeableness_00716_act_002|trait_agreeableness_00716_act_003|trait_agreeableness_00716_act_004,"{""trait_agreeableness_00716_act_001"": ""low"", ""trait_agreeableness_00716_act_002"": ""low"", ""trait_agreeableness_00716_act_003"": ""high"", ""trait_agreeableness_00716_act_004"": ""high""}"
trait_agreeableness_00717,agreeableness,low,as_pas_only,none,"[Speech] Just opt out of gift-giving and explain my financial situation honestly if anyone asks.
<Action>trait_agreeableness_00717_act_003</Action>",trait_agreeableness_00717_act_001|trait_agreeableness_00717_act_002|trait_agreeableness_00717_act_003|trait_agreeableness_00717_act_004,"{""trait_agreeableness_00717_act_001"": ""high"", ""trait_agreeableness_00717_act_002"": ""high"", ""trait_agreeableness_00717_act_003"": ""low"", ""trait_agreeableness_00717_act_004"": ""low""}"
trait_agreeableness_00718,agreeableness,low,as_pas_only,none,"[Speech] Short humor won't solve the problem; let's get back on track.
<Action>trait_agreeableness_00718_act_004</Action>",trait_agreeableness_00718_act_001|trait_agreeableness_00718_act_002|trait_agreeableness_00718_act_003|trait_agreeableness_00718_act_004,"{""trait_agreeableness_00718_act_001"": ""low"", ""trait_agreeableness_00718_act_002"": ""high"", ""trait_agreeableness_00718_act_003"": ""low"", ""trait_agreeableness_00718_act_004"": ""high""}"
trait_agreeableness_00719,agreeableness,low,as_pas_only,none,"[Speech] short dialogue
<Action>trait_agreeableness_00719_act_002</Action>",trait_agreeableness_00719_act_001|trait_agreeableness_00719_act_002|trait_agreeableness_00719_act_003|trait_agreeableness_00719_act_004,"{""trait_agreeableness_00719_act_001"": ""high"", ""trait_agreeableness_00719_act_002"": ""low"", ""trait_agreeableness_00719_act_003"": ""high"", ""trait_agreeableness_00719_act_004"": ""low""}"
trait_agreeableness_00720,agreeableness,low,as_pas_only,none,"[Speech] Keep the laptop for yourself since it could be useful for your future needs, and Shandel can explore other options to acquire one.
<Action>trait_agreeableness_00720_act_002</Action>",trait_agreeableness_00720_act_001|trait_agreeableness_00720_act_002|trait_agreeableness_00720_act_003|trait_agreeableness_00720_act_004,"{""trait_agreeableness_00720_act_001"": ""low"", ""trait_agreeableness_00720_act_002"": ""low"", ""trait_agreeableness_00720_act_003"": ""high"", ""trait_agreeableness_00720_act_004"": ""high""}"
trait_agreeableness_00721,agreeableness,low,as_pas_only,none,"[Speech] It seems like a fair exchange; I did cover some costs and spent considerable time on this.  
<Action>trait_agreeableness_00721_act_003</Action>",trait_agreeableness_00721_act_001|trait_agreeableness_00721_act_002|trait_agreeableness_00721_act_003|trait_agreeableness_00721_act_004,"{""trait_agreeableness_00721_act_001"": ""high"", ""trait_agreeableness_00721_act_002"": ""high"", ""trait_agreeableness_00721_act_003"": ""low"", ""trait_agreeableness_00721_act_004"": ""low""}"
trait_agreeableness_00722,agreeableness,low,as_pas_only,none,"[Speech] Sit tight, I've got my own stuff to handle this weekend.
<Action>trait_agreeableness_00722_act_001</Action>",trait_agreeableness_00722_act_001|trait_agreeableness_00722_act_002|trait_agreeableness_00722_act_003|trait_agreeableness_00722_act_004,"{""trait_agreeableness_00722_act_001"": ""low"", ""trait_agreeableness_00722_act_002"": ""high"", ""trait_agreeableness_00722_act_003"": ""low"", ""trait_agreeableness_00722_act_004"": ""high""}"
trait_agreeableness_00723,agreeableness,low,as_pas_only,none,"[Speech] short dialogue
<Action>trait_agreeableness_00723_act_002</Action>",trait_agreeableness_00723_act_001|trait_agreeableness_00723_act_002|trait_agreeableness_00723_act_003|trait_agreeableness_00723_act_004,"{""trait_agreeableness_00723_act_001"": ""high"", ""trait_agreeableness_00723_act_002"": ""low"", ""trait_agreeableness_00723_act_003"": ""high"", ""trait_agreeableness_00723_act_004"": ""low""}"
trait_agreeableness_00724,agreeableness,low,as_pas_only,none,"[Speech] Sit tight, Josalyn. I'll find an alternative or wait for another time when I'm less busy.
<Action>trait_agreeableness_00724_act_001</Action>",trait_agreeableness_00724_act_001|trait_agreeableness_00724_act_002|trait_agreeableness_00724_act_003|trait_agreeableness_00724_act_004,"{""trait_agreeableness_00724_act_001"": ""low"", ""trait_agreeableness_00724_act_002"": ""low"", ""trait_agreeableness_00724_act_003"": ""high"", ""trait_agreeableness_00724_act_004"": ""high""}"
trait_agreeableness_00725,agreeableness,low,as_pas_only,none,"[Speech] Shorter, more direct apology needed.
<Action>trait_agreeableness_00725_act_001</Action>",trait_agreeableness_00725_act_001|trait_agreeableness_00725_act_002|trait_agreeableness_00725_act_003|trait_agreeableness_00725_act_004,"{""trait_agreeableness_00725_act_001"": ""high"", ""trait_agreeableness_00725_act_002"": ""high"", ""trait_agreeableness_00725_act_003"": ""low"", ""trait_agreeableness_00725_act_004"": ""low""}"
trait_agreeableness_00726,agreeableness,low,as_pas_only,none,"[Speech] Offering financial assistance would only make her situation worse.
<Action>trait_agreeableness_00726_act_001</Action>",trait_agreeableness_00726_act_001|trait_agreeableness_00726_act_002|trait_agreeableness_00726_act_003|trait_agreeableness_00726_act_004,"{""trait_agreeableness_00726_act_001"": ""low"", ""trait_agreeableness_00726_act_002"": ""high"", ""trait_agreeableness_00726_act_003"": ""low"", ""trait_agreeableness_00726_act_004"": ""high""}"
trait_agreeableness_00727,agreeableness,low,as_pas_only,none,"[Speech] Consider starting with the positive aspects of the policy, then transition into your concerns, ensuring you maintain a respectful tone throughout.
<Action>trait_agreeableness_00727_act_001</Action>",trait_agreeableness_00727_act_001|trait_agreeableness_00727_act_002|trait_agreeableness_00727_act_003|trait_agreeableness_00727_act_004,"{""trait_agreeableness_00727_act_001"": ""high"", ""trait_agreeableness_00727_act_002"": ""low"", ""trait_agreeableness_00727_act_003"": ""high"", ""trait_agreeableness_00727_act_004"": ""low""}"
trait_agreeableness_00728,agreeableness,low,as_pas_only,none,"[Speech] Over-forgiving could be seen as weakness; I must stand firm.
<Action>trait_agreeableness_00728_act_002</Action>",trait_agreeableness_00728_act_001|trait_agreeableness_00728_act_002|trait_agreeableness_00728_act_003|trait_agreeableness_00728_act_004,"{""trait_agreeableness_00728_act_001"": ""low"", ""trait_agreeableness_00728_act_002"": ""low"", ""trait_agreeableness_00728_act_003"": ""high"", ""trait_agreeableness_00728_act_004"": ""high""}"
trait_agreeableness_00729,agreeableness,low,as_pas_only,none,"[Speech] Short forgiveness won't solve anything; we need to face the truth.
<Action>trait_agreeableness_00729_act_004</Action>",trait_agreeableness_00729_act_001|trait_agreeableness_00729_act_002|trait_agreeableness_00729_act_003|trait_agreeableness_00729_act_004,"{""trait_agreeableness_00729_act_001"": ""high"", ""trait_agreeableness_00729_act_002"": ""high"", ""trait_agreeableness_00729_act_003"": ""low"", ""trait_agreeableness_00729_act_004"": ""low""}"
trait_agreeableness_00730,agreeableness,low,as_pas_only,none,"[Speech] Withholding her paycheck will send a clear message about our expectations.
<Action>trait_agreeableness_00730_act_001</Action>",trait_agreeableness_00730_act_001|trait_agreeableness_00730_act_002|trait_agreeableness_00730_act_003|trait_agreeableness_00730_act_004,"{""trait_agreeableness_00730_act_001"": ""low"", ""trait_agreeableness_00730_act_002"": ""high"", ""trait_agreeableness_00730_act_003"": ""low"", ""trait_agreeableness_00730_act_004"": ""high""}"
trait_agreeableness_00731,agreeableness,low,as_pas_only,none,"[Speech] Perhaps you could delegate some of your responsibilities to other volunteers, which would allow you to continue supporting the charity while also managing your stress better.
<Action>trait_agreeableness_00731_act_001</Action>",trait_agreeableness_00731_act_001|trait_agreeableness_00731_act_002|trait_agreeableness_00731_act_003|trait_agreeableness_00731_act_004,"{""trait_agreeableness_00731_act_001"": ""high"", ""trait_agreeableness_00731_act_002"": ""low"", ""trait_agreeableness_00731_act_003"": ""high"", ""trait_agreeableness_00731_act_004"": ""low""}"
trait_agreeableness_00732,agreeableness,low,as_pas_only,none,"[Speech] Short-term inconvenience is inevitable; prioritize your commitments.
<Action>trait_agreeableness_00732_act_002</Action>",trait_agreeableness_00732_act_001|trait_agreeableness_00732_act_002|trait_agreeableness_00732_act_003|trait_agreeableness_00732_act_004,"{""trait_agreeableness_00732_act_001"": ""low"", ""trait_agreeableness_00732_act_002"": ""low"", ""trait_agreeableness_00732_act_003"": ""high"", ""trait_agreeableness_00732_act_004"": ""high""}"
trait_agreeableness_00733,agreeableness,low,as_pas_only,none,"[Speech] Just focus on finishing my current commitment properly, even if it means being late; you can't always please everyone.
<Action>trait_agreeableness_00733_act_003</Action>",trait_agreeableness_00733_act_001|trait_agreeableness_00733_act_002|trait_agreeableness_00733_act_003|trait_agreeableness_00733_act_004,"{""trait_agreeableness_00733_act_001"": ""high"", ""trait_agreeableness_00733_act_002"": ""high"", ""trait_agreeableness_00733_act_003"": ""low"", ""trait_agreeableness_00733_act_004"": ""low""}"
trait_agreeableness_00734,agreeableness,low,as_pas_only,none,"[Speech] It's crucial to establish clear boundaries; otherwise, we'll all be walking on eggshells.
<Action>trait_agreeableness_00734_act_001</Action>",trait_agreeableness_00734_act_001|trait_agreeableness_00734_act_002|trait_agreeableness_00734_act_003|trait_agreeableness_00734_act_004,"{""trait_agreeableness_00734_act_001"": ""low"", ""trait_agreeableness_00734_act_002"": ""high"", ""trait_agreeableness_00734_act_003"": ""low"", ""trait_agreeableness_00734_act_004"": ""high""}"
trait_agreeableness_00735,agreeableness,low,as_pas_only,none,"[Speech] Maybe you can ask your friend how they feel about their project first to understand their perspective before sharing your thoughts.
<Action>trait_agreeableness_00735_act_001</Action>",trait_agreeableness_00735_act_001|trait_agreeableness_00735_act_002|trait_agreeableness_00735_act_003|trait_agreeableness_00735_act_004,"{""trait_agreeableness_00735_act_001"": ""high"", ""trait_agreeableness_00735_act_002"": ""low"", ""trait_agreeableness_00735_act_003"": ""high"", ""trait_agreeableness_00735_act_004"": ""low""}"
trait_agreeableness_00736,agreeableness,low,as_pas_only,none,"[Speech] Short-term gains, long-term losses.
<Action>trait_agreeableness_00736_act_002</Action>",trait_agreeableness_00736_act_001|trait_agreeableness_00736_act_002|trait_agreeableness_00736_act_003|trait_agreeableness_00736_act_004,"{""trait_agreeableness_00736_act_001"": ""low"", ""trait_agreeableness_00736_act_002"": ""low"", ""trait_agreeableness_00736_act_003"": ""high"", ""trait_agreeableness_00736_act_004"": ""high""}"
trait_agreeableness_00737,agreeableness,low,as_pas_only,none,"[Speech] Short term cooperation benefits the group, but long-term success requires individual recognition and growth.
<Action>trait_agreeableness_00737_act_004</Action>",trait_agreeableness_00737_act_001|trait_agreeableness_00737_act_002|trait_agreeableness_00737_act_003|trait_agreeableness_00737_act_004,"{""trait_agreeableness_00737_act_001"": ""high"", ""trait_agreeableness_00737_act_002"": ""high"", ""trait_agreeableness_00737_act_003"": ""low"", ""trait_agreeableness_00737_act_004"": ""low""}"
trait_agreeableness_00738,agreeableness,low,as_pas_only,none,"[Speech] Short-term relief might be best; prepare some extra meals that can easily be reheated.
<Action>trait_agreeableness_00738_act_004</Action>",trait_agreeableness_00738_act_001|trait_agreeableness_00738_act_002|trait_agreeableness_00738_act_003|trait_agreeableness_00738_act_004,"{""trait_agreeableness_00738_act_001"": ""low"", ""trait_agreeableness_00738_act_002"": ""high"", ""trait_agreeableness_00738_act_003"": ""low"", ""trait_agreeableness_00738_act_004"": ""high""}"
trait_agreeableness_00739,agreeableness,low,as_pas_only,none,"[Speech] Sit tight and let me handle this.
<Action>trait_agreeableness_00739_act_002</Action>",trait_agreeableness_00739_act_001|trait_agreeableness_00739_act_002|trait_agreeableness_00739_act_003|trait_agreeableness_00739_act_004,"{""trait_agreeableness_00739_act_001"": ""high"", ""trait_agreeableness_00739_act_002"": ""low"", ""trait_agreeableness_00739_act_003"": ""high"", ""trait_agreeableness_00739_act_004"": ""low""}"
trait_agreeableness_00740,agreeableness,low,as_pas_only,none,"[Speech] Sit down, Hikari. We need to talk.
<Action>trait_agreeableness_00740_act_002</Action>",trait_agreeableness_00740_act_001|trait_agreeableness_00740_act_002|trait_agreeableness_00740_act_003|trait_agreeableness_00740_act_004,"{""trait_agreeableness_00740_act_001"": ""low"", ""trait_agreeableness_00740_act_002"": ""low"", ""trait_agreeableness_00740_act_003"": ""high"", ""trait_agreeableness_00740_act_004"": ""high""}"
trait_agreeableness_00741,agreeableness,low,as_pas_only,none,"[Speech] I need you to prioritize your tasks and meet the deadlines without needing constant reminders.
<Action>trait_agreeableness_00741_act_003</Action>",trait_agreeableness_00741_act_001|trait_agreeableness_00741_act_002|trait_agreeableness_00741_act_003|trait_agreeableness_00741_act_004,"{""trait_agreeableness_00741_act_001"": ""high"", ""trait_agreeableness_00741_act_002"": ""high"", ""trait_agreeableness_00741_act_003"": ""low"", ""trait_agreeableness_00741_act_004"": ""low""}"
trait_agreeableness_00742,agreeableness,low,as_pas_only,none,"[Speech] Over-helpfulness indeed leads to personal exhaustion; let's discuss this openly.
<Action>trait_agreeableness_00742_act_001</Action>",trait_agreeableness_00742_act_001|trait_agreeableness_00742_act_002|trait_agreeableness_00742_act_003|trait_agreeableness_00742_act_004,"{""trait_agreeableness_00742_act_001"": ""low"", ""trait_agreeableness_00742_act_002"": ""high"", ""trait_agreeableness_00742_act_003"": ""low"", ""trait_agreeableness_00742_act_004"": ""high""}"
trait_agreeableness_00743,agreeableness,low,as_pas_only,none,"[Speech] Just say no to additional shifts and prioritize your health over voluntary extras.
<Action>trait_agreeableness_00743_act_002</Action>",trait_agreeableness_00743_act_001|trait_agreeableness_00743_act_002|trait_agreeableness_00743_act_003|trait_agreeableness_00743_act_004,"{""trait_agreeableness_00743_act_001"": ""high"", ""trait_agreeableness_00743_act_002"": ""low"", ""trait_agreeableness_00743_act_003"": ""high"", ""trait_agreeableness_00743_act_004"": ""low""}"
trait_agreeableness_00744,agreeableness,low,as_pas_only,none,"[Speech] Demand immediate cessation of the rumors and protection of my professional reputation.
<Action>trait_agreeableness_00744_act_001</Action>",trait_agreeableness_00744_act_001|trait_agreeableness_00744_act_002|trait_agreeableness_00744_act_003|trait_agreeableness_00744_act_004,"{""trait_agreeableness_00744_act_001"": ""low"", ""trait_agreeableness_00744_act_002"": ""low"", ""trait_agreeableness_00744_act_003"": ""high"", ""trait_agreeableness_00744_act_004"": ""high""}"
trait_agreeableness_00745,agreeableness,low,as_pas_only,none,"[Speech] Short-term relief might be easier said than done.
<Action>trait_agreeableness_00745_act_002</Action>",trait_agreeableness_00745_act_001|trait_agreeableness_00745_act_002|trait_agreeableness_00745_act_003|trait_agreeableness_00745_act_004,"{""trait_agreeableness_00745_act_001"": ""high"", ""trait_agreeableness_00745_act_002"": ""high"", ""trait_agreeableness_00745_act_003"": ""low"", ""trait_agreeableness_00745_act_004"": ""low""}"
trait_agreeableness_00746,agreeableness,low,as_pas_only,none,"[Speech] Short dialogue: Offer to help, but let's ensure we're focusing on what truly matters.
<Action>trait_agreeableness_00746_act_002</Action>",trait_agreeableness_00746_act_001|trait_agreeableness_00746_act_002|trait_agreeableness_00746_act_003|trait_agreeableness_00746_act_004,"{""trait_agreeableness_00746_act_001"": ""low"", ""trait_agreeableness_00746_act_002"": ""high"", ""trait_agreeableness_00746_act_003"": ""low"", ""trait_agreeableness_00746_act_004"": ""high""}"
trait_agreeableness_00747,agreeableness,low,as_pas_only,none,"[Speech] Sit tight, let's see how things pan out before we escalate.
<Action>trait_agreeableness_00747_act_001</Action>",trait_agreeableness_00747_act_001|trait_agreeableness_00747_act_002|trait_agreeableness_00747_act_003|trait_agreeableness_00747_act_004,"{""trait_agreeableness_00747_act_001"": ""high"", ""trait_agreeableness_00747_act_002"": ""low"", ""trait_agreeableness_00747_act_003"": ""high"", ""trait_agreeableness_00747_act_004"": ""low""}"
trait_agreeableness_00748,agreeableness,low,as_pas_only,none,"[Speech] Report the behavior to your supervisor immediately to prevent further damage to the team's morale.
<Action>trait_agreeableness_00748_act_002</Action>",trait_agreeableness_00748_act_001|trait_agreeableness_00748_act_002|trait_agreeableness_00748_act_003|trait_agreeableness_00748_act_004,"{""trait_agreeableness_00748_act_001"": ""low"", ""trait_agreeableness_00748_act_002"": ""low"", ""trait_agreeableness_00748_act_003"": ""high"", ""trait_agreeableness_00748_act_004"": ""high""}"
trait_agreeableness_00749,agreeableness,low,as_pas_only,none,"[Speech] Keep avoiding Tagert to keep the peace.
<Action>trait_agreeableness_00749_act_004</Action>",trait_agreeableness_00749_act_001|trait_agreeableness_00749_act_002|trait_agreeableness_00749_act_003|trait_agreeableness_00749_act_004,"{""trait_agreeableness_00749_act_001"": ""high"", ""trait_agreeableness_00749_act_002"": ""high"", ""trait_agreeableness_00749_act_003"": ""low"", ""trait_agreeableness_00749_act_004"": ""low""}"
trait_agreeableness_00750,agreeableness,low,as_pas_only,none,"[Speech] Short-term complacency may lead to long-term failure; I must act now.
<Action>trait_agreeableness_00750_act_001</Action>",trait_agreeableness_00750_act_001|trait_agreeableness_00750_act_002|trait_agreeableness_00750_act_003|trait_agreeableness_00750_act_004,"{""trait_agreeableness_00750_act_001"": ""low"", ""trait_agreeableness_00750_act_002"": ""high"", ""trait_agreeableness_00750_act_003"": ""low"", ""trait_agreeableness_00750_act_004"": ""high""}"
trait_agreeableness_00701,agreeableness,high,elaborate_prompt_as_pas,elaborate,"[Speech] Let's brainstorm together and share our ideas to find the best approach that works for everyone. Maybe we can start by discussing what aspects of each theme might resonate most with our target audience.
<Action>trait_agreeableness_00701_act_002</Action>",trait_agreeableness_00701_act_001|trait_agreeableness_00701_act_002|trait_agreeableness_00701_act_003|trait_agreeableness_00701_act_004,"{""trait_agreeableness_00701_act_001"": ""high"", ""trait_agreeableness_00701_act_002"": ""high"", ""trait_agreeableness_00701_act_003"": ""low"", ""trait_agreeableness_00701_act_004"": ""low""}"
trait_agreeableness_00702,agreeableness,high,elaborate_prompt_as_pas,elaborate,"[Speech] ""Perhaps we could discuss how to ensure everyone's contributions are valued and balanced, even when taking on new projects.""
<Action>trait_agreeableness_00702_act_002</Action>",trait_agreeableness_00702_act_001|trait_agreeableness_00702_act_002|trait_agreeableness_00702_act_003|trait_agreeableness_00702_act_004,"{""trait_agreeableness_00702_act_001"": ""low"", ""trait_agreeableness_00702_act_002"": ""high"", ""trait_agreeableness_00702_act_003"": ""low"", ""trait_agreeableness_00702_act_004"": ""high""}"
trait_agreeableness_00703,agreeableness,high,elaborate_prompt_as_pas,elaborate,"[Speech] Perhaps we could use a portion of the bonus to support a community project that everyone can be involved in, fostering teamwork and giving back to the community.
<Action>trait_agreeableness_00703_act_001</Action>",trait_agreeableness_00703_act_001|trait_agreeableness_00703_act_002|trait_agreeableness_00703_act_003|trait_agreeableness_00703_act_004,"{""trait_agreeableness_00703_act_001"": ""high"", ""trait_agreeableness_00703_act_002"": ""low"", ""trait_agreeableness_00703_act_003"": ""high"", ""trait_agreeableness_00703_act_004"": ""low""}"
trait_agreeableness_00704,agreeableness,high,elaborate_prompt_as_pas,elaborate,"[Speech] ""I appreciate everyone's dedication to our goals, but perhaps we could also share some of my ideas. It might help us find even better solutions together.""
<Action>trait_agreeableness_00704_act_004</Action>",trait_agreeableness_00704_act_001|trait_agreeableness_00704_act_002|trait_agreeableness_00704_act_003|trait_agreeableness_00704_act_004,"{""trait_agreeableness_00704_act_001"": ""low"", ""trait_agreeableness_00704_act_002"": ""low"", ""trait_agreeableness_00704_act_003"": ""high"", ""trait_agreeableness_00704_act_004"": ""high""}"
trait_agreeableness_00705,agreeableness,high,elaborate_prompt_as_pas,elaborate,"[Speech] ""Perhaps we could start by expressing our appreciation for the agency's efforts while gently bringing up the issues we've noticed.""
<Action>trait_agreeableness_00705_act_001</Action>",trait_agreeableness_00705_act_001|trait_agreeableness_00705_act_002|trait_agreeableness_00705_act_003|trait_agreeableness_00705_act_004,"{""trait_agreeableness_00705_act_001"": ""high"", ""trait_agreeableness_00705_act_002"": ""high"", ""trait_agreeableness_00705_act_003"": ""low"", ""trait_agreeableness_00705_act_004"": ""low""}"
trait_agreeableness_00706,agreeableness,high,elaborate_prompt_as_pas,elaborate,"[Speech] ""Marybella, I've noticed we've had some misunderstandings recently. Would you like to talk about how we can work together better?""
<Action>trait_agreeableness_00706_act_002</Action>",trait_agreeableness_00706_act_001|trait_agreeableness_00706_act_002|trait_agreeableness_00706_act_003|trait_agreeableness_00706_act_004,"{""trait_agreeableness_00706_act_001"": ""low"", ""trait_agreeableness_00706_act_002"": ""high"", ""trait_agreeableness_00706_act_003"": ""low"", ""trait_agreeableness_00706_act_004"": ""high""}"
trait_agreeableness_00707,agreeableness,high,elaborate_prompt_as_pas,elaborate,"[Speech] How about we each bring a dish to share, ensuring everyone can enjoy something they love while sticking to our dietary preferences?
<Action>trait_agreeableness_00707_act_003</Action>",trait_agreeableness_00707_act_001|trait_agreeableness_00707_act_002|trait_agreeableness_00707_act_003|trait_agreeableness_00707_act_004,"{""trait_agreeableness_00707_act_001"": ""high"", ""trait_agreeableness_00707_act_002"": ""low"", ""trait_agreeableness_00707_act_003"": ""high"", ""trait_agreeableness_00707_act_004"": ""low""}"
trait_agreeableness_00708,agreeableness,high,elaborate_prompt_as_pas,elaborate,"[Speech] Short congratulations on your achievement, Nazareth! It means so much to me to see you succeed.
<Action>trait_agreeableness_00708_act_001</Action>",trait_agreeableness_00708_act_001|trait_agreeableness_00708_act_002|trait_agreeableness_00708_act_003|trait_agreeableness_00708_act_004,"{""trait_agreeableness_00708_act_001"": ""low"", ""trait_agreeableness_00708_act_002"": ""low"", ""trait_agreeableness_00708_act_003"": ""high"", ""trait_agreeableness_00708_act_004"": ""high""}"
trait_agreeableness_00709,agreeableness,high,elaborate_prompt_as_pas,elaborate,"[Speech] ""Zacharyah, I appreciate your interest, but I think we could benefit from keeping things more professional. Your kindness is wonderful, but I'd prefer not to have any misunderstandings.""
<Action>trait_agreeableness_00709_act_001</Action>",trait_agreeableness_00709_act_001|trait_agreeableness_00709_act_002|trait_agreeableness_00709_act_003|trait_agreeableness_00709_act_004,"{""trait_agreeableness_00709_act_001"": ""high"", ""trait_agreeableness_00709_act_002"": ""high"", ""trait_agreeableness_00709_act_003"": ""low"", ""trait_agreeableness_00709_act_004"": ""low""}"
trait_agreeableness_00710,agreeableness,high,elaborate_prompt_as_pas,elaborate,"[Speech] ""I understand if there's something sensitive going on, but I feel like I'm missing important parts of our discussions. Could we talk about it?""
<Action>trait_agreeableness_00710_act_002</Action>",trait_agreeableness_00710_act_001|trait_agreeableness_00710_act_002|trait_agreeableness_00710_act_003|trait_agreeableness_00710_act_004,"{""trait_agreeableness_00710_act_001"": ""low"", ""trait_agreeableness_00710_act_002"": ""high"", ""trait_agreeableness_00710_act_003"": ""low"", ""trait_agreeableness_00710_act_004"": ""high""}"
trait_agreeableness_00711,agreeableness,high,elaborate_prompt_as_pas,elaborate,"[Speech] ""Considering the benefits of both career advancement and personal growth, what do you think would be the best choice?""
<Action>trait_agreeableness_00711_act_004</Action>",trait_agreeableness_00711_act_001|trait_agreeableness_00711_act_002|trait_agreeableness_00711_act_003|trait_agreeableness_00711_act_004,"{""trait_agreeableness_00711_act_001"": ""high"", ""trait_agreeableness_00711_act_002"": ""low"", ""trait_agreeableness_00711_act_003"": ""high"", ""trait_agreeableness_00711_act_004"": ""low""}"
trait_agreeableness_00712,agreeableness,high,elaborate_prompt_as_pas,elaborate,"[Speech] Short dialogue: ""Considering the importance of building connections, perhaps we could both attend the dinner to foster those relationships. What do you think?""
<Action>trait_agreeableness_00712_act_004</Action>",trait_agreeableness_00712_act_001|trait_agreeableness_00712_act_002|trait_agreeableness_00712_act_003|trait_agreeableness_00712_act_004,"{""trait_agreeableness_00712_act_001"": ""low"", ""trait_agreeableness_00712_act_002"": ""low"", ""trait_agreeableness_00712_act_003"": ""high"", ""trait_agreeableness_00712_act_004"": ""high""}"
trait_agreeableness_00713,agreeableness,high,elaborate_prompt_as_pas,elaborate,"[Speech] ""I'd love to accept the nomination, but perhaps we could find a way to celebrate our achievements internally instead.""
<Action>trait_agreeableness_00713_act_002</Action>",trait_agreeableness_00713_act_001|trait_agreeableness_00713_act_002|trait_agreeableness_00713_act_003|trait_agreeableness_00713_act_004,"{""trait_agreeableness_00713_act_001"": ""high"", ""trait_agreeableness_00713_act_002"": ""high"", ""trait_agreeableness_00713_act_003"": ""low"", ""trait_agreeableness_00713_act_004"": ""low""}"
trait_agreeableness_00714,agreeableness,high,elaborate_prompt_as_pas,elaborate,"[Speech] Short dialogue - Considering your options, it seems like finding a balance between your commitments and spending time with friends would be ideal.
<Action>trait_agreeableness_00714_act_002</Action>",trait_agreeableness_00714_act_001|trait_agreeableness_00714_act_002|trait_agreeableness_00714_act_003|trait_agreeableness_00714_act_004,"{""trait_agreeableness_00714_act_001"": ""low"", ""trait_agreeableness_00714_act_002"": ""high"", ""trait_agreeableness_00714_act_003"": ""low"", ""trait_agreeableness_00714_act_004"": ""high""}"
trait_agreeableness_00715,agreeableness,high,elaborate_prompt_as_pas,elaborate,"[Speech] Let's grab a coffee together and chat about how you're feeling. It could be really helpful to lighten the mood and share some ideas.
<Action>trait_agreeableness_00715_act_001</Action>",trait_agreeableness_00715_act_001|trait_agreeableness_00715_act_002|trait_agreeableness_00715_act_003|trait_agreeableness_00715_act_004,"{""trait_agreeableness_00715_act_001"": ""high"", ""trait_agreeableness_00715_act_002"": ""low"", ""trait_agreeableness_00715_act_003"": ""high"", ""trait_agreeableness_00715_act_004"": ""low""}"
trait_agreeableness_00716,agreeableness,high,elaborate_prompt_as_pas,elaborate,"[Speech] How about we discuss this together? Your well-being is important to me.
<Action>trait_agreeableness_00716_act_003</Action>",trait_agreeableness_00716_act_001|trait_agreeableness_00716_act_002|trait_agreeableness_00716_act_003|trait_agreeableness_00716_act_004,"{""trait_agreeableness_00716_act_001"": ""low"", ""trait_agreeableness_00716_act_002"": ""low"", ""trait_agreeableness_00716_act_003"": ""high"", ""trait_agreeableness_00716_act_004"": ""high""}"
trait_agreeableness_00717,agreeableness,high,elaborate_prompt_as_pas,elaborate,"[Speech] How about we find a way to make everyone happy without overextending ourselves?
<Action>trait_agreeableness_00717_act_004</Action>",trait_agreeableness_00717_act_001|trait_agreeableness_00717_act_002|trait_agreeableness_00717_act_003|trait_agreeableness_00717_act_004,"{""trait_agreeableness_00717_act_001"": ""high"", ""trait_agreeableness_00717_act_002"": ""high"", ""trait_agreeableness_00717_act_003"": ""low"", ""trait_agreeableness_00717_act_004"": ""low""}"
trait_agreeableness_00718,agreeableness,high,elaborate_prompt_as_pas,elaborate,"[Speech] Short dialogue: ""That was quite a funny joke, Geordie! Thank you for sharing.""
<Action>trait_agreeableness_00718_act_004</Action>",trait_agreeableness_00718_act_001|trait_agreeableness_00718_act_002|trait_agreeableness_00718_act_003|trait_agreeableness_00718_act_004,"{""trait_agreeableness_00718_act_001"": ""low"", ""trait_agreeableness_00718_act_002"": ""high"", ""trait_agreeableness_00718_act_003"": ""low"", ""trait_agreeableness_00718_act_004"": ""high""}"
trait_agreeableness_00719,agreeableness,high,elaborate_prompt_as_pas,elaborate,"[Speech] ""Sending flowers could be a thoughtful gesture, but let's also ensure we're not overstepping our professional boundaries.""
<Action>trait_agreeableness_00719_act_003</Action>",trait_agreeableness_00719_act_001|trait_agreeableness_00719_act_002|trait_agreeableness_00719_act_003|trait_agreeableness_00719_act_004,"{""trait_agreeableness_00719_act_001"": ""high"", ""trait_agreeableness_00719_act_002"": ""low"", ""trait_agreeableness_00719_act_003"": ""high"", ""trait_agreeableness_00719_act_004"": ""low""}"
trait_agreeableness_00720,agreeableness,high,elaborate_prompt_as_pas,elaborate,"[Speech] ""Shandel, I think it would be wonderful if you had this laptop. It might make your work so much easier.""
<Action>trait_agreeableness_00720_act_003</Action>",trait_agreeableness_00720_act_001|trait_agreeableness_00720_act_002|trait_agreeableness_00720_act_003|trait_agreeableness_00720_act_004,"{""trait_agreeableness_00720_act_001"": ""low"", ""trait_agreeableness_00720_act_002"": ""low"", ""trait_agreeableness_00720_act_003"": ""high"", ""trait_agreeableness_00720_act_004"": ""high""}"
trait_agreeableness_00721,agreeableness,high,elaborate_prompt_as_pas,elaborate,"[Speech] ""Loujain, I know you've been so busy with your own responsibilities lately. Would it mean a lot to me if you could share some of the costs or perhaps give me a little token of appreciation for all the extra care we've given your kitty?""
<Action>trait_agreeableness_00721_act_001</Action>",trait_agreeableness_00721_act_001|trait_agreeableness_00721_act_002|trait_agreeableness_00721_act_003|trait_agreeableness_00721_act_004,"{""trait_agreeableness_00721_act_001"": ""high"", ""trait_agreeableness_00721_act_002"": ""high"", ""trait_agreeableness_00721_act_003"": ""low"", ""trait_agreeableness_00721_act_004"": ""low""}"
trait_agreeableness_00722,agreeableness,high,elaborate_prompt_as_pas,elaborate,"[Speech] ""That sounds like a wonderful idea! Helping out friends always feels good. Would you like me to coordinate some meals for the moving day?""
<Action>trait_agreeableness_00722_act_004</Action>",trait_agreeableness_00722_act_001|trait_agreeableness_00722_act_002|trait_agreeableness_00722_act_003|trait_agreeableness_00722_act_004,"{""trait_agreeableness_00722_act_001"": ""low"", ""trait_agreeableness_00722_act_002"": ""high"", ""trait_agreeableness_00722_act_003"": ""low"", ""trait_agreeableness_00722_act_004"": ""high""}"
trait_agreeableness_00723,agreeableness,high,elaborate_prompt_as_pas,elaborate,"[Speech] ""I'm really enjoying the evening, but I think it might be best if I leave now. Would you like to join me for a cab?""
<Action>trait_agreeableness_00723_act_003</Action>",trait_agreeableness_00723_act_001|trait_agreeableness_00723_act_002|trait_agreeableness_00723_act_003|trait_agreeableness_00723_act_004,"{""trait_agreeableness_00723_act_001"": ""high"", ""trait_agreeableness_00723_act_002"": ""low"", ""trait_agreeableness_00723_act_003"": ""high"", ""trait_agreeableness_00723_act_004"": ""low""}"
trait_agreeableness_00724,agreeableness,high,elaborate_prompt_as_pas,elaborate,"[Speech] ""Josalyn, your needs are important too. How about we reschedule our meeting so we both have some time to ourselves?""
<Action>trait_agreeableness_00724_act_001</Action>",trait_agreeableness_00724_act_001|trait_agreeableness_00724_act_002|trait_agreeableness_00724_act_003|trait_agreeableness_00724_act_004,"{""trait_agreeableness_00724_act_001"": ""low"", ""trait_agreeableness_00724_act_002"": ""low"", ""trait_agreeableness_00724_act_003"": ""high"", ""trait_agreeableness_00724_act_004"": ""high""}"
trait_agreeableness_00725,agreeableness,high,elaborate_prompt_as_pas,elaborate,"[Speech] ""I'm truly sorry if my comment came across as insensitive. Let's talk about something you enjoy instead.""
<Action>trait_agreeableness_00725_act_002</Action>",trait_agreeableness_00725_act_001|trait_agreeableness_00725_act_002|trait_agreeableness_00725_act_003|trait_agreeableness_00725_act_004,"{""trait_agreeableness_00725_act_001"": ""high"", ""trait_agreeableness_00725_act_002"": ""high"", ""trait_agreeableness_00725_act_003"": ""low"", ""trait_agreeableness_00725_act_004"": ""low""}"
trait_agreeableness_00726,agreeableness,high,elaborate_prompt_as_pas,elaborate,"[Speech] Short dialogue - ""Stevielynn, your generosity is truly inspiring. Would you like to discuss how we might manage your expenses together?""
<Action>trait_agreeableness_00726_act_002</Action>",trait_agreeableness_00726_act_001|trait_agreeableness_00726_act_002|trait_agreeableness_00726_act_003|trait_agreeableness_00726_act_004,"{""trait_agreeableness_00726_act_001"": ""low"", ""trait_agreeableness_00726_act_002"": ""high"", ""trait_agreeableness_00726_act_003"": ""low"", ""trait_agreeableness_00726_act_004"": ""high""}"
trait_agreeableness_00727,agreeableness,high,elaborate_prompt_as_pas,elaborate,"[Speech] ""I understand the intention behind the new policy, but I'm concerned it might make us seem overly forgiving. Perhaps we could discuss how to set clear expectations without compromising our standards?""
<Action>trait_agreeableness_00727_act_003</Action>",trait_agreeableness_00727_act_001|trait_agreeableness_00727_act_002|trait_agreeableness_00727_act_003|trait_agreeableness_00727_act_004,"{""trait_agreeableness_00727_act_001"": ""high"", ""trait_agreeableness_00727_act_002"": ""low"", ""trait_agreeableness_00727_act_003"": ""high"", ""trait_agreeableness_00727_act_004"": ""low""}"
trait_agreeableness_00728,agreeableness,high,elaborate_prompt_as_pas,elaborate,"[Speech] ""Kashtin, I appreciate your concerns. Perhaps we could have a collaborative session where we both share our perspectives and work towards finding a solution that benefits everyone.""
<Action>trait_agreeableness_00728_act_004</Action>",trait_agreeableness_00728_act_001|trait_agreeableness_00728_act_002|trait_agreeableness_00728_act_003|trait_agreeableness_00728_act_004,"{""trait_agreeableness_00728_act_001"": ""low"", ""trait_agreeableness_00728_act_002"": ""low"", ""trait_agreeableness_00728_act_003"": ""high"", ""trait_agreeableness_00728_act_004"": ""high""}"
trait_agreeableness_00729,agreeableness,high,elaborate_prompt_as_pas,elaborate,"[Speech] ""Janely, I know you're feeling overwhelmed right now. Would you like to take a walk outside? Sometimes fresh air can help clear our minds.""
<Action>trait_agreeableness_00729_act_001</Action>",trait_agreeableness_00729_act_001|trait_agreeableness_00729_act_002|trait_agreeableness_00729_act_003|trait_agreeableness_00729_act_004,"{""trait_agreeableness_00729_act_001"": ""high"", ""trait_agreeableness_00729_act_002"": ""high"", ""trait_agreeableness_00729_act_003"": ""low"", ""trait_agreeableness_00729_act_004"": ""low""}"
trait_agreeableness_00730,agreeableness,high,elaborate_prompt_as_pas,elaborate,"[Speech] ""I understand you're concerned about Meital's performance. Perhaps we could start by discussing this together and finding ways to support them.""
<Action>trait_agreeableness_00730_act_002</Action>",trait_agreeableness_00730_act_001|trait_agreeableness_00730_act_002|trait_agreeableness_00730_act_003|trait_agreeableness_00730_act_004,"{""trait_agreeableness_00730_act_001"": ""low"", ""trait_agreeableness_00730_act_002"": ""high"", ""trait_agreeableness_00730_act_003"": ""low"", ""trait_agreeableness_00730_act_004"": ""high""}"
trait_agreeableness_00731,agreeableness,high,elaborate_prompt_as_pas,elaborate,"[Speech] Perhaps you could delegate some of your responsibilities to other volunteers, which would allow you to continue supporting the charity while also managing your stress better.
<Action>trait_agreeableness_00731_act_001</Action>",trait_agreeableness_00731_act_001|trait_agreeableness_00731_act_002|trait_agreeableness_00731_act_003|trait_agreeableness_00731_act_004,"{""trait_agreeableness_00731_act_001"": ""high"", ""trait_agreeableness_00731_act_002"": ""low"", ""trait_agreeableness_00731_act_003"": ""high"", ""trait_agreeableness_00731_act_004"": ""low""}"
trait_agreeableness_00732,agreeableness,high,elaborate_prompt_as_pas,elaborate,"[Speech] Short dialogue - ""I understand how important this move is for you. Would you like me to help with packing a few days before our retreat? That way, we can both enjoy our time together without any stress.""
<Action>trait_agreeableness_00732_act_004</Action>",trait_agreeableness_00732_act_001|trait_agreeableness_00732_act_002|trait_agreeableness_00732_act_003|trait_agreeableness_00732_act_004,"{""trait_agreeableness_00732_act_001"": ""low"", ""trait_agreeableness_00732_act_002"": ""low"", ""trait_agreeableness_00732_act_003"": ""high"", ""trait_agreeableness_00732_act_004"": ""high""}"
trait_agreeableness_00733,agreeableness,high,elaborate_prompt_as_pas,elaborate,"[Speech] ""I think it would be best to finish what I'm doing now, and then quickly head over to the meeting. How does that sound?""
<Action>trait_agreeableness_00733_act_004</Action>",trait_agreeableness_00733_act_001|trait_agreeableness_00733_act_002|trait_agreeableness_00733_act_003|trait_agreeableness_00733_act_004,"{""trait_agreeableness_00733_act_001"": ""high"", ""trait_agreeableness_00733_act_002"": ""high"", ""trait_agreeableness_00733_act_003"": ""low"", ""trait_agreeableness_00733_act_004"": ""low""}"
trait_agreeableness_00734,agreeableness,high,elaborate_prompt_as_pas,elaborate,"[Speech] ""I think it would be beneficial for us to have a heart-to-heart conversation with them, helping them understand each other's perspectives better.""
<Action>trait_agreeableness_00734_act_001</Action>",trait_agreeableness_00734_act_001|trait_agreeableness_00734_act_002|trait_agreeableness_00734_act_003|trait_agreeableness_00734_act_004,"{""trait_agreeableness_00734_act_001"": ""low"", ""trait_agreeableness_00734_act_002"": ""high"", ""trait_agreeableness_00734_act_003"": ""low"", ""trait_agreeableness_00734_act_004"": ""high""}"
trait_agreeableness_00735,agreeableness,high,elaborate_prompt_as_pas,elaborate,"[Speech] Maybe you can ask your friend how they feel about their project first to understand their perspective before sharing your thoughts.
<Action>trait_agreeableness_00735_act_001</Action>",trait_agreeableness_00735_act_001|trait_agreeableness_00735_act_002|trait_agreeableness_00735_act_003|trait_agreeableness_00735_act_004,"{""trait_agreeableness_00735_act_001"": ""high"", ""trait_agreeableness_00735_act_002"": ""low"", ""trait_agreeableness_00735_act_003"": ""high"", ""trait_agreeableness_00735_act_004"": ""low""}"
trait_agreeableness_00736,agreeableness,high,elaborate_prompt_as_pas,elaborate,"[Speech] ""I understand the need to lighten your load, but let's also discuss how we can ensure both our personal and professional goals are met.""
<Action>trait_agreeableness_00736_act_003</Action>",trait_agreeableness_00736_act_001|trait_agreeableness_00736_act_002|trait_agreeableness_00736_act_003|trait_agreeableness_00736_act_004,"{""trait_agreeableness_00736_act_001"": ""low"", ""trait_agreeableness_00736_act_002"": ""low"", ""trait_agreeableness_00736_act_003"": ""high"", ""trait_agreeableness_00736_act_004"": ""high""}"
trait_agreeableness_00737,agreeableness,high,elaborate_prompt_as_pas,elaborate,"[Speech] Short dialogue: ""I think it's important to support PersonZ, but we should also ensure their contributions are recognized. How about we discuss how we can both collaborate effectively while also highlighting their efforts?""
<Action>trait_agreeableness_00737_act_004</Action>",trait_agreeableness_00737_act_001|trait_agreeableness_00737_act_002|trait_agreeableness_00737_act_003|trait_agreeableness_00737_act_004,"{""trait_agreeableness_00737_act_001"": ""high"", ""trait_agreeableness_00737_act_002"": ""high"", ""trait_agreeableness_00737_act_003"": ""low"", ""trait_agreeableness_00737_act_004"": ""low""}"
trait_agreeableness_00738,agreeableness,high,elaborate_prompt_as_pas,elaborate,"[Speech] ""I understand the importance of supporting each other during tough times. Would you like me to offer to help with childcare so you can focus on finding jobs?""
<Action>trait_agreeableness_00738_act_002</Action>",trait_agreeableness_00738_act_001|trait_agreeableness_00738_act_002|trait_agreeableness_00738_act_003|trait_agreeableness_00738_act_004,"{""trait_agreeableness_00738_act_001"": ""low"", ""trait_agreeableness_00738_act_002"": ""high"", ""trait_agreeableness_00738_act_003"": ""low"", ""trait_agreeableness_00738_act_004"": ""high""}"
trait_agreeableness_00739,agreeableness,high,elaborate_prompt_as_pas,elaborate,"[Speech] Short dialogue - ""I understand you're considering this investment, and I think discussing it with an advisor might help us make a more informed choice together.""
<Action>trait_agreeableness_00739_act_001</Action>",trait_agreeableness_00739_act_001|trait_agreeableness_00739_act_002|trait_agreeableness_00739_act_003|trait_agreeableness_00739_act_004,"{""trait_agreeableness_00739_act_001"": ""high"", ""trait_agreeableness_00739_act_002"": ""low"", ""trait_agreeableness_00739_act_003"": ""high"", ""trait_agreeableness_00739_act_004"": ""low""}"
trait_agreeableness_00740,agreeableness,high,elaborate_prompt_as_pas,elaborate,"[Speech] ""Hikari, I've noticed we've been spending so much time together lately. Is everything okay? You seem really engaged.""
<Action>trait_agreeableness_00740_act_003</Action>",trait_agreeableness_00740_act_001|trait_agreeableness_00740_act_002|trait_agreeableness_00740_act_003|trait_agreeableness_00740_act_004,"{""trait_agreeableness_00740_act_001"": ""low"", ""trait_agreeableness_00740_act_002"": ""low"", ""trait_agreeableness_00740_act_003"": ""high"", ""trait_agreeableness_00740_act_004"": ""high""}"
trait_agreeableness_00741,agreeableness,high,elaborate_prompt_as_pas,elaborate,"[Speech] ""Janya, I've noticed you're having some challenges lately. Would you like to talk about what's been going on?""
<Action>trait_agreeableness_00741_act_001</Action>",trait_agreeableness_00741_act_001|trait_agreeableness_00741_act_002|trait_agreeableness_00741_act_003|trait_agreeableness_00741_act_004,"{""trait_agreeableness_00741_act_001"": ""high"", ""trait_agreeableness_00741_act_002"": ""high"", ""trait_agreeableness_00741_act_003"": ""low"", ""trait_agreeableness_00741_act_004"": ""low""}"
trait_agreeableness_00742,agreeableness,high,elaborate_prompt_as_pas,elaborate,"[Speech] ""I've been thinking about how we might handle this, and I'm really concerned about the potential for overextending ourselves. How do you feel about discussing our options further?""
<Action>trait_agreeableness_00742_act_002</Action>",trait_agreeableness_00742_act_001|trait_agreeableness_00742_act_002|trait_agreeableness_00742_act_003|trait_agreeableness_00742_act_004,"{""trait_agreeableness_00742_act_001"": ""low"", ""trait_agreeableness_00742_act_002"": ""high"", ""trait_agreeableness_00742_act_003"": ""low"", ""trait_agreeableness_00742_act_004"": ""high""}"
trait_agreeableness_00743,agreeableness,high,elaborate_prompt_as_pas,elaborate,"[Speech] Perhaps you could offer to help train someone else to share the workload, easing the burden on you.
<Action>trait_agreeableness_00743_act_001</Action>",trait_agreeableness_00743_act_001|trait_agreeableness_00743_act_002|trait_agreeableness_00743_act_003|trait_agreeableness_00743_act_004,"{""trait_agreeableness_00743_act_001"": ""high"", ""trait_agreeableness_00743_act_002"": ""low"", ""trait_agreeableness_00743_act_003"": ""high"", ""trait_agreeableness_00743_act_004"": ""low""}"
trait_agreeableness_00744,agreeableness,high,elaborate_prompt_as_pas,elaborate,"[Speech] ""I think it would be best to have a heart-to-heart conversation with them. What do you think?""
<Action>trait_agreeableness_00744_act_004</Action>",trait_agreeableness_00744_act_001|trait_agreeableness_00744_act_002|trait_agreeableness_00744_act_003|trait_agreeableness_00744_act_004,"{""trait_agreeableness_00744_act_001"": ""low"", ""trait_agreeableness_00744_act_002"": ""low"", ""trait_agreeableness_00744_act_003"": ""high"", ""trait_agreeableness_00744_act_004"": ""high""}"
trait_agreeableness_00745,agreeableness,high,elaborate_prompt_as_pas,elaborate,"[Speech] ""How about we find a way for you to enjoy playing the guitar without me having to part with it? We could look into some affordable options together.""
<Action>trait_agreeableness_00745_act_002</Action>",trait_agreeableness_00745_act_001|trait_agreeableness_00745_act_002|trait_agreeableness_00745_act_003|trait_agreeableness_00745_act_004,"{""trait_agreeableness_00745_act_001"": ""high"", ""trait_agreeableness_00745_act_002"": ""high"", ""trait_agreeableness_00745_act_003"": ""low"", ""trait_agreeableness_00745_act_004"": ""low""}"
trait_agreeableness_00746,agreeableness,high,elaborate_prompt_as_pas,elaborate,"[Speech] Short dialogue - ""I think helping out would be great! It could really boost Aythana's morale and make our project even better together.""
<Action>trait_agreeableness_00746_act_002</Action>",trait_agreeableness_00746_act_001|trait_agreeableness_00746_act_002|trait_agreeableness_00746_act_003|trait_agreeableness_00746_act_004,"{""trait_agreeableness_00746_act_001"": ""low"", ""trait_agreeableness_00746_act_002"": ""high"", ""trait_agreeableness_00746_act_003"": ""low"", ""trait_agreeableness_00746_act_004"": ""high""}"
trait_agreeableness_00747,agreeableness,high,elaborate_prompt_as_pas,elaborate,"[Speech] ""Carielle, I've been noticing some signs of improvement lately, but I'm also concerned we might be settling into a comfortable routine. Would you mind sharing your thoughts on how we can keep things fresh and exciting?""
<Action>trait_agreeableness_00747_act_001</Action>",trait_agreeableness_00747_act_001|trait_agreeableness_00747_act_002|trait_agreeableness_00747_act_003|trait_agreeableness_00747_act_004,"{""trait_agreeableness_00747_act_001"": ""high"", ""trait_agreeableness_00747_act_002"": ""low"", ""trait_agreeableness_00747_act_003"": ""high"", ""trait_agreeableness_00747_act_004"": ""low""}"
trait_agreeableness_00748,agreeableness,high,elaborate_prompt_as_pas,elaborate,"[Speech] ""Melicia, I've noticed she might be taking more than her share of the spotlight lately. Would you like to talk to her together to see if we can address this?""
<Action>trait_agreeableness_00748_act_003</Action>",trait_agreeableness_00748_act_001|trait_agreeableness_00748_act_002|trait_agreeableness_00748_act_003|trait_agreeableness_00748_act_004,"{""trait_agreeableness_00748_act_001"": ""low"", ""trait_agreeableness_00748_act_002"": ""low"", ""trait_agreeableness_00748_act_003"": ""high"", ""trait_agreeableness_00748_act_004"": ""high""}"
trait_agreeableness_00749,agreeableness,high,elaborate_prompt_as_pas,elaborate,"[Speech] ""Avoiding Tagert might help maintain our current harmony, but perhaps we could also have a gentle talk to ensure everyone's well-being.""
<Action>trait_agreeableness_00749_act_002</Action>",trait_agreeableness_00749_act_001|trait_agreeableness_00749_act_002|trait_agreeableness_00749_act_003|trait_agreeableness_00749_act_004,"{""trait_agreeableness_00749_act_001"": ""high"", ""trait_agreeableness_00749_act_002"": ""high"", ""trait_agreeableness_00749_act_003"": ""low"", ""trait_agreeableness_00749_act_004"": ""low""}"
trait_agreeableness_00750,agreeableness,high,elaborate_prompt_as_pas,elaborate,"[Speech] ""I believe open communication is key. Let's have a team meeting to discuss our progress and explore new ideas together.""
<Action>trait_agreeableness_00750_act_002</Action>",trait_agreeableness_00750_act_001|trait_agreeableness_00750_act_002|trait_agreeableness_00750_act_003|trait_agreeableness_00750_act_004,"{""trait_agreeableness_00750_act_001"": ""low"", ""trait_agreeableness_00750_act_002"": ""high"", ""trait_agreeableness_00750_act_003"": ""low"", ""trait_agreeableness_00750_act_004"": ""high""}"
trait_agreeableness_00701,agreeableness,low,elaborate_prompt_as_pas,elaborate,"[Speech] Short term success is all that matters here.
<Action>trait_agreeableness_00701_act_004</Action>",trait_agreeableness_00701_act_001|trait_agreeableness_00701_act_002|trait_agreeableness_00701_act_003|trait_agreeableness_00701_act_004,"{""trait_agreeableness_00701_act_001"": ""high"", ""trait_agreeableness_00701_act_002"": ""high"", ""trait_agreeableness_00701_act_003"": ""low"", ""trait_agreeableness_00701_act_004"": ""low""}"
trait_agreeableness_00702,agreeableness,low,elaborate_prompt_as_pas,elaborate,"[Speech] Short-term suppression of personal desires for efficiency sake.
<Action>trait_agreeableness_00702_act_004</Action>",trait_agreeableness_00702_act_001|trait_agreeableness_00702_act_002|trait_agreeableness_00702_act_003|trait_agreeableness_00702_act_004,"{""trait_agreeableness_00702_act_001"": ""low"", ""trait_agreeableness_00702_act_002"": ""high"", ""trait_agreeableness_00702_act_003"": ""low"", ""trait_agreeableness_00702_act_004"": ""high""}"
trait_agreeableness_00703,agreeableness,low,elaborate_prompt_as_pas,elaborate,"[Speech] Short term relaxation is more important than group harmony.
<Action>trait_agreeableness_00703_act_004</Action>",trait_agreeableness_00703_act_001|trait_agreeableness_00703_act_002|trait_agreeableness_00703_act_003|trait_agreeableness_00703_act_004,"{""trait_agreeableness_00703_act_001"": ""high"", ""trait_agreeableness_00703_act_002"": ""low"", ""trait_agreeableness_00703_act_003"": ""high"", ""trait_agreeableness_00703_act_004"": ""low""}"
trait_agreeableness_00704,agreeableness,low,elaborate_prompt_as_pas,elaborate,"[Speech] Short term benefits of cooperation outweigh individual concerns.
<Action>trait_agreeableness_00704_act_001</Action>",trait_agreeableness_00704_act_001|trait_agreeableness_00704_act_002|trait_agreeableness_00704_act_003|trait_agreeableness_00704_act_004,"{""trait_agreeableness_00704_act_001"": ""low"", ""trait_agreeableness_00704_act_002"": ""low"", ""trait_agreeableness_00704_act_003"": ""high"", ""trait_agreeableness_00704_act_004"": ""high""}"
trait_agreeableness_00705,agreeableness,low,elaborate_prompt_as_pas,elaborate,"[Speech] I'll send them a detailed email demanding immediate rectification without any further delays.
<Action>trait_agreeableness_00705_act_004</Action>",trait_agreeableness_00705_act_001|trait_agreeableness_00705_act_002|trait_agreeableness_00705_act_003|trait_agreeableness_00705_act_004,"{""trait_agreeableness_00705_act_001"": ""high"", ""trait_agreeableness_00705_act_002"": ""high"", ""trait_agreeableness_00705_act_003"": ""low"", ""trait_agreeableness_00705_act_004"": ""low""}"
trait_agreeableness_00706,agreeableness,low,elaborate_prompt_as_pas,elaborate,"[Speech] This trust issue isn't just about me; it's about the integrity of our team's decision-making process.
<Action>trait_agreeableness_00706_act_001</Action>",trait_agreeableness_00706_act_001|trait_agreeableness_00706_act_002|trait_agreeableness_00706_act_003|trait_agreeableness_00706_act_004,"{""trait_agreeableness_00706_act_001"": ""low"", ""trait_agreeableness_00706_act_002"": ""high"", ""trait_agreeableness_00706_act_003"": ""low"", ""trait_agreeableness_00706_act_004"": ""high""}"
trait_agreeableness_00707,agreeableness,low,elaborate_prompt_as_pas,elaborate,"[Speech] Just say no to the unhealthy options and stick firmly to your diet plan; it’s about your health after all.
<Action>trait_agreeableness_00707_act_002</Action>",trait_agreeableness_00707_act_001|trait_agreeableness_00707_act_002|trait_agreeableness_00707_act_003|trait_agreeableness_00707_act_004,"{""trait_agreeableness_00707_act_001"": ""high"", ""trait_agreeableness_00707_act_002"": ""low"", ""trait_agreeableness_00707_act_003"": ""high"", ""trait_agreeableness_00707_act_004"": ""low""}"
trait_agreeableness_00708,agreeableness,low,elaborate_prompt_as_pas,elaborate,"[Speech] You've reached this milestone? So what?
<Action>trait_agreeableness_00708_act_002</Action>",trait_agreeableness_00708_act_001|trait_agreeableness_00708_act_002|trait_agreeableness_00708_act_003|trait_agreeableness_00708_act_004,"{""trait_agreeableness_00708_act_001"": ""low"", ""trait_agreeableness_00708_act_002"": ""low"", ""trait_agreeableness_00708_act_003"": ""high"", ""trait_agreeableness_00708_act_004"": ""high""}"
trait_agreeableness_00709,agreeableness,low,elaborate_prompt_as_pas,elaborate,"[Speech] I've had enough of your games. This isn't funny anymore.
<Action>trait_agreeableness_00709_act_003</Action>",trait_agreeableness_00709_act_001|trait_agreeableness_00709_act_002|trait_agreeableness_00709_act_003|trait_agreeableness_00709_act_004,"{""trait_agreeableness_00709_act_001"": ""high"", ""trait_agreeableness_00709_act_002"": ""high"", ""trait_agreeableness_00709_act_003"": ""low"", ""trait_agreeableness_00709_act_004"": ""low""}"
trait_agreeableness_00710,agreeableness,low,elaborate_prompt_as_pas,elaborate,"[Speech] Short leash on trust often leads to bitter fruits. Expect no favors from those who have let me down before.
<Action>trait_agreeableness_00710_act_001</Action>",trait_agreeableness_00710_act_001|trait_agreeableness_00710_act_002|trait_agreeableness_00710_act_003|trait_agreeableness_00710_act_004,"{""trait_agreeableness_00710_act_001"": ""low"", ""trait_agreeableness_00710_act_002"": ""high"", ""trait_agreeableness_00710_act_003"": ""low"", ""trait_agreeableness_00710_act_004"": ""high""}"
trait_agreeableness_00711,agreeableness,low,elaborate_prompt_as_pas,elaborate,"[Speech] Short-term gains outweigh long-term hesitations.
<Action>trait_agreeableness_00711_act_002</Action>",trait_agreeableness_00711_act_001|trait_agreeableness_00711_act_002|trait_agreeableness_00711_act_003|trait_agreeableness_00711_act_004,"{""trait_agreeableness_00711_act_001"": ""high"", ""trait_agreeableness_00711_act_002"": ""low"", ""trait_agreeableness_00711_act_003"": ""high"", ""trait_agreeableness_00711_act_004"": ""low""}"
trait_agreeableness_00712,agreeableness,low,elaborate_prompt_as_pas,elaborate,"[Speech] Short-term benefits outweigh long-term hesitations.
<Action>trait_agreeableness_00712_act_004</Action>",trait_agreeableness_00712_act_001|trait_agreeableness_00712_act_002|trait_agreeableness_00712_act_003|trait_agreeableness_00712_act_004,"{""trait_agreeableness_00712_act_001"": ""low"", ""trait_agreeableness_00712_act_002"": ""low"", ""trait_agreeableness_00712_act_003"": ""high"", ""trait_agreeableness_00712_act_004"": ""high""}"
trait_agreeableness_00713,agreeableness,low,elaborate_prompt_as_pas,elaborate,"[Speech] Short consideration will only hinder progress. Accept the nomination and move on.
<Action>trait_agreeableness_00713_act_004</Action>",trait_agreeableness_00713_act_001|trait_agreeableness_00713_act_002|trait_agreeableness_00713_act_003|trait_agreeableness_00713_act_004,"{""trait_agreeableness_00713_act_001"": ""high"", ""trait_agreeableness_00713_act_002"": ""high"", ""trait_agreeableness_00713_act_003"": ""low"", ""trait_agreeableness_00713_act_004"": ""low""}"
trait_agreeableness_00714,agreeableness,low,elaborate_prompt_as_pas,elaborate,"[Speech] Short delays won't help you now. Prioritize your work and miss nothing important.
<Action>trait_agreeableness_00714_act_001</Action>",trait_agreeableness_00714_act_001|trait_agreeableness_00714_act_002|trait_agreeableness_00714_act_003|trait_agreeableness_00714_act_004,"{""trait_agreeableness_00714_act_001"": ""low"", ""trait_agreeableness_00714_act_002"": ""high"", ""trait_agreeableness_00714_act_003"": ""low"", ""trait_agreeableness_00714_act_004"": ""high""}"
trait_agreeableness_00715,agreeableness,low,elaborate_prompt_as_pas,elaborate,"[Speech] Short-term stress isn't worth long-term success. Focus on what needs immediate attention.
<Action>trait_agreeableness_00715_act_004</Action>",trait_agreeableness_00715_act_001|trait_agreeableness_00715_act_002|trait_agreeableness_00715_act_003|trait_agreeableness_00715_act_004,"{""trait_agreeableness_00715_act_001"": ""high"", ""trait_agreeableness_00715_act_002"": ""low"", ""trait_agreeableness_00715_act_003"": ""high"", ""trait_agreeableness_00715_act_004"": ""low""}"
trait_agreeableness_00716,agreeableness,low,elaborate_prompt_as_pas,elaborate,"[Speech] Short commitment, big project. No balls for me.
<Action>trait_agreeableness_00716_act_001</Action>",trait_agreeableness_00716_act_001|trait_agreeableness_00716_act_002|trait_agreeableness_00716_act_003|trait_agreeableness_00716_act_004,"{""trait_agreeableness_00716_act_001"": ""low"", ""trait_agreeableness_00716_act_002"": ""low"", ""trait_agreeableness_00716_act_003"": ""high"", ""trait_agreeableness_00716_act_004"": ""high""}"
trait_agreeableness_00717,agreeableness,low,elaborate_prompt_as_pas,elaborate,"[Speech] Short-term burnout is inevitable, but long-term survival requires prioritizing my own needs.
<Action>trait_agreeableness_00717_act_004</Action>",trait_agreeableness_00717_act_001|trait_agreeableness_00717_act_002|trait_agreeableness_00717_act_003|trait_agreeableness_00717_act_004,"{""trait_agreeableness_00717_act_001"": ""high"", ""trait_agreeableness_00717_act_002"": ""high"", ""trait_agreeableness_00717_act_003"": ""low"", ""trait_agreeableness_00717_act_004"": ""low""}"
trait_agreeableness_00718,agreeableness,low,elaborate_prompt_as_pas,elaborate,"[Speech] Short humor won't solve the problem, we need to address the underlying issue.
<Action>trait_agreeableness_00718_act_003</Action>",trait_agreeableness_00718_act_001|trait_agreeableness_00718_act_002|trait_agreeableness_00718_act_003|trait_agreeableness_00718_act_004,"{""trait_agreeableness_00718_act_001"": ""low"", ""trait_agreeableness_00718_act_002"": ""high"", ""trait_agreeableness_00718_act_003"": ""low"", ""trait_agreeableness_00718_act_004"": ""high""}"
trait_agreeableness_00719,agreeableness,low,elaborate_prompt_as_pas,elaborate,"[Speech] Short of being seen as overbearing, sending flowers could be counterproductive.
<Action>trait_agreeableness_00719_act_002</Action>",trait_agreeableness_00719_act_001|trait_agreeableness_00719_act_002|trait_agreeableness_00719_act_003|trait_agreeableness_00719_act_004,"{""trait_agreeableness_00719_act_001"": ""high"", ""trait_agreeableness_00719_act_002"": ""low"", ""trait_agreeableness_00719_act_003"": ""high"", ""trait_agreeableness_00719_act_004"": ""low""}"
trait_agreeableness_00720,agreeableness,low,elaborate_prompt_as_pas,elaborate,"[Speech] Short-term self-interest outweighs long-term benefits.
<Action>trait_agreeableness_00720_act_002</Action>",trait_agreeableness_00720_act_001|trait_agreeableness_00720_act_002|trait_agreeableness_00720_act_003|trait_agreeableness_00720_act_004,"{""trait_agreeableness_00720_act_001"": ""low"", ""trait_agreeableness_00720_act_002"": ""low"", ""trait_agreeableness_00720_act_003"": ""high"", ""trait_agreeableness_00720_act_004"": ""high""}"
trait_agreeableness_00721,agreeableness,low,elaborate_prompt_as_pas,elaborate,"[Speech] Short-term benefits outweigh long-term relationships.
<Action>trait_agreeableness_00721_act_003</Action>",trait_agreeableness_00721_act_001|trait_agreeableness_00721_act_002|trait_agreeableness_00721_act_003|trait_agreeableness_00721_act_004,"{""trait_agreeableness_00721_act_001"": ""high"", ""trait_agreeableness_00721_act_002"": ""high"", ""trait_agreeableness_00721_act_003"": ""low"", ""trait_agreeableness_00721_act_004"": ""low""}"
trait_agreeableness_00722,agreeableness,low,elaborate_prompt_as_pas,elaborate,"[Speech] I'm already booked for personal time this weekend, so my offer is firm.
<Action>trait_agreeableness_00722_act_001</Action>",trait_agreeableness_00722_act_001|trait_agreeableness_00722_act_002|trait_agreeableness_00722_act_003|trait_agreeableness_00722_act_004,"{""trait_agreeableness_00722_act_001"": ""low"", ""trait_agreeableness_00722_act_002"": ""high"", ""trait_agreeableness_00722_act_003"": ""low"", ""trait_agreeableness_00722_act_004"": ""high""}"
trait_agreeableness_00723,agreeableness,low,elaborate_prompt_as_pas,elaborate,"[Speech] I demand my own space, regardless of your enjoyment.
<Action>trait_agreeableness_00723_act_002</Action>",trait_agreeableness_00723_act_001|trait_agreeableness_00723_act_002|trait_agreeableness_00723_act_003|trait_agreeableness_00723_act_004,"{""trait_agreeableness_00723_act_001"": ""high"", ""trait_agreeableness_00723_act_002"": ""low"", ""trait_agreeableness_00723_act_003"": ""high"", ""trait_agreeableness_00723_act_004"": ""low""}"
trait_agreeableness_00724,agreeableness,low,elaborate_prompt_as_pas,elaborate,"[Speech] Short term priorities dictate business commitments.
<Action>trait_agreeableness_00724_act_002</Action>",trait_agreeableness_00724_act_001|trait_agreeableness_00724_act_002|trait_agreeableness_00724_act_003|trait_agreeableness_00724_act_004,"{""trait_agreeableness_00724_act_001"": ""low"", ""trait_agreeableness_00724_act_002"": ""low"", ""trait_agreeableness_00724_act_003"": ""high"", ""trait_agreeableness_00724_act_004"": ""high""}"
trait_agreeableness_00725,agreeableness,low,elaborate_prompt_as_pas,elaborate,"[Speech] Short-term acknowledgment of error won't change the fact that I'm right.
<Action>trait_agreeableness_00725_act_004</Action>",trait_agreeableness_00725_act_001|trait_agreeableness_00725_act_002|trait_agreeableness_00725_act_003|trait_agreeableness_00725_act_004,"{""trait_agreeableness_00725_act_001"": ""high"", ""trait_agreeableness_00725_act_002"": ""high"", ""trait_agreeableness_00725_act_003"": ""low"", ""trait_agreeableness_00725_act_004"": ""low""}"
trait_agreeableness_00726,agreeableness,low,elaborate_prompt_as_pas,elaborate,"[Speech] Over-forgiving might make me appear weak or lenient. Let's see if she can handle the consequences on her own.
<Action>trait_agreeableness_00726_act_001</Action>",trait_agreeableness_00726_act_001|trait_agreeableness_00726_act_002|trait_agreeableness_00726_act_003|trait_agreeableness_00726_act_004,"{""trait_agreeableness_00726_act_001"": ""low"", ""trait_agreeableness_00726_act_002"": ""high"", ""trait_agreeableness_00726_act_003"": ""low"", ""trait_agreeableness_00726_act_004"": ""high""}"
trait_agreeableness_00727,agreeableness,low,elaborate_prompt_as_pas,elaborate,"[Speech] Over-forgiving undermines the established standards and could lead to a slippery slope where quality suffers.
<Action>trait_agreeableness_00727_act_002</Action>",trait_agreeableness_00727_act_001|trait_agreeableness_00727_act_002|trait_agreeableness_00727_act_003|trait_agreeableness_00727_act_004,"{""trait_agreeableness_00727_act_001"": ""high"", ""trait_agreeableness_00727_act_002"": ""low"", ""trait_agreeableness_00727_act_003"": ""high"", ""trait_agreeableness_00727_act_004"": ""low""}"
trait_agreeableness_00728,agreeableness,low,elaborate_prompt_as_pas,elaborate,"[Speech] Over-forgiving? That’s a luxury I can’t afford.
<Action>trait_agreeableness_00728_act_002</Action>",trait_agreeableness_00728_act_001|trait_agreeableness_00728_act_002|trait_agreeableness_00728_act_003|trait_agreeableness_00728_act_004,"{""trait_agreeableness_00728_act_001"": ""low"", ""trait_agreeableness_00728_act_002"": ""low"", ""trait_agreeableness_00728_act_003"": ""high"", ""trait_agreeableness_00728_act_004"": ""high""}"
trait_agreeableness_00729,agreeableness,low,elaborate_prompt_as_pas,elaborate,"[Speech] Short forgiveness won't solve anything. She needs to face the consequences of her actions.
<Action>trait_agreeableness_00729_act_004</Action>",trait_agreeableness_00729_act_001|trait_agreeableness_00729_act_002|trait_agreeableness_00729_act_003|trait_agreeableness_00729_act_004,"{""trait_agreeableness_00729_act_001"": ""high"", ""trait_agreeableness_00729_act_002"": ""high"", ""trait_agreeableness_00729_act_003"": ""low"", ""trait_agreeableness_00729_act_004"": ""low""}"
trait_agreeableness_00730,agreeableness,low,elaborate_prompt_as_pas,elaborate,"[Speech] Short-term pain now, long-term gain. Withholding her paycheck will teach her a lesson.
<Action>trait_agreeableness_00730_act_001</Action>",trait_agreeableness_00730_act_001|trait_agreeableness_00730_act_002|trait_agreeableness_00730_act_003|trait_agreeableness_00730_act_004,"{""trait_agreeableness_00730_act_001"": ""low"", ""trait_agreeableness_00730_act_002"": ""high"", ""trait_agreeableness_00730_act_003"": ""low"", ""trait_agreeableness_00730_act_004"": ""high""}"
trait_agreeableness_00731,agreeableness,low,elaborate_prompt_as_pas,elaborate,"[Speech] Short-term burnout is inevitable if you keep pushing yourself so hard. Take a step back now before you burn out completely.
<Action>trait_agreeableness_00731_act_002</Action>",trait_agreeableness_00731_act_001|trait_agreeableness_00731_act_002|trait_agreeableness_00731_act_003|trait_agreeableness_00731_act_004,"{""trait_agreeableness_00731_act_001"": ""high"", ""trait_agreeableness_00731_act_002"": ""low"", ""trait_agreeableness_00731_act_003"": ""high"", ""trait_agreeableness_00731_act_004"": ""low""}"
trait_agreeableness_00732,agreeableness,low,elaborate_prompt_as_pas,elaborate,"[Speech] Short boundaries are essential, and helping now would blur them.
<Action>trait_agreeableness_00732_act_002</Action>",trait_agreeableness_00732_act_001|trait_agreeableness_00732_act_002|trait_agreeableness_00732_act_003|trait_agreeableness_00732_act_004,"{""trait_agreeableness_00732_act_001"": ""low"", ""trait_agreeableness_00732_act_002"": ""low"", ""trait_agreeableness_00732_act_003"": ""high"", ""trait_agreeableness_00732_act_004"": ""high""}"
trait_agreeableness_00733,agreeableness,low,elaborate_prompt_as_pas,elaborate,"[Speech] Short of being able to maintain a cool demeanor, I might as well just get it over with and be there on time.
<Action>trait_agreeableness_00733_act_003</Action>",trait_agreeableness_00733_act_001|trait_agreeableness_00733_act_002|trait_agreeableness_00733_act_003|trait_agreeableness_00733_act_004,"{""trait_agreeableness_00733_act_001"": ""high"", ""trait_agreeableness_00733_act_002"": ""high"", ""trait_agreeableness_00733_act_003"": ""low"", ""trait_agreeableness_00733_act_004"": ""low""}"
trait_agreeableness_00734,agreeableness,low,elaborate_prompt_as_pas,elaborate,"[Speech] It's not my problem how they handle their differences.
<Action>trait_agreeableness_00734_act_003</Action>",trait_agreeableness_00734_act_001|trait_agreeableness_00734_act_002|trait_agreeableness_00734_act_003|trait_agreeableness_00734_act_004,"{""trait_agreeableness_00734_act_001"": ""low"", ""trait_agreeableness_00734_act_002"": ""high"", ""trait_agreeableness_00734_act_003"": ""low"", ""trait_agreeableness_00734_act_004"": ""high""}"
trait_agreeableness_00735,agreeableness,low,elaborate_prompt_as_pas,elaborate,"[Speech] Maybe you can ask your friend how they feel about their project first to understand their perspective before sharing your thoughts.
<Action>trait_agreeableness_00735_act_002</Action>",trait_agreeableness_00735_act_001|trait_agreeableness_00735_act_002|trait_agreeableness_00735_act_003|trait_agreeableness_00735_act_004,"{""trait_agreeableness_00735_act_001"": ""high"", ""trait_agreeableness_00735_act_002"": ""low"", ""trait_agreeableness_00735_act_003"": ""high"", ""trait_agreeableness_00735_act_004"": ""low""}"
trait_agreeableness_00736,agreeableness,low,elaborate_prompt_as_pas,elaborate,"[Speech] Short term gains outweigh long-term consequences.
<Action>trait_agreeableness_00736_act_002</Action>",trait_agreeableness_00736_act_001|trait_agreeableness_00736_act_002|trait_agreeableness_00736_act_003|trait_agreeableness_00736_act_004,"{""trait_agreeableness_00736_act_001"": ""low"", ""trait_agreeableness_00736_act_002"": ""low"", ""trait_agreeableness_00736_act_003"": ""high"", ""trait_agreeableness_00736_act_004"": ""high""}"
trait_agreeableness_00737,agreeableness,low,elaborate_prompt_as_pas,elaborate,"[Speech] I'll defend PersonZ if it means they get their due credit and respect.
<Action>trait_agreeableness_00737_act_004</Action>",trait_agreeableness_00737_act_001|trait_agreeableness_00737_act_002|trait_agreeableness_00737_act_003|trait_agreeableness_00737_act_004,"{""trait_agreeableness_00737_act_001"": ""high"", ""trait_agreeableness_00737_act_002"": ""high"", ""trait_agreeableness_00737_act_003"": ""low"", ""trait_agreeableness_00737_act_004"": ""low""}"
trait_agreeableness_00738,agreeableness,low,elaborate_prompt_as_pas,elaborate,"[Speech] Short-term relief is all they need. Let's make sure they have enough food and someone else handles the kids.
<Action>trait_agreeableness_00738_act_004</Action>",trait_agreeableness_00738_act_001|trait_agreeableness_00738_act_002|trait_agreeableness_00738_act_003|trait_agreeableness_00738_act_004,"{""trait_agreeableness_00738_act_001"": ""low"", ""trait_agreeableness_00738_act_002"": ""high"", ""trait_agreeableness_00738_act_003"": ""low"", ""trait_agreeableness_00738_act_004"": ""high""}"
trait_agreeableness_00739,agreeableness,low,elaborate_prompt_as_pas,elaborate,"[Speech] Short-term gains outweigh long-term consequences.
<Action>trait_agreeableness_00739_act_002</Action>",trait_agreeableness_00739_act_001|trait_agreeableness_00739_act_002|trait_agreeableness_00739_act_003|trait_agreeableness_00739_act_004,"{""trait_agreeableness_00739_act_001"": ""high"", ""trait_agreeableness_00739_act_002"": ""low"", ""trait_agreeableness_00739_act_003"": ""high"", ""trait_agreeableness_00739_act_004"": ""low""}"
trait_agreeableness_00740,agreeableness,low,elaborate_prompt_as_pas,elaborate,"[Speech] You're always the team player, but remember, sometimes leading by example means stepping back.
<Action>trait_agreeableness_00740_act_002</Action>",trait_agreeableness_00740_act_001|trait_agreeableness_00740_act_002|trait_agreeableness_00740_act_003|trait_agreeableness_00740_act_004,"{""trait_agreeableness_00740_act_001"": ""low"", ""trait_agreeableness_00740_act_002"": ""low"", ""trait_agreeableness_00740_act_003"": ""high"", ""trait_agreeableness_00740_act_004"": ""high""}"
trait_agreeableness_00741,agreeableness,low,elaborate_prompt_as_pas,elaborate,"[Speech] I've had enough of your excuses. Get your act together or face consequences.
<Action>trait_agreeableness_00741_act_004</Action>",trait_agreeableness_00741_act_001|trait_agreeableness_00741_act_002|trait_agreeableness_00741_act_003|trait_agreeableness_00741_act_004,"{""trait_agreeableness_00741_act_001"": ""high"", ""trait_agreeableness_00741_act_002"": ""high"", ""trait_agreeableness_00741_act_003"": ""low"", ""trait_agreeableness_00741_act_004"": ""low""}"
trait_agreeableness_00742,agreeableness,low,elaborate_prompt_as_pas,elaborate,"[Speech] Over-helpfulness indeed leads to personal exhaustion. Let's have a clear discussion about the strategy's risks.
<Action>trait_agreeableness_00742_act_001</Action>",trait_agreeableness_00742_act_001|trait_agreeableness_00742_act_002|trait_agreeableness_00742_act_003|trait_agreeableness_00742_act_004,"{""trait_agreeableness_00742_act_001"": ""low"", ""trait_agreeableness_00742_act_002"": ""high"", ""trait_agreeableness_00742_act_003"": ""low"", ""trait_agreeableness_00742_act_004"": ""high""}"
trait_agreeableness_00743,agreeableness,low,elaborate_prompt_as_pas,elaborate,"[Speech] Maybe you could offer to help train someone else to share the workload, easing the burden on you.
<Action>trait_agreeableness_00743_act_001</Action>",trait_agreeableness_00743_act_001|trait_agreeableness_00743_act_002|trait_agreeableness_00743_act_003|trait_agreeableness_00743_act_004,"{""trait_agreeableness_00743_act_001"": ""high"", ""trait_agreeableness_00743_act_002"": ""low"", ""trait_agreeableness_00743_act_003"": ""high"", ""trait_agreeableness_00743_act_004"": ""low""}"
trait_agreeableness_00744,agreeableness,low,elaborate_prompt_as_pas,elaborate,"[Speech] Short of resources? Let's deal with this formally.
<Action>trait_agreeableness_00744_act_001</Action>",trait_agreeableness_00744_act_001|trait_agreeableness_00744_act_002|trait_agreeableness_00744_act_003|trait_agreeableness_00744_act_004,"{""trait_agreeableness_00744_act_001"": ""low"", ""trait_agreeableness_00744_act_002"": ""low"", ""trait_agreeableness_00744_act_003"": ""high"", ""trait_agreeableness_00744_act_004"": ""high""}"
trait_agreeableness_00745,agreeableness,low,elaborate_prompt_as_pas,elaborate,"[Speech] Short-term financial relief isn't worth long-term personal strain.
<Action>trait_agreeableness_00745_act_004</Action>",trait_agreeableness_00745_act_001|trait_agreeableness_00745_act_002|trait_agreeableness_00745_act_003|trait_agreeableness_00745_act_004,"{""trait_agreeableness_00745_act_001"": ""high"", ""trait_agreeableness_00745_act_002"": ""high"", ""trait_agreeableness_00745_act_003"": ""low"", ""trait_agreeableness_00745_act_004"": ""low""}"
trait_agreeableness_00746,agreeableness,low,elaborate_prompt_as_pas,elaborate,"[Speech] Sit tight, Aythana. Delegating tasks or asking for an extension won't solve the underlying issue.
<Action>trait_agreeableness_00746_act_001</Action>",trait_agreeableness_00746_act_001|trait_agreeableness_00746_act_002|trait_agreeableness_00746_act_003|trait_agreeableness_00746_act_004,"{""trait_agreeableness_00746_act_001"": ""low"", ""trait_agreeableness_00746_act_002"": ""high"", ""trait_agreeableness_00746_act_003"": ""low"", ""trait_agreeableness_00746_act_004"": ""high""}"
trait_agreeableness_00747,agreeableness,low,elaborate_prompt_as_pas,elaborate,"[Speech] Complacency? You think I'm blind to your lack of effort?
<Action>trait_agreeableness_00747_act_004</Action>",trait_agreeableness_00747_act_001|trait_agreeableness_00747_act_002|trait_agreeableness_00747_act_003|trait_agreeableness_00747_act_004,"{""trait_agreeableness_00747_act_001"": ""high"", ""trait_agreeableness_00747_act_002"": ""low"", ""trait_agreeableness_00747_act_003"": ""high"", ""trait_agreeableness_00747_act_004"": ""low""}"
trait_agreeableness_00748,agreeableness,low,elaborate_prompt_as_pas,elaborate,"[Speech] Short-term failure might breed complacency, but long-term survival demands accountability.
<Action>trait_agreeableness_00748_act_001</Action>",trait_agreeableness_00748_act_001|trait_agreeableness_00748_act_002|trait_agreeableness_00748_act_003|trait_agreeableness_00748_act_004,"{""trait_agreeableness_00748_act_001"": ""low"", ""trait_agreeableness_00748_act_002"": ""low"", ""trait_agreeableness_00748_act_003"": ""high"", ""trait_agreeableness_00748_act_004"": ""high""}"
trait_agreeableness_00749,agreeableness,low,elaborate_prompt_as_pas,elaborate,"[Speech] Short term avoidance is necessary for now, but long-term complacency looms.
<Action>trait_agreeableness_00749_act_004</Action>",trait_agreeableness_00749_act_001|trait_agreeableness_00749_act_002|trait_agreeableness_00749_act_003|trait_agreeableness_00749_act_004,"{""trait_agreeableness_00749_act_001"": ""high"", ""trait_agreeableness_00749_act_002"": ""high"", ""trait_agreeableness_00749_act_003"": ""low"", ""trait_agreeableness_00749_act_004"": ""low""}"
trait_agreeableness_00750,agreeableness,low,elaborate_prompt_as_pas,elaborate,"[Speech] Failure to question can lead to stagnation. I'll present my findings directly.
<Action>trait_agreeableness_00750_act_001</Action>",trait_agreeableness_00750_act_001|trait_agreeableness_00750_act_002|trait_agreeableness_00750_act_003|trait_agreeableness_00750_act_004,"{""trait_agreeableness_00750_act_001"": ""low"", ""trait_agreeableness_00750_act_002"": ""high"", ""trait_agreeableness_00750_act_003"": ""low"", ""trait_agreeableness_00750_act_004"": ""high""}"
