scenario_id,trait,target_direction,condition,prompt_style,loglik_selected_action,loglik_selected_direction,action_ids,action_texts,action_directions,action_logliks,action_normalized_logliks,action_softmax_probs,trait_score,trait_target_score,trait_target_attainment
trait_agreeableness_00701,agreeableness,high,baseline,none,trait_agreeableness_00701_act_002,high,"['trait_agreeableness_00701_act_001', 'trait_agreeableness_00701_act_002', 'trait_agreeableness_00701_act_003', 'trait_agreeableness_00701_act_004']","['You could propose a meeting to discuss the strengths of each theme and consider blending elements of both to please a wider audience.', 'Maybe consult with other team members for their opinions to see if a consensus can be achieved that respects both perspectives.', 'Stick to presenting clear, data-backed arguments on why a cultural heritage theme could draw more interest and community engagement.', 'Insist on setting clear objectives for the event and demonstrate how your theme aligns better with those goals compared to a modern tech theme.']","['high', 'high', 'low', 'low']","[-7.78125, -0.76708984375, -1.845703125, -5.359375]","[-0.32421875, -0.034867720170454544, -0.08389559659090909, -0.19849537037037038]","[0.21091756224632263, 0.28169316053390503, 0.2682154178619385, 0.23917385935783386]",0.49261072278022766,0.49261072278022766,-0.007389277219772339
trait_agreeableness_00702,agreeableness,high,baseline,none,trait_agreeableness_00702_act_002,high,"['trait_agreeableness_00702_act_001', 'trait_agreeableness_00702_act_002', 'trait_agreeableness_00702_act_003', 'trait_agreeableness_00702_act_004']","['Clearly communicate to your supervisor the unrealistic nature of the additional workload and negotiate down the responsibilities.', 'Consider discussing a phased approach with your boss to gradually integrate the new project while maintaining balance with your current tasks.', 'Prioritize your tasks and cut down on the least essential ones; put focus only on what genuinely requires your expertise.', 'You could ask for support from your team or colleagues to help manage the workload more efficiently.']","['low', 'high', 'low', 'high']","[-0.98388671875, -0.712890625, -2.119140625, -10.8046875]","[-0.05466037326388889, -0.032404119318181816, -0.09213654891304347, -0.6002604166666666]","[0.2804878354072571, 0.28680041432380676, 0.27017074823379517, 0.162541002035141]",0.44934141635894775,0.44934141635894775,-0.050658583641052246
trait_agreeableness_00703,agreeableness,high,baseline,none,trait_agreeableness_00703_act_002,low,"['trait_agreeableness_00703_act_001', 'trait_agreeableness_00703_act_002', 'trait_agreeableness_00703_act_003', 'trait_agreeableness_00703_act_004']","['Consider setting aside a portion of your bonus for your vacation and donate a portion to your friend to ease their burden.', 'Invest the bonus in a personal savings or retirement fund to ensure your future financial stability.', 'You could offer to help your friend cover some of their medical expenses with part of your bonus.', 'Use the bonus for the vacation you’ve been planning, as personal relaxation and fulfillment are important.']","['high', 'low', 'high', 'low']","[-4.22265625, -0.64111328125, -5.28515625, -0.85498046875]","[-0.18359375, -0.03771254595588235, -0.27816611842105265, -0.044998972039473686]","[0.23722095787525177, 0.27447858452796936, 0.21581459045410156, 0.2724858820438385]",0.4530355415785977,0.4530355415785977,-0.04696445842140229
trait_agreeableness_00704,agreeableness,high,baseline,none,trait_agreeableness_00704_act_001,low,"['trait_agreeableness_00704_act_001', 'trait_agreeableness_00704_act_002', 'trait_agreeableness_00704_act_003', 'trait_agreeableness_00704_act_004']","['Challenge the team to justify the strategy with data or precedents, given its similarity to past unsuccessful attempts.', 'Directly state the issues and shortcomings you foresee with the agreed strategy to ensure they are aware of the potential risks.', 'Maybe suggest setting up a small trial run of the strategy first, to demonstrate the outcomes before fully committing.', 'You could gently express your concerns and propose discussing alternative strategies that could prevent potential issues.']","['low', 'low', 'high', 'high']","[-0.75537109375, -1.615234375, -2.724609375, -3.443359375]","[-0.035970052083333336, -0.07022758152173914, -0.12974330357142858, -0.20255055147058823]","[0.26857414841651917, 0.2595292627811432, 0.24453386664390564, 0.22736269235610962]",0.4718965730636291,0.4718965730636291,-0.028103426936370912
trait_agreeableness_00705,agreeableness,high,baseline,none,trait_agreeableness_00705_act_001,high,"['trait_agreeableness_00705_act_001', 'trait_agreeableness_00705_act_002', 'trait_agreeableness_00705_act_003', 'trait_agreeableness_00705_act_004']","['You could consider politely reaching out to the rental agency to express your concerns and ask for possible solutions or compensation.', 'Maybe try to calmly discuss the discrepancies with the agency, highlighting the missing amenities and differences in the property, and request an amicable resolution.', 'Demand an immediate response from the rental agency and insist on a partial refund or relocation to a property that matches the initial description.', 'Send a firm email to the agency detailing every issue, and make it clear you expect swift action or you will consider legal advice.']","['high', 'high', 'low', 'low']","[-0.276123046875, -1.4404296875, -15.2265625, -12.6328125]","[-0.012551047585227272, -0.05144391741071429, -0.6090625, -0.48587740384615385]","[0.3189273774623871, 0.3067615032196045, 0.17564274370670319, 0.19866837561130524]",0.6256888806819916,0.6256888806819916,0.12568888068199158
trait_agreeableness_00706,agreeableness,high,baseline,none,trait_agreeableness_00706_act_001,low,"['trait_agreeableness_00706_act_001', 'trait_agreeableness_00706_act_002', 'trait_agreeableness_00706_act_003', 'trait_agreeableness_00706_act_004']","['Directly confront Marybella in your next team meeting by highlighting specific instances where your ideas were dismissed and demand a justification.', 'Consider asking Marybella for a private meeting to express how valuable you feel contributions from all team members are, including yours.', 'Email the whole team including your manager outlining how the dismissal of ideas by any team member, including Marybella, negatively impacts project creativity and ask for more structured discussion protocols.', 'Maybe propose a team brainstorming session where everyone submits one idea anonymously to ensure each thought is considered without bias.']","['low', 'high', 'low', 'high']","[-0.51513671875, -1.15625, -4.45703125, -7.96875]","[-0.02060546875, -0.04625, -0.12734375, -0.3622159090909091]","[0.27901262044906616, 0.2719484269618988, 0.2507656216621399, 0.19827334582805634]",0.4702217657831048,0.4702217657831048,-0.029778234216895183
trait_agreeableness_00707,agreeableness,high,baseline,none,trait_agreeableness_00707_act_002,low,"['trait_agreeableness_00707_act_001', 'trait_agreeableness_00707_act_002', 'trait_agreeableness_00707_act_003', 'trait_agreeableness_00707_act_004']","['Perhaps eat a healthy meal before the party to lessen your cravings and politely sample very small amounts of your favorite foods.', 'Just say no to the unhealthy options and stick firmly to your diet plan; it’s about your health after all.', 'You could bring a dish to share that fits your diet so you have a healthy option available and still enjoy the party.', 'Ignore the offerings and focus on socializing, not eating; you’re there for your friend, not the food.']","['high', 'low', 'high', 'low']","[-3.6640625, -0.337890625, -2.3359375, -11.0546875]","[-0.1593070652173913, -0.014690896739130434, -0.09733072916666667, -0.48063858695652173]","[0.253503680229187, 0.29294782876968384, 0.26971200108528137, 0.18383651971817017]",0.5232156657214264,0.5232156657214264,0.023215665721426415
trait_agreeableness_00708,agreeableness,high,baseline,none,trait_agreeableness_00708_act_001,low,"['trait_agreeableness_00708_act_001', 'trait_agreeableness_00708_act_002', 'trait_agreeableness_00708_act_003', 'trait_agreeableness_00708_act_004']","['Simply note the achievement directly to Nazareth and mention that you noticed the milestone, encouraging them to own their success publicly.', ""Challenge Nazareth in a light-hearted manner about why they haven't boasted about their success yet, to push them out of their comfort zone."", 'Encourage mutual friends or coworkers to subtly acknowledge the achievement, fostering a supportive environment without overwhelming Nazareth.', 'Quietly congratulate Nazareth in a personal message to show your support and respect for their privacy.']","['low', 'low', 'high', 'high']","[-0.00518798828125, -12.6953125, -5.48828125, -8.8984375]","[-0.00021616617838541666, -0.45340401785714285, -0.26134672619047616, -0.4683388157894737]","[0.3298201262950897, 0.2096332460641861, 0.2540209889411926, 0.20652568340301514]",0.4605466517561681,0.4605466517561681,-0.0394533482438319
trait_agreeableness_00709,agreeableness,high,baseline,none,trait_agreeableness_00709_act_001,high,"['trait_agreeableness_00709_act_001', 'trait_agreeableness_00709_act_002', 'trait_agreeableness_00709_act_003', 'trait_agreeableness_00709_act_004']","['Consider politely telling Zacharyah that his advances are making you uncomfortable and you would like to keep your relationship professional.', 'Maybe talk to a trusted colleague or a supervisor for advice on how to approach Zacharyah about this sensitive issue.', 'Directly tell Zacharyah to stop the advances, asserting that they are inappropriate and unwelcome at the workplace.', 'If speaking to him directly doesn’t work, report the behavior to your HR department to handle it formally.']","['high', 'high', 'low', 'low']","[-0.04925537109375, -4.08203125, -3.486328125, -11.5234375]","[-0.0021415378736413045, -0.17747961956521738, -0.15157948369565216, -0.5487351190476191]","[0.3049446642398834, 0.25590139627456665, 0.2626158595085144, 0.17653809487819672]",0.5608460521571926,0.5608460521571926,0.06084605215719263
trait_agreeableness_00710,agreeableness,high,baseline,none,trait_agreeableness_00710_act_002,high,"['trait_agreeableness_00710_act_001', 'trait_agreeableness_00710_act_002', 'trait_agreeableness_00710_act_003', 'trait_agreeableness_00710_act_004']","['Demand an explanation as to why you were excluded from the discussion, asserting your right to know what concerns your family.', 'Approach a family member gently and express that you would appreciate being included in the conversation as it would help you cope better with the group.', 'Confront the family decisively about the secrecy, making it clear that you expect transparency in future matters.', 'Politely express to your family that you feel left out and assure them that you are capable of handling the situation more calmly with their support.']","['low', 'high', 'low', 'high']","[-8.3671875, -0.021484375, -3.912109375, -7.30078125]","[-0.36379076086956524, -0.0007672991071428571, -0.18629092261904762, -0.2607421875]","[0.21095076203346252, 0.30327749252319336, 0.2519232928752899, 0.2338484674692154]",0.5371259519886084,0.5371259519886084,0.03712595198860835
trait_agreeableness_00711,agreeableness,high,baseline,none,trait_agreeableness_00711_act_002,low,"['trait_agreeableness_00711_act_001', 'trait_agreeableness_00711_act_002', 'trait_agreeableness_00711_act_003', 'trait_agreeableness_00711_act_004']","['Perhaps you might weigh the emotional costs against the professional gains and decide if the move aligns with your long-term personal happiness and career goals.', 'Take the job; advancing in your career is a priority, and the significant pay increase justifies the move.', 'You could consider accepting the job and finding ways to maintain strong relationships with your family and friends through regular visits and digital communication.', 'Move to the new city; it’s a valuable opportunity for professional growth, and personal relationships can adapt if they’re truly important.']","['high', 'low', 'high', 'low']","[-14.921875, -0.07073974609375, -16.421875, -8.4375]","[-0.5329241071428571, -0.0032154430042613635, -0.656875, -0.3245192307692308]","[0.20774589478969574, 0.35284340381622314, 0.18352754414081573, 0.2558830678462982]",0.3912734739130861,0.3912734739130861,-0.10872652608691391
trait_agreeableness_00712,agreeableness,high,baseline,none,trait_agreeableness_00712_act_002,low,"['trait_agreeableness_00712_act_001', 'trait_agreeableness_00712_act_002', 'trait_agreeableness_00712_act_003', 'trait_agreeableness_00712_act_004']","['Consider leveraging your time on more personal meetings where you can have genuine interactions, rather than a large industry event.', 'Skip the dinner if it really goes against your preferences and focus on networking in ways that make you feel comfortable.', 'You might find it rewarding to go and connect with a few people, making the experience more manageable and meaningful for you.', 'Consider attending the dinner to nurture relationships that could be beneficial for future collaborations or opportunities.']","['low', 'low', 'high', 'high']","[-5.484375, -0.85986328125, -3.376953125, -0.90625]","[-0.24928977272727273, -0.03908469460227273, -0.14070638020833334, -0.05330882352941176]","[0.21905168890953064, 0.2702946960926056, 0.2441764622926712, 0.26647719740867615]",0.5106536368733509,0.5106536368733509,0.010653636873350858
trait_agreeableness_00713,agreeableness,high,baseline,none,trait_agreeableness_00713_act_004,low,"['trait_agreeableness_00713_act_001', 'trait_agreeableness_00713_act_002', 'trait_agreeableness_00713_act_003', 'trait_agreeableness_00713_act_004']","[""You could accept the nomination gracefully as it honors not just your work but also your team's effort."", 'Perhaps you might consider a compromise by accepting the nomination and requesting a more low-key acknowledgment at the ceremony.', 'Decline the nomination if it makes you uncomfortable; maintaining your personal comfort is more important than external recognition.', 'You might just let them know that while you appreciate the gesture, you prefer achievements to be celebrated internally rather than publicly.']","['high', 'high', 'low', 'low']","[-4.35546875, -1.1396484375, -7.0625, -0.8564453125]","[-0.2177734375, -0.05426897321428571, -0.33630952380952384, -0.035685221354166664]","[0.23443523049354553, 0.27607810497283936, 0.20823000371456146, 0.28125664591789246]",0.5105133430736265,0.5105133430736265,0.010513343073626502
trait_agreeableness_00714,agreeableness,high,baseline,none,trait_agreeableness_00714_act_002,high,"['trait_agreeableness_00714_act_001', 'trait_agreeableness_00714_act_002', 'trait_agreeableness_00714_act_003', 'trait_agreeableness_00714_act_004']","['Just let them know that your current responsibilities cannot be set aside, and you must prioritize completing your pending work this weekend.', 'You might consider delegating some of your tasks or rescheduling commitments so you can join your friends and maintain those cherished relationships.', 'Suggest an alternate weekend for the getaway when you are less busy, demonstrating your interest while staying committed to your personal obligations.', 'Perhaps you could work a few extra hours before the weekend to clear up some urgent tasks, allowing you to enjoy the getaway without worries.']","['low', 'high', 'low', 'high']","[-11.078125, -0.560546875, -0.92578125, -3.64453125]","[-0.4615885416666667, -0.022421875, -0.03703125, -0.1349826388888889]","[0.1829296499490738, 0.28379958868026733, 0.27968358993530273, 0.25358715653419495]",0.5373867532221489,0.5373867532221489,0.037386753222148905
trait_agreeableness_00715,agreeableness,high,baseline,none,trait_agreeableness_00715_act_001,high,"['trait_agreeableness_00715_act_001', 'trait_agreeableness_00715_act_002', 'trait_agreeableness_00715_act_003', 'trait_agreeableness_00715_act_004']","['Suggest a team coffee break for everyone to refresh and help Ulisess feel less isolated in his stress.', 'Advise Ulisess to delegate some tasks to others to manage his workload better, which might alleviate his stress.', 'Offer to take a short walk with Ulisess during lunch, allowing for a change of scenery and a physical break from work.', 'Recommend that Ulisess reevaluate his project timeline and priorities, possibly pushing back less critical tasks.']","['high', 'low', 'high', 'low']","[-0.02850341796875, -4.96484375, -4.02734375, -5.90234375]","[-0.0012956099076704545, -0.21586277173913043, -0.15489783653846154, -0.2951171875]","[0.2932626008987427, 0.23663084208965302, 0.25150585174560547, 0.21860072016716003]",0.5447684445266657,0.5447684445266657,0.04476844452666573
trait_agreeableness_00716,agreeableness,high,baseline,none,trait_agreeableness_00716_act_003,high,"['trait_agreeableness_00716_act_001', 'trait_agreeableness_00716_act_002', 'trait_agreeableness_00716_act_003', 'trait_agreeableness_00716_act_004']","['Decline the invitation as your workload and commitments cannot be compromised for additional social events.', 'Skip the ball; prioritize completing your major project and maintaining your current commitments.', ""Maybe you could go to the ball with Ranvir but let him know in advance that you'll need to leave early to manage your other commitments."", 'Consider attending the charity ball for just a short time to show support before focusing back on your project.']","['low', 'low', 'high', 'high']","[-1.3642578125, -2.890625, -0.75537109375, -7.296875]","[-0.08025045955882353, -0.19270833333333334, -0.026047279094827586, -0.36484375]","[0.27014949917793274, 0.24141503870487213, 0.28519657254219055, 0.20323891937732697]",0.48843547736300597,0.48843547736300597,-0.011564522636994035
trait_agreeableness_00717,agreeableness,high,baseline,none,trait_agreeableness_00717_act_003,low,"['trait_agreeableness_00717_act_001', 'trait_agreeableness_00717_act_002', 'trait_agreeableness_00717_act_003', 'trait_agreeableness_00717_act_004']","['Consider crafting homemade gifts, which can be both meaningful and budget-friendly.', 'You might also think about baking treats to bring to the parties, as this is an affordable and heartfelt alternative to traditional gifts.', 'Just opt out of gift-giving and explain your financial situation honestly if anyone asks.', 'Alternatively, buy a single bulk gift item that you can split among the various parties to minimize costs.']","['high', 'high', 'low', 'low']","[-3.521484375, -8.6328125, -0.047088623046875, -11.6015625]","[-0.2515345982142857, -0.3453125, -0.002769919002757353, -0.580078125]","[0.2555651366710663, 0.23268820345401764, 0.32774701714515686, 0.1839996576309204]",0.4882533328495423,0.4882533328495423,-0.01174666715045769
trait_agreeableness_00718,agreeableness,high,baseline,none,trait_agreeableness_00718_act_001,low,"['trait_agreeableness_00718_act_001', 'trait_agreeableness_00718_act_002', 'trait_agreeableness_00718_act_003', 'trait_agreeableness_00718_act_004']","[""You should remain neutral, not laughing or reacting, to clearly indicate that such jokes aren't suitable for the workplace."", ""You might offer a light smile to acknowledge Geordie's attempt at humor without encouraging the nature of the joke."", 'Address Geordie later in private, suggesting that he consider the timing and content of his jokes more carefully in the future.', 'Perhaps gently change the subject to help move the conversation away from the joke and towards more appropriate meeting topics.']","['low', 'high', 'low', 'high']","[-0.006771087646484375, -5.1015625, -8.265625, -8.171875]","[-0.00029439511506453806, -0.2218070652173913, -0.330625, -0.38913690476190477]","[0.31271177530288696, 0.25057774782180786, 0.2247416079044342, 0.21196886897087097]",0.46254661679267883,0.46254661679267883,-0.03745338320732117
trait_agreeableness_00719,agreeableness,high,baseline,none,trait_agreeableness_00719_act_002,low,"['trait_agreeableness_00719_act_001', 'trait_agreeableness_00719_act_002', 'trait_agreeableness_00719_act_003', 'trait_agreeableness_00719_act_004']","['You might consider asking her if there’s anything specific you can do to help, showing your support goes beyond just professional boundaries.', 'Evaluate if sending flowers could set a precedent you’re uncomfortable with; maintaining professional boundaries is crucial.', 'Sending a thoughtful card along with the flowers can express your support and empathy during her difficult times.', 'Consider simply acknowledging her situation verbally when appropriate, which keeps the support subtle and professional.']","['high', 'low', 'high', 'low']","[-14.9765625, -0.150634765625, -4.5078125, -4.83984375]","[-0.5990625, -0.007928145559210526, -0.2372532894736842, -0.28469669117647056]","[0.17821019887924194, 0.32185402512550354, 0.2558964788913727, 0.2440393716096878]",0.4341066454271491,0.4341066454271491,-0.06589335457285089
trait_agreeableness_00720,agreeableness,high,baseline,none,trait_agreeableness_00720_act_001,low,"['trait_agreeableness_00720_act_001', 'trait_agreeableness_00720_act_002', 'trait_agreeableness_00720_act_003', 'trait_agreeableness_00720_act_004']","['Suggest that Shandel looks into affordable financing or leasing options for a new laptop instead of giving yours away.', 'Keep the laptop for yourself since it could be useful for your future needs, and Shandel can explore other options to acquire one.', 'Consider surprising Shandel with the laptop, making it a heartfelt gesture to help them succeed in their projects.', 'You could gift the laptop to Shandel, as it would really boost their productivity and show how much you support their endeavors.']","['low', 'low', 'high', 'high']","[-0.260009765625, -10.1484375, -2.306640625, -3.509765625]","[-0.011818625710227272, -0.3903245192307692, -0.10984002976190477, -0.140390625]","[0.28811272978782654, 0.1973237842321396, 0.2612115144729614, 0.25335198640823364]",0.5145634932136015,0.5145634932136015,0.014563493213601508
trait_agreeableness_00721,agreeableness,high,baseline,none,trait_agreeableness_00721_act_001,high,"['trait_agreeableness_00721_act_001', 'trait_agreeableness_00721_act_002', 'trait_agreeableness_00721_act_003', 'trait_agreeableness_00721_act_004']","['You might consider gently expressing to Loujain how much effort and care you put into looking after their cat, which could naturally lead them to offer some form of gratitude.', 'Perhaps you could ask Loujain if they’d be willing to cover the costs you incurred while caring for their pet, as a kind gesture of appreciation.', 'Directly ask Loujain for a compensation for the expenses and time you invested in taking care of the cat, emphasizing that it is only fair.', 'Tell Loujain that taking care of their cat involved certain costs and effort on your part, and it would be reasonable to expect some form of compensation for your troubles.']","['high', 'high', 'low', 'low']","[-0.26123046875, -2.646484375, -1.9677734375, -6.3515625]","[-0.0076832490808823525, -0.08537046370967742, -0.06559244791666667, -0.18681066176470587]","[0.26990634202957153, 0.2497318685054779, 0.2547202408313751, 0.22564153373241425]",0.5196382182782623,0.5196382182782623,0.019638218278262287
trait_agreeableness_00722,agreeableness,high,baseline,none,trait_agreeableness_00722_act_002,high,"['trait_agreeableness_00722_act_001', 'trait_agreeableness_00722_act_002', 'trait_agreeableness_00722_act_003', 'trait_agreeableness_00722_act_004']","['Politely decline, explaining that you already have commitments to your personal health this weekend.', 'Offer to help Nazair for a few hours on one day of the weekend so you can also have time for your relaxation.', 'Suggest that Nazair asks other friends who might not already have plans, as your weekend is already booked for personal time.', ""Suggest that Nazair could hire professional movers and you'll provide support by organizing meals or refreshments for everyone on the moving day.""]","['low', 'high', 'low', 'high']","[-1.732421875, -0.30810546875, -5.46484375, -2.681640625]","[-0.10190716911764706, -0.01232421875, -0.21859375, -0.09932002314814815]","[0.25086721777915955, 0.2743780016899109, 0.22323772311210632, 0.25151708722114563]",0.525895073238162,0.525895073238162,0.02589507323816198
trait_agreeableness_00723,agreeableness,high,baseline,none,trait_agreeableness_00723_act_002,low,"['trait_agreeableness_00723_act_001', 'trait_agreeableness_00723_act_002', 'trait_agreeableness_00723_act_003', 'trait_agreeableness_00723_act_004']","[""Maybe express to Tavleen how you're feeling and ask if she's open to the idea of ordering a ride for you, so she can continue enjoying the party."", 'Tell Tavleen directly that you need to leave for your own comfort, regardless of her having fun.', 'You could suggest a compromise to Tavleen; perhaps staying just a bit longer to meet her happiness, then leaving together.', 'Inform Tavleen that you are calling a taxi for yourself because you want to leave now.']","['high', 'low', 'high', 'low']","[-2.880859375, -0.335693359375, -4.8828125, -1.5380859375]","[-0.0847311580882353, -0.015985398065476192, -0.1953125, -0.08095189144736842]","[0.2518724203109741, 0.2697966396808624, 0.2255048006772995, 0.25282612442970276]",0.47737722810174865,0.47737722810174865,-0.022622771898251348
trait_agreeableness_00724,agreeableness,high,baseline,none,trait_agreeableness_00724_act_004,high,"['trait_agreeableness_00724_act_001', 'trait_agreeableness_00724_act_002', 'trait_agreeableness_00724_act_003', 'trait_agreeableness_00724_act_004']","['Suggest that Josalyn finds an alternative or waits for another time when you are less occupied.', 'Keep your business appointment as planned; it’s important to prioritize commitments that impact your professional goals.', 'Perhaps offer to help Josalyn after your business appointment, blending commitment with your supportive nature.', ""You might consider rescheduling the business appointment if Josalyn's request could foster a supportive relationship.""]","['low', 'low', 'high', 'high']","[-6.515625, -15.4375, -1.890625, -0.23486328125]","[-0.32578125, -0.8125, -0.09950657894736842, -0.0117431640625]","[0.2359880805015564, 0.14504769444465637, 0.29591017961502075, 0.3230539858341217]",0.6189642023422839,0.6189642023422839,0.11896420234228389
trait_agreeableness_00725,agreeableness,high,baseline,none,trait_agreeableness_00725_act_002,high,"['trait_agreeableness_00725_act_001', 'trait_agreeableness_00725_act_002', 'trait_agreeableness_00725_act_003', 'trait_agreeableness_00725_act_004']","[""Apologize sincerely to Webber for the comment and ask them how they feel or if there's anything they'd like to talk about."", 'Express your regret over the upsetting comment, then gently shift the conversation towards a topic that Webber enjoys to lighten the mood.', 'Clarify your comment to Webber, explaining your point of view so they understand your perspective better.', 'Ask Webber to explain why your comment upset them, which can lead to a clearer understanding on both sides.']","['high', 'high', 'low', 'low']","[-1.1513671875, -0.400146484375, -4.58203125, -7.9921875]","[-0.04112025669642857, -0.016005859375, -0.2291015625, -0.36328125]","[0.2794354557991028, 0.2865421772003174, 0.23154865205287933, 0.20247377455234528]",0.5659775992645264,0.5659775992645264,0.0659775992645264
trait_agreeableness_00726,agreeableness,high,baseline,none,trait_agreeableness_00726_act_002,high,"['trait_agreeableness_00726_act_001', 'trait_agreeableness_00726_act_002', 'trait_agreeableness_00726_act_003', 'trait_agreeableness_00726_act_004']","['Suggest that Stevielynn should speak to a financial advisor to better manage her expenses and debt.', 'Offer to help Stevielynn by covering some of her medical expenses or by lending her money if that feels right to you.', 'Advise Stevielynn to negotiate the bills or seek cheaper medical alternatives for future treatments.', 'Consider providing support by helping Stevielynn find financial aid programs or charities that assist with medical bills.']","['low', 'high', 'low', 'high']","[-7.44140625, -0.00238037109375, -6.53515625, -9.203125]","[-0.35435267857142855, -9.1552734375e-05, -0.34395559210526316, -0.4382440476190476]","[0.22961534559726715, 0.3272310793399811, 0.23201511800289154, 0.21113844215869904]",0.5383695295210112,0.5383695295210112,0.03836952952101125
trait_agreeableness_00727,agreeableness,high,baseline,none,trait_agreeableness_00727_act_003,high,"['trait_agreeableness_00727_act_001', 'trait_agreeableness_00727_act_002', 'trait_agreeableness_00727_act_003', 'trait_agreeableness_00727_act_004']","['Consider starting with the positive aspects of the policy, then transition into your concerns, ensuring you maintain a respectful tone throughout.', 'Directly challenge the policy by presenting strong, logical arguments against it and demand a review from management.', 'You could express your concerns by highlighting how the policy impacts team morale, and gently suggest possible alternatives that could benefit everyone.', ""Question the policy's fairness and effectiveness in the meeting, and push for an immediate reconsideration by presenting the overall dissatisfaction of your colleagues.""]","['high', 'low', 'high', 'low']","[-2.513671875, -7.68359375, -1.638671875, -2.857421875]","[-0.104736328125, -0.3841796875, -0.06827799479166667, -0.10583043981481481]","[0.26369625329971313, 0.19940829277038574, 0.27348756790161133, 0.2634078860282898]",0.5371838212013245,0.5371838212013245,0.03718382120132446
trait_agreeableness_00728,agreeableness,high,baseline,none,trait_agreeableness_00728_act_004,high,"['trait_agreeableness_00728_act_001', 'trait_agreeableness_00728_act_002', 'trait_agreeableness_00728_act_003', 'trait_agreeableness_00728_act_004']","[""Propose a formal vote on the project during the next team meeting to decisively address and move beyond Kashtin's opposition."", ""Firmly defend your project's merits in the next meeting, showcasing robust evidence and data to counter his objections."", 'Consider inviting Kashtin to co-present the project, integrating his viewpoints to strengthen the proposal.', 'Schedule a one-on-one meeting with Kashtin to understand his concerns and discuss potential compromises.']","['low', 'low', 'high', 'high']","[-2.083984375, -2.583984375, -2.515625, -0.327392578125]","[-0.0801532451923077, -0.11234714673913043, -0.13240131578947367, -0.01723118832236842]","[0.2511076331138611, 0.24315224587917328, 0.2383245825767517, 0.26741552352905273]",0.5057401136419194,0.5057401136419194,0.005740113641919398
trait_agreeableness_00729,agreeableness,high,baseline,none,trait_agreeableness_00729_act_001,high,"['trait_agreeableness_00729_act_001', 'trait_agreeableness_00729_act_002', 'trait_agreeableness_00729_act_003', 'trait_agreeableness_00729_act_004']","['Offer to spend time with Janely, perhaps going for a walk or watching a movie together to help her feel less alone.', 'Consider sending Janely a care package filled with her favorite treats and a heartfelt note to show your support and affection.', 'Encourage Janely to join a support group where she can connect with people who understand her grief and can offer perspective.', 'Suggest that Janely seeks professional counseling to address her feelings of hopelessness and to develop coping strategies.']","['high', 'high', 'low', 'low']","[-2.205078125, -3.580078125, -6.3046875, -2.330078125]","[-0.088203125, -0.15565557065217392, -0.2626953125, -0.11095610119047619]","[0.2665131986141205, 0.24912911653518677, 0.22384002804756165, 0.2605176866054535]",0.5156422997819692,0.5156422997819692,0.015642299781969182
trait_agreeableness_00730,agreeableness,high,baseline,none,trait_agreeableness_00730_act_001,low,"['trait_agreeableness_00730_act_001', 'trait_agreeableness_00730_act_002', 'trait_agreeableness_00730_act_003', 'trait_agreeableness_00730_act_004']","['Withhold Meital’s paycheck as a firm action to underline the seriousness of the performance issues and motivate improvement.', 'Consider setting up a meeting with Meital to openly discuss performance issues and explore supportive measures to help improve their work.', 'Implement a direct policy that ties Meital’s pay to specific performance metrics, ensuring accountability and immediate consequences for underperformance.', 'You might want to create an improvement plan that outlines clear goals and timelines for Meital, providing regular feedback and encouragement.']","['low', 'high', 'low', 'high']","[-0.0003120899200439453, -12.515625, -11.921875, -23.03125]","[-1.4185905456542969e-05, -0.5441576086956522, -0.4967447916666667, -0.9596354166666666]","[0.38881856203079224, 0.22564643621444702, 0.23660267889499664, 0.14893224835395813]",0.374578712476694,0.374578712476694,-0.125421287523306
trait_agreeableness_00731,agreeableness,high,baseline,none,trait_agreeableness_00731_act_003,high,"['trait_agreeableness_00731_act_001', 'trait_agreeableness_00731_act_002', 'trait_agreeableness_00731_act_003', 'trait_agreeableness_00731_act_004']","['Perhaps you could delegate some of your responsibilities to other volunteers, which would allow you to continue supporting the charity while also managing your stress better.', ""It's practical to prioritize your own health and professional duties over volunteering; you can always return to it when you're in a better position."", 'You might consider reducing your hours slightly and finding a schedule that allows more time for rest, maintaining your commitment but taking care of your health too.', 'Consider taking a complete break from volunteering to focus entirely on your personal and professional life until you feel less overwhelmed.']","['high', 'low', 'high', 'low']","[-2.318359375, -3.115234375, -0.36474609375, -1.884765625]","[-0.08279854910714286, -0.11125837053571429, -0.012577451508620689, -0.08567116477272728]","[0.24741341173648834, 0.24047131836414337, 0.2654115855693817, 0.24670369923114777]",0.5128249896641822,0.5128249896641822,0.012824989664182218
trait_agreeableness_00732,agreeableness,high,baseline,none,trait_agreeableness_00732_act_002,low,"['trait_agreeableness_00732_act_001', 'trait_agreeableness_00732_act_002', 'trait_agreeableness_00732_act_003', 'trait_agreeableness_00732_act_004']","['Recommend that they check local moving services or rental trucks, as you need to prioritize your own commitments this weekend.', 'Politely explain that you have long-standing personal plans and suggest that they reschedule the move or ask another friend for help.', 'You could suggest hiring professional movers and then visiting your friend after your retreat to help them unpack and settle in.', 'Offer to help your friend with packing a day or two before your retreat, so you can still support them without cancelling your plans.']","['low', 'low', 'high', 'high']","[-1.1103515625, -0.57958984375, -3.892578125, -2.8828125]","[-0.050470525568181816, -0.02318359375, -0.17693536931818182, -0.11087740384615384]","[0.2597234547138214, 0.26690807938575745, 0.22886963188648224, 0.2444988340139389]",0.47336846590042114,0.47336846590042114,-0.026631534099578857
trait_agreeableness_00733,agreeableness,high,baseline,none,trait_agreeableness_00733_act_003,low,"['trait_agreeableness_00733_act_001', 'trait_agreeableness_00733_act_002', 'trait_agreeableness_00733_act_003', 'trait_agreeableness_00733_act_004']","['You could politely excuse yourself from your current commitment, explaining the importance of timely attendance at your work meeting.', 'Consider contacting a colleague who is also attending the meeting and kindly ask if they can cover the beginning part until you arrive.', ""Just focus on finishing your current commitment properly, even if it means being late; you can't always please everyone."", ""Send a quick message to inform them you'll be late, then proceed with your current engagement without cutting it short.""]","['high', 'high', 'low', 'low']","[-1.5888671875, -2.373046875, -0.4326171875, -3.82421875]","[-0.07566034226190477, -0.098876953125, -0.018809442934782608, -0.16627038043478262]","[0.2532336115837097, 0.24742211401462555, 0.2680472731590271, 0.23129695653915405]",0.5006557479793913,0.5006557479793913,0.0006557479793912746
trait_agreeableness_00734,agreeableness,high,baseline,none,trait_agreeableness_00734_act_002,high,"['trait_agreeableness_00734_act_001', 'trait_agreeableness_00734_act_002', 'trait_agreeableness_00734_act_003', 'trait_agreeableness_00734_act_004']","['Directly ask both colleagues to clarify their points and explain the reasoning behind their disagreements in the meeting, fostering a clear and open dialogue.', 'You might consider suggesting a team-building activity that focuses on communication skills, which can improve overall team harmony without direct confrontation.', 'You could inform your manager about the disruptive behavior, letting them handle the situation and possibly mediate the conflict.', 'Perhaps you could recommend a feedback session where everyone gets the chance to express their thoughts in a structured manner, making the atmosphere more open and less tense.']","['low', 'high', 'low', 'high']","[-1.046875, -0.83984375, -10.3671875, -3.267578125]","[-0.03877314814814815, -0.034993489583333336, -0.47123579545454547, -0.10891927083333333]","[0.27894362807273865, 0.2799999415874481, 0.18100906908512115, 0.2600473165512085]",0.5400472822806515,0.5400472822806515,0.040047282280651464
trait_agreeableness_00735,agreeableness,high,baseline,none,trait_agreeableness_00735_act_002,low,"['trait_agreeableness_00735_act_001', 'trait_agreeableness_00735_act_002', 'trait_agreeableness_00735_act_003', 'trait_agreeableness_00735_act_004']","['Maybe you can ask your friend how they feel about their project first to understand their perspective before sharing your thoughts.', 'Just be straightforward and tell your friend what you really think about the art project; they asked for honesty, after all.', 'You could mention specific aspects you like while gently suggesting improvements in areas you think could be better.', 'Recommend your friend to seek feedback from professional artists as well, which can provide them with a more objective critique.']","['high', 'low', 'high', 'low']","[-8.484375, -0.00029349327087402344, -17.328125, -17.421875]","[-0.3856534090909091, -1.2228886286417643e-05, -0.9120065789473685, -0.7919034090909091]","[0.2682795226573944, 0.39452028274536133, 0.15848757326602936, 0.1787126660346985]",0.42676707684544873,0.42676707684544873,-0.07323292315455127
trait_agreeableness_00736,agreeableness,high,baseline,none,trait_agreeableness_00736_act_001,low,"['trait_agreeableness_00736_act_001', 'trait_agreeableness_00736_act_002', 'trait_agreeableness_00736_act_003', 'trait_agreeableness_00736_act_004']","['Suggest a compromise where Jahnia could redistribute some of the tasks among other team members to lessen your burden.', 'Decline the proposal, citing your current responsibilities and the importance of maintaining your personal life balance.', 'Perhaps you could agree to the new plan, but clarify your availability and limits to ensure your personal time is respected.', 'You might consider agreeing to the plan but also ask for help or support to manage the increased workload effectively.']","['low', 'low', 'high', 'high']","[-0.24609375, -7.953125, -2.056640625, -3.509765625]","[-0.011186079545454546, -0.4185855263157895, -0.08941915760869565, -0.16713169642857142]","[0.29021400213241577, 0.19310210645198822, 0.26837506890296936, 0.24830876290798187]",0.5166838626077094,0.5166838626077094,0.016683862607709377
trait_agreeableness_00737,agreeableness,high,baseline,none,trait_agreeableness_00737_act_003,low,"['trait_agreeableness_00737_act_001', 'trait_agreeableness_00737_act_002', 'trait_agreeableness_00737_act_003', 'trait_agreeableness_00737_act_004']","['You could gently remind your colleagues about the value of discussing concerns directly with PersonZ to promote a more understanding and supportive work environment.', 'Consider sharing positive experiences or achievements of PersonZ to subtly shift the tone of the conversation to something more constructive and appreciative.', ""You might propose focusing the discussion on tasks and projects instead, pointing out that speculative talk is not productive or beneficial for the team's goals."", 'Suggest setting up a meeting where concerns can be addressed openly with PersonZ present, ensuring a fair dialogue and cutting out behind-the-back criticisms.']","['high', 'high', 'low', 'low']","[-8.6015625, -0.80419921875, -0.8076171875, -2.2890625]","[-0.3308293269230769, -0.03216796875, -0.028843470982142856, -0.07893318965517242]","[0.20051904022693634, 0.27031028270721436, 0.2712104320526123, 0.2579602003097534]",0.47082934398186255,0.47082934398186255,-0.029170656018137453
trait_agreeableness_00738,agreeableness,high,baseline,none,trait_agreeableness_00738_act_001,low,"['trait_agreeableness_00738_act_001', 'trait_agreeableness_00738_act_002', 'trait_agreeableness_00738_act_003', 'trait_agreeableness_00738_act_004']","['Recommend they look into local community services like food banks and job training workshops to become more self-sufficient.', 'Offer to babysit the children a couple of times a week to give the parents time to job search or handle other responsibilities.', 'Suggest setting up a schedule where they can gradually take over the childcare and household chores as they stabilize financially.', 'Prepare some extra meals that can easily be reheated, to relieve them from cooking duties for a few days.']","['low', 'high', 'low', 'high']","[-0.3896484375, -2.57421875, -2.447265625, -2.35546875]","[-0.0185546875, -0.10296875, -0.11123934659090909, -0.10706676136363637]","[0.26696398854255676, 0.24535341560840607, 0.24333257973194122, 0.24435003101825714]",0.4897034393295133,0.4897034393295133,-0.010296560670486676
trait_agreeableness_00739,agreeableness,high,baseline,none,trait_agreeableness_00739_act_003,high,"['trait_agreeableness_00739_act_001', 'trait_agreeableness_00739_act_002', 'trait_agreeableness_00739_act_003', 'trait_agreeableness_00739_act_004']","['Consider encouraging Destinnie to seek advice from an independent financial advisor to ensure she makes a well-informed decision.', 'Go ahead and emphasize the potential high returns of the deal to persuade Destinnie, focusing on how such investments can significantly pay off.', 'You could prioritize transparency and discuss both the potential benefits and risks openly with Destinnie, emphasizing that the final decision is hers to make.', ""You should highlight the unique chance this deal represents and pitch it as a strategically aggressive investment that shouldn't be missed.""]","['high', 'low', 'high', 'low']","[-1.4169921875, -6.66796875, -1.0341796875, -1.1611328125]","[-0.06440873579545454, -0.25646033653846156, -0.03830295138888889, -0.05048403532608696]","[0.2586829364299774, 0.21348178386688232, 0.2655249834060669, 0.2623102068901062]",0.5242079667038888,0.5242079667038888,0.024207966703888806
trait_agreeableness_00740,agreeableness,high,baseline,none,trait_agreeableness_00740_act_001,low,"['trait_agreeableness_00740_act_001', 'trait_agreeableness_00740_act_002', 'trait_agreeableness_00740_act_003', 'trait_agreeableness_00740_act_004']","[""Confront Hikari then and there by firmly stating the discomfort they're causing, to immediately address the issue."", ""Directly tell Hikari that their behavior is inappropriate and advise them to stop immediately if you feel it's disruptive enough."", 'Maybe suggest a quick, quiet walk with Hikari outside the venue to discuss the issue discreetly and help them regain composure.', 'Consider pulling Hikari aside gently to express your concerns in private, aiming to avoid public embarrassment.']","['low', 'low', 'high', 'high']","[-0.07049560546875, -3.25390625, -3.955078125, -5.421875]","[-0.003065026324728261, -0.13015625, -0.146484375, -0.27109375]","[0.2847437262535095, 0.2507604956626892, 0.24669930338859558, 0.2177964299917221]",0.464495754144896,0.464495754144896,-0.03550424585510398
trait_agreeableness_00741,agreeableness,high,baseline,none,trait_agreeableness_00741_act_003,low,"['trait_agreeableness_00741_act_001', 'trait_agreeableness_00741_act_002', 'trait_agreeableness_00741_act_003', 'trait_agreeableness_00741_act_004']","['You might consider arranging a private, friendly chat with Janya to understand any challenges she’s facing and discuss how you can help her meet her deadlines.', 'Perhaps you could offer to help Janya organize her tasks or suggest setting up a team meeting to realign everyone’s responsibilities and deadlines.', ""Directly inform Janya that her missed deadlines are impacting the team's performance and she needs to adhere to the project timeline more strictly."", 'Send an email to Janya outlining the deadlines and mentioning that further delays could lead to discussions with higher management.']","['high', 'high', 'low', 'low']","[-1.1689453125, -4.2109375, -0.4404296875, -8.90625]","[-0.03896484375, -0.15596064814814814, -0.016312210648148147, -0.40482954545454547]","[0.2773081660270691, 0.2466902732849121, 0.2836616039276123, 0.19234000146389008]",0.5239984158874266,0.5239984158874266,0.023998415887426572
trait_agreeableness_00742,agreeableness,high,baseline,none,trait_agreeableness_00742_act_001,low,"['trait_agreeableness_00742_act_001', 'trait_agreeableness_00742_act_002', 'trait_agreeableness_00742_act_003', 'trait_agreeableness_00742_act_004']","['Directly point out the flaw during the meeting and suggest an alternative strategy that mitigates these risks.', 'Consider suggesting a follow-up meeting where you can review the strategy more thoroughly together, to align on the best approach.', 'Challenge the strategy openly in the meeting to ensure everyone is aware of the potential losses, emphasizing the need for a robust discussion.', 'You could express your concerns by privately messaging your colleague, framing it as seeking to understand their perspective better.']","['low', 'high', 'low', 'high']","[-0.222412109375, -8.9375, -1.67578125, -9.3125]","[-0.01112060546875, -0.38858695652173914, -0.06703125, -0.44345238095238093]","[0.30485817790031433, 0.20900963246822357, 0.288281112909317, 0.19785113632678986]",0.4068607445442233,0.4068607445442233,-0.09313925545577673
trait_agreeableness_00743,agreeableness,high,baseline,none,trait_agreeableness_00743_act_002,low,"['trait_agreeableness_00743_act_001', 'trait_agreeableness_00743_act_002', 'trait_agreeableness_00743_act_003', 'trait_agreeableness_00743_act_004']","['Maybe you could offer to help train someone else to share the workload, easing the burden on you.', 'Just say no to additional shifts and prioritize your health over voluntary extras.', 'You might consider gently explaining to your supervisor your health concerns and see if you can reduce the extra shifts.', ""Take a step back and let others step up; you're not the only one who can volunteer for extra work.""]","['high', 'low', 'high', 'low']","[-7.6328125, -0.1500244140625, -1.9931640625, -7.7265625]","[-0.381640625, -0.010716029575892858, -0.0949125744047619, -0.3359375]","[0.20712943375110626, 0.30014583468437195, 0.2759092152118683, 0.2168155461549759]",0.48303863456730145,0.48303863456730145,-0.01696136543269855
trait_agreeableness_00744,agreeableness,high,baseline,none,trait_agreeableness_00744_act_001,low,"['trait_agreeableness_00744_act_001', 'trait_agreeableness_00744_act_002', 'trait_agreeableness_00744_act_003', 'trait_agreeableness_00744_act_004']","['Escalate the issue to your manager or HR department to formally address the rumors and protect your professional reputation.', 'Address the situation directly by confronting your colleague and demand they stop spreading unfounded rumors immediately.', 'Offer to collaborate on a project together which could help improve your relationship and show your genuine intentions.', 'Invite your colleague for a coffee and gently discuss the impact their behavior is having on you, aiming to clear up any misunderstandings.']","['low', 'low', 'high', 'high']","[-0.0251312255859375, -4.6796875, -4.3203125, -6.68359375]","[-0.0011423284357244318, -0.2599826388888889, -0.22738486842105263, -0.2570612980769231]","[0.2990720868110657, 0.23086759448051453, 0.23851735889911652, 0.23154300451278687]",0.4700603423985686,0.4700603423985686,-0.029939657601431413
trait_agreeableness_00745,agreeableness,high,baseline,none,trait_agreeableness_00745_act_002,high,"['trait_agreeableness_00745_act_001', 'trait_agreeableness_00745_act_002', 'trait_agreeableness_00745_act_003', 'trait_agreeableness_00745_act_004']","['You could give your friend the guitar as a gift to help ease their financial burden and share the joy of music.', 'Consider lending the guitar to your friend until they can afford one, creating a win-win situation where you keep ownership and they get to play.', 'Keep the guitar since giving it away could set a precedent for similar expectations in the future.', 'Suggest that your friend looks for affordable second-hand options online, emphasizing the importance of financial responsibility.']","['high', 'high', 'low', 'low']","[-3.107421875, -0.257080078125, -2.154296875, -4.640625]","[-0.1351052989130435, -0.009181431361607142, -0.11968315972222222, -0.23203125]","[0.24646563827991486, 0.2795403003692627, 0.25029614567756653, 0.2236979454755783]",0.5260059229729794,0.5260059229729794,0.026005922972979434
trait_agreeableness_00746,agreeableness,high,baseline,none,trait_agreeableness_00746_act_002,high,"['trait_agreeableness_00746_act_001', 'trait_agreeableness_00746_act_002', 'trait_agreeableness_00746_act_003', 'trait_agreeableness_00746_act_004']","['Consider suggesting that Aythana delegate specific tasks to other team members or ask for an extension from the project lead.', ""Absolutely, offering your assistance could greatly alleviate Aythana's stress and help distribute the project tasks more manageably."", 'Recommend to Aythana to reevaluate her project plan and identify priorities; she might need to focus on key areas and drop less critical tasks.', 'Yes, stepping in to help Aythana not only supports her but also strengthens the teamwork within the project.']","['low', 'high', 'low', 'high']","[-6.71875, -0.045745849609375, -12.109375, -3.44140625]","[-0.2921195652173913, -0.0019889499830163045, -0.4175646551724138, -0.15642755681818182]","[0.22914570569992065, 0.3062766194343567, 0.20213037729263306, 0.2624472379684448]",0.568723891301387,0.568723891301387,0.06872389130138701
trait_agreeableness_00747,agreeableness,high,baseline,none,trait_agreeableness_00747_act_001,high,"['trait_agreeableness_00747_act_001', 'trait_agreeableness_00747_act_002', 'trait_agreeableness_00747_act_003', 'trait_agreeableness_00747_act_004']","['Consider suggesting a brief team check-in where everyone updates the group on their progress, allowing Carielle to share in a non-confrontational setting.', ""Point out directly to Carielle during the meeting that you've noticed discrepancies in their work, asking for an immediate clarification."", 'Perhaps you could invite Carielle for a private chat to gently inquire about their progress and any challenges they might be facing.', ""Challenge Carielle in the meeting to present detailed evidence of their progress to ensure they're held accountable in front of the team.""]","['high', 'low', 'high', 'low']","[-0.047637939453125, -6.24609375, -5.77734375, -6.29296875]","[-0.0015879313151041666, -0.24984375, -0.23109375, -0.2420372596153846]","[0.29749855399131775, 0.2320965677499771, 0.2364894449710846, 0.2339155226945877]",0.5339879512201591,0.5339879512201591,0.033987951220159074
trait_agreeableness_00748,agreeableness,high,baseline,none,trait_agreeableness_00748_act_002,low,"['trait_agreeableness_00748_act_001', 'trait_agreeableness_00748_act_002', 'trait_agreeableness_00748_act_003', 'trait_agreeableness_00748_act_004']","['Document specific instances where Melicia took undue credit and present these to your supervisor as evidence.', ""Report the behavior to your supervisor immediately to prevent further damage to the team's morale."", 'Consider organizing a team intervention where everyone can openly discuss their feelings about fairness and recognition.', 'You could speak with Melicia first to express your concerns and give them a chance to rectify the situation themselves.']","['low', 'low', 'high', 'high']","[-6.46875, -0.0015668869018554688, -13.90625, -19.765625]","[-0.359375, -9.216981775620404e-05, -0.8180147058823529, -0.859375]","[0.2724071443080902, 0.39016926288604736, 0.1722002625465393, 0.16522328555583954]",0.33742356318638755,0.33742356318638755,-0.16257643681361245
trait_agreeableness_00749,agreeableness,high,baseline,none,trait_agreeableness_00749_act_004,low,"['trait_agreeableness_00749_act_001', 'trait_agreeableness_00749_act_002', 'trait_agreeableness_00749_act_003', 'trait_agreeableness_00749_act_004']","['You might consider addressing the discomfort with Tagert directly by kindly expressing how their behavior makes you feel and seeking a mutual understanding.', 'Perhaps you could involve a mediator from HR to help facilitate a constructive conversation with Tagert, which might improve your work environment.', 'Stand your ground and confront Tagert directly about their aggressive behavior without sugarcoating your concerns.', 'Keep avoiding Tagert if interacting with them disrupts your productivity and peace of mind, focusing instead on your own work responsibilities.']","['high', 'high', 'low', 'low']","[-13.3359375, -9.265625, -2.798828125, -0.06524658203125]","[-0.5334375, -0.370625, -0.14730674342105263, -0.00260986328125]","[0.18697068095207214, 0.22003009915351868, 0.2750856578350067, 0.3179135322570801]",0.40700079223515967,0.40700079223515967,-0.09299920776484033
trait_agreeableness_00750,agreeableness,high,baseline,none,trait_agreeableness_00750_act_003,low,"['trait_agreeableness_00750_act_001', 'trait_agreeableness_00750_act_002', 'trait_agreeableness_00750_act_003', 'trait_agreeableness_00750_act_004']","['Directly challenge the strategy in a team meeting by clearly outlining the potential pitfalls and presenting your alternative solutions.', 'You might consider gently suggesting a team meeting to review the project strategy and express your concerns in a supportive manner.', 'Write a concise, fact-based email to your project leader detailing why the current strategy might fail and suggest a meeting to discuss viable alternatives.', 'Perhaps you could offer to help research or present alternative strategies that could complement the current plan without dismissing it entirely.']","['low', 'high', 'low', 'high']","[-2.935546875, -2.404296875, -0.18505859375, -5.671875]","[-0.13978794642857142, -0.10928622159090909, -0.00685402199074074, -0.2578125]","[0.24619504809379578, 0.2538200914859772, 0.2811976969242096, 0.21878719329833984]",0.4726072706995228,0.4726072706995228,-0.027392729300477203
trait_agreeableness_00701,agreeableness,low,baseline,none,trait_agreeableness_00701_act_002,high,"['trait_agreeableness_00701_act_001', 'trait_agreeableness_00701_act_002', 'trait_agreeableness_00701_act_003', 'trait_agreeableness_00701_act_004']","['You could propose a meeting to discuss the strengths of each theme and consider blending elements of both to please a wider audience.', 'Maybe consult with other team members for their opinions to see if a consensus can be achieved that respects both perspectives.', 'Stick to presenting clear, data-backed arguments on why a cultural heritage theme could draw more interest and community engagement.', 'Insist on setting clear objectives for the event and demonstrate how your theme aligns better with those goals compared to a modern tech theme.']","['high', 'high', 'low', 'low']","[-7.78125, -0.76708984375, -1.845703125, -5.359375]","[-0.32421875, -0.034867720170454544, -0.08389559659090909, -0.19849537037037038]","[0.21091756224632263, 0.28169316053390503, 0.2682154178619385, 0.23917385935783386]",0.49261072278022766,0.5073892772197723,0.007389277219772339
trait_agreeableness_00702,agreeableness,low,baseline,none,trait_agreeableness_00702_act_002,high,"['trait_agreeableness_00702_act_001', 'trait_agreeableness_00702_act_002', 'trait_agreeableness_00702_act_003', 'trait_agreeableness_00702_act_004']","['Clearly communicate to your supervisor the unrealistic nature of the additional workload and negotiate down the responsibilities.', 'Consider discussing a phased approach with your boss to gradually integrate the new project while maintaining balance with your current tasks.', 'Prioritize your tasks and cut down on the least essential ones; put focus only on what genuinely requires your expertise.', 'You could ask for support from your team or colleagues to help manage the workload more efficiently.']","['low', 'high', 'low', 'high']","[-0.98388671875, -0.712890625, -2.119140625, -10.8046875]","[-0.05466037326388889, -0.032404119318181816, -0.09213654891304347, -0.6002604166666666]","[0.2804878354072571, 0.28680041432380676, 0.27017074823379517, 0.162541002035141]",0.44934141635894775,0.5506585836410522,0.050658583641052246
trait_agreeableness_00703,agreeableness,low,baseline,none,trait_agreeableness_00703_act_002,low,"['trait_agreeableness_00703_act_001', 'trait_agreeableness_00703_act_002', 'trait_agreeableness_00703_act_003', 'trait_agreeableness_00703_act_004']","['Consider setting aside a portion of your bonus for your vacation and donate a portion to your friend to ease their burden.', 'Invest the bonus in a personal savings or retirement fund to ensure your future financial stability.', 'You could offer to help your friend cover some of their medical expenses with part of your bonus.', 'Use the bonus for the vacation you’ve been planning, as personal relaxation and fulfillment are important.']","['high', 'low', 'high', 'low']","[-4.22265625, -0.64111328125, -5.28515625, -0.85498046875]","[-0.18359375, -0.03771254595588235, -0.27816611842105265, -0.044998972039473686]","[0.23722095787525177, 0.27447858452796936, 0.21581459045410156, 0.2724858820438385]",0.4530355415785977,0.5469644584214023,0.04696445842140229
trait_agreeableness_00704,agreeableness,low,baseline,none,trait_agreeableness_00704_act_001,low,"['trait_agreeableness_00704_act_001', 'trait_agreeableness_00704_act_002', 'trait_agreeableness_00704_act_003', 'trait_agreeableness_00704_act_004']","['Challenge the team to justify the strategy with data or precedents, given its similarity to past unsuccessful attempts.', 'Directly state the issues and shortcomings you foresee with the agreed strategy to ensure they are aware of the potential risks.', 'Maybe suggest setting up a small trial run of the strategy first, to demonstrate the outcomes before fully committing.', 'You could gently express your concerns and propose discussing alternative strategies that could prevent potential issues.']","['low', 'low', 'high', 'high']","[-0.75537109375, -1.615234375, -2.724609375, -3.443359375]","[-0.035970052083333336, -0.07022758152173914, -0.12974330357142858, -0.20255055147058823]","[0.26857414841651917, 0.2595292627811432, 0.24453386664390564, 0.22736269235610962]",0.4718965730636291,0.5281034269363709,0.028103426936370912
trait_agreeableness_00705,agreeableness,low,baseline,none,trait_agreeableness_00705_act_001,high,"['trait_agreeableness_00705_act_001', 'trait_agreeableness_00705_act_002', 'trait_agreeableness_00705_act_003', 'trait_agreeableness_00705_act_004']","['You could consider politely reaching out to the rental agency to express your concerns and ask for possible solutions or compensation.', 'Maybe try to calmly discuss the discrepancies with the agency, highlighting the missing amenities and differences in the property, and request an amicable resolution.', 'Demand an immediate response from the rental agency and insist on a partial refund or relocation to a property that matches the initial description.', 'Send a firm email to the agency detailing every issue, and make it clear you expect swift action or you will consider legal advice.']","['high', 'high', 'low', 'low']","[-0.276123046875, -1.4404296875, -15.2265625, -12.6328125]","[-0.012551047585227272, -0.05144391741071429, -0.6090625, -0.48587740384615385]","[0.3189273774623871, 0.3067615032196045, 0.17564274370670319, 0.19866837561130524]",0.6256888806819916,0.3743111193180084,-0.12568888068199158
trait_agreeableness_00706,agreeableness,low,baseline,none,trait_agreeableness_00706_act_001,low,"['trait_agreeableness_00706_act_001', 'trait_agreeableness_00706_act_002', 'trait_agreeableness_00706_act_003', 'trait_agreeableness_00706_act_004']","['Directly confront Marybella in your next team meeting by highlighting specific instances where your ideas were dismissed and demand a justification.', 'Consider asking Marybella for a private meeting to express how valuable you feel contributions from all team members are, including yours.', 'Email the whole team including your manager outlining how the dismissal of ideas by any team member, including Marybella, negatively impacts project creativity and ask for more structured discussion protocols.', 'Maybe propose a team brainstorming session where everyone submits one idea anonymously to ensure each thought is considered without bias.']","['low', 'high', 'low', 'high']","[-0.51513671875, -1.15625, -4.45703125, -7.96875]","[-0.02060546875, -0.04625, -0.12734375, -0.3622159090909091]","[0.27901262044906616, 0.2719484269618988, 0.2507656216621399, 0.19827334582805634]",0.4702217657831048,0.5297782342168952,0.029778234216895183
trait_agreeableness_00707,agreeableness,low,baseline,none,trait_agreeableness_00707_act_002,low,"['trait_agreeableness_00707_act_001', 'trait_agreeableness_00707_act_002', 'trait_agreeableness_00707_act_003', 'trait_agreeableness_00707_act_004']","['Perhaps eat a healthy meal before the party to lessen your cravings and politely sample very small amounts of your favorite foods.', 'Just say no to the unhealthy options and stick firmly to your diet plan; it’s about your health after all.', 'You could bring a dish to share that fits your diet so you have a healthy option available and still enjoy the party.', 'Ignore the offerings and focus on socializing, not eating; you’re there for your friend, not the food.']","['high', 'low', 'high', 'low']","[-3.6640625, -0.337890625, -2.3359375, -11.0546875]","[-0.1593070652173913, -0.014690896739130434, -0.09733072916666667, -0.48063858695652173]","[0.253503680229187, 0.29294782876968384, 0.26971200108528137, 0.18383651971817017]",0.5232156657214264,0.4767843342785736,-0.023215665721426415
trait_agreeableness_00708,agreeableness,low,baseline,none,trait_agreeableness_00708_act_001,low,"['trait_agreeableness_00708_act_001', 'trait_agreeableness_00708_act_002', 'trait_agreeableness_00708_act_003', 'trait_agreeableness_00708_act_004']","['Simply note the achievement directly to Nazareth and mention that you noticed the milestone, encouraging them to own their success publicly.', ""Challenge Nazareth in a light-hearted manner about why they haven't boasted about their success yet, to push them out of their comfort zone."", 'Encourage mutual friends or coworkers to subtly acknowledge the achievement, fostering a supportive environment without overwhelming Nazareth.', 'Quietly congratulate Nazareth in a personal message to show your support and respect for their privacy.']","['low', 'low', 'high', 'high']","[-0.00518798828125, -12.6953125, -5.48828125, -8.8984375]","[-0.00021616617838541666, -0.45340401785714285, -0.26134672619047616, -0.4683388157894737]","[0.3298201262950897, 0.2096332460641861, 0.2540209889411926, 0.20652568340301514]",0.4605466517561681,0.539453348243832,0.039453348243831954
trait_agreeableness_00709,agreeableness,low,baseline,none,trait_agreeableness_00709_act_001,high,"['trait_agreeableness_00709_act_001', 'trait_agreeableness_00709_act_002', 'trait_agreeableness_00709_act_003', 'trait_agreeableness_00709_act_004']","['Consider politely telling Zacharyah that his advances are making you uncomfortable and you would like to keep your relationship professional.', 'Maybe talk to a trusted colleague or a supervisor for advice on how to approach Zacharyah about this sensitive issue.', 'Directly tell Zacharyah to stop the advances, asserting that they are inappropriate and unwelcome at the workplace.', 'If speaking to him directly doesn’t work, report the behavior to your HR department to handle it formally.']","['high', 'high', 'low', 'low']","[-0.04925537109375, -4.08203125, -3.486328125, -11.5234375]","[-0.0021415378736413045, -0.17747961956521738, -0.15157948369565216, -0.5487351190476191]","[0.3049446642398834, 0.25590139627456665, 0.2626158595085144, 0.17653809487819672]",0.5608460521571926,0.43915394784280737,-0.06084605215719263
trait_agreeableness_00710,agreeableness,low,baseline,none,trait_agreeableness_00710_act_002,high,"['trait_agreeableness_00710_act_001', 'trait_agreeableness_00710_act_002', 'trait_agreeableness_00710_act_003', 'trait_agreeableness_00710_act_004']","['Demand an explanation as to why you were excluded from the discussion, asserting your right to know what concerns your family.', 'Approach a family member gently and express that you would appreciate being included in the conversation as it would help you cope better with the group.', 'Confront the family decisively about the secrecy, making it clear that you expect transparency in future matters.', 'Politely express to your family that you feel left out and assure them that you are capable of handling the situation more calmly with their support.']","['low', 'high', 'low', 'high']","[-8.3671875, -0.021484375, -3.912109375, -7.30078125]","[-0.36379076086956524, -0.0007672991071428571, -0.18629092261904762, -0.2607421875]","[0.21095076203346252, 0.30327749252319336, 0.2519232928752899, 0.2338484674692154]",0.5371259519886084,0.46287404801139165,-0.03712595198860835
trait_agreeableness_00711,agreeableness,low,baseline,none,trait_agreeableness_00711_act_002,low,"['trait_agreeableness_00711_act_001', 'trait_agreeableness_00711_act_002', 'trait_agreeableness_00711_act_003', 'trait_agreeableness_00711_act_004']","['Perhaps you might weigh the emotional costs against the professional gains and decide if the move aligns with your long-term personal happiness and career goals.', 'Take the job; advancing in your career is a priority, and the significant pay increase justifies the move.', 'You could consider accepting the job and finding ways to maintain strong relationships with your family and friends through regular visits and digital communication.', 'Move to the new city; it’s a valuable opportunity for professional growth, and personal relationships can adapt if they’re truly important.']","['high', 'low', 'high', 'low']","[-14.921875, -0.07073974609375, -16.421875, -8.4375]","[-0.5329241071428571, -0.0032154430042613635, -0.656875, -0.3245192307692308]","[0.20774589478969574, 0.35284340381622314, 0.18352754414081573, 0.2558830678462982]",0.3912734739130861,0.6087265260869139,0.10872652608691391
trait_agreeableness_00712,agreeableness,low,baseline,none,trait_agreeableness_00712_act_002,low,"['trait_agreeableness_00712_act_001', 'trait_agreeableness_00712_act_002', 'trait_agreeableness_00712_act_003', 'trait_agreeableness_00712_act_004']","['Consider leveraging your time on more personal meetings where you can have genuine interactions, rather than a large industry event.', 'Skip the dinner if it really goes against your preferences and focus on networking in ways that make you feel comfortable.', 'You might find it rewarding to go and connect with a few people, making the experience more manageable and meaningful for you.', 'Consider attending the dinner to nurture relationships that could be beneficial for future collaborations or opportunities.']","['low', 'low', 'high', 'high']","[-5.484375, -0.85986328125, -3.376953125, -0.90625]","[-0.24928977272727273, -0.03908469460227273, -0.14070638020833334, -0.05330882352941176]","[0.21905168890953064, 0.2702946960926056, 0.2441764622926712, 0.26647719740867615]",0.5106536368733509,0.48934636312664914,-0.010653636873350858
trait_agreeableness_00713,agreeableness,low,baseline,none,trait_agreeableness_00713_act_004,low,"['trait_agreeableness_00713_act_001', 'trait_agreeableness_00713_act_002', 'trait_agreeableness_00713_act_003', 'trait_agreeableness_00713_act_004']","[""You could accept the nomination gracefully as it honors not just your work but also your team's effort."", 'Perhaps you might consider a compromise by accepting the nomination and requesting a more low-key acknowledgment at the ceremony.', 'Decline the nomination if it makes you uncomfortable; maintaining your personal comfort is more important than external recognition.', 'You might just let them know that while you appreciate the gesture, you prefer achievements to be celebrated internally rather than publicly.']","['high', 'high', 'low', 'low']","[-4.35546875, -1.1396484375, -7.0625, -0.8564453125]","[-0.2177734375, -0.05426897321428571, -0.33630952380952384, -0.035685221354166664]","[0.23443523049354553, 0.27607810497283936, 0.20823000371456146, 0.28125664591789246]",0.5105133430736265,0.4894866569263735,-0.010513343073626502
trait_agreeableness_00714,agreeableness,low,baseline,none,trait_agreeableness_00714_act_002,high,"['trait_agreeableness_00714_act_001', 'trait_agreeableness_00714_act_002', 'trait_agreeableness_00714_act_003', 'trait_agreeableness_00714_act_004']","['Just let them know that your current responsibilities cannot be set aside, and you must prioritize completing your pending work this weekend.', 'You might consider delegating some of your tasks or rescheduling commitments so you can join your friends and maintain those cherished relationships.', 'Suggest an alternate weekend for the getaway when you are less busy, demonstrating your interest while staying committed to your personal obligations.', 'Perhaps you could work a few extra hours before the weekend to clear up some urgent tasks, allowing you to enjoy the getaway without worries.']","['low', 'high', 'low', 'high']","[-11.078125, -0.560546875, -0.92578125, -3.64453125]","[-0.4615885416666667, -0.022421875, -0.03703125, -0.1349826388888889]","[0.1829296499490738, 0.28379958868026733, 0.27968358993530273, 0.25358715653419495]",0.5373867532221489,0.4626132467778511,-0.037386753222148905
trait_agreeableness_00715,agreeableness,low,baseline,none,trait_agreeableness_00715_act_001,high,"['trait_agreeableness_00715_act_001', 'trait_agreeableness_00715_act_002', 'trait_agreeableness_00715_act_003', 'trait_agreeableness_00715_act_004']","['Suggest a team coffee break for everyone to refresh and help Ulisess feel less isolated in his stress.', 'Advise Ulisess to delegate some tasks to others to manage his workload better, which might alleviate his stress.', 'Offer to take a short walk with Ulisess during lunch, allowing for a change of scenery and a physical break from work.', 'Recommend that Ulisess reevaluate his project timeline and priorities, possibly pushing back less critical tasks.']","['high', 'low', 'high', 'low']","[-0.02850341796875, -4.96484375, -4.02734375, -5.90234375]","[-0.0012956099076704545, -0.21586277173913043, -0.15489783653846154, -0.2951171875]","[0.2932626008987427, 0.23663084208965302, 0.25150585174560547, 0.21860072016716003]",0.5447684445266657,0.45523155547333427,-0.04476844452666573
trait_agreeableness_00716,agreeableness,low,baseline,none,trait_agreeableness_00716_act_003,high,"['trait_agreeableness_00716_act_001', 'trait_agreeableness_00716_act_002', 'trait_agreeableness_00716_act_003', 'trait_agreeableness_00716_act_004']","['Decline the invitation as your workload and commitments cannot be compromised for additional social events.', 'Skip the ball; prioritize completing your major project and maintaining your current commitments.', ""Maybe you could go to the ball with Ranvir but let him know in advance that you'll need to leave early to manage your other commitments."", 'Consider attending the charity ball for just a short time to show support before focusing back on your project.']","['low', 'low', 'high', 'high']","[-1.3642578125, -2.890625, -0.75537109375, -7.296875]","[-0.08025045955882353, -0.19270833333333334, -0.026047279094827586, -0.36484375]","[0.27014949917793274, 0.24141503870487213, 0.28519657254219055, 0.20323891937732697]",0.48843547736300597,0.511564522636994,0.011564522636994035
trait_agreeableness_00717,agreeableness,low,baseline,none,trait_agreeableness_00717_act_003,low,"['trait_agreeableness_00717_act_001', 'trait_agreeableness_00717_act_002', 'trait_agreeableness_00717_act_003', 'trait_agreeableness_00717_act_004']","['Consider crafting homemade gifts, which can be both meaningful and budget-friendly.', 'You might also think about baking treats to bring to the parties, as this is an affordable and heartfelt alternative to traditional gifts.', 'Just opt out of gift-giving and explain your financial situation honestly if anyone asks.', 'Alternatively, buy a single bulk gift item that you can split among the various parties to minimize costs.']","['high', 'high', 'low', 'low']","[-3.521484375, -8.6328125, -0.047088623046875, -11.6015625]","[-0.2515345982142857, -0.3453125, -0.002769919002757353, -0.580078125]","[0.2555651366710663, 0.23268820345401764, 0.32774701714515686, 0.1839996576309204]",0.4882533328495423,0.5117466671504577,0.01174666715045769
trait_agreeableness_00718,agreeableness,low,baseline,none,trait_agreeableness_00718_act_001,low,"['trait_agreeableness_00718_act_001', 'trait_agreeableness_00718_act_002', 'trait_agreeableness_00718_act_003', 'trait_agreeableness_00718_act_004']","[""You should remain neutral, not laughing or reacting, to clearly indicate that such jokes aren't suitable for the workplace."", ""You might offer a light smile to acknowledge Geordie's attempt at humor without encouraging the nature of the joke."", 'Address Geordie later in private, suggesting that he consider the timing and content of his jokes more carefully in the future.', 'Perhaps gently change the subject to help move the conversation away from the joke and towards more appropriate meeting topics.']","['low', 'high', 'low', 'high']","[-0.006771087646484375, -5.1015625, -8.265625, -8.171875]","[-0.00029439511506453806, -0.2218070652173913, -0.330625, -0.38913690476190477]","[0.31271177530288696, 0.25057774782180786, 0.2247416079044342, 0.21196886897087097]",0.46254661679267883,0.5374533832073212,0.03745338320732117
trait_agreeableness_00719,agreeableness,low,baseline,none,trait_agreeableness_00719_act_002,low,"['trait_agreeableness_00719_act_001', 'trait_agreeableness_00719_act_002', 'trait_agreeableness_00719_act_003', 'trait_agreeableness_00719_act_004']","['You might consider asking her if there’s anything specific you can do to help, showing your support goes beyond just professional boundaries.', 'Evaluate if sending flowers could set a precedent you’re uncomfortable with; maintaining professional boundaries is crucial.', 'Sending a thoughtful card along with the flowers can express your support and empathy during her difficult times.', 'Consider simply acknowledging her situation verbally when appropriate, which keeps the support subtle and professional.']","['high', 'low', 'high', 'low']","[-14.9765625, -0.150634765625, -4.5078125, -4.83984375]","[-0.5990625, -0.007928145559210526, -0.2372532894736842, -0.28469669117647056]","[0.17821019887924194, 0.32185402512550354, 0.2558964788913727, 0.2440393716096878]",0.4341066454271491,0.5658933545728508,0.06589335457285084
trait_agreeableness_00720,agreeableness,low,baseline,none,trait_agreeableness_00720_act_001,low,"['trait_agreeableness_00720_act_001', 'trait_agreeableness_00720_act_002', 'trait_agreeableness_00720_act_003', 'trait_agreeableness_00720_act_004']","['Suggest that Shandel looks into affordable financing or leasing options for a new laptop instead of giving yours away.', 'Keep the laptop for yourself since it could be useful for your future needs, and Shandel can explore other options to acquire one.', 'Consider surprising Shandel with the laptop, making it a heartfelt gesture to help them succeed in their projects.', 'You could gift the laptop to Shandel, as it would really boost their productivity and show how much you support their endeavors.']","['low', 'low', 'high', 'high']","[-0.260009765625, -10.1484375, -2.306640625, -3.509765625]","[-0.011818625710227272, -0.3903245192307692, -0.10984002976190477, -0.140390625]","[0.28811272978782654, 0.1973237842321396, 0.2612115144729614, 0.25335198640823364]",0.5145634932136015,0.4854365067863985,-0.014563493213601508
trait_agreeableness_00721,agreeableness,low,baseline,none,trait_agreeableness_00721_act_001,high,"['trait_agreeableness_00721_act_001', 'trait_agreeableness_00721_act_002', 'trait_agreeableness_00721_act_003', 'trait_agreeableness_00721_act_004']","['You might consider gently expressing to Loujain how much effort and care you put into looking after their cat, which could naturally lead them to offer some form of gratitude.', 'Perhaps you could ask Loujain if they’d be willing to cover the costs you incurred while caring for their pet, as a kind gesture of appreciation.', 'Directly ask Loujain for a compensation for the expenses and time you invested in taking care of the cat, emphasizing that it is only fair.', 'Tell Loujain that taking care of their cat involved certain costs and effort on your part, and it would be reasonable to expect some form of compensation for your troubles.']","['high', 'high', 'low', 'low']","[-0.26123046875, -2.646484375, -1.9677734375, -6.3515625]","[-0.0076832490808823525, -0.08537046370967742, -0.06559244791666667, -0.18681066176470587]","[0.26990634202957153, 0.2497318685054779, 0.2547202408313751, 0.22564153373241425]",0.5196382182782623,0.4803617817217377,-0.019638218278262287
trait_agreeableness_00722,agreeableness,low,baseline,none,trait_agreeableness_00722_act_002,high,"['trait_agreeableness_00722_act_001', 'trait_agreeableness_00722_act_002', 'trait_agreeableness_00722_act_003', 'trait_agreeableness_00722_act_004']","['Politely decline, explaining that you already have commitments to your personal health this weekend.', 'Offer to help Nazair for a few hours on one day of the weekend so you can also have time for your relaxation.', 'Suggest that Nazair asks other friends who might not already have plans, as your weekend is already booked for personal time.', ""Suggest that Nazair could hire professional movers and you'll provide support by organizing meals or refreshments for everyone on the moving day.""]","['low', 'high', 'low', 'high']","[-1.732421875, -0.30810546875, -5.46484375, -2.681640625]","[-0.10190716911764706, -0.01232421875, -0.21859375, -0.09932002314814815]","[0.25086721777915955, 0.2743780016899109, 0.22323772311210632, 0.25151708722114563]",0.525895073238162,0.474104926761838,-0.02589507323816198
trait_agreeableness_00723,agreeableness,low,baseline,none,trait_agreeableness_00723_act_002,low,"['trait_agreeableness_00723_act_001', 'trait_agreeableness_00723_act_002', 'trait_agreeableness_00723_act_003', 'trait_agreeableness_00723_act_004']","[""Maybe express to Tavleen how you're feeling and ask if she's open to the idea of ordering a ride for you, so she can continue enjoying the party."", 'Tell Tavleen directly that you need to leave for your own comfort, regardless of her having fun.', 'You could suggest a compromise to Tavleen; perhaps staying just a bit longer to meet her happiness, then leaving together.', 'Inform Tavleen that you are calling a taxi for yourself because you want to leave now.']","['high', 'low', 'high', 'low']","[-2.880859375, -0.335693359375, -4.8828125, -1.5380859375]","[-0.0847311580882353, -0.015985398065476192, -0.1953125, -0.08095189144736842]","[0.2518724203109741, 0.2697966396808624, 0.2255048006772995, 0.25282612442970276]",0.47737722810174865,0.5226227718982513,0.022622771898251348
trait_agreeableness_00724,agreeableness,low,baseline,none,trait_agreeableness_00724_act_004,high,"['trait_agreeableness_00724_act_001', 'trait_agreeableness_00724_act_002', 'trait_agreeableness_00724_act_003', 'trait_agreeableness_00724_act_004']","['Suggest that Josalyn finds an alternative or waits for another time when you are less occupied.', 'Keep your business appointment as planned; it’s important to prioritize commitments that impact your professional goals.', 'Perhaps offer to help Josalyn after your business appointment, blending commitment with your supportive nature.', ""You might consider rescheduling the business appointment if Josalyn's request could foster a supportive relationship.""]","['low', 'low', 'high', 'high']","[-6.515625, -15.4375, -1.890625, -0.23486328125]","[-0.32578125, -0.8125, -0.09950657894736842, -0.0117431640625]","[0.2359880805015564, 0.14504769444465637, 0.29591017961502075, 0.3230539858341217]",0.6189642023422839,0.3810357976577161,-0.11896420234228389
trait_agreeableness_00725,agreeableness,low,baseline,none,trait_agreeableness_00725_act_002,high,"['trait_agreeableness_00725_act_001', 'trait_agreeableness_00725_act_002', 'trait_agreeableness_00725_act_003', 'trait_agreeableness_00725_act_004']","[""Apologize sincerely to Webber for the comment and ask them how they feel or if there's anything they'd like to talk about."", 'Express your regret over the upsetting comment, then gently shift the conversation towards a topic that Webber enjoys to lighten the mood.', 'Clarify your comment to Webber, explaining your point of view so they understand your perspective better.', 'Ask Webber to explain why your comment upset them, which can lead to a clearer understanding on both sides.']","['high', 'high', 'low', 'low']","[-1.1513671875, -0.400146484375, -4.58203125, -7.9921875]","[-0.04112025669642857, -0.016005859375, -0.2291015625, -0.36328125]","[0.2794354557991028, 0.2865421772003174, 0.23154865205287933, 0.20247377455234528]",0.5659775992645264,0.4340224007354736,-0.0659775992645264
trait_agreeableness_00726,agreeableness,low,baseline,none,trait_agreeableness_00726_act_002,high,"['trait_agreeableness_00726_act_001', 'trait_agreeableness_00726_act_002', 'trait_agreeableness_00726_act_003', 'trait_agreeableness_00726_act_004']","['Suggest that Stevielynn should speak to a financial advisor to better manage her expenses and debt.', 'Offer to help Stevielynn by covering some of her medical expenses or by lending her money if that feels right to you.', 'Advise Stevielynn to negotiate the bills or seek cheaper medical alternatives for future treatments.', 'Consider providing support by helping Stevielynn find financial aid programs or charities that assist with medical bills.']","['low', 'high', 'low', 'high']","[-7.44140625, -0.00238037109375, -6.53515625, -9.203125]","[-0.35435267857142855, -9.1552734375e-05, -0.34395559210526316, -0.4382440476190476]","[0.22961534559726715, 0.3272310793399811, 0.23201511800289154, 0.21113844215869904]",0.5383695295210112,0.46163047047898875,-0.03836952952101125
trait_agreeableness_00727,agreeableness,low,baseline,none,trait_agreeableness_00727_act_003,high,"['trait_agreeableness_00727_act_001', 'trait_agreeableness_00727_act_002', 'trait_agreeableness_00727_act_003', 'trait_agreeableness_00727_act_004']","['Consider starting with the positive aspects of the policy, then transition into your concerns, ensuring you maintain a respectful tone throughout.', 'Directly challenge the policy by presenting strong, logical arguments against it and demand a review from management.', 'You could express your concerns by highlighting how the policy impacts team morale, and gently suggest possible alternatives that could benefit everyone.', ""Question the policy's fairness and effectiveness in the meeting, and push for an immediate reconsideration by presenting the overall dissatisfaction of your colleagues.""]","['high', 'low', 'high', 'low']","[-2.513671875, -7.68359375, -1.638671875, -2.857421875]","[-0.104736328125, -0.3841796875, -0.06827799479166667, -0.10583043981481481]","[0.26369625329971313, 0.19940829277038574, 0.27348756790161133, 0.2634078860282898]",0.5371838212013245,0.46281617879867554,-0.03718382120132446
trait_agreeableness_00728,agreeableness,low,baseline,none,trait_agreeableness_00728_act_004,high,"['trait_agreeableness_00728_act_001', 'trait_agreeableness_00728_act_002', 'trait_agreeableness_00728_act_003', 'trait_agreeableness_00728_act_004']","[""Propose a formal vote on the project during the next team meeting to decisively address and move beyond Kashtin's opposition."", ""Firmly defend your project's merits in the next meeting, showcasing robust evidence and data to counter his objections."", 'Consider inviting Kashtin to co-present the project, integrating his viewpoints to strengthen the proposal.', 'Schedule a one-on-one meeting with Kashtin to understand his concerns and discuss potential compromises.']","['low', 'low', 'high', 'high']","[-2.083984375, -2.583984375, -2.515625, -0.327392578125]","[-0.0801532451923077, -0.11234714673913043, -0.13240131578947367, -0.01723118832236842]","[0.2511076331138611, 0.24315224587917328, 0.2383245825767517, 0.26741552352905273]",0.5057401136419194,0.4942598863580806,-0.005740113641919398
trait_agreeableness_00729,agreeableness,low,baseline,none,trait_agreeableness_00729_act_001,high,"['trait_agreeableness_00729_act_001', 'trait_agreeableness_00729_act_002', 'trait_agreeableness_00729_act_003', 'trait_agreeableness_00729_act_004']","['Offer to spend time with Janely, perhaps going for a walk or watching a movie together to help her feel less alone.', 'Consider sending Janely a care package filled with her favorite treats and a heartfelt note to show your support and affection.', 'Encourage Janely to join a support group where she can connect with people who understand her grief and can offer perspective.', 'Suggest that Janely seeks professional counseling to address her feelings of hopelessness and to develop coping strategies.']","['high', 'high', 'low', 'low']","[-2.205078125, -3.580078125, -6.3046875, -2.330078125]","[-0.088203125, -0.15565557065217392, -0.2626953125, -0.11095610119047619]","[0.2665131986141205, 0.24912911653518677, 0.22384002804756165, 0.2605176866054535]",0.5156422997819692,0.4843577002180308,-0.015642299781969182
trait_agreeableness_00730,agreeableness,low,baseline,none,trait_agreeableness_00730_act_001,low,"['trait_agreeableness_00730_act_001', 'trait_agreeableness_00730_act_002', 'trait_agreeableness_00730_act_003', 'trait_agreeableness_00730_act_004']","['Withhold Meital’s paycheck as a firm action to underline the seriousness of the performance issues and motivate improvement.', 'Consider setting up a meeting with Meital to openly discuss performance issues and explore supportive measures to help improve their work.', 'Implement a direct policy that ties Meital’s pay to specific performance metrics, ensuring accountability and immediate consequences for underperformance.', 'You might want to create an improvement plan that outlines clear goals and timelines for Meital, providing regular feedback and encouragement.']","['low', 'high', 'low', 'high']","[-0.0003120899200439453, -12.515625, -11.921875, -23.03125]","[-1.4185905456542969e-05, -0.5441576086956522, -0.4967447916666667, -0.9596354166666666]","[0.38881856203079224, 0.22564643621444702, 0.23660267889499664, 0.14893224835395813]",0.374578712476694,0.6254212875233061,0.12542128752330606
trait_agreeableness_00731,agreeableness,low,baseline,none,trait_agreeableness_00731_act_003,high,"['trait_agreeableness_00731_act_001', 'trait_agreeableness_00731_act_002', 'trait_agreeableness_00731_act_003', 'trait_agreeableness_00731_act_004']","['Perhaps you could delegate some of your responsibilities to other volunteers, which would allow you to continue supporting the charity while also managing your stress better.', ""It's practical to prioritize your own health and professional duties over volunteering; you can always return to it when you're in a better position."", 'You might consider reducing your hours slightly and finding a schedule that allows more time for rest, maintaining your commitment but taking care of your health too.', 'Consider taking a complete break from volunteering to focus entirely on your personal and professional life until you feel less overwhelmed.']","['high', 'low', 'high', 'low']","[-2.318359375, -3.115234375, -0.36474609375, -1.884765625]","[-0.08279854910714286, -0.11125837053571429, -0.012577451508620689, -0.08567116477272728]","[0.24741341173648834, 0.24047131836414337, 0.2654115855693817, 0.24670369923114777]",0.5128249896641822,0.4871750103358178,-0.012824989664182218
trait_agreeableness_00732,agreeableness,low,baseline,none,trait_agreeableness_00732_act_002,low,"['trait_agreeableness_00732_act_001', 'trait_agreeableness_00732_act_002', 'trait_agreeableness_00732_act_003', 'trait_agreeableness_00732_act_004']","['Recommend that they check local moving services or rental trucks, as you need to prioritize your own commitments this weekend.', 'Politely explain that you have long-standing personal plans and suggest that they reschedule the move or ask another friend for help.', 'You could suggest hiring professional movers and then visiting your friend after your retreat to help them unpack and settle in.', 'Offer to help your friend with packing a day or two before your retreat, so you can still support them without cancelling your plans.']","['low', 'low', 'high', 'high']","[-1.1103515625, -0.57958984375, -3.892578125, -2.8828125]","[-0.050470525568181816, -0.02318359375, -0.17693536931818182, -0.11087740384615384]","[0.2597234547138214, 0.26690807938575745, 0.22886963188648224, 0.2444988340139389]",0.47336846590042114,0.5266315340995789,0.026631534099578857
trait_agreeableness_00733,agreeableness,low,baseline,none,trait_agreeableness_00733_act_003,low,"['trait_agreeableness_00733_act_001', 'trait_agreeableness_00733_act_002', 'trait_agreeableness_00733_act_003', 'trait_agreeableness_00733_act_004']","['You could politely excuse yourself from your current commitment, explaining the importance of timely attendance at your work meeting.', 'Consider contacting a colleague who is also attending the meeting and kindly ask if they can cover the beginning part until you arrive.', ""Just focus on finishing your current commitment properly, even if it means being late; you can't always please everyone."", ""Send a quick message to inform them you'll be late, then proceed with your current engagement without cutting it short.""]","['high', 'high', 'low', 'low']","[-1.5888671875, -2.373046875, -0.4326171875, -3.82421875]","[-0.07566034226190477, -0.098876953125, -0.018809442934782608, -0.16627038043478262]","[0.2532336115837097, 0.24742211401462555, 0.2680472731590271, 0.23129695653915405]",0.5006557479793913,0.4993442520206087,-0.0006557479793912746
trait_agreeableness_00734,agreeableness,low,baseline,none,trait_agreeableness_00734_act_002,high,"['trait_agreeableness_00734_act_001', 'trait_agreeableness_00734_act_002', 'trait_agreeableness_00734_act_003', 'trait_agreeableness_00734_act_004']","['Directly ask both colleagues to clarify their points and explain the reasoning behind their disagreements in the meeting, fostering a clear and open dialogue.', 'You might consider suggesting a team-building activity that focuses on communication skills, which can improve overall team harmony without direct confrontation.', 'You could inform your manager about the disruptive behavior, letting them handle the situation and possibly mediate the conflict.', 'Perhaps you could recommend a feedback session where everyone gets the chance to express their thoughts in a structured manner, making the atmosphere more open and less tense.']","['low', 'high', 'low', 'high']","[-1.046875, -0.83984375, -10.3671875, -3.267578125]","[-0.03877314814814815, -0.034993489583333336, -0.47123579545454547, -0.10891927083333333]","[0.27894362807273865, 0.2799999415874481, 0.18100906908512115, 0.2600473165512085]",0.5400472822806515,0.45995271771934854,-0.040047282280651464
trait_agreeableness_00735,agreeableness,low,baseline,none,trait_agreeableness_00735_act_002,low,"['trait_agreeableness_00735_act_001', 'trait_agreeableness_00735_act_002', 'trait_agreeableness_00735_act_003', 'trait_agreeableness_00735_act_004']","['Maybe you can ask your friend how they feel about their project first to understand their perspective before sharing your thoughts.', 'Just be straightforward and tell your friend what you really think about the art project; they asked for honesty, after all.', 'You could mention specific aspects you like while gently suggesting improvements in areas you think could be better.', 'Recommend your friend to seek feedback from professional artists as well, which can provide them with a more objective critique.']","['high', 'low', 'high', 'low']","[-8.484375, -0.00029349327087402344, -17.328125, -17.421875]","[-0.3856534090909091, -1.2228886286417643e-05, -0.9120065789473685, -0.7919034090909091]","[0.2682795226573944, 0.39452028274536133, 0.15848757326602936, 0.1787126660346985]",0.42676707684544873,0.5732329231545512,0.07323292315455121
trait_agreeableness_00736,agreeableness,low,baseline,none,trait_agreeableness_00736_act_001,low,"['trait_agreeableness_00736_act_001', 'trait_agreeableness_00736_act_002', 'trait_agreeableness_00736_act_003', 'trait_agreeableness_00736_act_004']","['Suggest a compromise where Jahnia could redistribute some of the tasks among other team members to lessen your burden.', 'Decline the proposal, citing your current responsibilities and the importance of maintaining your personal life balance.', 'Perhaps you could agree to the new plan, but clarify your availability and limits to ensure your personal time is respected.', 'You might consider agreeing to the plan but also ask for help or support to manage the increased workload effectively.']","['low', 'low', 'high', 'high']","[-0.24609375, -7.953125, -2.056640625, -3.509765625]","[-0.011186079545454546, -0.4185855263157895, -0.08941915760869565, -0.16713169642857142]","[0.29021400213241577, 0.19310210645198822, 0.26837506890296936, 0.24830876290798187]",0.5166838626077094,0.4833161373922906,-0.016683862607709377
trait_agreeableness_00737,agreeableness,low,baseline,none,trait_agreeableness_00737_act_003,low,"['trait_agreeableness_00737_act_001', 'trait_agreeableness_00737_act_002', 'trait_agreeableness_00737_act_003', 'trait_agreeableness_00737_act_004']","['You could gently remind your colleagues about the value of discussing concerns directly with PersonZ to promote a more understanding and supportive work environment.', 'Consider sharing positive experiences or achievements of PersonZ to subtly shift the tone of the conversation to something more constructive and appreciative.', ""You might propose focusing the discussion on tasks and projects instead, pointing out that speculative talk is not productive or beneficial for the team's goals."", 'Suggest setting up a meeting where concerns can be addressed openly with PersonZ present, ensuring a fair dialogue and cutting out behind-the-back criticisms.']","['high', 'high', 'low', 'low']","[-8.6015625, -0.80419921875, -0.8076171875, -2.2890625]","[-0.3308293269230769, -0.03216796875, -0.028843470982142856, -0.07893318965517242]","[0.20051904022693634, 0.27031028270721436, 0.2712104320526123, 0.2579602003097534]",0.47082934398186255,0.5291706560181375,0.02917065601813751
trait_agreeableness_00738,agreeableness,low,baseline,none,trait_agreeableness_00738_act_001,low,"['trait_agreeableness_00738_act_001', 'trait_agreeableness_00738_act_002', 'trait_agreeableness_00738_act_003', 'trait_agreeableness_00738_act_004']","['Recommend they look into local community services like food banks and job training workshops to become more self-sufficient.', 'Offer to babysit the children a couple of times a week to give the parents time to job search or handle other responsibilities.', 'Suggest setting up a schedule where they can gradually take over the childcare and household chores as they stabilize financially.', 'Prepare some extra meals that can easily be reheated, to relieve them from cooking duties for a few days.']","['low', 'high', 'low', 'high']","[-0.3896484375, -2.57421875, -2.447265625, -2.35546875]","[-0.0185546875, -0.10296875, -0.11123934659090909, -0.10706676136363637]","[0.26696398854255676, 0.24535341560840607, 0.24333257973194122, 0.24435003101825714]",0.4897034393295133,0.5102965606704867,0.010296560670486676
trait_agreeableness_00739,agreeableness,low,baseline,none,trait_agreeableness_00739_act_003,high,"['trait_agreeableness_00739_act_001', 'trait_agreeableness_00739_act_002', 'trait_agreeableness_00739_act_003', 'trait_agreeableness_00739_act_004']","['Consider encouraging Destinnie to seek advice from an independent financial advisor to ensure she makes a well-informed decision.', 'Go ahead and emphasize the potential high returns of the deal to persuade Destinnie, focusing on how such investments can significantly pay off.', 'You could prioritize transparency and discuss both the potential benefits and risks openly with Destinnie, emphasizing that the final decision is hers to make.', ""You should highlight the unique chance this deal represents and pitch it as a strategically aggressive investment that shouldn't be missed.""]","['high', 'low', 'high', 'low']","[-1.4169921875, -6.66796875, -1.0341796875, -1.1611328125]","[-0.06440873579545454, -0.25646033653846156, -0.03830295138888889, -0.05048403532608696]","[0.2586829364299774, 0.21348178386688232, 0.2655249834060669, 0.2623102068901062]",0.5242079667038888,0.4757920332961112,-0.024207966703888806
trait_agreeableness_00740,agreeableness,low,baseline,none,trait_agreeableness_00740_act_001,low,"['trait_agreeableness_00740_act_001', 'trait_agreeableness_00740_act_002', 'trait_agreeableness_00740_act_003', 'trait_agreeableness_00740_act_004']","[""Confront Hikari then and there by firmly stating the discomfort they're causing, to immediately address the issue."", ""Directly tell Hikari that their behavior is inappropriate and advise them to stop immediately if you feel it's disruptive enough."", 'Maybe suggest a quick, quiet walk with Hikari outside the venue to discuss the issue discreetly and help them regain composure.', 'Consider pulling Hikari aside gently to express your concerns in private, aiming to avoid public embarrassment.']","['low', 'low', 'high', 'high']","[-0.07049560546875, -3.25390625, -3.955078125, -5.421875]","[-0.003065026324728261, -0.13015625, -0.146484375, -0.27109375]","[0.2847437262535095, 0.2507604956626892, 0.24669930338859558, 0.2177964299917221]",0.464495754144896,0.535504245855104,0.03550424585510403
trait_agreeableness_00741,agreeableness,low,baseline,none,trait_agreeableness_00741_act_003,low,"['trait_agreeableness_00741_act_001', 'trait_agreeableness_00741_act_002', 'trait_agreeableness_00741_act_003', 'trait_agreeableness_00741_act_004']","['You might consider arranging a private, friendly chat with Janya to understand any challenges she’s facing and discuss how you can help her meet her deadlines.', 'Perhaps you could offer to help Janya organize her tasks or suggest setting up a team meeting to realign everyone’s responsibilities and deadlines.', ""Directly inform Janya that her missed deadlines are impacting the team's performance and she needs to adhere to the project timeline more strictly."", 'Send an email to Janya outlining the deadlines and mentioning that further delays could lead to discussions with higher management.']","['high', 'high', 'low', 'low']","[-1.1689453125, -4.2109375, -0.4404296875, -8.90625]","[-0.03896484375, -0.15596064814814814, -0.016312210648148147, -0.40482954545454547]","[0.2773081660270691, 0.2466902732849121, 0.2836616039276123, 0.19234000146389008]",0.5239984158874266,0.47600158411257343,-0.023998415887426572
trait_agreeableness_00742,agreeableness,low,baseline,none,trait_agreeableness_00742_act_001,low,"['trait_agreeableness_00742_act_001', 'trait_agreeableness_00742_act_002', 'trait_agreeableness_00742_act_003', 'trait_agreeableness_00742_act_004']","['Directly point out the flaw during the meeting and suggest an alternative strategy that mitigates these risks.', 'Consider suggesting a follow-up meeting where you can review the strategy more thoroughly together, to align on the best approach.', 'Challenge the strategy openly in the meeting to ensure everyone is aware of the potential losses, emphasizing the need for a robust discussion.', 'You could express your concerns by privately messaging your colleague, framing it as seeking to understand their perspective better.']","['low', 'high', 'low', 'high']","[-0.222412109375, -8.9375, -1.67578125, -9.3125]","[-0.01112060546875, -0.38858695652173914, -0.06703125, -0.44345238095238093]","[0.30485817790031433, 0.20900963246822357, 0.288281112909317, 0.19785113632678986]",0.4068607445442233,0.5931392554557767,0.09313925545577673
trait_agreeableness_00743,agreeableness,low,baseline,none,trait_agreeableness_00743_act_002,low,"['trait_agreeableness_00743_act_001', 'trait_agreeableness_00743_act_002', 'trait_agreeableness_00743_act_003', 'trait_agreeableness_00743_act_004']","['Maybe you could offer to help train someone else to share the workload, easing the burden on you.', 'Just say no to additional shifts and prioritize your health over voluntary extras.', 'You might consider gently explaining to your supervisor your health concerns and see if you can reduce the extra shifts.', ""Take a step back and let others step up; you're not the only one who can volunteer for extra work.""]","['high', 'low', 'high', 'low']","[-7.6328125, -0.1500244140625, -1.9931640625, -7.7265625]","[-0.381640625, -0.010716029575892858, -0.0949125744047619, -0.3359375]","[0.20712943375110626, 0.30014583468437195, 0.2759092152118683, 0.2168155461549759]",0.48303863456730145,0.5169613654326985,0.01696136543269855
trait_agreeableness_00744,agreeableness,low,baseline,none,trait_agreeableness_00744_act_001,low,"['trait_agreeableness_00744_act_001', 'trait_agreeableness_00744_act_002', 'trait_agreeableness_00744_act_003', 'trait_agreeableness_00744_act_004']","['Escalate the issue to your manager or HR department to formally address the rumors and protect your professional reputation.', 'Address the situation directly by confronting your colleague and demand they stop spreading unfounded rumors immediately.', 'Offer to collaborate on a project together which could help improve your relationship and show your genuine intentions.', 'Invite your colleague for a coffee and gently discuss the impact their behavior is having on you, aiming to clear up any misunderstandings.']","['low', 'low', 'high', 'high']","[-0.0251312255859375, -4.6796875, -4.3203125, -6.68359375]","[-0.0011423284357244318, -0.2599826388888889, -0.22738486842105263, -0.2570612980769231]","[0.2990720868110657, 0.23086759448051453, 0.23851735889911652, 0.23154300451278687]",0.4700603423985686,0.5299396576014315,0.02993965760143147
trait_agreeableness_00745,agreeableness,low,baseline,none,trait_agreeableness_00745_act_002,high,"['trait_agreeableness_00745_act_001', 'trait_agreeableness_00745_act_002', 'trait_agreeableness_00745_act_003', 'trait_agreeableness_00745_act_004']","['You could give your friend the guitar as a gift to help ease their financial burden and share the joy of music.', 'Consider lending the guitar to your friend until they can afford one, creating a win-win situation where you keep ownership and they get to play.', 'Keep the guitar since giving it away could set a precedent for similar expectations in the future.', 'Suggest that your friend looks for affordable second-hand options online, emphasizing the importance of financial responsibility.']","['high', 'high', 'low', 'low']","[-3.107421875, -0.257080078125, -2.154296875, -4.640625]","[-0.1351052989130435, -0.009181431361607142, -0.11968315972222222, -0.23203125]","[0.24646563827991486, 0.2795403003692627, 0.25029614567756653, 0.2236979454755783]",0.5260059229729794,0.47399407702702057,-0.026005922972979434
trait_agreeableness_00746,agreeableness,low,baseline,none,trait_agreeableness_00746_act_002,high,"['trait_agreeableness_00746_act_001', 'trait_agreeableness_00746_act_002', 'trait_agreeableness_00746_act_003', 'trait_agreeableness_00746_act_004']","['Consider suggesting that Aythana delegate specific tasks to other team members or ask for an extension from the project lead.', ""Absolutely, offering your assistance could greatly alleviate Aythana's stress and help distribute the project tasks more manageably."", 'Recommend to Aythana to reevaluate her project plan and identify priorities; she might need to focus on key areas and drop less critical tasks.', 'Yes, stepping in to help Aythana not only supports her but also strengthens the teamwork within the project.']","['low', 'high', 'low', 'high']","[-6.71875, -0.045745849609375, -12.109375, -3.44140625]","[-0.2921195652173913, -0.0019889499830163045, -0.4175646551724138, -0.15642755681818182]","[0.22914570569992065, 0.3062766194343567, 0.20213037729263306, 0.2624472379684448]",0.568723891301387,0.431276108698613,-0.06872389130138701
trait_agreeableness_00747,agreeableness,low,baseline,none,trait_agreeableness_00747_act_001,high,"['trait_agreeableness_00747_act_001', 'trait_agreeableness_00747_act_002', 'trait_agreeableness_00747_act_003', 'trait_agreeableness_00747_act_004']","['Consider suggesting a brief team check-in where everyone updates the group on their progress, allowing Carielle to share in a non-confrontational setting.', ""Point out directly to Carielle during the meeting that you've noticed discrepancies in their work, asking for an immediate clarification."", 'Perhaps you could invite Carielle for a private chat to gently inquire about their progress and any challenges they might be facing.', ""Challenge Carielle in the meeting to present detailed evidence of their progress to ensure they're held accountable in front of the team.""]","['high', 'low', 'high', 'low']","[-0.047637939453125, -6.24609375, -5.77734375, -6.29296875]","[-0.0015879313151041666, -0.24984375, -0.23109375, -0.2420372596153846]","[0.29749855399131775, 0.2320965677499771, 0.2364894449710846, 0.2339155226945877]",0.5339879512201591,0.4660120487798409,-0.033987951220159074
trait_agreeableness_00748,agreeableness,low,baseline,none,trait_agreeableness_00748_act_002,low,"['trait_agreeableness_00748_act_001', 'trait_agreeableness_00748_act_002', 'trait_agreeableness_00748_act_003', 'trait_agreeableness_00748_act_004']","['Document specific instances where Melicia took undue credit and present these to your supervisor as evidence.', ""Report the behavior to your supervisor immediately to prevent further damage to the team's morale."", 'Consider organizing a team intervention where everyone can openly discuss their feelings about fairness and recognition.', 'You could speak with Melicia first to express your concerns and give them a chance to rectify the situation themselves.']","['low', 'low', 'high', 'high']","[-6.46875, -0.0015668869018554688, -13.90625, -19.765625]","[-0.359375, -9.216981775620404e-05, -0.8180147058823529, -0.859375]","[0.2724071443080902, 0.39016926288604736, 0.1722002625465393, 0.16522328555583954]",0.33742356318638755,0.6625764368136124,0.16257643681361245
trait_agreeableness_00749,agreeableness,low,baseline,none,trait_agreeableness_00749_act_004,low,"['trait_agreeableness_00749_act_001', 'trait_agreeableness_00749_act_002', 'trait_agreeableness_00749_act_003', 'trait_agreeableness_00749_act_004']","['You might consider addressing the discomfort with Tagert directly by kindly expressing how their behavior makes you feel and seeking a mutual understanding.', 'Perhaps you could involve a mediator from HR to help facilitate a constructive conversation with Tagert, which might improve your work environment.', 'Stand your ground and confront Tagert directly about their aggressive behavior without sugarcoating your concerns.', 'Keep avoiding Tagert if interacting with them disrupts your productivity and peace of mind, focusing instead on your own work responsibilities.']","['high', 'high', 'low', 'low']","[-13.3359375, -9.265625, -2.798828125, -0.06524658203125]","[-0.5334375, -0.370625, -0.14730674342105263, -0.00260986328125]","[0.18697068095207214, 0.22003009915351868, 0.2750856578350067, 0.3179135322570801]",0.40700079223515967,0.5929992077648403,0.09299920776484027
trait_agreeableness_00750,agreeableness,low,baseline,none,trait_agreeableness_00750_act_003,low,"['trait_agreeableness_00750_act_001', 'trait_agreeableness_00750_act_002', 'trait_agreeableness_00750_act_003', 'trait_agreeableness_00750_act_004']","['Directly challenge the strategy in a team meeting by clearly outlining the potential pitfalls and presenting your alternative solutions.', 'You might consider gently suggesting a team meeting to review the project strategy and express your concerns in a supportive manner.', 'Write a concise, fact-based email to your project leader detailing why the current strategy might fail and suggest a meeting to discuss viable alternatives.', 'Perhaps you could offer to help research or present alternative strategies that could complement the current plan without dismissing it entirely.']","['low', 'high', 'low', 'high']","[-2.935546875, -2.404296875, -0.18505859375, -5.671875]","[-0.13978794642857142, -0.10928622159090909, -0.00685402199074074, -0.2578125]","[0.24619504809379578, 0.2538200914859772, 0.2811976969242096, 0.21878719329833984]",0.4726072706995228,0.5273927293004772,0.027392729300477203
trait_agreeableness_00701,agreeableness,high,one_line_prompt,one_line,trait_agreeableness_00701_act_002,high,"['trait_agreeableness_00701_act_001', 'trait_agreeableness_00701_act_002', 'trait_agreeableness_00701_act_003', 'trait_agreeableness_00701_act_004']","['You could propose a meeting to discuss the strengths of each theme and consider blending elements of both to please a wider audience.', 'Maybe consult with other team members for their opinions to see if a consensus can be achieved that respects both perspectives.', 'Stick to presenting clear, data-backed arguments on why a cultural heritage theme could draw more interest and community engagement.', 'Insist on setting clear objectives for the event and demonstrate how your theme aligns better with those goals compared to a modern tech theme.']","['high', 'high', 'low', 'low']","[-2.830078125, -0.09478759765625, -12.296875, -16.1875]","[-0.117919921875, -0.004308527166193182, -0.5589488636363636, -0.5995370370370371]","[0.29572898149490356, 0.33131012320518494, 0.19026437401771545, 0.18269650638103485]",0.6270391140436994,0.6270391140436994,0.12703911404369939
trait_agreeableness_00702,agreeableness,high,one_line_prompt,one_line,trait_agreeableness_00702_act_002,high,"['trait_agreeableness_00702_act_001', 'trait_agreeableness_00702_act_002', 'trait_agreeableness_00702_act_003', 'trait_agreeableness_00702_act_004']","['Clearly communicate to your supervisor the unrealistic nature of the additional workload and negotiate down the responsibilities.', 'Consider discussing a phased approach with your boss to gradually integrate the new project while maintaining balance with your current tasks.', 'Prioritize your tasks and cut down on the least essential ones; put focus only on what genuinely requires your expertise.', 'You could ask for support from your team or colleagues to help manage the workload more efficiently.']","['low', 'high', 'low', 'high']","[-3.607421875, -0.045562744140625, -4.50390625, -10.265625]","[-0.2004123263888889, -0.0020710338245738635, -0.19582201086956522, -0.5703125]","[0.2554420530796051, 0.3114805221557617, 0.2566172778606415, 0.17646019160747528]",0.4879406919505883,0.4879406919505883,-0.012059308049411688
trait_agreeableness_00703,agreeableness,high,one_line_prompt,one_line,trait_agreeableness_00703_act_004,low,"['trait_agreeableness_00703_act_001', 'trait_agreeableness_00703_act_002', 'trait_agreeableness_00703_act_003', 'trait_agreeableness_00703_act_004']","['Consider setting aside a portion of your bonus for your vacation and donate a portion to your friend to ease their burden.', 'Invest the bonus in a personal savings or retirement fund to ensure your future financial stability.', 'You could offer to help your friend cover some of their medical expenses with part of your bonus.', 'Use the bonus for the vacation you’ve been planning, as personal relaxation and fulfillment are important.']","['high', 'low', 'high', 'low']","[-6.59375, -6.09375, -3.986328125, -0.043426513671875]","[-0.2866847826086957, -0.3584558823529412, -0.20980674342105263, -0.002285605982730263]","[0.23043504357337952, 0.21447600424289703, 0.24884919822216034, 0.3062397241592407]",0.4792842560793238,0.4792842560793238,-0.02071574392067621
trait_agreeableness_00704,agreeableness,high,one_line_prompt,one_line,trait_agreeableness_00704_act_003,high,"['trait_agreeableness_00704_act_001', 'trait_agreeableness_00704_act_002', 'trait_agreeableness_00704_act_003', 'trait_agreeableness_00704_act_004']","['Challenge the team to justify the strategy with data or precedents, given its similarity to past unsuccessful attempts.', 'Directly state the issues and shortcomings you foresee with the agreed strategy to ensure they are aware of the potential risks.', 'Maybe suggest setting up a small trial run of the strategy first, to demonstrate the outcomes before fully committing.', 'You could gently express your concerns and propose discussing alternative strategies that could prevent potential issues.']","['low', 'low', 'high', 'high']","[-9.859375, -10.71875, -1.2216796875, -2.25390625]","[-0.4694940476190476, -0.46603260869565216, -0.05817522321428571, -0.13258272058823528]","[0.20354625582695007, 0.20425203442573547, 0.30711185932159424, 0.285089910030365]",0.5922017340539852,0.5922017340539852,0.09220173405398524
trait_agreeableness_00705,agreeableness,high,one_line_prompt,one_line,trait_agreeableness_00705_act_002,high,"['trait_agreeableness_00705_act_001', 'trait_agreeableness_00705_act_002', 'trait_agreeableness_00705_act_003', 'trait_agreeableness_00705_act_004']","['You could consider politely reaching out to the rental agency to express your concerns and ask for possible solutions or compensation.', 'Maybe try to calmly discuss the discrepancies with the agency, highlighting the missing amenities and differences in the property, and request an amicable resolution.', 'Demand an immediate response from the rental agency and insist on a partial refund or relocation to a property that matches the initial description.', 'Send a firm email to the agency detailing every issue, and make it clear you expect swift action or you will consider legal advice.']","['high', 'high', 'low', 'low']","[-3.865234375, -0.0281219482421875, -24.640625, -17.234375]","[-0.1756924715909091, -0.0010043552943638393, -0.985625, -0.6628605769230769]","[0.3076803386211395, 0.36640873551368713, 0.13688330352306366, 0.18902763724327087]",0.6740890640901168,0.6740890640901168,0.17408906409011682
trait_agreeableness_00706,agreeableness,high,one_line_prompt,one_line,trait_agreeableness_00706_act_002,high,"['trait_agreeableness_00706_act_001', 'trait_agreeableness_00706_act_002', 'trait_agreeableness_00706_act_003', 'trait_agreeableness_00706_act_004']","['Directly confront Marybella in your next team meeting by highlighting specific instances where your ideas were dismissed and demand a justification.', 'Consider asking Marybella for a private meeting to express how valuable you feel contributions from all team members are, including yours.', 'Email the whole team including your manager outlining how the dismissal of ideas by any team member, including Marybella, negatively impacts project creativity and ask for more structured discussion protocols.', 'Maybe propose a team brainstorming session where everyone submits one idea anonymously to ensure each thought is considered without bias.']","['low', 'high', 'low', 'high']","[-14.421875, -0.0088043212890625, -13.3046875, -11.59375]","[-0.576875, -0.0003521728515625, -0.3801339285714286, -0.5269886363636364]","[0.1980818212032318, 0.35255369544029236, 0.24115049839019775, 0.20821401476860046]",0.5607676934967132,0.5607676934967132,0.06076769349671318
trait_agreeableness_00707,agreeableness,high,one_line_prompt,one_line,trait_agreeableness_00707_act_003,high,"['trait_agreeableness_00707_act_001', 'trait_agreeableness_00707_act_002', 'trait_agreeableness_00707_act_003', 'trait_agreeableness_00707_act_004']","['Perhaps eat a healthy meal before the party to lessen your cravings and politely sample very small amounts of your favorite foods.', 'Just say no to the unhealthy options and stick firmly to your diet plan; it’s about your health after all.', 'You could bring a dish to share that fits your diet so you have a healthy option available and still enjoy the party.', 'Ignore the offerings and focus on socializing, not eating; you’re there for your friend, not the food.']","['high', 'low', 'high', 'low']","[-4.3984375, -2.126953125, -0.7734375, -14.359375]","[-0.19123641304347827, -0.09247622282608696, -0.0322265625, -0.6243206521739131]","[0.25479933619499207, 0.28124791383743286, 0.2987138628959656, 0.1652388572692871]",0.5535132155869369,0.5535132155869369,0.05351321558693689
trait_agreeableness_00708,agreeableness,high,one_line_prompt,one_line,trait_agreeableness_00708_act_001,low,"['trait_agreeableness_00708_act_001', 'trait_agreeableness_00708_act_002', 'trait_agreeableness_00708_act_003', 'trait_agreeableness_00708_act_004']","['Simply note the achievement directly to Nazareth and mention that you noticed the milestone, encouraging them to own their success publicly.', ""Challenge Nazareth in a light-hearted manner about why they haven't boasted about their success yet, to push them out of their comfort zone."", 'Encourage mutual friends or coworkers to subtly acknowledge the achievement, fostering a supportive environment without overwhelming Nazareth.', 'Quietly congratulate Nazareth in a personal message to show your support and respect for their privacy.']","['low', 'low', 'high', 'high']","[-0.07574462890625, -13.859375, -2.669921875, -7.1640625]","[-0.0031560262044270835, -0.49497767857142855, -0.12713913690476192, -0.3770559210526316]","[0.31417375802993774, 0.19212083518505096, 0.27753946185112, 0.2161659300327301]",0.49370539924063384,0.49370539924063384,-0.006294600759366165
trait_agreeableness_00709,agreeableness,high,one_line_prompt,one_line,trait_agreeableness_00709_act_001,high,"['trait_agreeableness_00709_act_001', 'trait_agreeableness_00709_act_002', 'trait_agreeableness_00709_act_003', 'trait_agreeableness_00709_act_004']","['Consider politely telling Zacharyah that his advances are making you uncomfortable and you would like to keep your relationship professional.', 'Maybe talk to a trusted colleague or a supervisor for advice on how to approach Zacharyah about this sensitive issue.', 'Directly tell Zacharyah to stop the advances, asserting that they are inappropriate and unwelcome at the workplace.', 'If speaking to him directly doesn’t work, report the behavior to your HR department to handle it formally.']","['high', 'high', 'low', 'low']","[-0.0081939697265625, -5.0703125, -8.7578125, -13.6015625]","[-0.00035625955332880437, -0.22044836956521738, -0.38077445652173914, -0.6476934523809523]","[0.33228570222854614, 0.26664096117019653, 0.2271423637866974, 0.17393088340759277]",0.598926716946964,0.598926716946964,0.09892671694696398
trait_agreeableness_00710,agreeableness,high,one_line_prompt,one_line,trait_agreeableness_00710_act_002,high,"['trait_agreeableness_00710_act_001', 'trait_agreeableness_00710_act_002', 'trait_agreeableness_00710_act_003', 'trait_agreeableness_00710_act_004']","['Demand an explanation as to why you were excluded from the discussion, asserting your right to know what concerns your family.', 'Approach a family member gently and express that you would appreciate being included in the conversation as it would help you cope better with the group.', 'Confront the family decisively about the secrecy, making it clear that you expect transparency in future matters.', 'Politely express to your family that you feel left out and assure them that you are capable of handling the situation more calmly with their support.']","['low', 'high', 'low', 'high']","[-22.59375, -0.005859375, -15.8828125, -5.25390625]","[-0.9823369565217391, -0.00020926339285714285, -0.7563244047619048, -0.18763950892857142]","[0.140105202794075, 0.3740992844104767, 0.17563466727733612, 0.3101608455181122]",0.6842601299285889,0.6842601299285889,0.18426012992858887
trait_agreeableness_00711,agreeableness,high,one_line_prompt,one_line,trait_agreeableness_00711_act_002,low,"['trait_agreeableness_00711_act_001', 'trait_agreeableness_00711_act_002', 'trait_agreeableness_00711_act_003', 'trait_agreeableness_00711_act_004']","['Perhaps you might weigh the emotional costs against the professional gains and decide if the move aligns with your long-term personal happiness and career goals.', 'Take the job; advancing in your career is a priority, and the significant pay increase justifies the move.', 'You could consider accepting the job and finding ways to maintain strong relationships with your family and friends through regular visits and digital communication.', 'Move to the new city; it’s a valuable opportunity for professional growth, and personal relationships can adapt if they’re truly important.']","['high', 'low', 'high', 'low']","[-12.890625, -0.03509521484375, -5.625, -5.171875]","[-0.4603794642857143, -0.0015952370383522727, -0.225, -0.19891826923076922]","[0.19431190192699432, 0.3074304461479187, 0.245880126953125, 0.2523774802684784]",0.44019204855823735,0.44019204855823735,-0.05980795144176265
trait_agreeableness_00712,agreeableness,high,one_line_prompt,one_line,trait_agreeableness_00712_act_004,high,"['trait_agreeableness_00712_act_001', 'trait_agreeableness_00712_act_002', 'trait_agreeableness_00712_act_003', 'trait_agreeableness_00712_act_004']","['Consider leveraging your time on more personal meetings where you can have genuine interactions, rather than a large industry event.', 'Skip the dinner if it really goes against your preferences and focus on networking in ways that make you feel comfortable.', 'You might find it rewarding to go and connect with a few people, making the experience more manageable and meaningful for you.', 'Consider attending the dinner to nurture relationships that could be beneficial for future collaborations or opportunities.']","['low', 'low', 'high', 'high']","[-5.51953125, -3.00390625, -1.79296875, -0.299072265625]","[-0.2508877840909091, -0.13654119318181818, -0.07470703125, -0.017592486213235295]","[0.21850527822971344, 0.24497514963150024, 0.26060110330581665, 0.27591848373413086]",0.5365195790451828,0.5365195790451828,0.03651957904518277
trait_agreeableness_00713,agreeableness,high,one_line_prompt,one_line,trait_agreeableness_00713_act_002,high,"['trait_agreeableness_00713_act_001', 'trait_agreeableness_00713_act_002', 'trait_agreeableness_00713_act_003', 'trait_agreeableness_00713_act_004']","[""You could accept the nomination gracefully as it honors not just your work but also your team's effort."", 'Perhaps you might consider a compromise by accepting the nomination and requesting a more low-key acknowledgment at the ceremony.', 'Decline the nomination if it makes you uncomfortable; maintaining your personal comfort is more important than external recognition.', 'You might just let them know that while you appreciate the gesture, you prefer achievements to be celebrated internally rather than publicly.']","['high', 'high', 'low', 'low']","[-7.0234375, -0.15576171875, -11.1171875, -2.2109375]","[-0.351171875, -0.007417224702380952, -0.5293898809523809, -0.09212239583333333]","[0.22013385593891144, 0.31043994426727295, 0.18419919908046722, 0.285226970911026]",0.5305738160185163,0.5305738160185163,0.030573816018516276
trait_agreeableness_00714,agreeableness,high,one_line_prompt,one_line,trait_agreeableness_00714_act_002,high,"['trait_agreeableness_00714_act_001', 'trait_agreeableness_00714_act_002', 'trait_agreeableness_00714_act_003', 'trait_agreeableness_00714_act_004']","['Just let them know that your current responsibilities cannot be set aside, and you must prioritize completing your pending work this weekend.', 'You might consider delegating some of your tasks or rescheduling commitments so you can join your friends and maintain those cherished relationships.', 'Suggest an alternate weekend for the getaway when you are less busy, demonstrating your interest while staying committed to your personal obligations.', 'Perhaps you could work a few extra hours before the weekend to clear up some urgent tasks, allowing you to enjoy the getaway without worries.']","['low', 'high', 'low', 'high']","[-16.171875, -0.2044677734375, -1.8662109375, -5.1328125]","[-0.673828125, -0.0081787109375, -0.0746484375, -0.19010416666666666]","[0.15653172135353088, 0.3045721650123596, 0.2849855124950409, 0.25391069054603577]",0.5584828056261415,0.5584828056261415,0.0584828056261415
trait_agreeableness_00715,agreeableness,high,one_line_prompt,one_line,trait_agreeableness_00715_act_001,high,"['trait_agreeableness_00715_act_001', 'trait_agreeableness_00715_act_002', 'trait_agreeableness_00715_act_003', 'trait_agreeableness_00715_act_004']","['Suggest a team coffee break for everyone to refresh and help Ulisess feel less isolated in his stress.', 'Advise Ulisess to delegate some tasks to others to manage his workload better, which might alleviate his stress.', 'Offer to take a short walk with Ulisess during lunch, allowing for a change of scenery and a physical break from work.', 'Recommend that Ulisess reevaluate his project timeline and priorities, possibly pushing back less critical tasks.']","['high', 'low', 'high', 'low']","[-0.09149169921875, -5.59375, -2.5, -5.57421875]","[-0.004158713600852273, -0.24320652173913043, -0.09615384615384616, -0.2787109375]","[0.2890675663948059, 0.22760522365570068, 0.26366129517555237, 0.2196660041809082]",0.5527288121525515,0.5527288121525515,0.05272881215255154
trait_agreeableness_00716,agreeableness,high,one_line_prompt,one_line,trait_agreeableness_00716_act_003,high,"['trait_agreeableness_00716_act_001', 'trait_agreeableness_00716_act_002', 'trait_agreeableness_00716_act_003', 'trait_agreeableness_00716_act_004']","['Decline the invitation as your workload and commitments cannot be compromised for additional social events.', 'Skip the ball; prioritize completing your major project and maintaining your current commitments.', ""Maybe you could go to the ball with Ranvir but let him know in advance that you'll need to leave early to manage your other commitments."", 'Consider attending the charity ball for just a short time to show support before focusing back on your project.']","['low', 'low', 'high', 'high']","[-9.8828125, -7.734375, -0.02557373046875, -10.328125]","[-0.5813419117647058, -0.515625, -0.0008818527747844828, -0.51640625]","[0.20317459106445312, 0.2169751077890396, 0.3630446195602417, 0.21680565178394318]",0.5798502886250702,0.5798502886250702,0.07985028862507015
trait_agreeableness_00717,agreeableness,high,one_line_prompt,one_line,trait_agreeableness_00717_act_003,low,"['trait_agreeableness_00717_act_001', 'trait_agreeableness_00717_act_002', 'trait_agreeableness_00717_act_003', 'trait_agreeableness_00717_act_004']","['Consider crafting homemade gifts, which can be both meaningful and budget-friendly.', 'You might also think about baking treats to bring to the parties, as this is an affordable and heartfelt alternative to traditional gifts.', 'Just opt out of gift-giving and explain your financial situation honestly if anyone asks.', 'Alternatively, buy a single bulk gift item that you can split among the various parties to minimize costs.']","['high', 'high', 'low', 'low']","[-3.349609375, -8.25, -1.1904296875, -9.1796875]","[-0.2392578125, -0.33, -0.07002527573529412, -0.458984375]","[0.25638481974601746, 0.23414422571659088, 0.3036610186100006, 0.20580989122390747]",0.49052906739096647,0.49052906739096647,-0.009470932609033533
trait_agreeableness_00718,agreeableness,high,one_line_prompt,one_line,trait_agreeableness_00718_act_001,low,"['trait_agreeableness_00718_act_001', 'trait_agreeableness_00718_act_002', 'trait_agreeableness_00718_act_003', 'trait_agreeableness_00718_act_004']","[""You should remain neutral, not laughing or reacting, to clearly indicate that such jokes aren't suitable for the workplace."", ""You might offer a light smile to acknowledge Geordie's attempt at humor without encouraging the nature of the joke."", 'Address Geordie later in private, suggesting that he consider the timing and content of his jokes more carefully in the future.', 'Perhaps gently change the subject to help move the conversation away from the joke and towards more appropriate meeting topics.']","['low', 'high', 'low', 'high']","[-0.455322265625, -1.236328125, -3.234375, -3.46875]","[-0.019796620244565216, -0.05375339673913043, -0.129375, -0.16517857142857142]","[0.26827508211135864, 0.2593182623386383, 0.24043132364749908, 0.23197531700134277]",0.491293586660826,0.491293586660826,-0.00870641333917399
trait_agreeableness_00719,agreeableness,high,one_line_prompt,one_line,trait_agreeableness_00719_act_002,low,"['trait_agreeableness_00719_act_001', 'trait_agreeableness_00719_act_002', 'trait_agreeableness_00719_act_003', 'trait_agreeableness_00719_act_004']","['You might consider asking her if there’s anything specific you can do to help, showing your support goes beyond just professional boundaries.', 'Evaluate if sending flowers could set a precedent you’re uncomfortable with; maintaining professional boundaries is crucial.', 'Sending a thoughtful card along with the flowers can express your support and empathy during her difficult times.', 'Consider simply acknowledging her situation verbally when appropriate, which keeps the support subtle and professional.']","['high', 'low', 'high', 'low']","[-5.4375, -1.3447265625, -1.4921875, -1.7958984375]","[-0.2175, -0.0707750822368421, -0.07853618421052631, -0.10564108455882353]","[0.22596454620361328, 0.2616749405860901, 0.25965189933776855, 0.2527086138725281]",0.48561644554138184,0.48561644554138184,-0.014383554458618164
trait_agreeableness_00720,agreeableness,high,one_line_prompt,one_line,trait_agreeableness_00720_act_004,high,"['trait_agreeableness_00720_act_001', 'trait_agreeableness_00720_act_002', 'trait_agreeableness_00720_act_003', 'trait_agreeableness_00720_act_004']","['Suggest that Shandel looks into affordable financing or leasing options for a new laptop instead of giving yours away.', 'Keep the laptop for yourself since it could be useful for your future needs, and Shandel can explore other options to acquire one.', 'Consider surprising Shandel with the laptop, making it a heartfelt gesture to help them succeed in their projects.', 'You could gift the laptop to Shandel, as it would really boost their productivity and show how much you support their endeavors.']","['low', 'low', 'high', 'high']","[-3.689453125, -13.5, -2.69140625, -0.2362060546875]","[-0.16770241477272727, -0.5192307692307693, -0.12816220238095238, -0.0094482421875]","[0.25540122389793396, 0.17970333993434906, 0.26570215821266174, 0.2991933226585388]",0.5648954556184058,0.5648954556184058,0.06489545561840582
trait_agreeableness_00721,agreeableness,high,one_line_prompt,one_line,trait_agreeableness_00721_act_001,high,"['trait_agreeableness_00721_act_001', 'trait_agreeableness_00721_act_002', 'trait_agreeableness_00721_act_003', 'trait_agreeableness_00721_act_004']","['You might consider gently expressing to Loujain how much effort and care you put into looking after their cat, which could naturally lead them to offer some form of gratitude.', 'Perhaps you could ask Loujain if they’d be willing to cover the costs you incurred while caring for their pet, as a kind gesture of appreciation.', 'Directly ask Loujain for a compensation for the expenses and time you invested in taking care of the cat, emphasizing that it is only fair.', 'Tell Loujain that taking care of their cat involved certain costs and effort on your part, and it would be reasonable to expect some form of compensation for your troubles.']","['high', 'high', 'low', 'low']","[-0.0137481689453125, -4.35546875, -7.6640625, -12.6875]","[-0.00040435791015625, -0.14049899193548387, -0.25546875, -0.37316176470588236]","[0.30003225803375244, 0.26081082224845886, 0.23248496651649475, 0.20667190849781036]",0.5608431053538518,0.5608431053538518,0.060843105353851845
trait_agreeableness_00722,agreeableness,high,one_line_prompt,one_line,trait_agreeableness_00722_act_002,high,"['trait_agreeableness_00722_act_001', 'trait_agreeableness_00722_act_002', 'trait_agreeableness_00722_act_003', 'trait_agreeableness_00722_act_004']","['Politely decline, explaining that you already have commitments to your personal health this weekend.', 'Offer to help Nazair for a few hours on one day of the weekend so you can also have time for your relaxation.', 'Suggest that Nazair asks other friends who might not already have plans, as your weekend is already booked for personal time.', ""Suggest that Nazair could hire professional movers and you'll provide support by organizing meals or refreshments for everyone on the moving day.""]","['low', 'high', 'low', 'high']","[-10.125, -0.0052337646484375, -9.9375, -6.15234375]","[-0.5955882352941176, -0.0002093505859375, -0.3975, -0.22786458333333334]","[0.18257400393486023, 0.3311377465724945, 0.2225704789161682, 0.2637176811695099]",0.5948554809262289,0.5948554809262289,0.09485548092622886
trait_agreeableness_00723,agreeableness,high,one_line_prompt,one_line,trait_agreeableness_00723_act_001,high,"['trait_agreeableness_00723_act_001', 'trait_agreeableness_00723_act_002', 'trait_agreeableness_00723_act_003', 'trait_agreeableness_00723_act_004']","[""Maybe express to Tavleen how you're feeling and ask if she's open to the idea of ordering a ride for you, so she can continue enjoying the party."", 'Tell Tavleen directly that you need to leave for your own comfort, regardless of her having fun.', 'You could suggest a compromise to Tavleen; perhaps staying just a bit longer to meet her happiness, then leaving together.', 'Inform Tavleen that you are calling a taxi for yourself because you want to leave now.']","['high', 'low', 'high', 'low']","[-0.5048828125, -5.03515625, -1.1083984375, -8.828125]","[-0.014849494485294117, -0.23976934523809523, -0.0443359375, -0.46463815789473684]","[0.29348862171173096, 0.23437421023845673, 0.2849610447883606, 0.1871761530637741]",0.5784496492609487,0.5784496492609487,0.07844964926094866
trait_agreeableness_00724,agreeableness,high,one_line_prompt,one_line,trait_agreeableness_00724_act_004,high,"['trait_agreeableness_00724_act_001', 'trait_agreeableness_00724_act_002', 'trait_agreeableness_00724_act_003', 'trait_agreeableness_00724_act_004']","['Suggest that Josalyn finds an alternative or waits for another time when you are less occupied.', 'Keep your business appointment as planned; it’s important to prioritize commitments that impact your professional goals.', 'Perhaps offer to help Josalyn after your business appointment, blending commitment with your supportive nature.', ""You might consider rescheduling the business appointment if Josalyn's request could foster a supportive relationship.""]","['low', 'low', 'high', 'high']","[-8.6796875, -18.15625, -2.12109375, -0.1834716796875]","[-0.433984375, -0.9555921052631579, -0.11163651315789473, -0.009173583984375]","[0.22206275165081024, 0.1318087875843048, 0.30652761459350586, 0.3396008014678955]",0.6461284449455937,0.6461284449455937,0.14612844494559374
trait_agreeableness_00725,agreeableness,high,one_line_prompt,one_line,trait_agreeableness_00725_act_002,high,"['trait_agreeableness_00725_act_001', 'trait_agreeableness_00725_act_002', 'trait_agreeableness_00725_act_003', 'trait_agreeableness_00725_act_004']","[""Apologize sincerely to Webber for the comment and ask them how they feel or if there's anything they'd like to talk about."", 'Express your regret over the upsetting comment, then gently shift the conversation towards a topic that Webber enjoys to lighten the mood.', 'Clarify your comment to Webber, explaining your point of view so they understand your perspective better.', 'Ask Webber to explain why your comment upset them, which can lead to a clearer understanding on both sides.']","['high', 'high', 'low', 'low']","[-0.7451171875, -0.65087890625, -10.34375, -8.6484375]","[-0.026611328125, -0.02603515625, -0.5171875, -0.39311079545454547]","[0.30247974395751953, 0.30265408754348755, 0.18520034849643707, 0.20966582000255585]",0.6051338315010071,0.6051338315010071,0.10513383150100708
trait_agreeableness_00726,agreeableness,high,one_line_prompt,one_line,trait_agreeableness_00726_act_002,high,"['trait_agreeableness_00726_act_001', 'trait_agreeableness_00726_act_002', 'trait_agreeableness_00726_act_003', 'trait_agreeableness_00726_act_004']","['Suggest that Stevielynn should speak to a financial advisor to better manage her expenses and debt.', 'Offer to help Stevielynn by covering some of her medical expenses or by lending her money if that feels right to you.', 'Advise Stevielynn to negotiate the bills or seek cheaper medical alternatives for future treatments.', 'Consider providing support by helping Stevielynn find financial aid programs or charities that assist with medical bills.']","['low', 'high', 'low', 'high']","[-6.34765625, -0.003177642822265625, -7.01953125, -8.8125]","[-0.30226934523809523, -0.00012221703162560097, -0.36944901315789475, -0.41964285714285715]","[0.23940397799015045, 0.3238561749458313, 0.22384922206401825, 0.21289069950580597]",0.5367468344608818,0.5367468344608818,0.03674683446088178
trait_agreeableness_00727,agreeableness,high,one_line_prompt,one_line,trait_agreeableness_00727_act_003,high,"['trait_agreeableness_00727_act_001', 'trait_agreeableness_00727_act_002', 'trait_agreeableness_00727_act_003', 'trait_agreeableness_00727_act_004']","['Consider starting with the positive aspects of the policy, then transition into your concerns, ensuring you maintain a respectful tone throughout.', 'Directly challenge the policy by presenting strong, logical arguments against it and demand a review from management.', 'You could express your concerns by highlighting how the policy impacts team morale, and gently suggest possible alternatives that could benefit everyone.', ""Question the policy's fairness and effectiveness in the meeting, and push for an immediate reconsideration by presenting the overall dissatisfaction of your colleagues.""]","['high', 'low', 'high', 'low']","[-6.47265625, -8.9609375, -0.40771484375, -5.65625]","[-0.2696940104166667, -0.448046875, -0.016988118489583332, -0.20949074074074073]","[0.23887990415096283, 0.1998581886291504, 0.30755895376205444, 0.25370296835899353]",0.5464388497704439,0.5464388497704439,0.04643884977044388
trait_agreeableness_00728,agreeableness,high,one_line_prompt,one_line,trait_agreeableness_00728_act_004,high,"['trait_agreeableness_00728_act_001', 'trait_agreeableness_00728_act_002', 'trait_agreeableness_00728_act_003', 'trait_agreeableness_00728_act_004']","[""Propose a formal vote on the project during the next team meeting to decisively address and move beyond Kashtin's opposition."", ""Firmly defend your project's merits in the next meeting, showcasing robust evidence and data to counter his objections."", 'Consider inviting Kashtin to co-present the project, integrating his viewpoints to strengthen the proposal.', 'Schedule a one-on-one meeting with Kashtin to understand his concerns and discuss potential compromises.']","['low', 'low', 'high', 'high']","[-9.1796875, -9.2578125, -3.759765625, -0.02508544921875]","[-0.35306490384615385, -0.40251358695652173, -0.19788240131578946, -0.0013202868009868421]","[0.22020752727985382, 0.20958338677883148, 0.257174015045166, 0.3130350112915039]",0.5702090603237784,0.5702090603237784,0.07020906032377838
trait_agreeableness_00729,agreeableness,high,one_line_prompt,one_line,trait_agreeableness_00729_act_001,high,"['trait_agreeableness_00729_act_001', 'trait_agreeableness_00729_act_002', 'trait_agreeableness_00729_act_003', 'trait_agreeableness_00729_act_004']","['Offer to spend time with Janely, perhaps going for a walk or watching a movie together to help her feel less alone.', 'Consider sending Janely a care package filled with her favorite treats and a heartfelt note to show your support and affection.', 'Encourage Janely to join a support group where she can connect with people who understand her grief and can offer perspective.', 'Suggest that Janely seeks professional counseling to address her feelings of hopelessness and to develop coping strategies.']","['high', 'high', 'low', 'low']","[-0.65234375, -5.76171875, -7.125, -3.12109375]","[-0.02609375, -0.25050951086956524, -0.296875, -0.14862351190476192]","[0.29015401005744934, 0.23182807862758636, 0.22132465243339539, 0.2566933333873749]",0.5219820497943424,0.5219820497943424,0.021982049794342373
trait_agreeableness_00730,agreeableness,high,one_line_prompt,one_line,trait_agreeableness_00730_act_002,high,"['trait_agreeableness_00730_act_001', 'trait_agreeableness_00730_act_002', 'trait_agreeableness_00730_act_003', 'trait_agreeableness_00730_act_004']","['Withhold Meital’s paycheck as a firm action to underline the seriousness of the performance issues and motivate improvement.', 'Consider setting up a meeting with Meital to openly discuss performance issues and explore supportive measures to help improve their work.', 'Implement a direct policy that ties Meital’s pay to specific performance metrics, ensuring accountability and immediate consequences for underperformance.', 'You might want to create an improvement plan that outlines clear goals and timelines for Meital, providing regular feedback and encouragement.']","['low', 'high', 'low', 'high']","[-14.78125, -0.000988006591796875, -9.1875, -14.8359375]","[-0.671875, -4.295680833899456e-05, -0.3828125, -0.6181640625]","[0.18697965145111084, 0.3660726547241211, 0.24965059757232666, 0.1972971111536026]",0.5633697574828601,0.5633697574828601,0.06336975748286011
trait_agreeableness_00731,agreeableness,high,one_line_prompt,one_line,trait_agreeableness_00731_act_003,high,"['trait_agreeableness_00731_act_001', 'trait_agreeableness_00731_act_002', 'trait_agreeableness_00731_act_003', 'trait_agreeableness_00731_act_004']","['Perhaps you could delegate some of your responsibilities to other volunteers, which would allow you to continue supporting the charity while also managing your stress better.', ""It's practical to prioritize your own health and professional duties over volunteering; you can always return to it when you're in a better position."", 'You might consider reducing your hours slightly and finding a schedule that allows more time for rest, maintaining your commitment but taking care of your health too.', 'Consider taking a complete break from volunteering to focus entirely on your personal and professional life until you feel less overwhelmed.']","['high', 'low', 'high', 'low']","[-2.546875, -5.875, -0.1190185546875, -3.814453125]","[-0.09095982142857142, -0.20982142857142858, -0.004104088092672414, -0.17338423295454544]","[0.25643977522850037, 0.22770074009895325, 0.27970895171165466, 0.23615054786205292]",0.5361487189509165,0.5361487189509165,0.036148718950916536
trait_agreeableness_00732,agreeableness,high,one_line_prompt,one_line,trait_agreeableness_00732_act_004,high,"['trait_agreeableness_00732_act_001', 'trait_agreeableness_00732_act_002', 'trait_agreeableness_00732_act_003', 'trait_agreeableness_00732_act_004']","['Recommend that they check local moving services or rental trucks, as you need to prioritize your own commitments this weekend.', 'Politely explain that you have long-standing personal plans and suggest that they reschedule the move or ask another friend for help.', 'You could suggest hiring professional movers and then visiting your friend after your retreat to help them unpack and settle in.', 'Offer to help your friend with packing a day or two before your retreat, so you can still support them without cancelling your plans.']","['low', 'low', 'high', 'high']","[-2.8203125, -5.2578125, -1.7138671875, -0.310791015625]","[-0.12819602272727273, -0.2103125, -0.07790305397727272, -0.011953500600961538]","[0.2441399097442627, 0.22489306330680847, 0.25673243403434753, 0.2742346227169037]",0.5309670409272003,0.5309670409272003,0.030967040927200262
trait_agreeableness_00733,agreeableness,high,one_line_prompt,one_line,trait_agreeableness_00733_act_003,low,"['trait_agreeableness_00733_act_001', 'trait_agreeableness_00733_act_002', 'trait_agreeableness_00733_act_003', 'trait_agreeableness_00733_act_004']","['You could politely excuse yourself from your current commitment, explaining the importance of timely attendance at your work meeting.', 'Consider contacting a colleague who is also attending the meeting and kindly ask if they can cover the beginning part until you arrive.', ""Just focus on finishing your current commitment properly, even if it means being late; you can't always please everyone."", ""Send a quick message to inform them you'll be late, then proceed with your current engagement without cutting it short.""]","['high', 'high', 'low', 'low']","[-0.80224609375, -3.01953125, -0.8505859375, -2.693359375]","[-0.03820219494047619, -0.12581380208333334, -0.036981997282608696, -0.11710258152173914]","[0.26031702756881714, 0.23848077654838562, 0.2606348693370819, 0.24056729674339294]",0.49879781898253617,0.49879781898253617,-0.0012021810174638325
trait_agreeableness_00734,agreeableness,high,one_line_prompt,one_line,trait_agreeableness_00734_act_001,low,"['trait_agreeableness_00734_act_001', 'trait_agreeableness_00734_act_002', 'trait_agreeableness_00734_act_003', 'trait_agreeableness_00734_act_004']","['Directly ask both colleagues to clarify their points and explain the reasoning behind their disagreements in the meeting, fostering a clear and open dialogue.', 'You might consider suggesting a team-building activity that focuses on communication skills, which can improve overall team harmony without direct confrontation.', 'You could inform your manager about the disruptive behavior, letting them handle the situation and possibly mediate the conflict.', 'Perhaps you could recommend a feedback session where everyone gets the chance to express their thoughts in a structured manner, making the atmosphere more open and less tense.']","['low', 'high', 'low', 'high']","[-0.324951171875, -4.32421875, -16.953125, -2.994140625]","[-0.012035228587962963, -0.18017578125, -0.7705965909090909, -0.0998046875]","[0.3096409738063812, 0.26171937584877014, 0.14501717686653137, 0.28362247347831726]",0.5453418493270874,0.5453418493270874,0.0453418493270874
trait_agreeableness_00735,agreeableness,high,one_line_prompt,one_line,trait_agreeableness_00735_act_002,low,"['trait_agreeableness_00735_act_001', 'trait_agreeableness_00735_act_002', 'trait_agreeableness_00735_act_003', 'trait_agreeableness_00735_act_004']","['Maybe you can ask your friend how they feel about their project first to understand their perspective before sharing your thoughts.', 'Just be straightforward and tell your friend what you really think about the art project; they asked for honesty, after all.', 'You could mention specific aspects you like while gently suggesting improvements in areas you think could be better.', 'Recommend your friend to seek feedback from professional artists as well, which can provide them with a more objective critique.']","['high', 'low', 'high', 'low']","[-3.7734375, -0.0238037109375, -8.6640625, -12.0234375]","[-0.17151988636363635, -0.0009918212890625, -0.45600328947368424, -0.5465198863636364]","[0.27581462264060974, 0.3270971179008484, 0.20752373337745667, 0.18956445157527924]",0.48333839202958284,0.48333839202958284,-0.016661607970417158
trait_agreeableness_00736,agreeableness,high,one_line_prompt,one_line,trait_agreeableness_00736_act_003,high,"['trait_agreeableness_00736_act_001', 'trait_agreeableness_00736_act_002', 'trait_agreeableness_00736_act_003', 'trait_agreeableness_00736_act_004']","['Suggest a compromise where Jahnia could redistribute some of the tasks among other team members to lessen your burden.', 'Decline the proposal, citing your current responsibilities and the importance of maintaining your personal life balance.', 'Perhaps you could agree to the new plan, but clarify your availability and limits to ensure your personal time is respected.', 'You might consider agreeing to the plan but also ask for help or support to manage the increased workload effectively.']","['low', 'low', 'high', 'high']","[-2.1875, -13.78125, -0.359375, -2.125]","[-0.09943181818181818, -0.725328947368421, -0.015625, -0.10119047619047619]","[0.27620929479599, 0.1477116048336029, 0.3003551661968231, 0.275723934173584]",0.5760791003704071,0.5760791003704071,0.0760791003704071
trait_agreeableness_00737,agreeableness,high,one_line_prompt,one_line,trait_agreeableness_00737_act_002,high,"['trait_agreeableness_00737_act_001', 'trait_agreeableness_00737_act_002', 'trait_agreeableness_00737_act_003', 'trait_agreeableness_00737_act_004']","['You could gently remind your colleagues about the value of discussing concerns directly with PersonZ to promote a more understanding and supportive work environment.', 'Consider sharing positive experiences or achievements of PersonZ to subtly shift the tone of the conversation to something more constructive and appreciative.', ""You might propose focusing the discussion on tasks and projects instead, pointing out that speculative talk is not productive or beneficial for the team's goals."", 'Suggest setting up a meeting where concerns can be addressed openly with PersonZ present, ensuring a fair dialogue and cutting out behind-the-back criticisms.']","['high', 'high', 'low', 'low']","[-8.1328125, -0.552734375, -0.95556640625, -3.474609375]","[-0.3128004807692308, -0.022109375, -0.03412737165178571, -0.11981411637931035]","[0.2052716612815857, 0.2745203375816345, 0.27124089002609253, 0.24896705150604248]",0.4797920274610536,0.4797920274610536,-0.020207972538946406
trait_agreeableness_00738,agreeableness,high,one_line_prompt,one_line,trait_agreeableness_00738_act_002,high,"['trait_agreeableness_00738_act_001', 'trait_agreeableness_00738_act_002', 'trait_agreeableness_00738_act_003', 'trait_agreeableness_00738_act_004']","['Recommend they look into local community services like food banks and job training workshops to become more self-sufficient.', 'Offer to babysit the children a couple of times a week to give the parents time to job search or handle other responsibilities.', 'Suggest setting up a schedule where they can gradually take over the childcare and household chores as they stabilize financially.', 'Prepare some extra meals that can easily be reheated, to relieve them from cooking duties for a few days.']","['low', 'high', 'low', 'high']","[-1.2060546875, -1.2294921875, -2.25, -1.32421875]","[-0.057431175595238096, -0.0491796875, -0.10227272727272728, -0.06019176136363636]","[0.25241830945014954, 0.25450974702835083, 0.2413495033979416, 0.25172245502471924]",0.5062321945096225,0.5062321945096225,0.006232194509622535
trait_agreeableness_00739,agreeableness,high,one_line_prompt,one_line,trait_agreeableness_00739_act_003,high,"['trait_agreeableness_00739_act_001', 'trait_agreeableness_00739_act_002', 'trait_agreeableness_00739_act_003', 'trait_agreeableness_00739_act_004']","['Consider encouraging Destinnie to seek advice from an independent financial advisor to ensure she makes a well-informed decision.', 'Go ahead and emphasize the potential high returns of the deal to persuade Destinnie, focusing on how such investments can significantly pay off.', 'You could prioritize transparency and discuss both the potential benefits and risks openly with Destinnie, emphasizing that the final decision is hers to make.', ""You should highlight the unique chance this deal represents and pitch it as a strategically aggressive investment that shouldn't be missed.""]","['high', 'low', 'high', 'low']","[-3.53125, -10.5625, -0.03204345703125, -7.4140625]","[-0.16051136363636365, -0.40625, -0.001186794704861111, -0.32235054347826086]","[0.26278284192085266, 0.20552946627140045, 0.3081703186035156, 0.2235173135995865]",0.5709531945558306,0.5709531945558306,0.0709531945558306
trait_agreeableness_00740,agreeableness,high,one_line_prompt,one_line,trait_agreeableness_00740_act_003,high,"['trait_agreeableness_00740_act_001', 'trait_agreeableness_00740_act_002', 'trait_agreeableness_00740_act_003', 'trait_agreeableness_00740_act_004']","[""Confront Hikari then and there by firmly stating the discomfort they're causing, to immediately address the issue."", ""Directly tell Hikari that their behavior is inappropriate and advise them to stop immediately if you feel it's disruptive enough."", 'Maybe suggest a quick, quiet walk with Hikari outside the venue to discuss the issue discreetly and help them regain composure.', 'Consider pulling Hikari aside gently to express your concerns in private, aiming to avoid public embarrassment.']","['low', 'low', 'high', 'high']","[-2.921875, -4.078125, -0.1351318359375, -3.091796875]","[-0.12703804347826086, -0.163125, -0.0050048828125, -0.15458984375]","[0.24587105214595795, 0.23715651035308838, 0.27778303623199463, 0.23918932676315308]",0.5169724015125932,0.5169724015125932,0.01697240151259316
trait_agreeableness_00741,agreeableness,high,one_line_prompt,one_line,trait_agreeableness_00741_act_001,high,"['trait_agreeableness_00741_act_001', 'trait_agreeableness_00741_act_002', 'trait_agreeableness_00741_act_003', 'trait_agreeableness_00741_act_004']","['You might consider arranging a private, friendly chat with Janya to understand any challenges she’s facing and discuss how you can help her meet her deadlines.', 'Perhaps you could offer to help Janya organize her tasks or suggest setting up a team meeting to realign everyone’s responsibilities and deadlines.', ""Directly inform Janya that her missed deadlines are impacting the team's performance and she needs to adhere to the project timeline more strictly."", 'Send an email to Janya outlining the deadlines and mentioning that further delays could lead to discussions with higher management.']","['high', 'high', 'low', 'low']","[-0.0016307830810546875, -7.1796875, -11.328125, -17.921875]","[-5.435943603515625e-05, -0.26591435185185186, -0.4195601851851852, -0.8146306818181818]","[0.34882768988609314, 0.2673926055431366, 0.22930940985679626, 0.1544702798128128]",0.6162203046116278,0.6162203046116278,0.1162203046116278
trait_agreeableness_00742,agreeableness,high,one_line_prompt,one_line,trait_agreeableness_00742_act_001,low,"['trait_agreeableness_00742_act_001', 'trait_agreeableness_00742_act_002', 'trait_agreeableness_00742_act_003', 'trait_agreeableness_00742_act_004']","['Directly point out the flaw during the meeting and suggest an alternative strategy that mitigates these risks.', 'Consider suggesting a follow-up meeting where you can review the strategy more thoroughly together, to align on the best approach.', 'Challenge the strategy openly in the meeting to ensure everyone is aware of the potential losses, emphasizing the need for a robust discussion.', 'You could express your concerns by privately messaging your colleague, framing it as seeking to understand their perspective better.']","['low', 'high', 'low', 'high']","[-0.2486572265625, -3.341796875, -1.9833984375, -4.53125]","[-0.012432861328125, -0.14529551630434784, -0.0793359375, -0.21577380952380953]","[0.2757197618484497, 0.24141617119312286, 0.25787678360939026, 0.22498732805252075]",0.4664034783957834,0.4664034783957834,-0.03359652160421661
trait_agreeableness_00743,agreeableness,high,one_line_prompt,one_line,trait_agreeableness_00743_act_003,high,"['trait_agreeableness_00743_act_001', 'trait_agreeableness_00743_act_002', 'trait_agreeableness_00743_act_003', 'trait_agreeableness_00743_act_004']","['Maybe you could offer to help train someone else to share the workload, easing the burden on you.', 'Just say no to additional shifts and prioritize your health over voluntary extras.', 'You might consider gently explaining to your supervisor your health concerns and see if you can reduce the extra shifts.', ""Take a step back and let others step up; you're not the only one who can volunteer for extra work.""]","['high', 'low', 'high', 'low']","[-5.5390625, -3.119140625, -0.053558349609375, -8.6015625]","[-0.276953125, -0.22279575892857142, -0.0025503976004464285, -0.37398097826086957]","[0.23370349407196045, 0.24670925736427307, 0.3074941039085388, 0.21209308505058289]",0.5411976302383917,0.5411976302383917,0.041197630238391736
trait_agreeableness_00744,agreeableness,high,one_line_prompt,one_line,trait_agreeableness_00744_act_004,high,"['trait_agreeableness_00744_act_001', 'trait_agreeableness_00744_act_002', 'trait_agreeableness_00744_act_003', 'trait_agreeableness_00744_act_004']","['Escalate the issue to your manager or HR department to formally address the rumors and protect your professional reputation.', 'Address the situation directly by confronting your colleague and demand they stop spreading unfounded rumors immediately.', 'Offer to collaborate on a project together which could help improve your relationship and show your genuine intentions.', 'Invite your colleague for a coffee and gently discuss the impact their behavior is having on you, aiming to clear up any misunderstandings.']","['low', 'low', 'high', 'high']","[-7.70703125, -6.5625, -0.96240234375, -0.9365234375]","[-0.3503196022727273, -0.3645833333333333, -0.05065275493421053, -0.036020132211538464]","[0.21256034076213837, 0.2095499485731125, 0.286830872297287, 0.29105880856513977]",0.5778896980848819,0.5778896980848819,0.07788969808488189
trait_agreeableness_00745,agreeableness,high,one_line_prompt,one_line,trait_agreeableness_00745_act_002,high,"['trait_agreeableness_00745_act_001', 'trait_agreeableness_00745_act_002', 'trait_agreeableness_00745_act_003', 'trait_agreeableness_00745_act_004']","['You could give your friend the guitar as a gift to help ease their financial burden and share the joy of music.', 'Consider lending the guitar to your friend until they can afford one, creating a win-win situation where you keep ownership and they get to play.', 'Keep the guitar since giving it away could set a precedent for similar expectations in the future.', 'Suggest that your friend looks for affordable second-hand options online, emphasizing the importance of financial responsibility.']","['high', 'high', 'low', 'low']","[-6.30859375, -0.08935546875, -8.9921875, -8.4296875]","[-0.2742866847826087, -0.0031912667410714285, -0.4995659722222222, -0.421484375]","[0.25171056389808655, 0.33009329438209534, 0.2009388506412506, 0.21725726127624512]",0.5818038756192886,0.5818038756192886,0.08180387561928859
trait_agreeableness_00746,agreeableness,high,one_line_prompt,one_line,trait_agreeableness_00746_act_002,high,"['trait_agreeableness_00746_act_001', 'trait_agreeableness_00746_act_002', 'trait_agreeableness_00746_act_003', 'trait_agreeableness_00746_act_004']","['Consider suggesting that Aythana delegate specific tasks to other team members or ask for an extension from the project lead.', ""Absolutely, offering your assistance could greatly alleviate Aythana's stress and help distribute the project tasks more manageably."", 'Recommend to Aythana to reevaluate her project plan and identify priorities; she might need to focus on key areas and drop less critical tasks.', 'Yes, stepping in to help Aythana not only supports her but also strengthens the teamwork within the project.']","['low', 'high', 'low', 'high']","[-10.671875, -0.05023193359375, -20.703125, -3.138671875]","[-0.4639945652173913, -0.002183997112771739, -0.7139008620689655, -0.1426669034090909]","[0.21075813472270966, 0.3344614803791046, 0.16415397822856903, 0.2906264662742615]",0.6250879093952233,0.6250879093952233,0.1250879093952233
trait_agreeableness_00747,agreeableness,high,one_line_prompt,one_line,trait_agreeableness_00747_act_001,high,"['trait_agreeableness_00747_act_001', 'trait_agreeableness_00747_act_002', 'trait_agreeableness_00747_act_003', 'trait_agreeableness_00747_act_004']","['Consider suggesting a brief team check-in where everyone updates the group on their progress, allowing Carielle to share in a non-confrontational setting.', ""Point out directly to Carielle during the meeting that you've noticed discrepancies in their work, asking for an immediate clarification."", 'Perhaps you could invite Carielle for a private chat to gently inquire about their progress and any challenges they might be facing.', ""Challenge Carielle in the meeting to present detailed evidence of their progress to ensure they're held accountable in front of the team.""]","['high', 'low', 'high', 'low']","[-0.0192718505859375, -11.8125, -4.75390625, -14.671875]","[-0.00064239501953125, -0.4725, -0.19015625, -0.5643028846153846]","[0.33109012246131897, 0.2065480500459671, 0.2739311158657074, 0.18843068182468414]",0.6050212563580649,0.6050212563580649,0.10502125635806492
trait_agreeableness_00748,agreeableness,high,one_line_prompt,one_line,trait_agreeableness_00748_act_002,low,"['trait_agreeableness_00748_act_001', 'trait_agreeableness_00748_act_002', 'trait_agreeableness_00748_act_003', 'trait_agreeableness_00748_act_004']","['Document specific instances where Melicia took undue credit and present these to your supervisor as evidence.', ""Report the behavior to your supervisor immediately to prevent further damage to the team's morale."", 'Consider organizing a team intervention where everyone can openly discuss their feelings about fairness and recognition.', 'You could speak with Melicia first to express your concerns and give them a chance to rectify the situation themselves.']","['low', 'low', 'high', 'high']","[-5.2734375, -0.007213592529296875, -6.5234375, -10.3359375]","[-0.29296875, -0.0004243289723115809, -0.3837316176470588, -0.44938858695652173]","[0.24341164529323578, 0.32613077759742737, 0.22229185700416565, 0.20816566050052643]",0.43045754316196105,0.43045754316196105,-0.06954245683803895
trait_agreeableness_00749,agreeableness,high,one_line_prompt,one_line,trait_agreeableness_00749_act_004,low,"['trait_agreeableness_00749_act_001', 'trait_agreeableness_00749_act_002', 'trait_agreeableness_00749_act_003', 'trait_agreeableness_00749_act_004']","['You might consider addressing the discomfort with Tagert directly by kindly expressing how their behavior makes you feel and seeking a mutual understanding.', 'Perhaps you could involve a mediator from HR to help facilitate a constructive conversation with Tagert, which might improve your work environment.', 'Stand your ground and confront Tagert directly about their aggressive behavior without sugarcoating your concerns.', 'Keep avoiding Tagert if interacting with them disrupts your productivity and peace of mind, focusing instead on your own work responsibilities.']","['high', 'high', 'low', 'low']","[-11.234375, -6.1015625, -2.599609375, -0.08563232421875]","[-0.449375, -0.2440625, -0.13682154605263158, -0.00342529296875]","[0.19391898810863495, 0.23811481893062592, 0.26506999135017395, 0.3028962016105652]",0.43203380703926086,0.43203380703926086,-0.06796619296073914
trait_agreeableness_00750,agreeableness,high,one_line_prompt,one_line,trait_agreeableness_00750_act_002,high,"['trait_agreeableness_00750_act_001', 'trait_agreeableness_00750_act_002', 'trait_agreeableness_00750_act_003', 'trait_agreeableness_00750_act_004']","['Directly challenge the strategy in a team meeting by clearly outlining the potential pitfalls and presenting your alternative solutions.', 'You might consider gently suggesting a team meeting to review the project strategy and express your concerns in a supportive manner.', 'Write a concise, fact-based email to your project leader detailing why the current strategy might fail and suggest a meeting to discuss viable alternatives.', 'Perhaps you could offer to help research or present alternative strategies that could complement the current plan without dismissing it entirely.']","['low', 'high', 'low', 'high']","[-9.671875, -0.432861328125, -2.404296875, -1.8232421875]","[-0.46056547619047616, -0.019675514914772728, -0.08904803240740741, -0.08287464488636363]","[0.18305180966854095, 0.28447893261909485, 0.2654128968715668, 0.2670564651489258]",0.5515353402384016,0.5515353402384016,0.05153534023840156
trait_agreeableness_00701,agreeableness,low,one_line_prompt,one_line,trait_agreeableness_00701_act_004,low,"['trait_agreeableness_00701_act_001', 'trait_agreeableness_00701_act_002', 'trait_agreeableness_00701_act_003', 'trait_agreeableness_00701_act_004']","['You could propose a meeting to discuss the strengths of each theme and consider blending elements of both to please a wider audience.', 'Maybe consult with other team members for their opinions to see if a consensus can be achieved that respects both perspectives.', 'Stick to presenting clear, data-backed arguments on why a cultural heritage theme could draw more interest and community engagement.', 'Insist on setting clear objectives for the event and demonstrate how your theme aligns better with those goals compared to a modern tech theme.']","['high', 'high', 'low', 'low']","[-16.09375, -10.828125, -0.87841796875, -0.63037109375]","[-0.6705729166666666, -0.4921875, -0.03992808948863636, -0.023347077546296297]","[0.16710276901721954, 0.19973556697368622, 0.31395629048347473, 0.3192054033279419]",0.36683832505827174,0.6331616749417283,0.13316167494172826
trait_agreeableness_00702,agreeableness,low,one_line_prompt,one_line,trait_agreeableness_00702_act_001,low,"['trait_agreeableness_00702_act_001', 'trait_agreeableness_00702_act_002', 'trait_agreeableness_00702_act_003', 'trait_agreeableness_00702_act_004']","['Clearly communicate to your supervisor the unrealistic nature of the additional workload and negotiate down the responsibilities.', 'Consider discussing a phased approach with your boss to gradually integrate the new project while maintaining balance with your current tasks.', 'Prioritize your tasks and cut down on the least essential ones; put focus only on what genuinely requires your expertise.', 'You could ask for support from your team or colleagues to help manage the workload more efficiently.']","['low', 'high', 'low', 'high']","[-0.1363525390625, -8.0625, -2.185546875, -11.1875]","[-0.007575141059027778, -0.3664772727272727, -0.09502377717391304, -0.6215277777777778]","[0.3168652057647705, 0.22131219506263733, 0.2903327941894531, 0.17148980498313904]",0.39280200004577637,0.6071979999542236,0.10719799995422363
trait_agreeableness_00703,agreeableness,low,one_line_prompt,one_line,trait_agreeableness_00703_act_004,low,"['trait_agreeableness_00703_act_001', 'trait_agreeableness_00703_act_002', 'trait_agreeableness_00703_act_003', 'trait_agreeableness_00703_act_004']","['Consider setting aside a portion of your bonus for your vacation and donate a portion to your friend to ease their burden.', 'Invest the bonus in a personal savings or retirement fund to ensure your future financial stability.', 'You could offer to help your friend cover some of their medical expenses with part of your bonus.', 'Use the bonus for the vacation you’ve been planning, as personal relaxation and fulfillment are important.']","['high', 'low', 'high', 'low']","[-6.4921875, -1.4296875, -9.78125, -0.280029296875]","[-0.28226902173913043, -0.08409926470588236, -0.5148026315789473, -0.014738384046052632]","[0.23156583309173584, 0.28231796622276306, 0.18352127075195312, 0.3025948703289032]",0.41508712858480984,0.5849128714151901,0.0849128714151901
trait_agreeableness_00704,agreeableness,low,one_line_prompt,one_line,trait_agreeableness_00704_act_001,low,"['trait_agreeableness_00704_act_001', 'trait_agreeableness_00704_act_002', 'trait_agreeableness_00704_act_003', 'trait_agreeableness_00704_act_004']","['Challenge the team to justify the strategy with data or precedents, given its similarity to past unsuccessful attempts.', 'Directly state the issues and shortcomings you foresee with the agreed strategy to ensure they are aware of the potential risks.', 'Maybe suggest setting up a small trial run of the strategy first, to demonstrate the outcomes before fully committing.', 'You could gently express your concerns and propose discussing alternative strategies that could prevent potential issues.']","['low', 'low', 'high', 'high']","[-0.037506103515625, -3.724609375, -11.0390625, -15.890625]","[-0.0017860049293154762, -0.16193953804347827, -0.5256696428571429, -0.9347426470588235]","[0.3524082601070404, 0.3002564013004303, 0.20870186388492584, 0.13863348960876465]",0.34733534831799046,0.6526646516820096,0.1526646516820096
trait_agreeableness_00705,agreeableness,low,one_line_prompt,one_line,trait_agreeableness_00705_act_003,low,"['trait_agreeableness_00705_act_001', 'trait_agreeableness_00705_act_002', 'trait_agreeableness_00705_act_003', 'trait_agreeableness_00705_act_004']","['You could consider politely reaching out to the rental agency to express your concerns and ask for possible solutions or compensation.', 'Maybe try to calmly discuss the discrepancies with the agency, highlighting the missing amenities and differences in the property, and request an amicable resolution.', 'Demand an immediate response from the rental agency and insist on a partial refund or relocation to a property that matches the initial description.', 'Send a firm email to the agency detailing every issue, and make it clear you expect swift action or you will consider legal advice.']","['high', 'high', 'low', 'low']","[-16.34375, -6.03125, -0.152099609375, -1.9794921875]","[-0.7428977272727273, -0.21540178571428573, -0.006083984375, -0.07613431490384616]","[0.14854703843593597, 0.2517402172088623, 0.3103545904159546, 0.28935813903808594]",0.4002872616095433,0.5997127383904567,0.09971273839045669
trait_agreeableness_00706,agreeableness,low,one_line_prompt,one_line,trait_agreeableness_00706_act_001,low,"['trait_agreeableness_00706_act_001', 'trait_agreeableness_00706_act_002', 'trait_agreeableness_00706_act_003', 'trait_agreeableness_00706_act_004']","['Directly confront Marybella in your next team meeting by highlighting specific instances where your ideas were dismissed and demand a justification.', 'Consider asking Marybella for a private meeting to express how valuable you feel contributions from all team members are, including yours.', 'Email the whole team including your manager outlining how the dismissal of ideas by any team member, including Marybella, negatively impacts project creativity and ask for more structured discussion protocols.', 'Maybe propose a team brainstorming session where everyone submits one idea anonymously to ensure each thought is considered without bias.']","['low', 'high', 'low', 'high']","[-0.0281829833984375, -11.9375, -8.171875, -9.375]","[-0.0011273193359375, -0.4775, -0.23348214285714286, -0.42613636363636365]","[0.3260025680065155, 0.20245802402496338, 0.258410781621933, 0.2131287008523941]",0.4155866939137359,0.5844133060862641,0.08441330608626407
trait_agreeableness_00707,agreeableness,low,one_line_prompt,one_line,trait_agreeableness_00707_act_002,low,"['trait_agreeableness_00707_act_001', 'trait_agreeableness_00707_act_002', 'trait_agreeableness_00707_act_003', 'trait_agreeableness_00707_act_004']","['Perhaps eat a healthy meal before the party to lessen your cravings and politely sample very small amounts of your favorite foods.', 'Just say no to the unhealthy options and stick firmly to your diet plan; it’s about your health after all.', 'You could bring a dish to share that fits your diet so you have a healthy option available and still enjoy the party.', 'Ignore the offerings and focus on socializing, not eating; you’re there for your friend, not the food.']","['high', 'low', 'high', 'low']","[-5.5703125, -0.051544189453125, -3.7578125, -7.40234375]","[-0.2421875, -0.002241051715353261, -0.15657552083333334, -0.3218410326086957]","[0.23342666029930115, 0.29672756791114807, 0.2542911767959595, 0.21555465459823608]",0.4877178080250139,0.512282191974986,0.012282191974986034
trait_agreeableness_00708,agreeableness,low,one_line_prompt,one_line,trait_agreeableness_00708_act_002,low,"['trait_agreeableness_00708_act_001', 'trait_agreeableness_00708_act_002', 'trait_agreeableness_00708_act_003', 'trait_agreeableness_00708_act_004']","['Simply note the achievement directly to Nazareth and mention that you noticed the milestone, encouraging them to own their success publicly.', ""Challenge Nazareth in a light-hearted manner about why they haven't boasted about their success yet, to push them out of their comfort zone."", 'Encourage mutual friends or coworkers to subtly acknowledge the achievement, fostering a supportive environment without overwhelming Nazareth.', 'Quietly congratulate Nazareth in a personal message to show your support and respect for their privacy.']","['low', 'low', 'high', 'high']","[-10.6484375, -0.03900146484375, -7.98828125, -14.8046875]","[-0.4436848958333333, -0.0013929094587053572, -0.38039434523809523, -0.7791940789473685]","[0.23059646785259247, 0.35887038707733154, 0.24566279351711273, 0.1648704707622528]",0.4105332153399926,0.5894667846600075,0.08946678466000746
trait_agreeableness_00709,agreeableness,low,one_line_prompt,one_line,trait_agreeableness_00709_act_003,low,"['trait_agreeableness_00709_act_001', 'trait_agreeableness_00709_act_002', 'trait_agreeableness_00709_act_003', 'trait_agreeableness_00709_act_004']","['Consider politely telling Zacharyah that his advances are making you uncomfortable and you would like to keep your relationship professional.', 'Maybe talk to a trusted colleague or a supervisor for advice on how to approach Zacharyah about this sensitive issue.', 'Directly tell Zacharyah to stop the advances, asserting that they are inappropriate and unwelcome at the workplace.', 'If speaking to him directly doesn’t work, report the behavior to your HR department to handle it formally.']","['high', 'high', 'low', 'low']","[-3.955078125, -3.720703125, -0.048675537109375, -5.97265625]","[-0.17195991847826086, -0.1617697010869565, -0.0021163277004076085, -0.2844122023809524]","[0.2445584535598755, 0.2470632940530777, 0.2898309826850891, 0.21854721009731293]",0.49162177691589454,0.5083782230841054,0.008378223084105407
trait_agreeableness_00710,agreeableness,low,one_line_prompt,one_line,trait_agreeableness_00710_act_003,low,"['trait_agreeableness_00710_act_001', 'trait_agreeableness_00710_act_002', 'trait_agreeableness_00710_act_003', 'trait_agreeableness_00710_act_004']","['Demand an explanation as to why you were excluded from the discussion, asserting your right to know what concerns your family.', 'Approach a family member gently and express that you would appreciate being included in the conversation as it would help you cope better with the group.', 'Confront the family decisively about the secrecy, making it clear that you expect transparency in future matters.', 'Politely express to your family that you feel left out and assure them that you are capable of handling the situation more calmly with their support.']","['low', 'high', 'low', 'high']","[-0.7587890625, -7.3046875, -0.63427734375, -17.03125]","[-0.032990828804347824, -0.26088169642857145, -0.030203683035714284, -0.6082589285714286]","[0.2974812984466553, 0.23685790598392487, 0.2983115613460541, 0.16734929382801056]",0.4042071757193103,0.5957928242806897,0.09579282428068969
trait_agreeableness_00711,agreeableness,low,one_line_prompt,one_line,trait_agreeableness_00711_act_002,low,"['trait_agreeableness_00711_act_001', 'trait_agreeableness_00711_act_002', 'trait_agreeableness_00711_act_003', 'trait_agreeableness_00711_act_004']","['Perhaps you might weigh the emotional costs against the professional gains and decide if the move aligns with your long-term personal happiness and career goals.', 'Take the job; advancing in your career is a priority, and the significant pay increase justifies the move.', 'You could consider accepting the job and finding ways to maintain strong relationships with your family and friends through regular visits and digital communication.', 'Move to the new city; it’s a valuable opportunity for professional growth, and personal relationships can adapt if they’re truly important.']","['high', 'low', 'high', 'low']","[-6.7109375, -0.0268096923828125, -8.8828125, -5.6796875]","[-0.23967633928571427, -0.0012186223810369318, -0.3553125, -0.21844951923076922]","[0.2391461431980133, 0.30354583263397217, 0.21303121745586395, 0.2442767322063446]",0.45217739434371845,0.5478226056562816,0.0478226056562816
trait_agreeableness_00712,agreeableness,low,one_line_prompt,one_line,trait_agreeableness_00712_act_002,low,"['trait_agreeableness_00712_act_001', 'trait_agreeableness_00712_act_002', 'trait_agreeableness_00712_act_003', 'trait_agreeableness_00712_act_004']","['Consider leveraging your time on more personal meetings where you can have genuine interactions, rather than a large industry event.', 'Skip the dinner if it really goes against your preferences and focus on networking in ways that make you feel comfortable.', 'You might find it rewarding to go and connect with a few people, making the experience more manageable and meaningful for you.', 'Consider attending the dinner to nurture relationships that could be beneficial for future collaborations or opportunities.']","['low', 'low', 'high', 'high']","[-6.3125, -1.1005859375, -6.4453125, -2.669921875]","[-0.2869318181818182, -0.05002663352272727, -0.2685546875, -0.15705422794117646]","[0.22601132094860077, 0.28642889857292175, 0.23020316660404205, 0.2573566138744354]",0.4875597804784775,0.5124402195215225,0.012440219521522522
trait_agreeableness_00713,agreeableness,low,one_line_prompt,one_line,trait_agreeableness_00713_act_003,low,"['trait_agreeableness_00713_act_001', 'trait_agreeableness_00713_act_002', 'trait_agreeableness_00713_act_003', 'trait_agreeableness_00713_act_004']","[""You could accept the nomination gracefully as it honors not just your work but also your team's effort."", 'Perhaps you might consider a compromise by accepting the nomination and requesting a more low-key acknowledgment at the ceremony.', 'Decline the nomination if it makes you uncomfortable; maintaining your personal comfort is more important than external recognition.', 'You might just let them know that while you appreciate the gesture, you prefer achievements to be celebrated internally rather than publicly.']","['high', 'high', 'low', 'low']","[-29.421875, -7.46875, -3.349609375, -11.03125]","[-1.47109375, -0.3556547619047619, -0.15950520833333334, -0.4596354166666667]","[0.09512412548065186, 0.290214866399765, 0.3531070053577423, 0.2615540623664856]",0.38533896891242453,0.6146610310875755,0.11466103108757553
trait_agreeableness_00714,agreeableness,low,one_line_prompt,one_line,trait_agreeableness_00714_act_001,low,"['trait_agreeableness_00714_act_001', 'trait_agreeableness_00714_act_002', 'trait_agreeableness_00714_act_003', 'trait_agreeableness_00714_act_004']","['Just let them know that your current responsibilities cannot be set aside, and you must prioritize completing your pending work this weekend.', 'You might consider delegating some of your tasks or rescheduling commitments so you can join your friends and maintain those cherished relationships.', 'Suggest an alternate weekend for the getaway when you are less busy, demonstrating your interest while staying committed to your personal obligations.', 'Perhaps you could work a few extra hours before the weekend to clear up some urgent tasks, allowing you to enjoy the getaway without worries.']","['low', 'high', 'low', 'high']","[-0.0298614501953125, -4.0703125, -4.90625, -5.46875]","[-0.0012442270914713542, -0.1628125, -0.19625, -0.2025462962962963]","[0.28642594814300537, 0.24369361996650696, 0.23567983508110046, 0.234200581908226]",0.4778942089959116,0.5221057910040884,0.022105791004088382
trait_agreeableness_00715,agreeableness,low,one_line_prompt,one_line,trait_agreeableness_00715_act_002,low,"['trait_agreeableness_00715_act_001', 'trait_agreeableness_00715_act_002', 'trait_agreeableness_00715_act_003', 'trait_agreeableness_00715_act_004']","['Suggest a team coffee break for everyone to refresh and help Ulisess feel less isolated in his stress.', 'Advise Ulisess to delegate some tasks to others to manage his workload better, which might alleviate his stress.', 'Offer to take a short walk with Ulisess during lunch, allowing for a change of scenery and a physical break from work.', 'Recommend that Ulisess reevaluate his project timeline and priorities, possibly pushing back less critical tasks.']","['high', 'low', 'high', 'low']","[-2.474609375, -0.8974609375, -3.521484375, -0.84814453125]","[-0.11248224431818182, -0.03902004076086957, -0.13544170673076922, -0.0424072265625]","[0.2423585206270218, 0.2608329951763153, 0.23685750365257263, 0.25995099544525146]",0.4792160171387193,0.5207839828612807,0.020783982861280692
trait_agreeableness_00716,agreeableness,low,one_line_prompt,one_line,trait_agreeableness_00716_act_001,low,"['trait_agreeableness_00716_act_001', 'trait_agreeableness_00716_act_002', 'trait_agreeableness_00716_act_003', 'trait_agreeableness_00716_act_004']","['Decline the invitation as your workload and commitments cannot be compromised for additional social events.', 'Skip the ball; prioritize completing your major project and maintaining your current commitments.', ""Maybe you could go to the ball with Ranvir but let him know in advance that you'll need to leave early to manage your other commitments."", 'Consider attending the charity ball for just a short time to show support before focusing back on your project.']","['low', 'low', 'high', 'high']","[-1.24609375, -7.28515625, -2.724609375, -16.703125]","[-0.07329963235294118, -0.4856770833333333, -0.09395204741379311, -0.83515625]","[0.32170552015304565, 0.21299296617507935, 0.31512966752052307, 0.15017180144786835]",0.46530148976898894,0.5346985102310111,0.034698510231011115
trait_agreeableness_00717,agreeableness,low,one_line_prompt,one_line,trait_agreeableness_00717_act_003,low,"['trait_agreeableness_00717_act_001', 'trait_agreeableness_00717_act_002', 'trait_agreeableness_00717_act_003', 'trait_agreeableness_00717_act_004']","['Consider crafting homemade gifts, which can be both meaningful and budget-friendly.', 'You might also think about baking treats to bring to the parties, as this is an affordable and heartfelt alternative to traditional gifts.', 'Just opt out of gift-giving and explain your financial situation honestly if anyone asks.', 'Alternatively, buy a single bulk gift item that you can split among the various parties to minimize costs.']","['high', 'high', 'low', 'low']","[-11.6875, -7.91015625, -0.7138671875, -9.8203125]","[-0.8348214285714286, -0.31640625, -0.0419921875, -0.491015625]","[0.158747598528862, 0.2665950059890747, 0.3507749140262604, 0.22388248145580292]",0.4253426045179367,0.5746573954820633,0.0746573954820633
trait_agreeableness_00718,agreeableness,low,one_line_prompt,one_line,trait_agreeableness_00718_act_001,low,"['trait_agreeableness_00718_act_001', 'trait_agreeableness_00718_act_002', 'trait_agreeableness_00718_act_003', 'trait_agreeableness_00718_act_004']","[""You should remain neutral, not laughing or reacting, to clearly indicate that such jokes aren't suitable for the workplace."", ""You might offer a light smile to acknowledge Geordie's attempt at humor without encouraging the nature of the joke."", 'Address Geordie later in private, suggesting that he consider the timing and content of his jokes more carefully in the future.', 'Perhaps gently change the subject to help move the conversation away from the joke and towards more appropriate meeting topics.']","['low', 'high', 'low', 'high']","[-0.430419921875, -2.240234375, -1.6357421875, -3.318359375]","[-0.018713909646739132, -0.09740149456521739, -0.0654296875, -0.15801711309523808]","[0.2667625844478607, 0.24657630920410156, 0.25458717346191406, 0.23207390308380127]",0.4786502265527912,0.5213497734472088,0.021349773447208786
trait_agreeableness_00719,agreeableness,low,one_line_prompt,one_line,trait_agreeableness_00719_act_002,low,"['trait_agreeableness_00719_act_001', 'trait_agreeableness_00719_act_002', 'trait_agreeableness_00719_act_003', 'trait_agreeableness_00719_act_004']","['You might consider asking her if there’s anything specific you can do to help, showing your support goes beyond just professional boundaries.', 'Evaluate if sending flowers could set a precedent you’re uncomfortable with; maintaining professional boundaries is crucial.', 'Sending a thoughtful card along with the flowers can express your support and empathy during her difficult times.', 'Consider simply acknowledging her situation verbally when appropriate, which keeps the support subtle and professional.']","['high', 'low', 'high', 'low']","[-17.453125, -0.08477783203125, -8.328125, -11.0546875]","[-0.698125, -0.004461991159539474, -0.43832236842105265, -0.6502757352941176]","[0.1870305985212326, 0.3742541968822479, 0.24251773953437805, 0.19619743525981903]",0.4295483508571491,0.5704516491428508,0.07045164914285085
trait_agreeableness_00720,agreeableness,low,one_line_prompt,one_line,trait_agreeableness_00720_act_002,low,"['trait_agreeableness_00720_act_001', 'trait_agreeableness_00720_act_002', 'trait_agreeableness_00720_act_003', 'trait_agreeableness_00720_act_004']","['Suggest that Shandel looks into affordable financing or leasing options for a new laptop instead of giving yours away.', 'Keep the laptop for yourself since it could be useful for your future needs, and Shandel can explore other options to acquire one.', 'Consider surprising Shandel with the laptop, making it a heartfelt gesture to help them succeed in their projects.', 'You could gift the laptop to Shandel, as it would really boost their productivity and show how much you support their endeavors.']","['low', 'low', 'high', 'high']","[-5.66015625, -0.004642486572265625, -16.4375, -15.5625]","[-0.25727982954545453, -0.0001785571758563702, -0.7827380952380952, -0.6225]","[0.2794463634490967, 0.3613733649253845, 0.16523225605487823, 0.19394803047180176]",0.3591802811744767,0.6408197188255234,0.14081971882552335
trait_agreeableness_00721,agreeableness,low,one_line_prompt,one_line,trait_agreeableness_00721_act_003,low,"['trait_agreeableness_00721_act_001', 'trait_agreeableness_00721_act_002', 'trait_agreeableness_00721_act_003', 'trait_agreeableness_00721_act_004']","['You might consider gently expressing to Loujain how much effort and care you put into looking after their cat, which could naturally lead them to offer some form of gratitude.', 'Perhaps you could ask Loujain if they’d be willing to cover the costs you incurred while caring for their pet, as a kind gesture of appreciation.', 'Directly ask Loujain for a compensation for the expenses and time you invested in taking care of the cat, emphasizing that it is only fair.', 'Tell Loujain that taking care of their cat involved certain costs and effort on your part, and it would be reasonable to expect some form of compensation for your troubles.']","['high', 'high', 'low', 'low']","[-11.4453125, -4.234375, -0.0914306640625, -3.8125]","[-0.3366268382352941, -0.13659274193548387, -0.003047688802083333, -0.11213235294117647]","[0.20537719130516052, 0.25085681676864624, 0.2866974174976349, 0.2570685148239136]",0.45623403526747436,0.5437659647325257,0.0437659647325257
trait_agreeableness_00722,agreeableness,low,one_line_prompt,one_line,trait_agreeableness_00722_act_004,high,"['trait_agreeableness_00722_act_001', 'trait_agreeableness_00722_act_002', 'trait_agreeableness_00722_act_003', 'trait_agreeableness_00722_act_004']","['Politely decline, explaining that you already have commitments to your personal health this weekend.', 'Offer to help Nazair for a few hours on one day of the weekend so you can also have time for your relaxation.', 'Suggest that Nazair asks other friends who might not already have plans, as your weekend is already booked for personal time.', ""Suggest that Nazair could hire professional movers and you'll provide support by organizing meals or refreshments for everyone on the moving day.""]","['low', 'high', 'low', 'high']","[-5.54296875, -8.828125, -6.96484375, -2.7109375]","[-0.32605698529411764, -0.353125, -0.27859375, -0.10040509259259259]","[0.23391582071781158, 0.22766909003257751, 0.24528591334819794, 0.2931291162967682]",0.5207982373713397,0.4792017626286603,-0.02079823737133968
trait_agreeableness_00723,agreeableness,low,one_line_prompt,one_line,trait_agreeableness_00723_act_002,low,"['trait_agreeableness_00723_act_001', 'trait_agreeableness_00723_act_002', 'trait_agreeableness_00723_act_003', 'trait_agreeableness_00723_act_004']","[""Maybe express to Tavleen how you're feeling and ask if she's open to the idea of ordering a ride for you, so she can continue enjoying the party."", 'Tell Tavleen directly that you need to leave for your own comfort, regardless of her having fun.', 'You could suggest a compromise to Tavleen; perhaps staying just a bit longer to meet her happiness, then leaving together.', 'Inform Tavleen that you are calling a taxi for yourself because you want to leave now.']","['high', 'low', 'high', 'low']","[-13.3515625, -0.010650634765625, -9.9296875, -4.91796875]","[-0.39269301470588236, -0.000507173084077381, -0.3971875, -0.25884046052631576]","[0.21649929881095886, 0.3204650282859802, 0.2155284434556961, 0.2475072592496872]",0.4320277293912253,0.5679722706087746,0.06797227060877464
trait_agreeableness_00724,agreeableness,low,one_line_prompt,one_line,trait_agreeableness_00724_act_001,low,"['trait_agreeableness_00724_act_001', 'trait_agreeableness_00724_act_002', 'trait_agreeableness_00724_act_003', 'trait_agreeableness_00724_act_004']","['Suggest that Josalyn finds an alternative or waits for another time when you are less occupied.', 'Keep your business appointment as planned; it’s important to prioritize commitments that impact your professional goals.', 'Perhaps offer to help Josalyn after your business appointment, blending commitment with your supportive nature.', ""You might consider rescheduling the business appointment if Josalyn's request could foster a supportive relationship.""]","['low', 'low', 'high', 'high']","[-0.06036376953125, -4.51171875, -4.40234375, -3.373046875]","[-0.0030181884765625, -0.23745888157894737, -0.23170230263157895, -0.16865234375]","[0.2912099063396454, 0.23035085201263428, 0.2316807210445404, 0.24675852060317993]",0.47843924164772034,0.5215607583522797,0.021560758352279663
trait_agreeableness_00725,agreeableness,low,one_line_prompt,one_line,trait_agreeableness_00725_act_002,high,"['trait_agreeableness_00725_act_001', 'trait_agreeableness_00725_act_002', 'trait_agreeableness_00725_act_003', 'trait_agreeableness_00725_act_004']","[""Apologize sincerely to Webber for the comment and ask them how they feel or if there's anything they'd like to talk about."", 'Express your regret over the upsetting comment, then gently shift the conversation towards a topic that Webber enjoys to lighten the mood.', 'Clarify your comment to Webber, explaining your point of view so they understand your perspective better.', 'Ask Webber to explain why your comment upset them, which can lead to a clearer understanding on both sides.']","['high', 'high', 'low', 'low']","[-4.84765625, -0.6904296875, -0.73681640625, -5.0625]","[-0.17313058035714285, -0.0276171875, -0.0368408203125, -0.23011363636363635]","[0.23544609546661377, 0.2723247706890106, 0.2698245048522949, 0.22240474820137024]",0.5077708056246274,0.4922291943753726,-0.007770805624627397
trait_agreeableness_00726,agreeableness,low,one_line_prompt,one_line,trait_agreeableness_00726_act_002,high,"['trait_agreeableness_00726_act_001', 'trait_agreeableness_00726_act_002', 'trait_agreeableness_00726_act_003', 'trait_agreeableness_00726_act_004']","['Suggest that Stevielynn should speak to a financial advisor to better manage her expenses and debt.', 'Offer to help Stevielynn by covering some of her medical expenses or by lending her money if that feels right to you.', 'Advise Stevielynn to negotiate the bills or seek cheaper medical alternatives for future treatments.', 'Consider providing support by helping Stevielynn find financial aid programs or charities that assist with medical bills.']","['low', 'high', 'low', 'high']","[-2.37890625, -0.09857177734375, -7.48828125, -7.89453125]","[-0.11328125, -0.003791222205528846, -0.3941200657894737, -0.37593005952380953]","[0.2747350037097931, 0.3065243065357208, 0.20746614038944244, 0.21127448976039886]",0.5177988271593349,0.4822011728406651,-0.017798827159334896
trait_agreeableness_00727,agreeableness,low,one_line_prompt,one_line,trait_agreeableness_00727_act_002,low,"['trait_agreeableness_00727_act_001', 'trait_agreeableness_00727_act_002', 'trait_agreeableness_00727_act_003', 'trait_agreeableness_00727_act_004']","['Consider starting with the positive aspects of the policy, then transition into your concerns, ensuring you maintain a respectful tone throughout.', 'Directly challenge the policy by presenting strong, logical arguments against it and demand a review from management.', 'You could express your concerns by highlighting how the policy impacts team morale, and gently suggest possible alternatives that could benefit everyone.', ""Question the policy's fairness and effectiveness in the meeting, and push for an immediate reconsideration by presenting the overall dissatisfaction of your colleagues.""]","['high', 'low', 'high', 'low']","[-8.640625, -0.0765380859375, -9.1328125, -3.013671875]","[-0.3600260416666667, -0.003826904296875, -0.3805338541666667, -0.11161747685185185]","[0.2132388800382614, 0.30448204278945923, 0.20891034603118896, 0.2733687162399292]",0.42214923235996415,0.5778507676400358,0.07785076764003585
trait_agreeableness_00728,agreeableness,low,one_line_prompt,one_line,trait_agreeableness_00728_act_001,low,"['trait_agreeableness_00728_act_001', 'trait_agreeableness_00728_act_002', 'trait_agreeableness_00728_act_003', 'trait_agreeableness_00728_act_004']","[""Propose a formal vote on the project during the next team meeting to decisively address and move beyond Kashtin's opposition."", ""Firmly defend your project's merits in the next meeting, showcasing robust evidence and data to counter his objections."", 'Consider inviting Kashtin to co-present the project, integrating his viewpoints to strengthen the proposal.', 'Schedule a one-on-one meeting with Kashtin to understand his concerns and discuss potential compromises.']","['low', 'low', 'high', 'high']","[-0.55615234375, -1.181640625, -7.8828125, -5.6015625]","[-0.021390474759615384, -0.05137567934782609, -0.41488486842105265, -0.2948190789473684]","[0.29360631108283997, 0.2849331498146057, 0.19809475541114807, 0.2233658879995346]",0.4214605994489164,0.5785394005510835,0.07853940055108355
trait_agreeableness_00729,agreeableness,low,one_line_prompt,one_line,trait_agreeableness_00729_act_004,low,"['trait_agreeableness_00729_act_001', 'trait_agreeableness_00729_act_002', 'trait_agreeableness_00729_act_003', 'trait_agreeableness_00729_act_004']","['Offer to spend time with Janely, perhaps going for a walk or watching a movie together to help her feel less alone.', 'Consider sending Janely a care package filled with her favorite treats and a heartfelt note to show your support and affection.', 'Encourage Janely to join a support group where she can connect with people who understand her grief and can offer perspective.', 'Suggest that Janely seeks professional counseling to address her feelings of hopelessness and to develop coping strategies.']","['high', 'high', 'low', 'low']","[-3.970703125, -3.837890625, -9.8828125, -0.541015625]","[-0.158828125, -0.1668648097826087, -0.4117838541666667, -0.025762648809523808]","[0.2557006776332855, 0.2536539137363434, 0.19855214655399323, 0.2920932173728943]",0.5093546141395545,0.4906453858604455,-0.009354614139554518
trait_agreeableness_00730,agreeableness,low,one_line_prompt,one_line,trait_agreeableness_00730_act_001,low,"['trait_agreeableness_00730_act_001', 'trait_agreeableness_00730_act_002', 'trait_agreeableness_00730_act_003', 'trait_agreeableness_00730_act_004']","['Withhold Meital’s paycheck as a firm action to underline the seriousness of the performance issues and motivate improvement.', 'Consider setting up a meeting with Meital to openly discuss performance issues and explore supportive measures to help improve their work.', 'Implement a direct policy that ties Meital’s pay to specific performance metrics, ensuring accountability and immediate consequences for underperformance.', 'You might want to create an improvement plan that outlines clear goals and timelines for Meital, providing regular feedback and encouragement.']","['low', 'high', 'low', 'high']","[-0.01409912109375, -20.375, -19.421875, -24.109375]","[-0.000640869140625, -0.8858695652173914, -0.8092447916666666, -1.0045572916666667]","[0.4495309889316559, 0.18548539280891418, 0.2002568542957306, 0.16472680866718292]",0.35021218582039243,0.6497878141796076,0.14978781417960763
trait_agreeableness_00731,agreeableness,low,one_line_prompt,one_line,trait_agreeableness_00731_act_002,low,"['trait_agreeableness_00731_act_001', 'trait_agreeableness_00731_act_002', 'trait_agreeableness_00731_act_003', 'trait_agreeableness_00731_act_004']","['Perhaps you could delegate some of your responsibilities to other volunteers, which would allow you to continue supporting the charity while also managing your stress better.', ""It's practical to prioritize your own health and professional duties over volunteering; you can always return to it when you're in a better position."", 'You might consider reducing your hours slightly and finding a schedule that allows more time for rest, maintaining your commitment but taking care of your health too.', 'Consider taking a complete break from volunteering to focus entirely on your personal and professional life until you feel less overwhelmed.']","['high', 'low', 'high', 'low']","[-11.2421875, -0.022186279296875, -7.73046875, -3.92578125]","[-0.40150669642857145, -0.0007923671177455357, -0.2665678879310345, -0.17844460227272727]","[0.2046138197183609, 0.30546605587005615, 0.2341737002134323, 0.25574642419815063]",0.4387875199317932,0.5612124800682068,0.06121248006820679
trait_agreeableness_00732,agreeableness,low,one_line_prompt,one_line,trait_agreeableness_00732_act_001,low,"['trait_agreeableness_00732_act_001', 'trait_agreeableness_00732_act_002', 'trait_agreeableness_00732_act_003', 'trait_agreeableness_00732_act_004']","['Recommend that they check local moving services or rental trucks, as you need to prioritize your own commitments this weekend.', 'Politely explain that you have long-standing personal plans and suggest that they reschedule the move or ask another friend for help.', 'You could suggest hiring professional movers and then visiting your friend after your retreat to help them unpack and settle in.', 'Offer to help your friend with packing a day or two before your retreat, so you can still support them without cancelling your plans.']","['low', 'low', 'high', 'high']","[-0.00998687744140625, -6.98046875, -6.953125, -5.69140625]","[-0.000453948974609375, -0.27921875, -0.31605113636363635, -0.2189002403846154]","[0.30396634340286255, 0.2300167679786682, 0.2216988205909729, 0.24431800842285156]",0.4660168567905937,0.5339831432094063,0.03398314320940632
trait_agreeableness_00733,agreeableness,low,one_line_prompt,one_line,trait_agreeableness_00733_act_003,low,"['trait_agreeableness_00733_act_001', 'trait_agreeableness_00733_act_002', 'trait_agreeableness_00733_act_003', 'trait_agreeableness_00733_act_004']","['You could politely excuse yourself from your current commitment, explaining the importance of timely attendance at your work meeting.', 'Consider contacting a colleague who is also attending the meeting and kindly ask if they can cover the beginning part until you arrive.', ""Just focus on finishing your current commitment properly, even if it means being late; you can't always please everyone."", ""Send a quick message to inform them you'll be late, then proceed with your current engagement without cutting it short.""]","['high', 'high', 'low', 'low']","[-5.83203125, -4.69921875, -0.08148193359375, -4.11328125]","[-0.27771577380952384, -0.19580078125, -0.003542692764945652, -0.1788383152173913]","[0.22198855876922607, 0.24093827605247498, 0.29201316833496094, 0.2450600564479828]",0.46292680722911317,0.5370731927708868,0.03707319277088683
trait_agreeableness_00734,agreeableness,low,one_line_prompt,one_line,trait_agreeableness_00734_act_002,high,"['trait_agreeableness_00734_act_001', 'trait_agreeableness_00734_act_002', 'trait_agreeableness_00734_act_003', 'trait_agreeableness_00734_act_004']","['Directly ask both colleagues to clarify their points and explain the reasoning behind their disagreements in the meeting, fostering a clear and open dialogue.', 'You might consider suggesting a team-building activity that focuses on communication skills, which can improve overall team harmony without direct confrontation.', 'You could inform your manager about the disruptive behavior, letting them handle the situation and possibly mediate the conflict.', 'Perhaps you could recommend a feedback session where everyone gets the chance to express their thoughts in a structured manner, making the atmosphere more open and less tense.']","['low', 'high', 'low', 'high']","[-2.408203125, -1.2705078125, -7.74609375, -2.892578125]","[-0.08919270833333333, -0.052937825520833336, -0.35209517045454547, -0.09641927083333333]","[0.26325929164886475, 0.27297884225845337, 0.2023981809616089, 0.261363685131073]",0.5343425273895264,0.46565747261047363,-0.03434252738952637
trait_agreeableness_00735,agreeableness,low,one_line_prompt,one_line,trait_agreeableness_00735_act_002,low,"['trait_agreeableness_00735_act_001', 'trait_agreeableness_00735_act_002', 'trait_agreeableness_00735_act_003', 'trait_agreeableness_00735_act_004']","['Maybe you can ask your friend how they feel about their project first to understand their perspective before sharing your thoughts.', 'Just be straightforward and tell your friend what you really think about the art project; they asked for honesty, after all.', 'You could mention specific aspects you like while gently suggesting improvements in areas you think could be better.', 'Recommend your friend to seek feedback from professional artists as well, which can provide them with a more objective critique.']","['high', 'low', 'high', 'low']","[-8.875, -0.00022864341735839844, -20.203125, -25.375]","[-0.4034090909090909, -9.526809056599935e-06, -1.0633223684210527, -1.1534090909090908]","[0.28684791922569275, 0.4293840825557709, 0.1482705920934677, 0.13549736142158508]",0.4351185307704746,0.5648814692295254,0.06488146922952542
trait_agreeableness_00736,agreeableness,low,one_line_prompt,one_line,trait_agreeableness_00736_act_002,low,"['trait_agreeableness_00736_act_001', 'trait_agreeableness_00736_act_002', 'trait_agreeableness_00736_act_003', 'trait_agreeableness_00736_act_004']","['Suggest a compromise where Jahnia could redistribute some of the tasks among other team members to lessen your burden.', 'Decline the proposal, citing your current responsibilities and the importance of maintaining your personal life balance.', 'Perhaps you could agree to the new plan, but clarify your availability and limits to ensure your personal time is respected.', 'You might consider agreeing to the plan but also ask for help or support to manage the increased workload effectively.']","['low', 'low', 'high', 'high']","[-13.640625, -0.0119781494140625, -14.203125, -14.125]","[-0.6200284090909091, -0.0006304289165296053, -0.6175271739130435, -0.6726190476190477]","[0.20793989300727844, 0.38631266355514526, 0.20846064388751984, 0.19728678464889526]",0.40574743458252305,0.594252565417477,0.09425256541747695
trait_agreeableness_00737,agreeableness,low,one_line_prompt,one_line,trait_agreeableness_00737_act_003,low,"['trait_agreeableness_00737_act_001', 'trait_agreeableness_00737_act_002', 'trait_agreeableness_00737_act_003', 'trait_agreeableness_00737_act_004']","['You could gently remind your colleagues about the value of discussing concerns directly with PersonZ to promote a more understanding and supportive work environment.', 'Consider sharing positive experiences or achievements of PersonZ to subtly shift the tone of the conversation to something more constructive and appreciative.', ""You might propose focusing the discussion on tasks and projects instead, pointing out that speculative talk is not productive or beneficial for the team's goals."", 'Suggest setting up a meeting where concerns can be addressed openly with PersonZ present, ensuring a fair dialogue and cutting out behind-the-back criticisms.']","['high', 'high', 'low', 'low']","[-11.3203125, -3.376953125, -0.7763671875, -1.1171875]","[-0.43539663461538464, -0.135078125, -0.027727399553571428, -0.03852370689655173]","[0.18723909556865692, 0.25282686948776245, 0.2814783751964569, 0.27845579385757446]",0.4400659060389824,0.5599340939610176,0.059934093961017565
trait_agreeableness_00738,agreeableness,low,one_line_prompt,one_line,trait_agreeableness_00738_act_004,high,"['trait_agreeableness_00738_act_001', 'trait_agreeableness_00738_act_002', 'trait_agreeableness_00738_act_003', 'trait_agreeableness_00738_act_004']","['Recommend they look into local community services like food banks and job training workshops to become more self-sufficient.', 'Offer to babysit the children a couple of times a week to give the parents time to job search or handle other responsibilities.', 'Suggest setting up a schedule where they can gradually take over the childcare and household chores as they stabilize financially.', 'Prepare some extra meals that can easily be reheated, to relieve them from cooking duties for a few days.']","['low', 'high', 'low', 'high']","[-1.4423828125, -3.080078125, -6.63671875, -0.56591796875]","[-0.06868489583333333, -0.123203125, -0.3016690340909091, -0.025723544034090908]","[0.2643401324748993, 0.2503145933151245, 0.20940129458904266, 0.2759440243244171]",0.5262585941139492,0.47374140588605085,-0.026258594113949152
trait_agreeableness_00739,agreeableness,low,one_line_prompt,one_line,trait_agreeableness_00739_act_002,low,"['trait_agreeableness_00739_act_001', 'trait_agreeableness_00739_act_002', 'trait_agreeableness_00739_act_003', 'trait_agreeableness_00739_act_004']","['Consider encouraging Destinnie to seek advice from an independent financial advisor to ensure she makes a well-informed decision.', 'Go ahead and emphasize the potential high returns of the deal to persuade Destinnie, focusing on how such investments can significantly pay off.', 'You could prioritize transparency and discuss both the potential benefits and risks openly with Destinnie, emphasizing that the final decision is hers to make.', ""You should highlight the unique chance this deal represents and pitch it as a strategically aggressive investment that shouldn't be missed.""]","['high', 'low', 'high', 'low']","[-1.970703125, -0.8779296875, -4.12109375, -1.71484375]","[-0.08957741477272728, -0.033766526442307696, -0.15263310185185186, -0.07455842391304347]","[0.24928821623325348, 0.263596773147583, 0.23405450582504272, 0.253060519695282]",0.4833427148559285,0.5166572851440715,0.0166572851440715
trait_agreeableness_00740,agreeableness,low,one_line_prompt,one_line,trait_agreeableness_00740_act_001,low,"['trait_agreeableness_00740_act_001', 'trait_agreeableness_00740_act_002', 'trait_agreeableness_00740_act_003', 'trait_agreeableness_00740_act_004']","[""Confront Hikari then and there by firmly stating the discomfort they're causing, to immediately address the issue."", ""Directly tell Hikari that their behavior is inappropriate and advise them to stop immediately if you feel it's disruptive enough."", 'Maybe suggest a quick, quiet walk with Hikari outside the venue to discuss the issue discreetly and help them regain composure.', 'Consider pulling Hikari aside gently to express your concerns in private, aiming to avoid public embarrassment.']","['low', 'low', 'high', 'high']","[-0.028411865234375, -3.623046875, -6.99609375, -8.6875]","[-0.001235298488451087, -0.144921875, -0.2591145833333333, -0.434375]","[0.30419936776161194, 0.2634850740432739, 0.23505134880542755, 0.19726413488388062]",0.4323155158993241,0.5676844841006758,0.06768448410067585
trait_agreeableness_00741,agreeableness,low,one_line_prompt,one_line,trait_agreeableness_00741_act_003,low,"['trait_agreeableness_00741_act_001', 'trait_agreeableness_00741_act_002', 'trait_agreeableness_00741_act_003', 'trait_agreeableness_00741_act_004']","['You might consider arranging a private, friendly chat with Janya to understand any challenges she’s facing and discuss how you can help her meet her deadlines.', 'Perhaps you could offer to help Janya organize her tasks or suggest setting up a team meeting to realign everyone’s responsibilities and deadlines.', ""Directly inform Janya that her missed deadlines are impacting the team's performance and she needs to adhere to the project timeline more strictly."", 'Send an email to Janya outlining the deadlines and mentioning that further delays could lead to discussions with higher management.']","['high', 'high', 'low', 'low']","[-15.046875, -8.40625, -0.0047149658203125, -13.7265625]","[-0.5015625, -0.3113425925925926, -0.00017462836371527778, -0.6239346590909091]","[0.2107328176498413, 0.25488460063934326, 0.3479222059249878, 0.18646040558815002]",0.46561740441270455,0.5343825955872954,0.034382595587295395
trait_agreeableness_00742,agreeableness,low,one_line_prompt,one_line,trait_agreeableness_00742_act_003,low,"['trait_agreeableness_00742_act_001', 'trait_agreeableness_00742_act_002', 'trait_agreeableness_00742_act_003', 'trait_agreeableness_00742_act_004']","['Directly point out the flaw during the meeting and suggest an alternative strategy that mitigates these risks.', 'Consider suggesting a follow-up meeting where you can review the strategy more thoroughly together, to align on the best approach.', 'Challenge the strategy openly in the meeting to ensure everyone is aware of the potential losses, emphasizing the need for a robust discussion.', 'You could express your concerns by privately messaging your colleague, framing it as seeking to understand their perspective better.']","['low', 'high', 'low', 'high']","[-2.70703125, -12.2109375, -0.09771728515625, -10.0390625]","[-0.1353515625, -0.5309103260869565, -0.00390869140625, -0.47805059523809523]","[0.28379836678504944, 0.19108250737190247, 0.3236643075942993, 0.2014547884464264]",0.39253730751685223,0.6074626924831478,0.10746269248314777
trait_agreeableness_00743,agreeableness,low,one_line_prompt,one_line,trait_agreeableness_00743_act_002,low,"['trait_agreeableness_00743_act_001', 'trait_agreeableness_00743_act_002', 'trait_agreeableness_00743_act_003', 'trait_agreeableness_00743_act_004']","['Maybe you could offer to help train someone else to share the workload, easing the burden on you.', 'Just say no to additional shifts and prioritize your health over voluntary extras.', 'You might consider gently explaining to your supervisor your health concerns and see if you can reduce the extra shifts.', ""Take a step back and let others step up; you're not the only one who can volunteer for extra work.""]","['high', 'low', 'high', 'low']","[-8.421875, -0.003322601318359375, -7.328125, -7.359375]","[-0.42109375, -0.00023732866559709822, -0.3489583333333333, -0.31997282608695654]","[0.21256347000598907, 0.32379060983657837, 0.22846339643001556, 0.23518243432044983]",0.44102690586688276,0.5589730941331172,0.05897309413311724
trait_agreeableness_00744,agreeableness,low,one_line_prompt,one_line,trait_agreeableness_00744_act_001,low,"['trait_agreeableness_00744_act_001', 'trait_agreeableness_00744_act_002', 'trait_agreeableness_00744_act_003', 'trait_agreeableness_00744_act_004']","['Escalate the issue to your manager or HR department to formally address the rumors and protect your professional reputation.', 'Address the situation directly by confronting your colleague and demand they stop spreading unfounded rumors immediately.', 'Offer to collaborate on a project together which could help improve your relationship and show your genuine intentions.', 'Invite your colleague for a coffee and gently discuss the impact their behavior is having on you, aiming to clear up any misunderstandings.']","['low', 'low', 'high', 'high']","[-0.40625, -1.4287109375, -9.3984375, -9.9296875]","[-0.018465909090909092, -0.0793728298611111, -0.4946546052631579, -0.3819110576923077]","[0.3069995641708374, 0.28885921835899353, 0.19069163501262665, 0.21344968676567078]",0.40414127962307694,0.595858720376923,0.095858720376923
trait_agreeableness_00745,agreeableness,low,one_line_prompt,one_line,trait_agreeableness_00745_act_003,low,"['trait_agreeableness_00745_act_001', 'trait_agreeableness_00745_act_002', 'trait_agreeableness_00745_act_003', 'trait_agreeableness_00745_act_004']","['You could give your friend the guitar as a gift to help ease their financial burden and share the joy of music.', 'Consider lending the guitar to your friend until they can afford one, creating a win-win situation where you keep ownership and they get to play.', 'Keep the guitar since giving it away could set a precedent for similar expectations in the future.', 'Suggest that your friend looks for affordable second-hand options online, emphasizing the importance of financial responsibility.']","['high', 'high', 'low', 'low']","[-17.640625, -7.6875, -0.002719879150390625, -12.65625]","[-0.766983695652174, -0.27455357142857145, -0.00015110439724392362, -0.6328125]","[0.16855411231517792, 0.2758030295372009, 0.3628862500190735, 0.1927565634250641]",0.44435716171669193,0.5556428382833081,0.05564283828330807
trait_agreeableness_00746,agreeableness,low,one_line_prompt,one_line,trait_agreeableness_00746_act_001,low,"['trait_agreeableness_00746_act_001', 'trait_agreeableness_00746_act_002', 'trait_agreeableness_00746_act_003', 'trait_agreeableness_00746_act_004']","['Consider suggesting that Aythana delegate specific tasks to other team members or ask for an extension from the project lead.', ""Absolutely, offering your assistance could greatly alleviate Aythana's stress and help distribute the project tasks more manageably."", 'Recommend to Aythana to reevaluate her project plan and identify priorities; she might need to focus on key areas and drop less critical tasks.', 'Yes, stepping in to help Aythana not only supports her but also strengthens the teamwork within the project.']","['low', 'high', 'low', 'high']","[-0.2008056640625, -1.982421875, -3.203125, -7.41015625]","[-0.008730681046195652, -0.08619225543478261, -0.11045258620689655, -0.3368252840909091]","[0.28176647424697876, 0.26076433062553406, 0.254514217376709, 0.20295493304729462]",0.4637192844026961,0.536280715597304,0.03628071559730395
trait_agreeableness_00747,agreeableness,low,one_line_prompt,one_line,trait_agreeableness_00747_act_004,low,"['trait_agreeableness_00747_act_001', 'trait_agreeableness_00747_act_002', 'trait_agreeableness_00747_act_003', 'trait_agreeableness_00747_act_004']","['Consider suggesting a brief team check-in where everyone updates the group on their progress, allowing Carielle to share in a non-confrontational setting.', ""Point out directly to Carielle during the meeting that you've noticed discrepancies in their work, asking for an immediate clarification."", 'Perhaps you could invite Carielle for a private chat to gently inquire about their progress and any challenges they might be facing.', ""Challenge Carielle in the meeting to present detailed evidence of their progress to ensure they're held accountable in front of the team.""]","['high', 'low', 'high', 'low']","[-10.1875, -0.78369140625, -12.2890625, -0.72119140625]","[-0.33958333333333335, -0.03134765625, -0.4915625, -0.027738131009615384]","[0.2180563062429428, 0.2967793643474579, 0.18731172382831573, 0.2978525459766388]",0.4053680542330774,0.5946319457669226,0.09463194576692258
trait_agreeableness_00748,agreeableness,low,one_line_prompt,one_line,trait_agreeableness_00748_act_002,low,"['trait_agreeableness_00748_act_001', 'trait_agreeableness_00748_act_002', 'trait_agreeableness_00748_act_003', 'trait_agreeableness_00748_act_004']","['Document specific instances where Melicia took undue credit and present these to your supervisor as evidence.', ""Report the behavior to your supervisor immediately to prevent further damage to the team's morale."", 'Consider organizing a team intervention where everyone can openly discuss their feelings about fairness and recognition.', 'You could speak with Melicia first to express your concerns and give them a chance to rectify the situation themselves.']","['low', 'low', 'high', 'high']","[-1.650390625, -0.2135009765625, -13.0859375, -17.234375]","[-0.09168836805555555, -0.012558880974264705, -0.7697610294117647, -0.7493206521739131]","[0.3217487037181854, 0.34824293851852417, 0.16331782937049866, 0.16669045388698578]",0.3300083078450194,0.6699916921549807,0.16999169215498067
trait_agreeableness_00749,agreeableness,low,one_line_prompt,one_line,trait_agreeableness_00749_act_004,low,"['trait_agreeableness_00749_act_001', 'trait_agreeableness_00749_act_002', 'trait_agreeableness_00749_act_003', 'trait_agreeableness_00749_act_004']","['You might consider addressing the discomfort with Tagert directly by kindly expressing how their behavior makes you feel and seeking a mutual understanding.', 'Perhaps you could involve a mediator from HR to help facilitate a constructive conversation with Tagert, which might improve your work environment.', 'Stand your ground and confront Tagert directly about their aggressive behavior without sugarcoating your concerns.', 'Keep avoiding Tagert if interacting with them disrupts your productivity and peace of mind, focusing instead on your own work responsibilities.']","['high', 'high', 'low', 'low']","[-15.4375, -13.484375, -2.5234375, -0.088623046875]","[-0.6175, -0.539375, -0.1328125, -0.003544921875]","[0.1800941675901413, 0.19472822546958923, 0.29241305589675903, 0.33276447653770447]",0.3748224209861771,0.625177579013823,0.12517757901382298
trait_agreeableness_00750,agreeableness,low,one_line_prompt,one_line,trait_agreeableness_00750_act_001,low,"['trait_agreeableness_00750_act_001', 'trait_agreeableness_00750_act_002', 'trait_agreeableness_00750_act_003', 'trait_agreeableness_00750_act_004']","['Directly challenge the strategy in a team meeting by clearly outlining the potential pitfalls and presenting your alternative solutions.', 'You might consider gently suggesting a team meeting to review the project strategy and express your concerns in a supportive manner.', 'Write a concise, fact-based email to your project leader detailing why the current strategy might fail and suggest a meeting to discuss viable alternatives.', 'Perhaps you could offer to help research or present alternative strategies that could complement the current plan without dismissing it entirely.']","['low', 'high', 'low', 'high']","[-0.052093505859375, -11.65625, -4.2109375, -14.1328125]","[-0.0024806431361607145, -0.5298295454545454, -0.15596064814814814, -0.6424005681818182]","[0.33610957860946655, 0.19836093485355377, 0.2882872223854065, 0.1772422194480896]",0.3756031710924136,0.6243968289075864,0.12439682890758641
trait_agreeableness_00701,agreeableness,high,elaborate_prompt,elaborate,trait_agreeableness_00701_act_002,high,"['trait_agreeableness_00701_act_001', 'trait_agreeableness_00701_act_002', 'trait_agreeableness_00701_act_003', 'trait_agreeableness_00701_act_004']","['You could propose a meeting to discuss the strengths of each theme and consider blending elements of both to please a wider audience.', 'Maybe consult with other team members for their opinions to see if a consensus can be achieved that respects both perspectives.', 'Stick to presenting clear, data-backed arguments on why a cultural heritage theme could draw more interest and community engagement.', 'Insist on setting clear objectives for the event and demonstrate how your theme aligns better with those goals compared to a modern tech theme.']","['high', 'high', 'low', 'low']","[-10.515625, -0.01540374755859375, -14.484375, -18.328125]","[-0.4381510416666667, -0.0007001703435724431, -0.6583806818181818, -0.6788194444444444]","[0.2417098879814148, 0.3743492066860199, 0.1939321905374527, 0.19000868499279022]",0.616059113027427,0.616059113027427,0.116059113027427
trait_agreeableness_00702,agreeableness,high,elaborate_prompt,elaborate,trait_agreeableness_00702_act_002,high,"['trait_agreeableness_00702_act_001', 'trait_agreeableness_00702_act_002', 'trait_agreeableness_00702_act_003', 'trait_agreeableness_00702_act_004']","['Clearly communicate to your supervisor the unrealistic nature of the additional workload and negotiate down the responsibilities.', 'Consider discussing a phased approach with your boss to gradually integrate the new project while maintaining balance with your current tasks.', 'Prioritize your tasks and cut down on the least essential ones; put focus only on what genuinely requires your expertise.', 'You could ask for support from your team or colleagues to help manage the workload more efficiently.']","['low', 'high', 'low', 'high']","[-9.953125, -0.007404327392578125, -8.84375, -13.6015625]","[-0.5529513888888888, -0.00033656033602627843, -0.3845108695652174, -0.7556423611111112]","[0.21106933057308197, 0.3667944073677063, 0.24979165196418762, 0.17234456539154053]",0.5391389968606382,0.5391389968606382,0.03913899686063815
trait_agreeableness_00703,agreeableness,high,elaborate_prompt,elaborate,trait_agreeableness_00703_act_004,low,"['trait_agreeableness_00703_act_001', 'trait_agreeableness_00703_act_002', 'trait_agreeableness_00703_act_003', 'trait_agreeableness_00703_act_004']","['Consider setting aside a portion of your bonus for your vacation and donate a portion to your friend to ease their burden.', 'Invest the bonus in a personal savings or retirement fund to ensure your future financial stability.', 'You could offer to help your friend cover some of their medical expenses with part of your bonus.', 'Use the bonus for the vacation you’ve been planning, as personal relaxation and fulfillment are important.']","['high', 'low', 'high', 'low']","[-6.17578125, -4.421875, -1.85546875, -0.4482421875]","[-0.26851222826086957, -0.2601102941176471, -0.09765625, -0.02359169407894737]","[0.22359976172447205, 0.22548633813858032, 0.26526084542274475, 0.28565311431884766]",0.4888605780088557,0.4888605780088557,-0.011139421991144316
trait_agreeableness_00704,agreeableness,high,elaborate_prompt,elaborate,trait_agreeableness_00704_act_003,high,"['trait_agreeableness_00704_act_001', 'trait_agreeableness_00704_act_002', 'trait_agreeableness_00704_act_003', 'trait_agreeableness_00704_act_004']","['Challenge the team to justify the strategy with data or precedents, given its similarity to past unsuccessful attempts.', 'Directly state the issues and shortcomings you foresee with the agreed strategy to ensure they are aware of the potential risks.', 'Maybe suggest setting up a small trial run of the strategy first, to demonstrate the outcomes before fully committing.', 'You could gently express your concerns and propose discussing alternative strategies that could prevent potential issues.']","['low', 'low', 'high', 'high']","[-12.1015625, -14.9921875, -0.4580078125, -1.6376953125]","[-0.5762648809523809, -0.6518342391304348, -0.021809895833333332, -0.09633501838235294]","[0.18924453854560852, 0.17547044157981873, 0.32947319746017456, 0.3058117926120758]",0.635285009005219,0.635285009005219,0.135285009005219
trait_agreeableness_00705,agreeableness,high,elaborate_prompt,elaborate,trait_agreeableness_00705_act_002,high,"['trait_agreeableness_00705_act_001', 'trait_agreeableness_00705_act_002', 'trait_agreeableness_00705_act_003', 'trait_agreeableness_00705_act_004']","['You could consider politely reaching out to the rental agency to express your concerns and ask for possible solutions or compensation.', 'Maybe try to calmly discuss the discrepancies with the agency, highlighting the missing amenities and differences in the property, and request an amicable resolution.', 'Demand an immediate response from the rental agency and insist on a partial refund or relocation to a property that matches the initial description.', 'Send a firm email to the agency detailing every issue, and make it clear you expect swift action or you will consider legal advice.']","['high', 'high', 'low', 'low']","[-2.857421875, -0.06787109375, -25.28125, -18.078125]","[-0.1298828125, -0.0024239676339285715, -1.01125, -0.6953125]","[0.3206906318664551, 0.3642846941947937, 0.132835254073143, 0.1821894645690918]",0.6849752954404669,0.6849752954404669,0.18497529544046687
trait_agreeableness_00706,agreeableness,high,elaborate_prompt,elaborate,trait_agreeableness_00706_act_002,high,"['trait_agreeableness_00706_act_001', 'trait_agreeableness_00706_act_002', 'trait_agreeableness_00706_act_003', 'trait_agreeableness_00706_act_004']","['Directly confront Marybella in your next team meeting by highlighting specific instances where your ideas were dismissed and demand a justification.', 'Consider asking Marybella for a private meeting to express how valuable you feel contributions from all team members are, including yours.', 'Email the whole team including your manager outlining how the dismissal of ideas by any team member, including Marybella, negatively impacts project creativity and ask for more structured discussion protocols.', 'Maybe propose a team brainstorming session where everyone submits one idea anonymously to ensure each thought is considered without bias.']","['low', 'high', 'low', 'high']","[-17.921875, -0.0142974853515625, -17.875, -12.9375]","[-0.716875, -0.0005718994140625, -0.5107142857142857, -0.5880681818181818]","[0.18473109602928162, 0.37811726331710815, 0.22702541947364807, 0.21012616157531738]",0.588243459954468,0.588243459954468,0.08824345995446803
trait_agreeableness_00707,agreeableness,high,elaborate_prompt,elaborate,trait_agreeableness_00707_act_003,high,"['trait_agreeableness_00707_act_001', 'trait_agreeableness_00707_act_002', 'trait_agreeableness_00707_act_003', 'trait_agreeableness_00707_act_004']","['Perhaps eat a healthy meal before the party to lessen your cravings and politely sample very small amounts of your favorite foods.', 'Just say no to the unhealthy options and stick firmly to your diet plan; it’s about your health after all.', 'You could bring a dish to share that fits your diet so you have a healthy option available and still enjoy the party.', 'Ignore the offerings and focus on socializing, not eating; you’re there for your friend, not the food.']","['high', 'low', 'high', 'low']","[-6.90625, -4.9375, -0.2294921875, -16.421875]","[-0.30027173913043476, -0.21467391304347827, -0.009562174479166666, -0.7139945652173914]","[0.24462267756462097, 0.26648417115211487, 0.3271525502204895, 0.16174066066741943]",0.5717751937046531,0.5717751937046531,0.07177519370465313
trait_agreeableness_00708,agreeableness,high,elaborate_prompt,elaborate,trait_agreeableness_00708_act_003,high,"['trait_agreeableness_00708_act_001', 'trait_agreeableness_00708_act_002', 'trait_agreeableness_00708_act_003', 'trait_agreeableness_00708_act_004']","['Simply note the achievement directly to Nazareth and mention that you noticed the milestone, encouraging them to own their success publicly.', ""Challenge Nazareth in a light-hearted manner about why they haven't boasted about their success yet, to push them out of their comfort zone."", 'Encourage mutual friends or coworkers to subtly acknowledge the achievement, fostering a supportive environment without overwhelming Nazareth.', 'Quietly congratulate Nazareth in a personal message to show your support and respect for their privacy.']","['low', 'low', 'high', 'high']","[-1.240234375, -10.7265625, -0.444091796875, -3.77734375]","[-0.051676432291666664, -0.38309151785714285, -0.021147228422619048, -0.19880756578947367]","[0.2768481969833374, 0.1987512856721878, 0.2854304909706116, 0.23897004127502441]",0.5244005244314592,0.5244005244314592,0.024400524431459236
trait_agreeableness_00709,agreeableness,high,elaborate_prompt,elaborate,trait_agreeableness_00709_act_001,high,"['trait_agreeableness_00709_act_001', 'trait_agreeableness_00709_act_002', 'trait_agreeableness_00709_act_003', 'trait_agreeableness_00709_act_004']","['Consider politely telling Zacharyah that his advances are making you uncomfortable and you would like to keep your relationship professional.', 'Maybe talk to a trusted colleague or a supervisor for advice on how to approach Zacharyah about this sensitive issue.', 'Directly tell Zacharyah to stop the advances, asserting that they are inappropriate and unwelcome at the workplace.', 'If speaking to him directly doesn’t work, report the behavior to your HR department to handle it formally.']","['high', 'high', 'low', 'low']","[-0.5400390625, -0.8818359375, -10.2265625, -7.86328125]","[-0.023479959239130436, -0.03834069293478261, -0.444633152173913, -0.3744419642857143]","[0.2989045977592468, 0.29449549317359924, 0.1961679756641388, 0.21043197810649872]",0.5934000644057961,0.5934000644057961,0.09340006440579607
trait_agreeableness_00710,agreeableness,high,elaborate_prompt,elaborate,trait_agreeableness_00710_act_002,high,"['trait_agreeableness_00710_act_001', 'trait_agreeableness_00710_act_002', 'trait_agreeableness_00710_act_003', 'trait_agreeableness_00710_act_004']","['Demand an explanation as to why you were excluded from the discussion, asserting your right to know what concerns your family.', 'Approach a family member gently and express that you would appreciate being included in the conversation as it would help you cope better with the group.', 'Confront the family decisively about the secrecy, making it clear that you expect transparency in future matters.', 'Politely express to your family that you feel left out and assure them that you are capable of handling the situation more calmly with their support.']","['low', 'high', 'low', 'high']","[-22.234375, -0.35498046875, -16.0625, -1.23046875]","[-0.9667119565217391, -0.012677873883928572, -0.7648809523809523, -0.0439453125]","[0.13631321489810944, 0.35389116406440735, 0.16679847240447998, 0.34299710392951965]",0.6968882991472617,0.6968882991472617,0.1968882991472617
trait_agreeableness_00711,agreeableness,high,elaborate_prompt,elaborate,trait_agreeableness_00711_act_002,low,"['trait_agreeableness_00711_act_001', 'trait_agreeableness_00711_act_002', 'trait_agreeableness_00711_act_003', 'trait_agreeableness_00711_act_004']","['Perhaps you might weigh the emotional costs against the professional gains and decide if the move aligns with your long-term personal happiness and career goals.', 'Take the job; advancing in your career is a priority, and the significant pay increase justifies the move.', 'You could consider accepting the job and finding ways to maintain strong relationships with your family and friends through regular visits and digital communication.', 'Move to the new city; it’s a valuable opportunity for professional growth, and personal relationships can adapt if they’re truly important.']","['high', 'low', 'high', 'low']","[-14.2421875, -0.07183837890625, -4.5859375, -4.4921875]","[-0.5086495535714286, -0.003265380859375, -0.1834375, -0.17277644230769232]","[0.18378610908985138, 0.30464792251586914, 0.2544195353984833, 0.257146418094635]",0.4382056510181077,0.4382056510181077,-0.06179434898189229
trait_agreeableness_00712,agreeableness,high,elaborate_prompt,elaborate,trait_agreeableness_00712_act_003,high,"['trait_agreeableness_00712_act_001', 'trait_agreeableness_00712_act_002', 'trait_agreeableness_00712_act_003', 'trait_agreeableness_00712_act_004']","['Consider leveraging your time on more personal meetings where you can have genuine interactions, rather than a large industry event.', 'Skip the dinner if it really goes against your preferences and focus on networking in ways that make you feel comfortable.', 'You might find it rewarding to go and connect with a few people, making the experience more manageable and meaningful for you.', 'Consider attending the dinner to nurture relationships that could be beneficial for future collaborations or opportunities.']","['low', 'low', 'high', 'high']","[-6.16796875, -3.7890625, -0.54931640625, -0.9619140625]","[-0.2803622159090909, -0.17223011363636365, -0.02288818359375, -0.05658318014705882]","[0.21465453505516052, 0.2391670048236847, 0.2776896059513092, 0.26848873496055603]",0.546178406021405,0.546178406021405,0.046178406021404994
trait_agreeableness_00713,agreeableness,high,elaborate_prompt,elaborate,trait_agreeableness_00713_act_002,high,"['trait_agreeableness_00713_act_001', 'trait_agreeableness_00713_act_002', 'trait_agreeableness_00713_act_003', 'trait_agreeableness_00713_act_004']","[""You could accept the nomination gracefully as it honors not just your work but also your team's effort."", 'Perhaps you might consider a compromise by accepting the nomination and requesting a more low-key acknowledgment at the ceremony.', 'Decline the nomination if it makes you uncomfortable; maintaining your personal comfort is more important than external recognition.', 'You might just let them know that while you appreciate the gesture, you prefer achievements to be celebrated internally rather than publicly.']","['high', 'high', 'low', 'low']","[-4.390625, -0.086669921875, -13.4921875, -2.91796875]","[-0.21953125, -0.004127139136904762, -0.6424851190476191, -0.12158203125]","[0.25010138750076294, 0.3102165162563324, 0.16384363174438477, 0.2758384943008423]",0.560317887058321,0.560317887058321,0.060317887058320974
trait_agreeableness_00714,agreeableness,high,elaborate_prompt,elaborate,trait_agreeableness_00714_act_002,high,"['trait_agreeableness_00714_act_001', 'trait_agreeableness_00714_act_002', 'trait_agreeableness_00714_act_003', 'trait_agreeableness_00714_act_004']","['Just let them know that your current responsibilities cannot be set aside, and you must prioritize completing your pending work this weekend.', 'You might consider delegating some of your tasks or rescheduling commitments so you can join your friends and maintain those cherished relationships.', 'Suggest an alternate weekend for the getaway when you are less busy, demonstrating your interest while staying committed to your personal obligations.', 'Perhaps you could work a few extra hours before the weekend to clear up some urgent tasks, allowing you to enjoy the getaway without worries.']","['low', 'high', 'low', 'high']","[-16.203125, -0.062469482421875, -3.4453125, -5.3359375]","[-0.6751302083333334, -0.002498779296875, -0.1378125, -0.19762731481481483]","[0.1591636687517166, 0.31186315417289734, 0.2723943293094635, 0.25657883286476135]",0.5684419955081045,0.5684419955081045,0.06844199550810448
trait_agreeableness_00715,agreeableness,high,elaborate_prompt,elaborate,trait_agreeableness_00715_act_001,high,"['trait_agreeableness_00715_act_001', 'trait_agreeableness_00715_act_002', 'trait_agreeableness_00715_act_003', 'trait_agreeableness_00715_act_004']","['Suggest a team coffee break for everyone to refresh and help Ulisess feel less isolated in his stress.', 'Advise Ulisess to delegate some tasks to others to manage his workload better, which might alleviate his stress.', 'Offer to take a short walk with Ulisess during lunch, allowing for a change of scenery and a physical break from work.', 'Recommend that Ulisess reevaluate his project timeline and priorities, possibly pushing back less critical tasks.']","['high', 'low', 'high', 'low']","[-0.62255859375, -2.84375, -1.0908203125, -2.646484375]","[-0.028298117897727272, -0.12364130434782608, -0.04195462740384615, -0.13232421875]","[0.26338669657707214, 0.23943454027175903, 0.25981420278549194, 0.23736456036567688]",0.5232008993625641,0.5232008993625641,0.023200899362564087
trait_agreeableness_00716,agreeableness,high,elaborate_prompt,elaborate,trait_agreeableness_00716_act_003,high,"['trait_agreeableness_00716_act_001', 'trait_agreeableness_00716_act_002', 'trait_agreeableness_00716_act_003', 'trait_agreeableness_00716_act_004']","['Decline the invitation as your workload and commitments cannot be compromised for additional social events.', 'Skip the ball; prioritize completing your major project and maintaining your current commitments.', ""Maybe you could go to the ball with Ranvir but let him know in advance that you'll need to leave early to manage your other commitments."", 'Consider attending the charity ball for just a short time to show support before focusing back on your project.']","['low', 'low', 'high', 'high']","[-7.44140625, -7.81640625, -0.034271240234375, -9.796875]","[-0.4377297794117647, -0.52109375, -0.0011817669046336207, -0.48984375]","[0.2264188528060913, 0.20830902457237244, 0.35035067796707153, 0.21492144465446472]",0.5652721226215363,0.5652721226215363,0.06527212262153625
trait_agreeableness_00717,agreeableness,high,elaborate_prompt,elaborate,trait_agreeableness_00717_act_003,low,"['trait_agreeableness_00717_act_001', 'trait_agreeableness_00717_act_002', 'trait_agreeableness_00717_act_003', 'trait_agreeableness_00717_act_004']","['Consider crafting homemade gifts, which can be both meaningful and budget-friendly.', 'You might also think about baking treats to bring to the parties, as this is an affordable and heartfelt alternative to traditional gifts.', 'Just opt out of gift-giving and explain your financial situation honestly if anyone asks.', 'Alternatively, buy a single bulk gift item that you can split among the various parties to minimize costs.']","['high', 'high', 'low', 'low']","[-4.3359375, -7.296875, -0.08062744140625, -4.98046875]","[-0.30970982142857145, -0.291875, -0.004742790670955882, -0.2490234375]","[0.2253703773021698, 0.22942586243152618, 0.30573299527168274, 0.23947080969810486]",0.45479621940272064,0.45479621940272064,-0.045203780597279364
trait_agreeableness_00718,agreeableness,high,elaborate_prompt,elaborate,trait_agreeableness_00718_act_002,high,"['trait_agreeableness_00718_act_001', 'trait_agreeableness_00718_act_002', 'trait_agreeableness_00718_act_003', 'trait_agreeableness_00718_act_004']","[""You should remain neutral, not laughing or reacting, to clearly indicate that such jokes aren't suitable for the workplace."", ""You might offer a light smile to acknowledge Geordie's attempt at humor without encouraging the nature of the joke."", 'Address Geordie later in private, suggesting that he consider the timing and content of his jokes more carefully in the future.', 'Perhaps gently change the subject to help move the conversation away from the joke and towards more appropriate meeting topics.']","['low', 'high', 'low', 'high']","[-2.619140625, -0.1488037109375, -4.94140625, -3.037109375]","[-0.11387567934782608, -0.0064697265625, -0.19765625, -0.14462425595238096]","[0.24982896447181702, 0.2781561017036438, 0.22975096106529236, 0.24226395785808563]",0.5204200673165927,0.5204200673165927,0.020420067316592738
trait_agreeableness_00719,agreeableness,high,elaborate_prompt,elaborate,trait_agreeableness_00719_act_003,high,"['trait_agreeableness_00719_act_001', 'trait_agreeableness_00719_act_002', 'trait_agreeableness_00719_act_003', 'trait_agreeableness_00719_act_004']","['You might consider asking her if there’s anything specific you can do to help, showing your support goes beyond just professional boundaries.', 'Evaluate if sending flowers could set a precedent you’re uncomfortable with; maintaining professional boundaries is crucial.', 'Sending a thoughtful card along with the flowers can express your support and empathy during her difficult times.', 'Consider simply acknowledging her situation verbally when appropriate, which keeps the support subtle and professional.']","['high', 'low', 'high', 'low']","[-4.6484375, -1.8046875, -1.5546875, -1.5234375]","[-0.1859375, -0.09498355263157894, -0.08182565789473684, -0.0896139705882353]","[0.23223093152046204, 0.2543436288833618, 0.25771236419677734, 0.25571301579475403]",0.4899433249201372,0.4899433249201372,-0.010056675079862798
trait_agreeableness_00720,agreeableness,high,elaborate_prompt,elaborate,trait_agreeableness_00720_act_004,high,"['trait_agreeableness_00720_act_001', 'trait_agreeableness_00720_act_002', 'trait_agreeableness_00720_act_003', 'trait_agreeableness_00720_act_004']","['Suggest that Shandel looks into affordable financing or leasing options for a new laptop instead of giving yours away.', 'Keep the laptop for yourself since it could be useful for your future needs, and Shandel can explore other options to acquire one.', 'Consider surprising Shandel with the laptop, making it a heartfelt gesture to help them succeed in their projects.', 'You could gift the laptop to Shandel, as it would really boost their productivity and show how much you support their endeavors.']","['low', 'low', 'high', 'high']","[-3.3203125, -9.6328125, -2.029296875, -0.3359375]","[-0.15092329545454544, -0.37049278846153844, -0.09663318452380952, -0.0134375]","[0.24962303042411804, 0.20041345059871674, 0.26354971528053284, 0.2864138185977936]",0.5499635256832313,0.5499635256832313,0.04996352568323126
trait_agreeableness_00721,agreeableness,high,elaborate_prompt,elaborate,trait_agreeableness_00721_act_001,high,"['trait_agreeableness_00721_act_001', 'trait_agreeableness_00721_act_002', 'trait_agreeableness_00721_act_003', 'trait_agreeableness_00721_act_004']","['You might consider gently expressing to Loujain how much effort and care you put into looking after their cat, which could naturally lead them to offer some form of gratitude.', 'Perhaps you could ask Loujain if they’d be willing to cover the costs you incurred while caring for their pet, as a kind gesture of appreciation.', 'Directly ask Loujain for a compensation for the expenses and time you invested in taking care of the cat, emphasizing that it is only fair.', 'Tell Loujain that taking care of their cat involved certain costs and effort on your part, and it would be reasonable to expect some form of compensation for your troubles.']","['high', 'high', 'low', 'low']","[-0.014984130859375, -4.30078125, -11.1328125, -14.46875]","[-0.00044070973115808824, -0.13873487903225806, -0.37109375, -0.4255514705882353]","[0.3110590875148773, 0.2708834707736969, 0.21471892297267914, 0.20333850383758545]",0.5819425669601942,0.5819425669601942,0.0819425669601942
trait_agreeableness_00722,agreeableness,high,elaborate_prompt,elaborate,trait_agreeableness_00722_act_004,high,"['trait_agreeableness_00722_act_001', 'trait_agreeableness_00722_act_002', 'trait_agreeableness_00722_act_003', 'trait_agreeableness_00722_act_004']","['Politely decline, explaining that you already have commitments to your personal health this weekend.', 'Offer to help Nazair for a few hours on one day of the weekend so you can also have time for your relaxation.', 'Suggest that Nazair asks other friends who might not already have plans, as your weekend is already booked for personal time.', ""Suggest that Nazair could hire professional movers and you'll provide support by organizing meals or refreshments for everyone on the moving day.""]","['low', 'high', 'low', 'high']","[-2.34375, -1.8857421875, -3.259765625, -0.97802734375]","[-0.13786764705882354, -0.0754296875, -0.130390625, -0.036223234953703706]","[0.2392960637807846, 0.2547135353088379, 0.2410919964313507, 0.26489830017089844]",0.51961188967948,0.51961188967948,0.01961188967948002
trait_agreeableness_00723,agreeableness,high,elaborate_prompt,elaborate,trait_agreeableness_00723_act_001,high,"['trait_agreeableness_00723_act_001', 'trait_agreeableness_00723_act_002', 'trait_agreeableness_00723_act_003', 'trait_agreeableness_00723_act_004']","[""Maybe express to Tavleen how you're feeling and ask if she's open to the idea of ordering a ride for you, so she can continue enjoying the party."", 'Tell Tavleen directly that you need to leave for your own comfort, regardless of her having fun.', 'You could suggest a compromise to Tavleen; perhaps staying just a bit longer to meet her happiness, then leaving together.', 'Inform Tavleen that you are calling a taxi for yourself because you want to leave now.']","['high', 'low', 'high', 'low']","[-0.8076171875, -5.74609375, -0.7294921875, -9.8046875]","[-0.02375344669117647, -0.2736235119047619, -0.0291796875, -0.5160361842105263]","[0.29544541239738464, 0.23012302815914154, 0.29384657740592957, 0.18058495223522186]",0.5892920073655846,0.5892920073655846,0.08929200736558462
trait_agreeableness_00724,agreeableness,high,elaborate_prompt,elaborate,trait_agreeableness_00724_act_004,high,"['trait_agreeableness_00724_act_001', 'trait_agreeableness_00724_act_002', 'trait_agreeableness_00724_act_003', 'trait_agreeableness_00724_act_004']","['Suggest that Josalyn finds an alternative or waits for another time when you are less occupied.', 'Keep your business appointment as planned; it’s important to prioritize commitments that impact your professional goals.', 'Perhaps offer to help Josalyn after your business appointment, blending commitment with your supportive nature.', ""You might consider rescheduling the business appointment if Josalyn's request could foster a supportive relationship.""]","['low', 'low', 'high', 'high']","[-8.5546875, -17.53125, -1.6953125, -0.2255859375]","[-0.427734375, -0.9226973684210527, -0.08922697368421052, -0.011279296875]","[0.22079826891422272, 0.13459718227386475, 0.3097473084926605, 0.334857314825058]",0.6446045752909351,0.6446045752909351,0.14460457529093507
trait_agreeableness_00725,agreeableness,high,elaborate_prompt,elaborate,trait_agreeableness_00725_act_001,high,"['trait_agreeableness_00725_act_001', 'trait_agreeableness_00725_act_002', 'trait_agreeableness_00725_act_003', 'trait_agreeableness_00725_act_004']","[""Apologize sincerely to Webber for the comment and ask them how they feel or if there's anything they'd like to talk about."", 'Express your regret over the upsetting comment, then gently shift the conversation towards a topic that Webber enjoys to lighten the mood.', 'Clarify your comment to Webber, explaining your point of view so they understand your perspective better.', 'Ask Webber to explain why your comment upset them, which can lead to a clearer understanding on both sides.']","['high', 'high', 'low', 'low']","[-0.1346435546875, -2.1953125, -12.46875, -8.7421875]","[-0.004808698381696429, -0.0878125, -0.6234375, -0.3973721590909091]","[0.3190450370311737, 0.2936323583126068, 0.17186400294303894, 0.21545860171318054]",0.6126773953437805,0.6126773953437805,0.11267739534378052
trait_agreeableness_00726,agreeableness,high,elaborate_prompt,elaborate,trait_agreeableness_00726_act_002,high,"['trait_agreeableness_00726_act_001', 'trait_agreeableness_00726_act_002', 'trait_agreeableness_00726_act_003', 'trait_agreeableness_00726_act_004']","['Suggest that Stevielynn should speak to a financial advisor to better manage her expenses and debt.', 'Offer to help Stevielynn by covering some of her medical expenses or by lending her money if that feels right to you.', 'Advise Stevielynn to negotiate the bills or seek cheaper medical alternatives for future treatments.', 'Consider providing support by helping Stevielynn find financial aid programs or charities that assist with medical bills.']","['low', 'high', 'low', 'high']","[-6.13671875, -0.1326904296875, -2.1953125, -4.6953125]","[-0.2922247023809524, -0.005103478064903846, -0.11554276315789473, -0.22358630952380953]","[0.21753856539726257, 0.28988879919052124, 0.25957822799682617, 0.2329944372177124]",0.5228832208250993,0.5228832208250993,0.022883220825099304
trait_agreeableness_00727,agreeableness,high,elaborate_prompt,elaborate,trait_agreeableness_00727_act_003,high,"['trait_agreeableness_00727_act_001', 'trait_agreeableness_00727_act_002', 'trait_agreeableness_00727_act_003', 'trait_agreeableness_00727_act_004']","['Consider starting with the positive aspects of the policy, then transition into your concerns, ensuring you maintain a respectful tone throughout.', 'Directly challenge the policy by presenting strong, logical arguments against it and demand a review from management.', 'You could express your concerns by highlighting how the policy impacts team morale, and gently suggest possible alternatives that could benefit everyone.', ""Question the policy's fairness and effectiveness in the meeting, and push for an immediate reconsideration by presenting the overall dissatisfaction of your colleagues.""]","['high', 'low', 'high', 'low']","[-6.1484375, -9.1953125, -0.261474609375, -7.73046875]","[-0.2561848958333333, -0.459765625, -0.010894775390625, -0.2863136574074074]","[0.24605591595172882, 0.2007334977388382, 0.314457505941391, 0.23875312507152557]",0.5605133968362184,0.5605133968362184,0.06051339683621837
trait_agreeableness_00728,agreeableness,high,elaborate_prompt,elaborate,trait_agreeableness_00728_act_004,high,"['trait_agreeableness_00728_act_001', 'trait_agreeableness_00728_act_002', 'trait_agreeableness_00728_act_003', 'trait_agreeableness_00728_act_004']","[""Propose a formal vote on the project during the next team meeting to decisively address and move beyond Kashtin's opposition."", ""Firmly defend your project's merits in the next meeting, showcasing robust evidence and data to counter his objections."", 'Consider inviting Kashtin to co-present the project, integrating his viewpoints to strengthen the proposal.', 'Schedule a one-on-one meeting with Kashtin to understand his concerns and discuss potential compromises.']","['low', 'low', 'high', 'high']","[-12.53125, -10.875, -3.5, -0.031646728515625]","[-0.48197115384615385, -0.47282608695652173, -0.18421052631578946, -0.0016656172902960527]","[0.20110224187374115, 0.20294977724552155, 0.2708524167537689, 0.3250955045223236]",0.5959479567973588,0.5959479567973588,0.09594795679735879
trait_agreeableness_00729,agreeableness,high,elaborate_prompt,elaborate,trait_agreeableness_00729_act_001,high,"['trait_agreeableness_00729_act_001', 'trait_agreeableness_00729_act_002', 'trait_agreeableness_00729_act_003', 'trait_agreeableness_00729_act_004']","['Offer to spend time with Janely, perhaps going for a walk or watching a movie together to help her feel less alone.', 'Consider sending Janely a care package filled with her favorite treats and a heartfelt note to show your support and affection.', 'Encourage Janely to join a support group where she can connect with people who understand her grief and can offer perspective.', 'Suggest that Janely seeks professional counseling to address her feelings of hopelessness and to develop coping strategies.']","['high', 'high', 'low', 'low']","[-0.73828125, -5.03515625, -8.2578125, -3.30078125]","[-0.02953125, -0.21891983695652173, -0.3440755208333333, -0.15718005952380953]","[0.2908880412578583, 0.2406996488571167, 0.21238361299037933, 0.2560287117958069]",0.5315876821937012,0.5315876821937012,0.03158768219370123
trait_agreeableness_00730,agreeableness,high,elaborate_prompt,elaborate,trait_agreeableness_00730_act_002,high,"['trait_agreeableness_00730_act_001', 'trait_agreeableness_00730_act_002', 'trait_agreeableness_00730_act_003', 'trait_agreeableness_00730_act_004']","['Withhold Meital’s paycheck as a firm action to underline the seriousness of the performance issues and motivate improvement.', 'Consider setting up a meeting with Meital to openly discuss performance issues and explore supportive measures to help improve their work.', 'Implement a direct policy that ties Meital’s pay to specific performance metrics, ensuring accountability and immediate consequences for underperformance.', 'You might want to create an improvement plan that outlines clear goals and timelines for Meital, providing regular feedback and encouragement.']","['low', 'high', 'low', 'high']","[-15.9140625, -0.0567626953125, -11.484375, -16.390625]","[-0.7233664772727273, -0.0024679432744565215, -0.478515625, -0.6829427083333334]","[0.18604782223701477, 0.3825664222240448, 0.23766319453716278, 0.1937226504087448]",0.576289021108536,0.576289021108536,0.07628902110853597
trait_agreeableness_00731,agreeableness,high,elaborate_prompt,elaborate,trait_agreeableness_00731_act_003,high,"['trait_agreeableness_00731_act_001', 'trait_agreeableness_00731_act_002', 'trait_agreeableness_00731_act_003', 'trait_agreeableness_00731_act_004']","['Perhaps you could delegate some of your responsibilities to other volunteers, which would allow you to continue supporting the charity while also managing your stress better.', ""It's practical to prioritize your own health and professional duties over volunteering; you can always return to it when you're in a better position."", 'You might consider reducing your hours slightly and finding a schedule that allows more time for rest, maintaining your commitment but taking care of your health too.', 'Consider taking a complete break from volunteering to focus entirely on your personal and professional life until you feel less overwhelmed.']","['high', 'low', 'high', 'low']","[-4.4296875, -6.9921875, -0.044677734375, -4.46484375]","[-0.158203125, -0.24972098214285715, -0.0015406115301724139, -0.20294744318181818]","[0.24762356281280518, 0.2259676456451416, 0.2896207273006439, 0.23678803443908691]",0.5372443061245771,0.5372443061245771,0.037244306124577076
trait_agreeableness_00732,agreeableness,high,elaborate_prompt,elaborate,trait_agreeableness_00732_act_004,high,"['trait_agreeableness_00732_act_001', 'trait_agreeableness_00732_act_002', 'trait_agreeableness_00732_act_003', 'trait_agreeableness_00732_act_004']","['Recommend that they check local moving services or rental trucks, as you need to prioritize your own commitments this weekend.', 'Politely explain that you have long-standing personal plans and suggest that they reschedule the move or ask another friend for help.', 'You could suggest hiring professional movers and then visiting your friend after your retreat to help them unpack and settle in.', 'Offer to help your friend with packing a day or two before your retreat, so you can still support them without cancelling your plans.']","['low', 'low', 'high', 'high']","[-3.9609375, -2.056640625, -1.505859375, -0.50439453125]","[-0.18004261363636365, -0.082265625, -0.06844815340909091, -0.01939978966346154]","[0.2275291383266449, 0.2509002089500427, 0.254391074180603, 0.26717960834503174]",0.5215706669816176,0.5215706669816176,0.02157066698161758
trait_agreeableness_00733,agreeableness,high,elaborate_prompt,elaborate,trait_agreeableness_00733_act_003,low,"['trait_agreeableness_00733_act_001', 'trait_agreeableness_00733_act_002', 'trait_agreeableness_00733_act_003', 'trait_agreeableness_00733_act_004']","['You could politely excuse yourself from your current commitment, explaining the importance of timely attendance at your work meeting.', 'Consider contacting a colleague who is also attending the meeting and kindly ask if they can cover the beginning part until you arrive.', ""Just focus on finishing your current commitment properly, even if it means being late; you can't always please everyone."", ""Send a quick message to inform them you'll be late, then proceed with your current engagement without cutting it short.""]","['high', 'high', 'low', 'low']","[-0.85986328125, -3.28515625, -0.8125, -2.765625]","[-0.04094587053571429, -0.13688151041666666, -0.035326086956521736, -0.12024456521739131]","[0.2605576515197754, 0.23672248423099518, 0.2620260417461395, 0.24069374799728394]",0.49728017280103065,0.49728017280103065,-0.002719827198969349
trait_agreeableness_00734,agreeableness,high,elaborate_prompt,elaborate,trait_agreeableness_00734_act_004,high,"['trait_agreeableness_00734_act_001', 'trait_agreeableness_00734_act_002', 'trait_agreeableness_00734_act_003', 'trait_agreeableness_00734_act_004']","['Directly ask both colleagues to clarify their points and explain the reasoning behind their disagreements in the meeting, fostering a clear and open dialogue.', 'You might consider suggesting a team-building activity that focuses on communication skills, which can improve overall team harmony without direct confrontation.', 'You could inform your manager about the disruptive behavior, letting them handle the situation and possibly mediate the conflict.', 'Perhaps you could recommend a feedback session where everyone gets the chance to express their thoughts in a structured manner, making the atmosphere more open and less tense.']","['low', 'high', 'low', 'high']","[-6.44921875, -7.76171875, -11.3359375, -0.65869140625]","[-0.2388599537037037, -0.3234049479166667, -0.5152698863636364, -0.021956380208333334]","[0.25512439012527466, 0.23444151878356934, 0.19351233541965485, 0.3169217109680176]",0.5513632543994451,0.5513632543994451,0.05136325439944511
trait_agreeableness_00735,agreeableness,high,elaborate_prompt,elaborate,trait_agreeableness_00735_act_002,low,"['trait_agreeableness_00735_act_001', 'trait_agreeableness_00735_act_002', 'trait_agreeableness_00735_act_003', 'trait_agreeableness_00735_act_004']","['Maybe you can ask your friend how they feel about their project first to understand their perspective before sharing your thoughts.', 'Just be straightforward and tell your friend what you really think about the art project; they asked for honesty, after all.', 'You could mention specific aspects you like while gently suggesting improvements in areas you think could be better.', 'Recommend your friend to seek feedback from professional artists as well, which can provide them with a more objective critique.']","['high', 'low', 'high', 'low']","[-4.06640625, -0.01898193359375, -8.03125, -8.703125]","[-0.18483664772727273, -0.0007909138997395834, -0.42269736842105265, -0.3955965909090909]","[0.26313355565071106, 0.31630516052246094, 0.20743146538734436, 0.21312987804412842]",0.47056499299019616,0.47056499299019616,-0.029435007009803837
trait_agreeableness_00736,agreeableness,high,elaborate_prompt,elaborate,trait_agreeableness_00736_act_003,high,"['trait_agreeableness_00736_act_001', 'trait_agreeableness_00736_act_002', 'trait_agreeableness_00736_act_003', 'trait_agreeableness_00736_act_004']","['Suggest a compromise where Jahnia could redistribute some of the tasks among other team members to lessen your burden.', 'Decline the proposal, citing your current responsibilities and the importance of maintaining your personal life balance.', 'Perhaps you could agree to the new plan, but clarify your availability and limits to ensure your personal time is respected.', 'You might consider agreeing to the plan but also ask for help or support to manage the increased workload effectively.']","['low', 'low', 'high', 'high']","[-3.138671875, -11.9609375, -0.20361328125, -2.451171875]","[-0.1426669034090909, -0.6295230263157895, -0.008852751358695652, -0.11672247023809523]","[0.26426926255226135, 0.16240811347961426, 0.30210742354393005, 0.2712152898311615]",0.5733226621160511,0.5733226621160511,0.0733226621160511
trait_agreeableness_00737,agreeableness,high,elaborate_prompt,elaborate,trait_agreeableness_00737_act_002,high,"['trait_agreeableness_00737_act_001', 'trait_agreeableness_00737_act_002', 'trait_agreeableness_00737_act_003', 'trait_agreeableness_00737_act_004']","['You could gently remind your colleagues about the value of discussing concerns directly with PersonZ to promote a more understanding and supportive work environment.', 'Consider sharing positive experiences or achievements of PersonZ to subtly shift the tone of the conversation to something more constructive and appreciative.', ""You might propose focusing the discussion on tasks and projects instead, pointing out that speculative talk is not productive or beneficial for the team's goals."", 'Suggest setting up a meeting where concerns can be addressed openly with PersonZ present, ensuring a fair dialogue and cutting out behind-the-back criticisms.']","['high', 'high', 'low', 'low']","[-6.9609375, -0.2705078125, -1.57421875, -4.3515625]","[-0.26772836538461536, -0.0108203125, -0.05622209821428571, -0.15005387931034483]","[0.21489930152893066, 0.2778489589691162, 0.2655161917209625, 0.24173548817634583]",0.4927482898681337,0.4927482898681337,-0.007251710131866318
trait_agreeableness_00738,agreeableness,high,elaborate_prompt,elaborate,trait_agreeableness_00738_act_002,high,"['trait_agreeableness_00738_act_001', 'trait_agreeableness_00738_act_002', 'trait_agreeableness_00738_act_003', 'trait_agreeableness_00738_act_004']","['Recommend they look into local community services like food banks and job training workshops to become more self-sufficient.', 'Offer to babysit the children a couple of times a week to give the parents time to job search or handle other responsibilities.', 'Suggest setting up a schedule where they can gradually take over the childcare and household chores as they stabilize financially.', 'Prepare some extra meals that can easily be reheated, to relieve them from cooking duties for a few days.']","['low', 'high', 'low', 'high']","[-2.296875, -0.697265625, -1.56640625, -2.041015625]","[-0.109375, -0.027890625, -0.07120028409090909, -0.0927734375]","[0.24151386320590973, 0.26201748847961426, 0.2509118318557739, 0.24555684626102448]",0.5075743196137452,0.5075743196137452,0.007574319613745217
trait_agreeableness_00739,agreeableness,high,elaborate_prompt,elaborate,trait_agreeableness_00739_act_003,high,"['trait_agreeableness_00739_act_001', 'trait_agreeableness_00739_act_002', 'trait_agreeableness_00739_act_003', 'trait_agreeableness_00739_act_004']","['Consider encouraging Destinnie to seek advice from an independent financial advisor to ensure she makes a well-informed decision.', 'Go ahead and emphasize the potential high returns of the deal to persuade Destinnie, focusing on how such investments can significantly pay off.', 'You could prioritize transparency and discuss both the potential benefits and risks openly with Destinnie, emphasizing that the final decision is hers to make.', ""You should highlight the unique chance this deal represents and pitch it as a strategically aggressive investment that shouldn't be missed.""]","['high', 'low', 'high', 'low']","[-3.44140625, -8.8359375, -0.038543701171875, -6.46875]","[-0.15642755681818182, -0.33984375, -0.0014275444878472222, -0.28125]","[0.25755053758621216, 0.21439063549041748, 0.30073094367980957, 0.22732789814472198]",0.5582814729469795,0.5582814729469795,0.058281472946979496
trait_agreeableness_00740,agreeableness,high,elaborate_prompt,elaborate,trait_agreeableness_00740_act_003,high,"['trait_agreeableness_00740_act_001', 'trait_agreeableness_00740_act_002', 'trait_agreeableness_00740_act_003', 'trait_agreeableness_00740_act_004']","[""Confront Hikari then and there by firmly stating the discomfort they're causing, to immediately address the issue."", ""Directly tell Hikari that their behavior is inappropriate and advise them to stop immediately if you feel it's disruptive enough."", 'Maybe suggest a quick, quiet walk with Hikari outside the venue to discuss the issue discreetly and help them regain composure.', 'Consider pulling Hikari aside gently to express your concerns in private, aiming to avoid public embarrassment.']","['low', 'low', 'high', 'high']","[-5.69921875, -7.484375, -0.022979736328125, -4.0859375]","[-0.24779211956521738, -0.299375, -0.0008511013454861111, -0.204296875]","[0.23395732045173645, 0.222195103764534, 0.2994896173477173, 0.2443579137325287]",0.5438475553921263,0.5438475553921263,0.04384755539212626
trait_agreeableness_00741,agreeableness,high,elaborate_prompt,elaborate,trait_agreeableness_00741_act_001,high,"['trait_agreeableness_00741_act_001', 'trait_agreeableness_00741_act_002', 'trait_agreeableness_00741_act_003', 'trait_agreeableness_00741_act_004']","['You might consider arranging a private, friendly chat with Janya to understand any challenges she’s facing and discuss how you can help her meet her deadlines.', 'Perhaps you could offer to help Janya organize her tasks or suggest setting up a team meeting to realign everyone’s responsibilities and deadlines.', ""Directly inform Janya that her missed deadlines are impacting the team's performance and she needs to adhere to the project timeline more strictly."", 'Send an email to Janya outlining the deadlines and mentioning that further delays could lead to discussions with higher management.']","['high', 'high', 'low', 'low']","[-0.002437591552734375, -6.4609375, -15.421875, -19.171875]","[-8.12530517578125e-05, -0.23929398148148148, -0.5711805555555556, -0.8714488636363636]","[0.36094170808792114, 0.2841504216194153, 0.20389744639396667, 0.1510104238986969]",0.6450921297073364,0.6450921297073364,0.14509212970733643
trait_agreeableness_00742,agreeableness,high,elaborate_prompt,elaborate,trait_agreeableness_00742_act_002,high,"['trait_agreeableness_00742_act_001', 'trait_agreeableness_00742_act_002', 'trait_agreeableness_00742_act_003', 'trait_agreeableness_00742_act_004']","['Directly point out the flaw during the meeting and suggest an alternative strategy that mitigates these risks.', 'Consider suggesting a follow-up meeting where you can review the strategy more thoroughly together, to align on the best approach.', 'Challenge the strategy openly in the meeting to ensure everyone is aware of the potential losses, emphasizing the need for a robust discussion.', 'You could express your concerns by privately messaging your colleague, framing it as seeking to understand their perspective better.']","['low', 'high', 'low', 'high']","[-9.1796875, -0.2783203125, -1.58984375, -4.90234375]","[-0.458984375, -0.012100883152173914, -0.06359375, -0.23344494047619047]","[0.18862958252429962, 0.2949095666408539, 0.28010818362236023, 0.2363525927066803]",0.5312621989296525,0.5312621989296525,0.03126219892965254
trait_agreeableness_00743,agreeableness,high,elaborate_prompt,elaborate,trait_agreeableness_00743_act_003,high,"['trait_agreeableness_00743_act_001', 'trait_agreeableness_00743_act_002', 'trait_agreeableness_00743_act_003', 'trait_agreeableness_00743_act_004']","['Maybe you could offer to help train someone else to share the workload, easing the burden on you.', 'Just say no to additional shifts and prioritize your health over voluntary extras.', 'You might consider gently explaining to your supervisor your health concerns and see if you can reduce the extra shifts.', ""Take a step back and let others step up; you're not the only one who can volunteer for extra work.""]","['high', 'low', 'high', 'low']","[-6.82421875, -2.388671875, -0.10479736328125, -9.0078125]","[-0.3412109375, -0.17061941964285715, -0.004990350632440476, -0.39164402173913043]","[0.22043563425540924, 0.2614380419254303, 0.3085322380065918, 0.20959405601024628]",0.5289678880264725,0.5289678880264725,0.028967888026472544
trait_agreeableness_00744,agreeableness,high,elaborate_prompt,elaborate,trait_agreeableness_00744_act_004,high,"['trait_agreeableness_00744_act_001', 'trait_agreeableness_00744_act_002', 'trait_agreeableness_00744_act_003', 'trait_agreeableness_00744_act_004']","['Escalate the issue to your manager or HR department to formally address the rumors and protect your professional reputation.', 'Address the situation directly by confronting your colleague and demand they stop spreading unfounded rumors immediately.', 'Offer to collaborate on a project together which could help improve your relationship and show your genuine intentions.', 'Invite your colleague for a coffee and gently discuss the impact their behavior is having on you, aiming to clear up any misunderstandings.']","['low', 'low', 'high', 'high']","[-11.3046875, -10.296875, -2.3359375, -0.109619140625]","[-0.5138494318181818, -0.5720486111111112, -0.12294407894736842, -0.004216120793269231]","[0.19660034775733948, 0.18548496067523956, 0.29063794016838074, 0.3272767961025238]",0.6179147086479645,0.6179147086479645,0.1179147086479645
trait_agreeableness_00745,agreeableness,high,elaborate_prompt,elaborate,trait_agreeableness_00745_act_002,high,"['trait_agreeableness_00745_act_001', 'trait_agreeableness_00745_act_002', 'trait_agreeableness_00745_act_003', 'trait_agreeableness_00745_act_004']","['You could give your friend the guitar as a gift to help ease their financial burden and share the joy of music.', 'Consider lending the guitar to your friend until they can afford one, creating a win-win situation where you keep ownership and they get to play.', 'Keep the guitar since giving it away could set a precedent for similar expectations in the future.', 'Suggest that your friend looks for affordable second-hand options online, emphasizing the importance of financial responsibility.']","['high', 'high', 'low', 'low']","[-8.328125, -0.0016298294067382812, -9.59375, -9.234375]","[-0.36209239130434784, -5.820819309779576e-05, -0.5329861111111112, -0.46171875]","[0.23898662626743317, 0.3432440757751465, 0.20144450664520264, 0.21632486581802368]",0.5822306586630152,0.5822306586630152,0.08223065866301515
trait_agreeableness_00746,agreeableness,high,elaborate_prompt,elaborate,trait_agreeableness_00746_act_002,high,"['trait_agreeableness_00746_act_001', 'trait_agreeableness_00746_act_002', 'trait_agreeableness_00746_act_003', 'trait_agreeableness_00746_act_004']","['Consider suggesting that Aythana delegate specific tasks to other team members or ask for an extension from the project lead.', ""Absolutely, offering your assistance could greatly alleviate Aythana's stress and help distribute the project tasks more manageably."", 'Recommend to Aythana to reevaluate her project plan and identify priorities; she might need to focus on key areas and drop less critical tasks.', 'Yes, stepping in to help Aythana not only supports her but also strengthens the teamwork within the project.']","['low', 'high', 'low', 'high']","[-16.328125, -0.002735137939453125, -25.53125, -6.00390625]","[-0.7099184782608695, -0.00011891904084578805, -0.8803879310344828, -0.27290482954545453]","[0.1843341886997223, 0.3748590052127838, 0.15544329583644867, 0.2853635549545288]",0.6602225306530656,0.6602225306530656,0.16022253065306558
trait_agreeableness_00747,agreeableness,high,elaborate_prompt,elaborate,trait_agreeableness_00747_act_001,high,"['trait_agreeableness_00747_act_001', 'trait_agreeableness_00747_act_002', 'trait_agreeableness_00747_act_003', 'trait_agreeableness_00747_act_004']","['Consider suggesting a brief team check-in where everyone updates the group on their progress, allowing Carielle to share in a non-confrontational setting.', ""Point out directly to Carielle during the meeting that you've noticed discrepancies in their work, asking for an immediate clarification."", 'Perhaps you could invite Carielle for a private chat to gently inquire about their progress and any challenges they might be facing.', ""Challenge Carielle in the meeting to present detailed evidence of their progress to ensure they're held accountable in front of the team.""]","['high', 'low', 'high', 'low']","[-0.05340576171875, -13.0546875, -3.802734375, -10.9765625]","[-0.0017801920572916667, -0.5221875, -0.152109375, -0.4221754807692308]","[0.32138940691947937, 0.19099479913711548, 0.2765313684940338, 0.21108444035053253]",0.5979207665037994,0.5979207665037994,0.09792076650379944
trait_agreeableness_00748,agreeableness,high,elaborate_prompt,elaborate,trait_agreeableness_00748_act_002,low,"['trait_agreeableness_00748_act_001', 'trait_agreeableness_00748_act_002', 'trait_agreeableness_00748_act_003', 'trait_agreeableness_00748_act_004']","['Document specific instances where Melicia took undue credit and present these to your supervisor as evidence.', ""Report the behavior to your supervisor immediately to prevent further damage to the team's morale."", 'Consider organizing a team intervention where everyone can openly discuss their feelings about fairness and recognition.', 'You could speak with Melicia first to express your concerns and give them a chance to rectify the situation themselves.']","['low', 'low', 'high', 'high']","[-7.70703125, -0.475341796875, -1.4267578125, -2.306640625]","[-0.4281684027777778, -0.027961282169117647, -0.08392693014705882, -0.10028872282608696]","[0.18899749219417572, 0.2820095419883728, 0.266660213470459, 0.2623326778411865]",0.5289929307246901,0.5289929307246901,0.028992930724690114
trait_agreeableness_00749,agreeableness,high,elaborate_prompt,elaborate,trait_agreeableness_00749_act_004,low,"['trait_agreeableness_00749_act_001', 'trait_agreeableness_00749_act_002', 'trait_agreeableness_00749_act_003', 'trait_agreeableness_00749_act_004']","['You might consider addressing the discomfort with Tagert directly by kindly expressing how their behavior makes you feel and seeking a mutual understanding.', 'Perhaps you could involve a mediator from HR to help facilitate a constructive conversation with Tagert, which might improve your work environment.', 'Stand your ground and confront Tagert directly about their aggressive behavior without sugarcoating your concerns.', 'Keep avoiding Tagert if interacting with them disrupts your productivity and peace of mind, focusing instead on your own work responsibilities.']","['high', 'high', 'low', 'low']","[-9.234375, -3.373046875, -1.4736328125, -0.337890625]","[-0.369375, -0.134921875, -0.07755962171052631, -0.013515625]","[0.19878818094730377, 0.25131145119667053, 0.26614871621131897, 0.28375160694122314]",0.4500996522649967,0.4500996522649967,-0.04990034773500329
trait_agreeableness_00750,agreeableness,high,elaborate_prompt,elaborate,trait_agreeableness_00750_act_004,high,"['trait_agreeableness_00750_act_001', 'trait_agreeableness_00750_act_002', 'trait_agreeableness_00750_act_003', 'trait_agreeableness_00750_act_004']","['Directly challenge the strategy in a team meeting by clearly outlining the potential pitfalls and presenting your alternative solutions.', 'You might consider gently suggesting a team meeting to review the project strategy and express your concerns in a supportive manner.', 'Write a concise, fact-based email to your project leader detailing why the current strategy might fail and suggest a meeting to discuss viable alternatives.', 'Perhaps you could offer to help research or present alternative strategies that could complement the current plan without dismissing it entirely.']","['low', 'high', 'low', 'high']","[-14.140625, -1.1083984375, -7.40234375, -0.48388671875]","[-0.6733630952380952, -0.05038174715909091, -0.27416087962962965, -0.021994850852272728]","[0.15940631926059723, 0.29720965027809143, 0.2376166433095932, 0.30576738715171814]",0.6029770374298096,0.6029770374298096,0.10297703742980957
trait_agreeableness_00701,agreeableness,low,elaborate_prompt,elaborate,trait_agreeableness_00701_act_003,low,"['trait_agreeableness_00701_act_001', 'trait_agreeableness_00701_act_002', 'trait_agreeableness_00701_act_003', 'trait_agreeableness_00701_act_004']","['You could propose a meeting to discuss the strengths of each theme and consider blending elements of both to please a wider audience.', 'Maybe consult with other team members for their opinions to see if a consensus can be achieved that respects both perspectives.', 'Stick to presenting clear, data-backed arguments on why a cultural heritage theme could draw more interest and community engagement.', 'Insist on setting clear objectives for the event and demonstrate how your theme aligns better with those goals compared to a modern tech theme.']","['high', 'high', 'low', 'low']","[-15.046875, -11.40625, -0.233642578125, -1.7412109375]","[-0.626953125, -0.5184659090909091, -0.0106201171875, -0.06448929398148148]","[0.17477305233478546, 0.19480040669441223, 0.3237013518810272, 0.3067251741886139]",0.36957346453627143,0.6304265354637286,0.13042653546372862
trait_agreeableness_00702,agreeableness,low,elaborate_prompt,elaborate,trait_agreeableness_00702_act_001,low,"['trait_agreeableness_00702_act_001', 'trait_agreeableness_00702_act_002', 'trait_agreeableness_00702_act_003', 'trait_agreeableness_00702_act_004']","['Clearly communicate to your supervisor the unrealistic nature of the additional workload and negotiate down the responsibilities.', 'Consider discussing a phased approach with your boss to gradually integrate the new project while maintaining balance with your current tasks.', 'Prioritize your tasks and cut down on the least essential ones; put focus only on what genuinely requires your expertise.', 'You could ask for support from your team or colleagues to help manage the workload more efficiently.']","['low', 'high', 'low', 'high']","[-0.402587890625, -5.390625, -1.216796875, -7.76171875]","[-0.022365993923611112, -0.2450284090909091, -0.052904211956521736, -0.4312065972222222]","[0.2911438047885895, 0.2330271303653717, 0.2823871970176697, 0.19344180822372437]",0.42646896400862716,0.5735310359913728,0.07353103599137278
trait_agreeableness_00703,agreeableness,low,elaborate_prompt,elaborate,trait_agreeableness_00703_act_002,low,"['trait_agreeableness_00703_act_001', 'trait_agreeableness_00703_act_002', 'trait_agreeableness_00703_act_003', 'trait_agreeableness_00703_act_004']","['Consider setting aside a portion of your bonus for your vacation and donate a portion to your friend to ease their burden.', 'Invest the bonus in a personal savings or retirement fund to ensure your future financial stability.', 'You could offer to help your friend cover some of their medical expenses with part of your bonus.', 'Use the bonus for the vacation you’ve been planning, as personal relaxation and fulfillment are important.']","['high', 'low', 'high', 'low']","[-4.09765625, -0.2440185546875, -12.4453125, -3.716796875]","[-0.17815896739130435, -0.014354032628676471, -0.655016447368421, -0.19562088815789475]","[0.2644519507884979, 0.3115203082561493, 0.16415353119373322, 0.2598741948604584]",0.4286054883689506,0.5713945116310494,0.07139451163104937
trait_agreeableness_00704,agreeableness,low,elaborate_prompt,elaborate,trait_agreeableness_00704_act_001,low,"['trait_agreeableness_00704_act_001', 'trait_agreeableness_00704_act_002', 'trait_agreeableness_00704_act_003', 'trait_agreeableness_00704_act_004']","['Challenge the team to justify the strategy with data or precedents, given its similarity to past unsuccessful attempts.', 'Directly state the issues and shortcomings you foresee with the agreed strategy to ensure they are aware of the potential risks.', 'Maybe suggest setting up a small trial run of the strategy first, to demonstrate the outcomes before fully committing.', 'You could gently express your concerns and propose discussing alternative strategies that could prevent potential issues.']","['low', 'low', 'high', 'high']","[-0.04736328125, -3.59375, -10.53125, -15.5078125]","[-0.002255394345238095, -0.15625, -0.5014880952380952, -0.9122242647058824]","[0.3488197922706604, 0.29903507232666016, 0.21173229813575745, 0.14041279256343842]",0.35214510644130886,0.6478548935586912,0.1478548935586912
trait_agreeableness_00705,agreeableness,low,elaborate_prompt,elaborate,trait_agreeableness_00705_act_003,low,"['trait_agreeableness_00705_act_001', 'trait_agreeableness_00705_act_002', 'trait_agreeableness_00705_act_003', 'trait_agreeableness_00705_act_004']","['You could consider politely reaching out to the rental agency to express your concerns and ask for possible solutions or compensation.', 'Maybe try to calmly discuss the discrepancies with the agency, highlighting the missing amenities and differences in the property, and request an amicable resolution.', 'Demand an immediate response from the rental agency and insist on a partial refund or relocation to a property that matches the initial description.', 'Send a firm email to the agency detailing every issue, and make it clear you expect swift action or you will consider legal advice.']","['high', 'high', 'low', 'low']","[-14.078125, -6.91796875, -0.37451171875, -1.1708984375]","[-0.6399147727272727, -0.2470703125, -0.01498046875, -0.045034555288461536]","[0.16228169202804565, 0.24036967754364014, 0.30316218733787537, 0.29418647289276123]",0.4026513575717402,0.5973486424282598,0.0973486424282598
trait_agreeableness_00706,agreeableness,low,elaborate_prompt,elaborate,trait_agreeableness_00706_act_001,low,"['trait_agreeableness_00706_act_001', 'trait_agreeableness_00706_act_002', 'trait_agreeableness_00706_act_003', 'trait_agreeableness_00706_act_004']","['Directly confront Marybella in your next team meeting by highlighting specific instances where your ideas were dismissed and demand a justification.', 'Consider asking Marybella for a private meeting to express how valuable you feel contributions from all team members are, including yours.', 'Email the whole team including your manager outlining how the dismissal of ideas by any team member, including Marybella, negatively impacts project creativity and ask for more structured discussion protocols.', 'Maybe propose a team brainstorming session where everyone submits one idea anonymously to ensure each thought is considered without bias.']","['low', 'high', 'low', 'high']","[-0.0009741783142089844, -14.0078125, -11.59375, -12.796875]","[-3.8967132568359374e-05, -0.5603125, -0.33125, -0.5816761363636364]","[0.3511126637458801, 0.2005038857460022, 0.25211769342422485, 0.1962658315896988]",0.39676968777405563,0.6032303122259444,0.10323031222594437
trait_agreeableness_00707,agreeableness,low,elaborate_prompt,elaborate,trait_agreeableness_00707_act_002,low,"['trait_agreeableness_00707_act_001', 'trait_agreeableness_00707_act_002', 'trait_agreeableness_00707_act_003', 'trait_agreeableness_00707_act_004']","['Perhaps eat a healthy meal before the party to lessen your cravings and politely sample very small amounts of your favorite foods.', 'Just say no to the unhealthy options and stick firmly to your diet plan; it’s about your health after all.', 'You could bring a dish to share that fits your diet so you have a healthy option available and still enjoy the party.', 'Ignore the offerings and focus on socializing, not eating; you’re there for your friend, not the food.']","['high', 'low', 'high', 'low']","[-6.6015625, -0.77587890625, -1.2275390625, -11.2265625]","[-0.28702445652173914, -0.03373386548913043, -0.0511474609375, -0.48811141304347827]","[0.22872212529182434, 0.2946530282497406, 0.2895664572715759, 0.18705840408802032]",0.5182885748402987,0.48171142515970133,-0.018288574840298666
trait_agreeableness_00708,agreeableness,low,elaborate_prompt,elaborate,trait_agreeableness_00708_act_002,low,"['trait_agreeableness_00708_act_001', 'trait_agreeableness_00708_act_002', 'trait_agreeableness_00708_act_003', 'trait_agreeableness_00708_act_004']","['Simply note the achievement directly to Nazareth and mention that you noticed the milestone, encouraging them to own their success publicly.', ""Challenge Nazareth in a light-hearted manner about why they haven't boasted about their success yet, to push them out of their comfort zone."", 'Encourage mutual friends or coworkers to subtly acknowledge the achievement, fostering a supportive environment without overwhelming Nazareth.', 'Quietly congratulate Nazareth in a personal message to show your support and respect for their privacy.']","['low', 'low', 'high', 'high']","[-6.90625, -0.09686279296875, -3.533203125, -7.546875]","[-0.2877604166666667, -0.003459385463169643, -0.16824776785714285, -0.3972039473684211]","[0.22977346181869507, 0.3053305149078369, 0.2589426040649414, 0.2059534788131714]",0.4648960551681486,0.5351039448318514,0.03510394483185142
trait_agreeableness_00709,agreeableness,low,elaborate_prompt,elaborate,trait_agreeableness_00709_act_003,low,"['trait_agreeableness_00709_act_001', 'trait_agreeableness_00709_act_002', 'trait_agreeableness_00709_act_003', 'trait_agreeableness_00709_act_004']","['Consider politely telling Zacharyah that his advances are making you uncomfortable and you would like to keep your relationship professional.', 'Maybe talk to a trusted colleague or a supervisor for advice on how to approach Zacharyah about this sensitive issue.', 'Directly tell Zacharyah to stop the advances, asserting that they are inappropriate and unwelcome at the workplace.', 'If speaking to him directly doesn’t work, report the behavior to your HR department to handle it formally.']","['high', 'high', 'low', 'low']","[-4.9453125, -4.3046875, -0.0219573974609375, -8.3359375]","[-0.21501358695652173, -0.1871603260869565, -0.0009546694548233696, -0.39694940476190477]","[0.24386702477931976, 0.2507550120353699, 0.3020770251750946, 0.20330092310905457]",0.49462204418513245,0.5053779558148676,0.005377955814867552
trait_agreeableness_00710,agreeableness,low,elaborate_prompt,elaborate,trait_agreeableness_00710_act_003,low,"['trait_agreeableness_00710_act_001', 'trait_agreeableness_00710_act_002', 'trait_agreeableness_00710_act_003', 'trait_agreeableness_00710_act_004']","['Demand an explanation as to why you were excluded from the discussion, asserting your right to know what concerns your family.', 'Approach a family member gently and express that you would appreciate being included in the conversation as it would help you cope better with the group.', 'Confront the family decisively about the secrecy, making it clear that you expect transparency in future matters.', 'Politely express to your family that you feel left out and assure them that you are capable of handling the situation more calmly with their support.']","['low', 'high', 'low', 'high']","[-0.8095703125, -8.015625, -0.59130859375, -13.5]","[-0.03519870923913043, -0.28627232142857145, -0.028157552083333332, -0.48214285714285715]","[0.2920039892196655, 0.22716891765594482, 0.29406729340553284, 0.186759814620018]",0.4139287261079442,0.5860712738920558,0.08607127389205582
trait_agreeableness_00711,agreeableness,low,elaborate_prompt,elaborate,trait_agreeableness_00711_act_002,low,"['trait_agreeableness_00711_act_001', 'trait_agreeableness_00711_act_002', 'trait_agreeableness_00711_act_003', 'trait_agreeableness_00711_act_004']","['Perhaps you might weigh the emotional costs against the professional gains and decide if the move aligns with your long-term personal happiness and career goals.', 'Take the job; advancing in your career is a priority, and the significant pay increase justifies the move.', 'You could consider accepting the job and finding ways to maintain strong relationships with your family and friends through regular visits and digital communication.', 'Move to the new city; it’s a valuable opportunity for professional growth, and personal relationships can adapt if they’re truly important.']","['high', 'low', 'high', 'low']","[-14.859375, -0.003650665283203125, -18.84375, -9.984375]","[-0.5306919642857143, -0.0001659393310546875, -0.75375, -0.3840144230769231]","[0.21469014883041382, 0.364935964345932, 0.17176680266857147, 0.24860702455043793]",0.386456974533616,0.6135430254663841,0.11354302546638406
trait_agreeableness_00712,agreeableness,low,elaborate_prompt,elaborate,trait_agreeableness_00712_act_002,low,"['trait_agreeableness_00712_act_001', 'trait_agreeableness_00712_act_002', 'trait_agreeableness_00712_act_003', 'trait_agreeableness_00712_act_004']","['Consider leveraging your time on more personal meetings where you can have genuine interactions, rather than a large industry event.', 'Skip the dinner if it really goes against your preferences and focus on networking in ways that make you feel comfortable.', 'You might find it rewarding to go and connect with a few people, making the experience more manageable and meaningful for you.', 'Consider attending the dinner to nurture relationships that could be beneficial for future collaborations or opportunities.']","['low', 'low', 'high', 'high']","[-2.76953125, -2.48046875, -6.94921875, -2.17578125]","[-0.1258877840909091, -0.11274857954545454, -0.28955078125, -0.12798713235294118]","[0.25905683636665344, 0.2624830901622772, 0.21994653344154358, 0.25851356983184814]",0.4784600890141699,0.5215399109858301,0.02153991098583008
trait_agreeableness_00713,agreeableness,low,elaborate_prompt,elaborate,trait_agreeableness_00713_act_003,low,"['trait_agreeableness_00713_act_001', 'trait_agreeableness_00713_act_002', 'trait_agreeableness_00713_act_003', 'trait_agreeableness_00713_act_004']","[""You could accept the nomination gracefully as it honors not just your work but also your team's effort."", 'Perhaps you might consider a compromise by accepting the nomination and requesting a more low-key acknowledgment at the ceremony.', 'Decline the nomination if it makes you uncomfortable; maintaining your personal comfort is more important than external recognition.', 'You might just let them know that while you appreciate the gesture, you prefer achievements to be celebrated internally rather than publicly.']","['high', 'high', 'low', 'low']","[-13.375, -8.1015625, -2.93359375, -5.8671875]","[-0.66875, -0.38578869047619047, -0.13969494047619047, -0.24446614583333334]","[0.18008683621883392, 0.23898491263389587, 0.30566635727882385, 0.27526190876960754]",0.4190717426080742,0.5809282573919258,0.08092825739192577
trait_agreeableness_00714,agreeableness,low,elaborate_prompt,elaborate,trait_agreeableness_00714_act_001,low,"['trait_agreeableness_00714_act_001', 'trait_agreeableness_00714_act_002', 'trait_agreeableness_00714_act_003', 'trait_agreeableness_00714_act_004']","['Just let them know that your current responsibilities cannot be set aside, and you must prioritize completing your pending work this weekend.', 'You might consider delegating some of your tasks or rescheduling commitments so you can join your friends and maintain those cherished relationships.', 'Suggest an alternate weekend for the getaway when you are less busy, demonstrating your interest while staying committed to your personal obligations.', 'Perhaps you could work a few extra hours before the weekend to clear up some urgent tasks, allowing you to enjoy the getaway without worries.']","['low', 'high', 'low', 'high']","[-0.0855712890625, -2.91015625, -3.9765625, -5.8828125]","[-0.0035654703776041665, -0.11640625, -0.1590625, -0.21788194444444445]","[0.2811851501464844, 0.2511807084083557, 0.24069157242774963, 0.2269425392150879]",0.4781232618726272,0.5218767381273728,0.021876738127372786
trait_agreeableness_00715,agreeableness,low,elaborate_prompt,elaborate,trait_agreeableness_00715_act_001,high,"['trait_agreeableness_00715_act_001', 'trait_agreeableness_00715_act_002', 'trait_agreeableness_00715_act_003', 'trait_agreeableness_00715_act_004']","['Suggest a team coffee break for everyone to refresh and help Ulisess feel less isolated in his stress.', 'Advise Ulisess to delegate some tasks to others to manage his workload better, which might alleviate his stress.', 'Offer to take a short walk with Ulisess during lunch, allowing for a change of scenery and a physical break from work.', 'Recommend that Ulisess reevaluate his project timeline and priorities, possibly pushing back less critical tasks.']","['high', 'low', 'high', 'low']","[-1.02734375, -1.1064453125, -3.21484375, -1.4345703125]","[-0.046697443181818184, -0.04810631793478261, -0.12364783653846154, -0.071728515625]","[0.25642290711402893, 0.2560619115829468, 0.237431138753891, 0.2500840425491333]",0.4938540458679199,0.5061459541320801,0.006145954132080078
trait_agreeableness_00716,agreeableness,low,elaborate_prompt,elaborate,trait_agreeableness_00716_act_001,low,"['trait_agreeableness_00716_act_001', 'trait_agreeableness_00716_act_002', 'trait_agreeableness_00716_act_003', 'trait_agreeableness_00716_act_004']","['Decline the invitation as your workload and commitments cannot be compromised for additional social events.', 'Skip the ball; prioritize completing your major project and maintaining your current commitments.', ""Maybe you could go to the ball with Ranvir but let him know in advance that you'll need to leave early to manage your other commitments."", 'Consider attending the charity ball for just a short time to show support before focusing back on your project.']","['low', 'low', 'high', 'high']","[-2.251953125, -6.21484375, -5.5703125, -19.40625]","[-0.13246783088235295, -0.41432291666666665, -0.19207974137931033, -0.9703125]","[0.31957507133483887, 0.24108199775218964, 0.3010812997817993, 0.138261616230011]",0.43934292255853,0.56065707744147,0.060657077441469975
trait_agreeableness_00717,agreeableness,low,elaborate_prompt,elaborate,trait_agreeableness_00717_act_003,low,"['trait_agreeableness_00717_act_001', 'trait_agreeableness_00717_act_002', 'trait_agreeableness_00717_act_003', 'trait_agreeableness_00717_act_004']","['Consider crafting homemade gifts, which can be both meaningful and budget-friendly.', 'You might also think about baking treats to bring to the parties, as this is an affordable and heartfelt alternative to traditional gifts.', 'Just opt out of gift-giving and explain your financial situation honestly if anyone asks.', 'Alternatively, buy a single bulk gift item that you can split among the various parties to minimize costs.']","['high', 'high', 'low', 'low']","[-6.55078125, -8.953125, -0.0836181640625, -9.109375]","[-0.46791294642857145, -0.358125, -0.004918715533088236, -0.45546875]","[0.21198172867298126, 0.23658038675785065, 0.3368017077445984, 0.2146361619234085]",0.4485621221149284,0.5514378778850716,0.05143787788507159
trait_agreeableness_00718,agreeableness,low,elaborate_prompt,elaborate,trait_agreeableness_00718_act_003,low,"['trait_agreeableness_00718_act_001', 'trait_agreeableness_00718_act_002', 'trait_agreeableness_00718_act_003', 'trait_agreeableness_00718_act_004']","[""You should remain neutral, not laughing or reacting, to clearly indicate that such jokes aren't suitable for the workplace."", ""You might offer a light smile to acknowledge Geordie's attempt at humor without encouraging the nature of the joke."", 'Address Geordie later in private, suggesting that he consider the timing and content of his jokes more carefully in the future.', 'Perhaps gently change the subject to help move the conversation away from the joke and towards more appropriate meeting topics.']","['low', 'high', 'low', 'high']","[-1.7861328125, -1.78125, -0.8525390625, -1.677734375]","[-0.07765794836956522, -0.07744565217391304, -0.0341015625, -0.0798921130952381]","[0.24737168848514557, 0.24742421507835388, 0.2583844065666199, 0.2468196451663971]",0.49424388233917427,0.5057561176608257,0.0057561176608257325
trait_agreeableness_00719,agreeableness,low,elaborate_prompt,elaborate,trait_agreeableness_00719_act_002,low,"['trait_agreeableness_00719_act_001', 'trait_agreeableness_00719_act_002', 'trait_agreeableness_00719_act_003', 'trait_agreeableness_00719_act_004']","['You might consider asking her if there’s anything specific you can do to help, showing your support goes beyond just professional boundaries.', 'Evaluate if sending flowers could set a precedent you’re uncomfortable with; maintaining professional boundaries is crucial.', 'Sending a thoughtful card along with the flowers can express your support and empathy during her difficult times.', 'Consider simply acknowledging her situation verbally when appropriate, which keeps the support subtle and professional.']","['high', 'low', 'high', 'low']","[-16.671875, -0.111572265625, -6.19140625, -7.64453125]","[-0.666875, -0.005872224506578948, -0.32586348684210525, -0.44967830882352944]","[0.17902886867523193, 0.34673118591308594, 0.2517807185649872, 0.22245919704437256]",0.4308096000793457,0.5691903999206542,0.06919039992065423
trait_agreeableness_00720,agreeableness,low,elaborate_prompt,elaborate,trait_agreeableness_00720_act_002,low,"['trait_agreeableness_00720_act_001', 'trait_agreeableness_00720_act_002', 'trait_agreeableness_00720_act_003', 'trait_agreeableness_00720_act_004']","['Suggest that Shandel looks into affordable financing or leasing options for a new laptop instead of giving yours away.', 'Keep the laptop for yourself since it could be useful for your future needs, and Shandel can explore other options to acquire one.', 'Consider surprising Shandel with the laptop, making it a heartfelt gesture to help them succeed in their projects.', 'You could gift the laptop to Shandel, as it would really boost their productivity and show how much you support their endeavors.']","['low', 'low', 'high', 'high']","[-5.70703125, -0.007663726806640625, -14.359375, -17.484375]","[-0.25941051136363635, -0.00029475872333233175, -0.6837797619047619, -0.699375]","[0.27823954820632935, 0.3605383038520813, 0.18201938271522522, 0.17920278012752533]",0.36122215746012093,0.6387778425398791,0.13877784253987913
trait_agreeableness_00721,agreeableness,low,elaborate_prompt,elaborate,trait_agreeableness_00721_act_003,low,"['trait_agreeableness_00721_act_001', 'trait_agreeableness_00721_act_002', 'trait_agreeableness_00721_act_003', 'trait_agreeableness_00721_act_004']","['You might consider gently expressing to Loujain how much effort and care you put into looking after their cat, which could naturally lead them to offer some form of gratitude.', 'Perhaps you could ask Loujain if they’d be willing to cover the costs you incurred while caring for their pet, as a kind gesture of appreciation.', 'Directly ask Loujain for a compensation for the expenses and time you invested in taking care of the cat, emphasizing that it is only fair.', 'Tell Loujain that taking care of their cat involved certain costs and effort on your part, and it would be reasonable to expect some form of compensation for your troubles.']","['high', 'high', 'low', 'low']","[-12.21875, -3.494140625, -0.46240234375, -8.0859375]","[-0.359375, -0.11271421370967742, -0.015413411458333333, -0.2378216911764706]","[0.20748957991600037, 0.26553377509117126, 0.2926691472530365, 0.23430752754211426]",0.47302334090997755,0.5269766590900224,0.026976659090022448
trait_agreeableness_00722,agreeableness,low,elaborate_prompt,elaborate,trait_agreeableness_00722_act_004,high,"['trait_agreeableness_00722_act_001', 'trait_agreeableness_00722_act_002', 'trait_agreeableness_00722_act_003', 'trait_agreeableness_00722_act_004']","['Politely decline, explaining that you already have commitments to your personal health this weekend.', 'Offer to help Nazair for a few hours on one day of the weekend so you can also have time for your relaxation.', 'Suggest that Nazair asks other friends who might not already have plans, as your weekend is already booked for personal time.', ""Suggest that Nazair could hire professional movers and you'll provide support by organizing meals or refreshments for everyone on the moving day.""]","['low', 'high', 'low', 'high']","[-9.9140625, -13.2890625, -6.8046875, -5.3984375]","[-0.5831801470588235, -0.5315625, -0.2721875, -0.19994212962962962]","[0.20471754670143127, 0.21556204557418823, 0.2793942391872406, 0.3003261983394623]",0.5158882285389832,0.4841117714610168,-0.015888228538983196
trait_agreeableness_00723,agreeableness,low,elaborate_prompt,elaborate,trait_agreeableness_00723_act_002,low,"['trait_agreeableness_00723_act_001', 'trait_agreeableness_00723_act_002', 'trait_agreeableness_00723_act_003', 'trait_agreeableness_00723_act_004']","[""Maybe express to Tavleen how you're feeling and ask if she's open to the idea of ordering a ride for you, so she can continue enjoying the party."", 'Tell Tavleen directly that you need to leave for your own comfort, regardless of her having fun.', 'You could suggest a compromise to Tavleen; perhaps staying just a bit longer to meet her happiness, then leaving together.', 'Inform Tavleen that you are calling a taxi for yourself because you want to leave now.']","['high', 'low', 'high', 'low']","[-16.5, -0.0012378692626953125, -12.609375, -7.46875]","[-0.4852941176470588, -5.894615536644345e-05, -0.504375, -0.3930921052631579]","[0.2126644402742386, 0.34548550844192505, 0.20864509046077728, 0.2332049310207367]",0.4213095432910187,0.5786904567089812,0.07869045670898123
trait_agreeableness_00724,agreeableness,low,elaborate_prompt,elaborate,trait_agreeableness_00724_act_001,low,"['trait_agreeableness_00724_act_001', 'trait_agreeableness_00724_act_002', 'trait_agreeableness_00724_act_003', 'trait_agreeableness_00724_act_004']","['Suggest that Josalyn finds an alternative or waits for another time when you are less occupied.', 'Keep your business appointment as planned; it’s important to prioritize commitments that impact your professional goals.', 'Perhaps offer to help Josalyn after your business appointment, blending commitment with your supportive nature.', ""You might consider rescheduling the business appointment if Josalyn's request could foster a supportive relationship.""]","['low', 'low', 'high', 'high']","[-0.049072265625, -3.048828125, -8.09375, -11.25]","[-0.00245361328125, -0.16046463815789475, -0.42598684210526316, -0.5625]","[0.3247014284133911, 0.27724316716194153, 0.21259157359600067, 0.1854638159275055]",0.3980553954549938,0.6019446045450062,0.1019446045450062
trait_agreeableness_00725,agreeableness,low,elaborate_prompt,elaborate,trait_agreeableness_00725_act_002,high,"['trait_agreeableness_00725_act_001', 'trait_agreeableness_00725_act_002', 'trait_agreeableness_00725_act_003', 'trait_agreeableness_00725_act_004']","[""Apologize sincerely to Webber for the comment and ask them how they feel or if there's anything they'd like to talk about."", 'Express your regret over the upsetting comment, then gently shift the conversation towards a topic that Webber enjoys to lighten the mood.', 'Clarify your comment to Webber, explaining your point of view so they understand your perspective better.', 'Ask Webber to explain why your comment upset them, which can lead to a clearer understanding on both sides.']","['high', 'high', 'low', 'low']","[-3.900390625, -0.369140625, -1.4921875, -3.53515625]","[-0.13929966517857142, -0.014765625, -0.074609375, -0.16068892045454544]","[0.23933254182338715, 0.27107295393943787, 0.2553267776966095, 0.23426774144172668]",0.5104054881571906,0.48959451184280944,-0.010405488157190557
trait_agreeableness_00726,agreeableness,low,elaborate_prompt,elaborate,trait_agreeableness_00726_act_002,high,"['trait_agreeableness_00726_act_001', 'trait_agreeableness_00726_act_002', 'trait_agreeableness_00726_act_003', 'trait_agreeableness_00726_act_004']","['Suggest that Stevielynn should speak to a financial advisor to better manage her expenses and debt.', 'Offer to help Stevielynn by covering some of her medical expenses or by lending her money if that feels right to you.', 'Advise Stevielynn to negotiate the bills or seek cheaper medical alternatives for future treatments.', 'Consider providing support by helping Stevielynn find financial aid programs or charities that assist with medical bills.']","['low', 'high', 'low', 'high']","[-3.958984375, -0.021026611328125, -9.7890625, -7.64453125]","[-0.18852306547619047, -0.0008087158203125, -0.5152138157894737, -0.3640252976190476]","[0.2654751241207123, 0.32029277086257935, 0.19148901104927063, 0.22274306416511536]",0.5430358512114242,0.45696414878857583,-0.04303585121142417
trait_agreeableness_00727,agreeableness,low,elaborate_prompt,elaborate,trait_agreeableness_00727_act_002,low,"['trait_agreeableness_00727_act_001', 'trait_agreeableness_00727_act_002', 'trait_agreeableness_00727_act_003', 'trait_agreeableness_00727_act_004']","['Consider starting with the positive aspects of the policy, then transition into your concerns, ensuring you maintain a respectful tone throughout.', 'Directly challenge the policy by presenting strong, logical arguments against it and demand a review from management.', 'You could express your concerns by highlighting how the policy impacts team morale, and gently suggest possible alternatives that could benefit everyone.', ""Question the policy's fairness and effectiveness in the meeting, and push for an immediate reconsideration by presenting the overall dissatisfaction of your colleagues.""]","['high', 'low', 'high', 'low']","[-4.51171875, -0.02764892578125, -9.109375, -4.88671875]","[-0.18798828125, -0.0013824462890625, -0.3795572916666667, -0.18098958333333334]","[0.24765726923942566, 0.29846468567848206, 0.2044813483953476, 0.24939662218093872]",0.45213865132172787,0.5478613486782722,0.047861348678272186
trait_agreeableness_00728,agreeableness,low,elaborate_prompt,elaborate,trait_agreeableness_00728_act_001,low,"['trait_agreeableness_00728_act_001', 'trait_agreeableness_00728_act_002', 'trait_agreeableness_00728_act_003', 'trait_agreeableness_00728_act_004']","[""Propose a formal vote on the project during the next team meeting to decisively address and move beyond Kashtin's opposition."", ""Firmly defend your project's merits in the next meeting, showcasing robust evidence and data to counter his objections."", 'Consider inviting Kashtin to co-present the project, integrating his viewpoints to strengthen the proposal.', 'Schedule a one-on-one meeting with Kashtin to understand his concerns and discuss potential compromises.']","['low', 'low', 'high', 'high']","[-0.92431640625, -1.6796875, -4.37109375, -2.376953125]","[-0.035550631009615384, -0.07302989130434782, -0.23005756578947367, -0.12510279605263158]","[0.27021217346191406, 0.2602722644805908, 0.22244960069656372, 0.2470659464597702]",0.4695155541526609,0.5304844458473391,0.030484445847339114
trait_agreeableness_00729,agreeableness,low,elaborate_prompt,elaborate,trait_agreeableness_00729_act_004,low,"['trait_agreeableness_00729_act_001', 'trait_agreeableness_00729_act_002', 'trait_agreeableness_00729_act_003', 'trait_agreeableness_00729_act_004']","['Offer to spend time with Janely, perhaps going for a walk or watching a movie together to help her feel less alone.', 'Consider sending Janely a care package filled with her favorite treats and a heartfelt note to show your support and affection.', 'Encourage Janely to join a support group where she can connect with people who understand her grief and can offer perspective.', 'Suggest that Janely seeks professional counseling to address her feelings of hopelessness and to develop coping strategies.']","['high', 'high', 'low', 'low']","[-4.2109375, -2.103515625, -9.0078125, -0.634765625]","[-0.1684375, -0.09145720108695653, -0.3753255208333333, -0.030226934523809524]","[0.24744214117527008, 0.2672426402568817, 0.20119783282279968, 0.28411734104156494]",0.5146848044403555,0.48531519555964453,-0.01468480444035547
trait_agreeableness_00730,agreeableness,low,elaborate_prompt,elaborate,trait_agreeableness_00730_act_001,low,"['trait_agreeableness_00730_act_001', 'trait_agreeableness_00730_act_002', 'trait_agreeableness_00730_act_003', 'trait_agreeableness_00730_act_004']","['Withhold Meital’s paycheck as a firm action to underline the seriousness of the performance issues and motivate improvement.', 'Consider setting up a meeting with Meital to openly discuss performance issues and explore supportive measures to help improve their work.', 'Implement a direct policy that ties Meital’s pay to specific performance metrics, ensuring accountability and immediate consequences for underperformance.', 'You might want to create an improvement plan that outlines clear goals and timelines for Meital, providing regular feedback and encouragement.']","['low', 'high', 'low', 'high']","[-0.0014696121215820312, -19.140625, -17.15625, -24.109375]","[-6.680055098100142e-05, -0.8322010869565217, -0.71484375, -1.0045572916666667]","[0.43655693531036377, 0.1899544894695282, 0.21360784769058228, 0.15988077223300934]",0.3498352460636834,0.6501647539363167,0.15016475393631668
trait_agreeableness_00731,agreeableness,low,elaborate_prompt,elaborate,trait_agreeableness_00731_act_002,low,"['trait_agreeableness_00731_act_001', 'trait_agreeableness_00731_act_002', 'trait_agreeableness_00731_act_003', 'trait_agreeableness_00731_act_004']","['Perhaps you could delegate some of your responsibilities to other volunteers, which would allow you to continue supporting the charity while also managing your stress better.', ""It's practical to prioritize your own health and professional duties over volunteering; you can always return to it when you're in a better position."", 'You might consider reducing your hours slightly and finding a schedule that allows more time for rest, maintaining your commitment but taking care of your health too.', 'Consider taking a complete break from volunteering to focus entirely on your personal and professional life until you feel less overwhelmed.']","['high', 'low', 'high', 'low']","[-11.1875, -0.11614990234375, -8.0703125, -2.23828125]","[-0.39955357142857145, -0.004148210797991071, -0.2782866379310345, -0.10174005681818182]","[0.20157946646213531, 0.29934269189834595, 0.2275683432817459, 0.2715095281600952]",0.42914779695428024,0.5708522030457197,0.07085220304571971
trait_agreeableness_00732,agreeableness,low,elaborate_prompt,elaborate,trait_agreeableness_00732_act_001,low,"['trait_agreeableness_00732_act_001', 'trait_agreeableness_00732_act_002', 'trait_agreeableness_00732_act_003', 'trait_agreeableness_00732_act_004']","['Recommend that they check local moving services or rental trucks, as you need to prioritize your own commitments this weekend.', 'Politely explain that you have long-standing personal plans and suggest that they reschedule the move or ask another friend for help.', 'You could suggest hiring professional movers and then visiting your friend after your retreat to help them unpack and settle in.', 'Offer to help your friend with packing a day or two before your retreat, so you can still support them without cancelling your plans.']","['low', 'low', 'high', 'high']","[-0.0016374588012695312, -11.4375, -9.4765625, -9.2890625]","[-7.442994551225142e-05, -0.4575, -0.4307528409090909, -0.35727163461538464]","[0.33527642488479614, 0.2122001051902771, 0.2179524451494217, 0.2345709502696991]",0.4525234291347436,0.5474765708652565,0.04747657086525647
trait_agreeableness_00733,agreeableness,low,elaborate_prompt,elaborate,trait_agreeableness_00733_act_003,low,"['trait_agreeableness_00733_act_001', 'trait_agreeableness_00733_act_002', 'trait_agreeableness_00733_act_003', 'trait_agreeableness_00733_act_004']","['You could politely excuse yourself from your current commitment, explaining the importance of timely attendance at your work meeting.', 'Consider contacting a colleague who is also attending the meeting and kindly ask if they can cover the beginning part until you arrive.', ""Just focus on finishing your current commitment properly, even if it means being late; you can't always please everyone."", ""Send a quick message to inform them you'll be late, then proceed with your current engagement without cutting it short.""]","['high', 'high', 'low', 'low']","[-2.734375, -2.88671875, -0.282470703125, -3.373046875]","[-0.13020833333333334, -0.12027994791666667, -0.01228133491847826, -0.14665421195652173]","[0.24278748035430908, 0.2452099770307541, 0.2731752395629883, 0.23882727324962616]",0.48799747192852116,0.5120025280714788,0.012002528071478835
trait_agreeableness_00734,agreeableness,low,elaborate_prompt,elaborate,trait_agreeableness_00734_act_001,low,"['trait_agreeableness_00734_act_001', 'trait_agreeableness_00734_act_002', 'trait_agreeableness_00734_act_003', 'trait_agreeableness_00734_act_004']","['Directly ask both colleagues to clarify their points and explain the reasoning behind their disagreements in the meeting, fostering a clear and open dialogue.', 'You might consider suggesting a team-building activity that focuses on communication skills, which can improve overall team harmony without direct confrontation.', 'You could inform your manager about the disruptive behavior, letting them handle the situation and possibly mediate the conflict.', 'Perhaps you could recommend a feedback session where everyone gets the chance to express their thoughts in a structured manner, making the atmosphere more open and less tense.']","['low', 'high', 'low', 'high']","[-1.59765625, -3.033203125, -8.2734375, -3.45703125]","[-0.059172453703703706, -0.12638346354166666, -0.3760653409090909, -0.115234375]","[0.2770937383174896, 0.25908204913139343, 0.20183752477169037, 0.26198676228523254]",0.5210687725939771,0.4789312274060229,-0.021068772593977103
trait_agreeableness_00735,agreeableness,low,elaborate_prompt,elaborate,trait_agreeableness_00735_act_002,low,"['trait_agreeableness_00735_act_001', 'trait_agreeableness_00735_act_002', 'trait_agreeableness_00735_act_003', 'trait_agreeableness_00735_act_004']","['Maybe you can ask your friend how they feel about their project first to understand their perspective before sharing your thoughts.', 'Just be straightforward and tell your friend what you really think about the art project; they asked for honesty, after all.', 'You could mention specific aspects you like while gently suggesting improvements in areas you think could be better.', 'Recommend your friend to seek feedback from professional artists as well, which can provide them with a more objective critique.']","['high', 'low', 'high', 'low']","[-8.25, -0.0004878044128417969, -18.3125, -20.015625]","[-0.375, -2.0325183868408203e-05, -0.9638157894736842, -0.9098011363636364]","[0.27810752391815186, 0.40463581681251526, 0.15434524416923523, 0.16291143000125885]",0.4324527616433388,0.5675472383566612,0.06754723835666121
trait_agreeableness_00736,agreeableness,low,elaborate_prompt,elaborate,trait_agreeableness_00736_act_002,low,"['trait_agreeableness_00736_act_001', 'trait_agreeableness_00736_act_002', 'trait_agreeableness_00736_act_003', 'trait_agreeableness_00736_act_004']","['Suggest a compromise where Jahnia could redistribute some of the tasks among other team members to lessen your burden.', 'Decline the proposal, citing your current responsibilities and the importance of maintaining your personal life balance.', 'Perhaps you could agree to the new plan, but clarify your availability and limits to ensure your personal time is respected.', 'You might consider agreeing to the plan but also ask for help or support to manage the increased workload effectively.']","['low', 'low', 'high', 'high']","[-11.109375, -0.03802490234375, -14.453125, -14.28125]","[-0.5049715909090909, -0.0020013106496710527, -0.6283967391304348, -0.6800595238095238]","[0.22847236692905426, 0.37780776619911194, 0.20194393396377563, 0.1917758584022522]",0.39371982170044045,0.6062801782995595,0.10628017829955949
trait_agreeableness_00737,agreeableness,low,elaborate_prompt,elaborate,trait_agreeableness_00737_act_004,low,"['trait_agreeableness_00737_act_001', 'trait_agreeableness_00737_act_002', 'trait_agreeableness_00737_act_003', 'trait_agreeableness_00737_act_004']","['You could gently remind your colleagues about the value of discussing concerns directly with PersonZ to promote a more understanding and supportive work environment.', 'Consider sharing positive experiences or achievements of PersonZ to subtly shift the tone of the conversation to something more constructive and appreciative.', ""You might propose focusing the discussion on tasks and projects instead, pointing out that speculative talk is not productive or beneficial for the team's goals."", 'Suggest setting up a meeting where concerns can be addressed openly with PersonZ present, ensuring a fair dialogue and cutting out behind-the-back criticisms.']","['high', 'high', 'low', 'low']","[-4.1796875, -3.625, -1.078125, -0.84228515625]","[-0.16075721153846154, -0.145, -0.03850446428571429, -0.029044315732758622]","[0.23327955603599548, 0.2369844913482666, 0.26361513137817383, 0.2661208212375641]",0.4702640473842621,0.5297359526157379,0.029735952615737915
trait_agreeableness_00738,agreeableness,low,elaborate_prompt,elaborate,trait_agreeableness_00738_act_001,low,"['trait_agreeableness_00738_act_001', 'trait_agreeableness_00738_act_002', 'trait_agreeableness_00738_act_003', 'trait_agreeableness_00738_act_004']","['Recommend they look into local community services like food banks and job training workshops to become more self-sufficient.', 'Offer to babysit the children a couple of times a week to give the parents time to job search or handle other responsibilities.', 'Suggest setting up a schedule where they can gradually take over the childcare and household chores as they stabilize financially.', 'Prepare some extra meals that can easily be reheated, to relieve them from cooking duties for a few days.']","['low', 'high', 'low', 'high']","[-0.80517578125, -4.25390625, -7.74609375, -1.068359375]","[-0.038341703869047616, -0.17015625, -0.35209517045454547, -0.04856178977272727]","[0.27800679206848145, 0.24367393553256989, 0.20313933491706848, 0.27518001198768616]",0.5188539088626274,0.4811460911373726,-0.01885390886262739
trait_agreeableness_00739,agreeableness,low,elaborate_prompt,elaborate,trait_agreeableness_00739_act_001,high,"['trait_agreeableness_00739_act_001', 'trait_agreeableness_00739_act_002', 'trait_agreeableness_00739_act_003', 'trait_agreeableness_00739_act_004']","['Consider encouraging Destinnie to seek advice from an independent financial advisor to ensure she makes a well-informed decision.', 'Go ahead and emphasize the potential high returns of the deal to persuade Destinnie, focusing on how such investments can significantly pay off.', 'You could prioritize transparency and discuss both the potential benefits and risks openly with Destinnie, emphasizing that the final decision is hers to make.', ""You should highlight the unique chance this deal represents and pitch it as a strategically aggressive investment that shouldn't be missed.""]","['high', 'low', 'high', 'low']","[-0.1995849609375, -1.83984375, -7.53125, -5.2578125]","[-0.009072043678977272, -0.07076322115384616, -0.2789351851851852, -0.22860054347826086]","[0.2851802408695221, 0.26811882853507996, 0.2177305519580841, 0.22897043824195862]",0.5029107628517888,0.4970892371482112,-0.0029107628517888173
trait_agreeableness_00740,agreeableness,low,elaborate_prompt,elaborate,trait_agreeableness_00740_act_001,low,"['trait_agreeableness_00740_act_001', 'trait_agreeableness_00740_act_002', 'trait_agreeableness_00740_act_003', 'trait_agreeableness_00740_act_004']","[""Confront Hikari then and there by firmly stating the discomfort they're causing, to immediately address the issue."", ""Directly tell Hikari that their behavior is inappropriate and advise them to stop immediately if you feel it's disruptive enough."", 'Maybe suggest a quick, quiet walk with Hikari outside the venue to discuss the issue discreetly and help them regain composure.', 'Consider pulling Hikari aside gently to express your concerns in private, aiming to avoid public embarrassment.']","['low', 'low', 'high', 'high']","[-0.0926513671875, -3.17578125, -4.63671875, -6.34375]","[-0.0040283203125, -0.12703125, -0.17173032407407407, -0.3171875]","[0.28893378376960754, 0.2554928958415985, 0.24432408809661865, 0.21124917268753052]",0.45557328793843316,0.5444267120615669,0.0444267120615669
trait_agreeableness_00741,agreeableness,low,elaborate_prompt,elaborate,trait_agreeableness_00741_act_003,low,"['trait_agreeableness_00741_act_001', 'trait_agreeableness_00741_act_002', 'trait_agreeableness_00741_act_003', 'trait_agreeableness_00741_act_004']","['You might consider arranging a private, friendly chat with Janya to understand any challenges she’s facing and discuss how you can help her meet her deadlines.', 'Perhaps you could offer to help Janya organize her tasks or suggest setting up a team meeting to realign everyone’s responsibilities and deadlines.', ""Directly inform Janya that her missed deadlines are impacting the team's performance and she needs to adhere to the project timeline more strictly."", 'Send an email to Janya outlining the deadlines and mentioning that further delays could lead to discussions with higher management.']","['high', 'high', 'low', 'low']","[-15.4765625, -9.375, -0.00537872314453125, -8.7890625]","[-0.5158854166666667, -0.3472222222222222, -0.00019921196831597222, -0.3995028409090909]","[0.200725257396698, 0.23760278522968292, 0.3361721336841583, 0.22549988329410553]",0.4383280164999952,0.5616719835000048,0.0616719835000048
trait_agreeableness_00742,agreeableness,low,elaborate_prompt,elaborate,trait_agreeableness_00742_act_001,low,"['trait_agreeableness_00742_act_001', 'trait_agreeableness_00742_act_002', 'trait_agreeableness_00742_act_003', 'trait_agreeableness_00742_act_004']","['Directly point out the flaw during the meeting and suggest an alternative strategy that mitigates these risks.', 'Consider suggesting a follow-up meeting where you can review the strategy more thoroughly together, to align on the best approach.', 'Challenge the strategy openly in the meeting to ensure everyone is aware of the potential losses, emphasizing the need for a robust discussion.', 'You could express your concerns by privately messaging your colleague, framing it as seeking to understand their perspective better.']","['low', 'high', 'low', 'high']","[-0.135009765625, -11.8671875, -2.181640625, -10.7890625]","[-0.00675048828125, -0.5159646739130435, -0.087265625, -0.5137648809523809]","[0.31990787386894226, 0.19225427508354187, 0.29516008496284485, 0.19267766177654266]",0.3849319770116186,0.6150680229883814,0.11506802298838137
trait_agreeableness_00743,agreeableness,low,elaborate_prompt,elaborate,trait_agreeableness_00743_act_002,low,"['trait_agreeableness_00743_act_001', 'trait_agreeableness_00743_act_002', 'trait_agreeableness_00743_act_003', 'trait_agreeableness_00743_act_004']","['Maybe you could offer to help train someone else to share the workload, easing the burden on you.', 'Just say no to additional shifts and prioritize your health over voluntary extras.', 'You might consider gently explaining to your supervisor your health concerns and see if you can reduce the extra shifts.', ""Take a step back and let others step up; you're not the only one who can volunteer for extra work.""]","['high', 'low', 'high', 'low']","[-6.98046875, -0.02191162109375, -4.87109375, -5.96484375]","[-0.3490234375, -0.0015651157924107143, -0.23195684523809523, -0.2593410326086957]","[0.21582020819187164, 0.3054860234260559, 0.24262385070323944, 0.2360699325799942]",0.4584440520637624,0.5415559479362376,0.041555947936237625
trait_agreeableness_00744,agreeableness,low,elaborate_prompt,elaborate,trait_agreeableness_00744_act_001,low,"['trait_agreeableness_00744_act_001', 'trait_agreeableness_00744_act_002', 'trait_agreeableness_00744_act_003', 'trait_agreeableness_00744_act_004']","['Escalate the issue to your manager or HR department to formally address the rumors and protect your professional reputation.', 'Address the situation directly by confronting your colleague and demand they stop spreading unfounded rumors immediately.', 'Offer to collaborate on a project together which could help improve your relationship and show your genuine intentions.', 'Invite your colleague for a coffee and gently discuss the impact their behavior is having on you, aiming to clear up any misunderstandings.']","['low', 'low', 'high', 'high']","[-0.751953125, -4.7578125, -14.953125, -14.6953125]","[-0.0341796875, -0.2643229166666667, -0.7870065789473685, -0.5652043269230769]","[0.35045233368873596, 0.2784062922000885, 0.1650746613740921, 0.20606674253940582]",0.3711413928526225,0.6288586071473775,0.1288586071473775
trait_agreeableness_00745,agreeableness,low,elaborate_prompt,elaborate,trait_agreeableness_00745_act_003,low,"['trait_agreeableness_00745_act_001', 'trait_agreeableness_00745_act_002', 'trait_agreeableness_00745_act_003', 'trait_agreeableness_00745_act_004']","['You could give your friend the guitar as a gift to help ease their financial burden and share the joy of music.', 'Consider lending the guitar to your friend until they can afford one, creating a win-win situation where you keep ownership and they get to play.', 'Keep the guitar since giving it away could set a precedent for similar expectations in the future.', 'Suggest that your friend looks for affordable second-hand options online, emphasizing the importance of financial responsibility.']","['high', 'high', 'low', 'low']","[-17.0625, -7.03515625, -0.01381683349609375, -12.515625]","[-0.7418478260869565, -0.25125558035714285, -0.0007676018608940972, -0.62578125]","[0.17080719769001007, 0.27897652983665466, 0.3583877980709076, 0.19182854890823364]",0.4497836940151681,0.550216305984832,0.050216305984831955
trait_agreeableness_00746,agreeableness,low,elaborate_prompt,elaborate,trait_agreeableness_00746_act_001,low,"['trait_agreeableness_00746_act_001', 'trait_agreeableness_00746_act_002', 'trait_agreeableness_00746_act_003', 'trait_agreeableness_00746_act_004']","['Consider suggesting that Aythana delegate specific tasks to other team members or ask for an extension from the project lead.', ""Absolutely, offering your assistance could greatly alleviate Aythana's stress and help distribute the project tasks more manageably."", 'Recommend to Aythana to reevaluate her project plan and identify priorities; she might need to focus on key areas and drop less critical tasks.', 'Yes, stepping in to help Aythana not only supports her but also strengthens the teamwork within the project.']","['low', 'high', 'low', 'high']","[-0.51171875, -0.94921875, -4.77734375, -6.32421875]","[-0.022248641304347828, -0.04127038043478261, -0.16473599137931033, -0.28746448863636365]","[0.27659478783607483, 0.2713831961154938, 0.2398625910282135, 0.21215936541557312]",0.48354259035245123,0.5164574096475487,0.016457409647548715
trait_agreeableness_00747,agreeableness,low,elaborate_prompt,elaborate,trait_agreeableness_00747_act_002,low,"['trait_agreeableness_00747_act_001', 'trait_agreeableness_00747_act_002', 'trait_agreeableness_00747_act_003', 'trait_agreeableness_00747_act_004']","['Consider suggesting a brief team check-in where everyone updates the group on their progress, allowing Carielle to share in a non-confrontational setting.', ""Point out directly to Carielle during the meeting that you've noticed discrepancies in their work, asking for an immediate clarification."", 'Perhaps you could invite Carielle for a private chat to gently inquire about their progress and any challenges they might be facing.', ""Challenge Carielle in the meeting to present detailed evidence of their progress to ensure they're held accountable in front of the team.""]","['high', 'low', 'high', 'low']","[-5.9921875, -0.286376953125, -11.265625, -1.6298828125]","[-0.19973958333333333, -0.011455078125, -0.450625, -0.06268780048076923]","[0.24200323224067688, 0.2921407222747803, 0.18830551207065582, 0.27755048871040344]",0.4303087635476334,0.5696912364523665,0.06969123645236652
trait_agreeableness_00748,agreeableness,low,elaborate_prompt,elaborate,trait_agreeableness_00748_act_002,low,"['trait_agreeableness_00748_act_001', 'trait_agreeableness_00748_act_002', 'trait_agreeableness_00748_act_003', 'trait_agreeableness_00748_act_004']","['Document specific instances where Melicia took undue credit and present these to your supervisor as evidence.', ""Report the behavior to your supervisor immediately to prevent further damage to the team's morale."", 'Consider organizing a team intervention where everyone can openly discuss their feelings about fairness and recognition.', 'You could speak with Melicia first to express your concerns and give them a chance to rectify the situation themselves.']","['low', 'low', 'high', 'high']","[-1.0849609375, -0.4130859375, -9.2265625, -16.734375]","[-0.06027560763888889, -0.024299172794117647, -0.5427389705882353, -0.7275815217391305]","[0.31575807929039, 0.3273247480392456, 0.1949051469564438, 0.1620120108127594]",0.35691716308768334,0.6430828369123167,0.1430828369123167
trait_agreeableness_00749,agreeableness,low,elaborate_prompt,elaborate,trait_agreeableness_00749_act_003,low,"['trait_agreeableness_00749_act_001', 'trait_agreeableness_00749_act_002', 'trait_agreeableness_00749_act_003', 'trait_agreeableness_00749_act_004']","['You might consider addressing the discomfort with Tagert directly by kindly expressing how their behavior makes you feel and seeking a mutual understanding.', 'Perhaps you could involve a mediator from HR to help facilitate a constructive conversation with Tagert, which might improve your work environment.', 'Stand your ground and confront Tagert directly about their aggressive behavior without sugarcoating your concerns.', 'Keep avoiding Tagert if interacting with them disrupts your productivity and peace of mind, focusing instead on your own work responsibilities.']","['high', 'high', 'low', 'low']","[-12.265625, -10.375, -0.393310546875, -1.3046875]","[-0.490625, -0.415, -0.02070055509868421, -0.0521875]","[0.19125159084796906, 0.20627593994140625, 0.30597832798957825, 0.29649409651756287]",0.39752754856024153,0.6024724514397585,0.10247245143975847
trait_agreeableness_00750,agreeableness,low,elaborate_prompt,elaborate,trait_agreeableness_00750_act_001,low,"['trait_agreeableness_00750_act_001', 'trait_agreeableness_00750_act_002', 'trait_agreeableness_00750_act_003', 'trait_agreeableness_00750_act_004']","['Directly challenge the strategy in a team meeting by clearly outlining the potential pitfalls and presenting your alternative solutions.', 'You might consider gently suggesting a team meeting to review the project strategy and express your concerns in a supportive manner.', 'Write a concise, fact-based email to your project leader detailing why the current strategy might fail and suggest a meeting to discuss viable alternatives.', 'Perhaps you could offer to help research or present alternative strategies that could complement the current plan without dismissing it entirely.']","['low', 'high', 'low', 'high']","[-0.458251953125, -14.640625, -4.93359375, -15.1171875]","[-0.021821521577380952, -0.6654829545454546, -0.18272569444444445, -0.6871448863636364]","[0.3459194600582123, 0.1817340850830078, 0.2945067286491394, 0.17783969640731812]",0.35957379220646,0.64042620779354,0.14042620779353998
trait_agreeableness_00701,agreeableness,high,as_pas_only,none,trait_agreeableness_00701_act_002,high,"['trait_agreeableness_00701_act_001', 'trait_agreeableness_00701_act_002', 'trait_agreeableness_00701_act_003', 'trait_agreeableness_00701_act_004']","['You could propose a meeting to discuss the strengths of each theme and consider blending elements of both to please a wider audience.', 'Maybe consult with other team members for their opinions to see if a consensus can be achieved that respects both perspectives.', 'Stick to presenting clear, data-backed arguments on why a cultural heritage theme could draw more interest and community engagement.', 'Insist on setting clear objectives for the event and demonstrate how your theme aligns better with those goals compared to a modern tech theme.']","['high', 'high', 'low', 'low']","[-4.9921875, -1.0048828125, -3.927734375, -8.6328125]","[-0.2080078125, -0.04567649147727273, -0.17853338068181818, -0.3197337962962963]","[0.24387553334236145, 0.28685855865478516, 0.2511706054210663, 0.21809525787830353]",0.5307341157228105,0.5307341157228105,0.030734115722810484
trait_agreeableness_00702,agreeableness,high,as_pas_only,none,trait_agreeableness_00702_act_002,high,"['trait_agreeableness_00702_act_001', 'trait_agreeableness_00702_act_002', 'trait_agreeableness_00702_act_003', 'trait_agreeableness_00702_act_004']","['Clearly communicate to your supervisor the unrealistic nature of the additional workload and negotiate down the responsibilities.', 'Consider discussing a phased approach with your boss to gradually integrate the new project while maintaining balance with your current tasks.', 'Prioritize your tasks and cut down on the least essential ones; put focus only on what genuinely requires your expertise.', 'You could ask for support from your team or colleagues to help manage the workload more efficiently.']","['low', 'high', 'low', 'high']","[-0.859375, -0.64697265625, -3.81640625, -9.2109375]","[-0.04774305555555555, -0.029407848011363636, -0.16593070652173914, -0.51171875]","[0.2828204333782196, 0.28805384039878845, 0.25129425525665283, 0.1778315156698227]",0.4658853352419137,0.4658853352419137,-0.03411466475808628
trait_agreeableness_00703,agreeableness,high,as_pas_only,none,trait_agreeableness_00703_act_004,low,"['trait_agreeableness_00703_act_001', 'trait_agreeableness_00703_act_002', 'trait_agreeableness_00703_act_003', 'trait_agreeableness_00703_act_004']","['Consider setting aside a portion of your bonus for your vacation and donate a portion to your friend to ease their burden.', 'Invest the bonus in a personal savings or retirement fund to ensure your future financial stability.', 'You could offer to help your friend cover some of their medical expenses with part of your bonus.', 'Use the bonus for the vacation you’ve been planning, as personal relaxation and fulfillment are important.']","['high', 'low', 'high', 'low']","[-3.44140625, -2.779296875, -3.98828125, -0.310302734375]","[-0.14962635869565216, -0.16348805147058823, -0.2099095394736842, -0.016331722861842105]","[0.2456810176372528, 0.24229896068572998, 0.23130814731121063, 0.280711829662323]",0.4769891862715417,0.4769891862715417,-0.023010813728458313
trait_agreeableness_00704,agreeableness,high,as_pas_only,none,trait_agreeableness_00704_act_002,low,"['trait_agreeableness_00704_act_001', 'trait_agreeableness_00704_act_002', 'trait_agreeableness_00704_act_003', 'trait_agreeableness_00704_act_004']","['Challenge the team to justify the strategy with data or precedents, given its similarity to past unsuccessful attempts.', 'Directly state the issues and shortcomings you foresee with the agreed strategy to ensure they are aware of the potential risks.', 'Maybe suggest setting up a small trial run of the strategy first, to demonstrate the outcomes before fully committing.', 'You could gently express your concerns and propose discussing alternative strategies that could prevent potential issues.']","['low', 'low', 'high', 'high']","[-1.6064453125, -1.6376953125, -1.9501953125, -2.388671875]","[-0.07649739583333333, -0.07120414402173914, -0.09286644345238096, -0.14051011029411764]","[0.25464311242103577, 0.255994588136673, 0.25050878524780273, 0.23885348439216614]",0.48936228422410144,0.48936228422410144,-0.01063771577589856
trait_agreeableness_00705,agreeableness,high,as_pas_only,none,trait_agreeableness_00705_act_001,high,"['trait_agreeableness_00705_act_001', 'trait_agreeableness_00705_act_002', 'trait_agreeableness_00705_act_003', 'trait_agreeableness_00705_act_004']","['You could consider politely reaching out to the rental agency to express your concerns and ask for possible solutions or compensation.', 'Maybe try to calmly discuss the discrepancies with the agency, highlighting the missing amenities and differences in the property, and request an amicable resolution.', 'Demand an immediate response from the rental agency and insist on a partial refund or relocation to a property that matches the initial description.', 'Send a firm email to the agency detailing every issue, and make it clear you expect swift action or you will consider legal advice.']","['high', 'high', 'low', 'low']","[-0.153564453125, -1.9931640625, -23.984375, -15.09375]","[-0.006980202414772727, -0.07118443080357142, -0.959375, -0.5805288461538461]","[0.3463621437549591, 0.3248230814933777, 0.13363203406333923, 0.19518272578716278]",0.6711852352497761,0.6711852352497761,0.17118523524977614
trait_agreeableness_00706,agreeableness,high,as_pas_only,none,trait_agreeableness_00706_act_002,high,"['trait_agreeableness_00706_act_001', 'trait_agreeableness_00706_act_002', 'trait_agreeableness_00706_act_003', 'trait_agreeableness_00706_act_004']","['Directly confront Marybella in your next team meeting by highlighting specific instances where your ideas were dismissed and demand a justification.', 'Consider asking Marybella for a private meeting to express how valuable you feel contributions from all team members are, including yours.', 'Email the whole team including your manager outlining how the dismissal of ideas by any team member, including Marybella, negatively impacts project creativity and ask for more structured discussion protocols.', 'Maybe propose a team brainstorming session where everyone submits one idea anonymously to ensure each thought is considered without bias.']","['low', 'high', 'low', 'high']","[-5.0078125, -0.053619384765625, -4.9921875, -6.9140625]","[-0.2003125, -0.002144775390625, -0.14263392857142856, -0.3142755681818182]","[0.23976030945777893, 0.2923078238964081, 0.2539959251880646, 0.2139359414577484]",0.5062437653541565,0.5062437653541565,0.006243765354156494
trait_agreeableness_00707,agreeableness,high,as_pas_only,none,trait_agreeableness_00707_act_002,low,"['trait_agreeableness_00707_act_001', 'trait_agreeableness_00707_act_002', 'trait_agreeableness_00707_act_003', 'trait_agreeableness_00707_act_004']","['Perhaps eat a healthy meal before the party to lessen your cravings and politely sample very small amounts of your favorite foods.', 'Just say no to the unhealthy options and stick firmly to your diet plan; it’s about your health after all.', 'You could bring a dish to share that fits your diet so you have a healthy option available and still enjoy the party.', 'Ignore the offerings and focus on socializing, not eating; you’re there for your friend, not the food.']","['high', 'low', 'high', 'low']","[-3.271484375, -0.492431640625, -1.5078125, -14.4921875]","[-0.1422384510869565, -0.02141007133152174, -0.06282552083333333, -0.6300951086956522]","[0.2614362835884094, 0.295012891292572, 0.28304433822631836, 0.16050642728805542]",0.5444806542683037,0.5444806542683037,0.04448065426830372
trait_agreeableness_00708,agreeableness,high,as_pas_only,none,trait_agreeableness_00708_act_001,low,"['trait_agreeableness_00708_act_001', 'trait_agreeableness_00708_act_002', 'trait_agreeableness_00708_act_003', 'trait_agreeableness_00708_act_004']","['Simply note the achievement directly to Nazareth and mention that you noticed the milestone, encouraging them to own their success publicly.', ""Challenge Nazareth in a light-hearted manner about why they haven't boasted about their success yet, to push them out of their comfort zone."", 'Encourage mutual friends or coworkers to subtly acknowledge the achievement, fostering a supportive environment without overwhelming Nazareth.', 'Quietly congratulate Nazareth in a personal message to show your support and respect for their privacy.']","['low', 'low', 'high', 'high']","[-0.051483154296875, -11.875, -3.1484375, -5.48828125]","[-0.0021451314290364585, -0.42410714285714285, -0.14992559523809523, -0.28885690789473684]","[0.3058938682079315, 0.20059265196323395, 0.2638702988624573, 0.2296431064605713]",0.4935134420926453,0.4935134420926453,-0.006486557907354695
trait_agreeableness_00709,agreeableness,high,as_pas_only,none,trait_agreeableness_00709_act_001,high,"['trait_agreeableness_00709_act_001', 'trait_agreeableness_00709_act_002', 'trait_agreeableness_00709_act_003', 'trait_agreeableness_00709_act_004']","['Consider politely telling Zacharyah that his advances are making you uncomfortable and you would like to keep your relationship professional.', 'Maybe talk to a trusted colleague or a supervisor for advice on how to approach Zacharyah about this sensitive issue.', 'Directly tell Zacharyah to stop the advances, asserting that they are inappropriate and unwelcome at the workplace.', 'If speaking to him directly doesn’t work, report the behavior to your HR department to handle it formally.']","['high', 'high', 'low', 'low']","[-0.0010709762573242188, -7.296875, -9.40625, -13.7265625]","[-4.656418510105299e-05, -0.3172554347826087, -0.40896739130434784, -0.6536458333333334]","[0.343322217464447, 0.24999989569187164, 0.22809189558029175, 0.1785859763622284]",0.5933221219975072,0.5933221219975072,0.09332212199750722
trait_agreeableness_00710,agreeableness,high,as_pas_only,none,trait_agreeableness_00710_act_002,high,"['trait_agreeableness_00710_act_001', 'trait_agreeableness_00710_act_002', 'trait_agreeableness_00710_act_003', 'trait_agreeableness_00710_act_004']","['Demand an explanation as to why you were excluded from the discussion, asserting your right to know what concerns your family.', 'Approach a family member gently and express that you would appreciate being included in the conversation as it would help you cope better with the group.', 'Confront the family decisively about the secrecy, making it clear that you expect transparency in future matters.', 'Politely express to your family that you feel left out and assure them that you are capable of handling the situation more calmly with their support.']","['low', 'high', 'low', 'high']","[-15.6015625, -0.004730224609375, -12.1328125, -5.56640625]","[-0.678328804347826, -0.00016893659319196428, -0.5777529761904762, -0.19880022321428573]","[0.17570462822914124, 0.34618186950683594, 0.1942955106496811, 0.28381794691085815]",0.6299998445808818,0.6299998445808818,0.12999984458088176
trait_agreeableness_00711,agreeableness,high,as_pas_only,none,trait_agreeableness_00711_act_002,low,"['trait_agreeableness_00711_act_001', 'trait_agreeableness_00711_act_002', 'trait_agreeableness_00711_act_003', 'trait_agreeableness_00711_act_004']","['Perhaps you might weigh the emotional costs against the professional gains and decide if the move aligns with your long-term personal happiness and career goals.', 'Take the job; advancing in your career is a priority, and the significant pay increase justifies the move.', 'You could consider accepting the job and finding ways to maintain strong relationships with your family and friends through regular visits and digital communication.', 'Move to the new city; it’s a valuable opportunity for professional growth, and personal relationships can adapt if they’re truly important.']","['high', 'low', 'high', 'low']","[-8.390625, -0.023590087890625, -5.09375, -6.03125]","[-0.29966517857142855, -0.0010722767223011363, -0.20375, -0.23197115384615385]","[0.22130435705184937, 0.2983095943927765, 0.2435821145772934, 0.2368040382862091]",0.46488642313771006,0.46488642313771006,-0.03511357686228994
trait_agreeableness_00712,agreeableness,high,as_pas_only,none,trait_agreeableness_00712_act_003,high,"['trait_agreeableness_00712_act_001', 'trait_agreeableness_00712_act_002', 'trait_agreeableness_00712_act_003', 'trait_agreeableness_00712_act_004']","['Consider leveraging your time on more personal meetings where you can have genuine interactions, rather than a large industry event.', 'Skip the dinner if it really goes against your preferences and focus on networking in ways that make you feel comfortable.', 'You might find it rewarding to go and connect with a few people, making the experience more manageable and meaningful for you.', 'Consider attending the dinner to nurture relationships that could be beneficial for future collaborations or opportunities.']","['low', 'low', 'high', 'high']","[-6.62890625, -6.234375, -0.49609375, -0.984375]","[-0.30131392045454547, -0.2833806818181818, -0.020670572916666668, -0.057904411764705885]","[0.21655955910682678, 0.22047820687294006, 0.28672081232070923, 0.27624139189720154]",0.5629622209954924,0.5629622209954924,0.06296222099549242
trait_agreeableness_00713,agreeableness,high,as_pas_only,none,trait_agreeableness_00713_act_002,high,"['trait_agreeableness_00713_act_001', 'trait_agreeableness_00713_act_002', 'trait_agreeableness_00713_act_003', 'trait_agreeableness_00713_act_004']","[""You could accept the nomination gracefully as it honors not just your work but also your team's effort."", 'Perhaps you might consider a compromise by accepting the nomination and requesting a more low-key acknowledgment at the ceremony.', 'Decline the nomination if it makes you uncomfortable; maintaining your personal comfort is more important than external recognition.', 'You might just let them know that while you appreciate the gesture, you prefer achievements to be celebrated internally rather than publicly.']","['high', 'high', 'low', 'low']","[-2.80859375, -0.505859375, -11.6015625, -1.4951171875]","[-0.1404296875, -0.024088541666666668, -0.5524553571428571, -0.062296549479166664]","[0.2586015462875366, 0.29050755500793457, 0.17127369344234467, 0.27961722016334534]",0.5491090931131081,0.5491090931131081,0.04910909311310807
trait_agreeableness_00714,agreeableness,high,as_pas_only,none,trait_agreeableness_00714_act_002,high,"['trait_agreeableness_00714_act_001', 'trait_agreeableness_00714_act_002', 'trait_agreeableness_00714_act_003', 'trait_agreeableness_00714_act_004']","['Just let them know that your current responsibilities cannot be set aside, and you must prioritize completing your pending work this weekend.', 'You might consider delegating some of your tasks or rescheduling commitments so you can join your friends and maintain those cherished relationships.', 'Suggest an alternate weekend for the getaway when you are less busy, demonstrating your interest while staying committed to your personal obligations.', 'Perhaps you could work a few extra hours before the weekend to clear up some urgent tasks, allowing you to enjoy the getaway without worries.']","['low', 'high', 'low', 'high']","[-14.828125, -0.1373291015625, -2.16796875, -4.48046875]","[-0.6178385416666666, -0.0054931640625, -0.08671875, -0.16594328703703703]","[0.16348214447498322, 0.3015841543674469, 0.278056263923645, 0.25687742233276367]",0.5584615850219367,0.5584615850219367,0.05846158502193666
trait_agreeableness_00715,agreeableness,high,as_pas_only,none,trait_agreeableness_00715_act_001,high,"['trait_agreeableness_00715_act_001', 'trait_agreeableness_00715_act_002', 'trait_agreeableness_00715_act_003', 'trait_agreeableness_00715_act_004']","['Suggest a team coffee break for everyone to refresh and help Ulisess feel less isolated in his stress.', 'Advise Ulisess to delegate some tasks to others to manage his workload better, which might alleviate his stress.', 'Offer to take a short walk with Ulisess during lunch, allowing for a change of scenery and a physical break from work.', 'Recommend that Ulisess reevaluate his project timeline and priorities, possibly pushing back less critical tasks.']","['high', 'low', 'high', 'low']","[-0.57568359375, -3.107421875, -0.95068359375, -5.40234375]","[-0.026167436079545456, -0.1351052989130435, -0.03656475360576923, -0.2701171875]","[0.2724818289279938, 0.24435792863368988, 0.26966342329978943, 0.2134968787431717]",0.5421452199134099,0.5421452199134099,0.042145219913409915
trait_agreeableness_00716,agreeableness,high,as_pas_only,none,trait_agreeableness_00716_act_003,high,"['trait_agreeableness_00716_act_001', 'trait_agreeableness_00716_act_002', 'trait_agreeableness_00716_act_003', 'trait_agreeableness_00716_act_004']","['Decline the invitation as your workload and commitments cannot be compromised for additional social events.', 'Skip the ball; prioritize completing your major project and maintaining your current commitments.', ""Maybe you could go to the ball with Ranvir but let him know in advance that you'll need to leave early to manage your other commitments."", 'Consider attending the charity ball for just a short time to show support before focusing back on your project.']","['low', 'low', 'high', 'high']","[-9.84375, -4.95703125, -0.044097900390625, -3.8125]","[-0.5790441176470589, -0.33046875, -0.001520617254849138, -0.190625]","[0.18055540323257446, 0.23150767385959625, 0.32168126106262207, 0.26625561714172363]",0.5879369044871735,0.5879369044871735,0.0879369044871735
trait_agreeableness_00717,agreeableness,high,as_pas_only,none,trait_agreeableness_00717_act_001,high,"['trait_agreeableness_00717_act_001', 'trait_agreeableness_00717_act_002', 'trait_agreeableness_00717_act_003', 'trait_agreeableness_00717_act_004']","['Consider crafting homemade gifts, which can be both meaningful and budget-friendly.', 'You might also think about baking treats to bring to the parties, as this is an affordable and heartfelt alternative to traditional gifts.', 'Just opt out of gift-giving and explain your financial situation honestly if anyone asks.', 'Alternatively, buy a single bulk gift item that you can split among the various parties to minimize costs.']","['high', 'high', 'low', 'low']","[-0.66552734375, -4.16015625, -0.88427734375, -8.2734375]","[-0.04753766741071429, -0.16640625, -0.052016314338235295, -0.413671875]","[0.2795743942260742, 0.24824094772338867, 0.27832508087158203, 0.19385960698127747]",0.5278153262193404,0.5278153262193404,0.027815326219340353
trait_agreeableness_00718,agreeableness,high,as_pas_only,none,trait_agreeableness_00718_act_001,low,"['trait_agreeableness_00718_act_001', 'trait_agreeableness_00718_act_002', 'trait_agreeableness_00718_act_003', 'trait_agreeableness_00718_act_004']","[""You should remain neutral, not laughing or reacting, to clearly indicate that such jokes aren't suitable for the workplace."", ""You might offer a light smile to acknowledge Geordie's attempt at humor without encouraging the nature of the joke."", 'Address Geordie later in private, suggesting that he consider the timing and content of his jokes more carefully in the future.', 'Perhaps gently change the subject to help move the conversation away from the joke and towards more appropriate meeting topics.']","['low', 'high', 'low', 'high']","[-0.141845703125, -2.048828125, -9.3125, -7.55078125]","[-0.006167204483695652, -0.08907948369565218, -0.3725, -0.3595610119047619]","[0.3015677332878113, 0.27757254242897034, 0.20906847715377808, 0.21179118752479553]",0.4893637591221189,0.4893637591221189,-0.01063624087788112
trait_agreeableness_00719,agreeableness,high,as_pas_only,none,trait_agreeableness_00719_act_003,high,"['trait_agreeableness_00719_act_001', 'trait_agreeableness_00719_act_002', 'trait_agreeableness_00719_act_003', 'trait_agreeableness_00719_act_004']","['You might consider asking her if there’s anything specific you can do to help, showing your support goes beyond just professional boundaries.', 'Evaluate if sending flowers could set a precedent you’re uncomfortable with; maintaining professional boundaries is crucial.', 'Sending a thoughtful card along with the flowers can express your support and empathy during her difficult times.', 'Consider simply acknowledging her situation verbally when appropriate, which keeps the support subtle and professional.']","['high', 'low', 'high', 'low']","[-8.921875, -2.56640625, -1.19921875, -2.00390625]","[-0.356875, -0.13507401315789475, -0.06311677631578948, -0.11787683823529412]","[0.2057715505361557, 0.2568693459033966, 0.2760342061519623, 0.2613249719142914]",0.4818057207907944,0.4818057207907944,-0.018194279209205577
trait_agreeableness_00720,agreeableness,high,as_pas_only,none,trait_agreeableness_00720_act_003,high,"['trait_agreeableness_00720_act_001', 'trait_agreeableness_00720_act_002', 'trait_agreeableness_00720_act_003', 'trait_agreeableness_00720_act_004']","['Suggest that Shandel looks into affordable financing or leasing options for a new laptop instead of giving yours away.', 'Keep the laptop for yourself since it could be useful for your future needs, and Shandel can explore other options to acquire one.', 'Consider surprising Shandel with the laptop, making it a heartfelt gesture to help them succeed in their projects.', 'You could gift the laptop to Shandel, as it would really boost their productivity and show how much you support their endeavors.']","['low', 'low', 'high', 'high']","[-4.35546875, -14.7890625, -0.1221923828125, -2.80859375]","[-0.19797585227272727, -0.5688100961538461, -0.005818684895833333, -0.11234375]","[0.25053709745407104, 0.17291027307510376, 0.30361613631248474, 0.27293649315834045]",0.5765526294708252,0.5765526294708252,0.0765526294708252
trait_agreeableness_00721,agreeableness,high,as_pas_only,none,trait_agreeableness_00721_act_001,high,"['trait_agreeableness_00721_act_001', 'trait_agreeableness_00721_act_002', 'trait_agreeableness_00721_act_003', 'trait_agreeableness_00721_act_004']","['You might consider gently expressing to Loujain how much effort and care you put into looking after their cat, which could naturally lead them to offer some form of gratitude.', 'Perhaps you could ask Loujain if they’d be willing to cover the costs you incurred while caring for their pet, as a kind gesture of appreciation.', 'Directly ask Loujain for a compensation for the expenses and time you invested in taking care of the cat, emphasizing that it is only fair.', 'Tell Loujain that taking care of their cat involved certain costs and effort on your part, and it would be reasonable to expect some form of compensation for your troubles.']","['high', 'high', 'low', 'low']","[-0.11724853515625, -4.2890625, -2.94140625, -3.58203125]","[-0.003448486328125, -0.1383568548387097, -0.098046875, -0.10535386029411764]","[0.27124902606010437, 0.23701630532741547, 0.2467656135559082, 0.24496906995773315]",0.5082653238137763,0.5082653238137763,0.008265323813776315
trait_agreeableness_00722,agreeableness,high,as_pas_only,none,trait_agreeableness_00722_act_002,high,"['trait_agreeableness_00722_act_001', 'trait_agreeableness_00722_act_002', 'trait_agreeableness_00722_act_003', 'trait_agreeableness_00722_act_004']","['Politely decline, explaining that you already have commitments to your personal health this weekend.', 'Offer to help Nazair for a few hours on one day of the weekend so you can also have time for your relaxation.', 'Suggest that Nazair asks other friends who might not already have plans, as your weekend is already booked for personal time.', ""Suggest that Nazair could hire professional movers and you'll provide support by organizing meals or refreshments for everyone on the moving day.""]","['low', 'high', 'low', 'high']","[-10.625, -0.000797271728515625, -9.4609375, -7.65234375]","[-0.625, -3.1890869140625e-05, -0.3784375, -0.2834201388888889]","[0.1800188422203064, 0.3363087475299835, 0.23035556077957153, 0.2533169388771057]",0.5896256336904495,0.5896256336904495,0.08962563369044951
trait_agreeableness_00723,agreeableness,high,as_pas_only,none,trait_agreeableness_00723_act_003,high,"['trait_agreeableness_00723_act_001', 'trait_agreeableness_00723_act_002', 'trait_agreeableness_00723_act_003', 'trait_agreeableness_00723_act_004']","[""Maybe express to Tavleen how you're feeling and ask if she's open to the idea of ordering a ride for you, so she can continue enjoying the party."", 'Tell Tavleen directly that you need to leave for your own comfort, regardless of her having fun.', 'You could suggest a compromise to Tavleen; perhaps staying just a bit longer to meet her happiness, then leaving together.', 'Inform Tavleen that you are calling a taxi for yourself because you want to leave now.']","['high', 'low', 'high', 'low']","[-1.85546875, -4.265625, -0.418212890625, -4.96484375]","[-0.05457261029411765, -0.203125, -0.016728515625, -0.2613075657894737]","[0.2692689299583435, 0.23209767043590546, 0.27965444326400757, 0.21897895634174347]",0.5489233732223511,0.5489233732223511,0.048923373222351074
trait_agreeableness_00724,agreeableness,high,as_pas_only,none,trait_agreeableness_00724_act_004,high,"['trait_agreeableness_00724_act_001', 'trait_agreeableness_00724_act_002', 'trait_agreeableness_00724_act_003', 'trait_agreeableness_00724_act_004']","['Suggest that Josalyn finds an alternative or waits for another time when you are less occupied.', 'Keep your business appointment as planned; it’s important to prioritize commitments that impact your professional goals.', 'Perhaps offer to help Josalyn after your business appointment, blending commitment with your supportive nature.', ""You might consider rescheduling the business appointment if Josalyn's request could foster a supportive relationship.""]","['low', 'low', 'high', 'high']","[-6.59375, -15.2734375, -0.7666015625, -0.7666015625]","[-0.3296875, -0.8038651315789473, -0.04034745065789474, -0.038330078125]","[0.23276463150978088, 0.14487193524837494, 0.3108678162097931, 0.3114956021308899]",0.6223634276146207,0.6223634276146207,0.12236342761462071
trait_agreeableness_00725,agreeableness,high,as_pas_only,none,trait_agreeableness_00725_act_001,high,"['trait_agreeableness_00725_act_001', 'trait_agreeableness_00725_act_002', 'trait_agreeableness_00725_act_003', 'trait_agreeableness_00725_act_004']","[""Apologize sincerely to Webber for the comment and ask them how they feel or if there's anything they'd like to talk about."", 'Express your regret over the upsetting comment, then gently shift the conversation towards a topic that Webber enjoys to lighten the mood.', 'Clarify your comment to Webber, explaining your point of view so they understand your perspective better.', 'Ask Webber to explain why your comment upset them, which can lead to a clearer understanding on both sides.']","['high', 'high', 'low', 'low']","[-0.5537109375, -0.865234375, -8.3359375, -6.62890625]","[-0.019775390625, -0.034609375, -0.416796875, -0.30131392045454547]","[0.29306459426879883, 0.2887493669986725, 0.19703306257724762, 0.22115294635295868]",0.5818139786068791,0.5818139786068791,0.08181397860687911
trait_agreeableness_00726,agreeableness,high,as_pas_only,none,trait_agreeableness_00726_act_002,high,"['trait_agreeableness_00726_act_001', 'trait_agreeableness_00726_act_002', 'trait_agreeableness_00726_act_003', 'trait_agreeableness_00726_act_004']","['Suggest that Stevielynn should speak to a financial advisor to better manage her expenses and debt.', 'Offer to help Stevielynn by covering some of her medical expenses or by lending her money if that feels right to you.', 'Advise Stevielynn to negotiate the bills or seek cheaper medical alternatives for future treatments.', 'Consider providing support by helping Stevielynn find financial aid programs or charities that assist with medical bills.']","['low', 'high', 'low', 'high']","[-8.609375, -0.00234222412109375, -6.6171875, -7.81640625]","[-0.4099702380952381, -9.008554311899039e-05, -0.3482730263157895, -0.37220982142857145]","[0.21697811782360077, 0.32690730690956116, 0.23078665137290955, 0.22532795369625092]",0.5522352441479192,0.5522352441479192,0.052235244147919246
trait_agreeableness_00727,agreeableness,high,as_pas_only,none,trait_agreeableness_00727_act_003,high,"['trait_agreeableness_00727_act_001', 'trait_agreeableness_00727_act_002', 'trait_agreeableness_00727_act_003', 'trait_agreeableness_00727_act_004']","['Consider starting with the positive aspects of the policy, then transition into your concerns, ensuring you maintain a respectful tone throughout.', 'Directly challenge the policy by presenting strong, logical arguments against it and demand a review from management.', 'You could express your concerns by highlighting how the policy impacts team morale, and gently suggest possible alternatives that could benefit everyone.', ""Question the policy's fairness and effectiveness in the meeting, and push for an immediate reconsideration by presenting the overall dissatisfaction of your colleagues.""]","['high', 'low', 'high', 'low']","[-2.0703125, -6.8671875, -0.6484375, -7.8828125]","[-0.08626302083333333, -0.343359375, -0.027018229166666668, -0.29195601851851855]","[0.274091899394989, 0.2119535356760025, 0.2908210754394531, 0.22313354909420013]",0.5649129411630069,0.5649129411630069,0.06491294116300694
trait_agreeableness_00728,agreeableness,high,as_pas_only,none,trait_agreeableness_00728_act_002,low,"['trait_agreeableness_00728_act_001', 'trait_agreeableness_00728_act_002', 'trait_agreeableness_00728_act_003', 'trait_agreeableness_00728_act_004']","[""Propose a formal vote on the project during the next team meeting to decisively address and move beyond Kashtin's opposition."", ""Firmly defend your project's merits in the next meeting, showcasing robust evidence and data to counter his objections."", 'Consider inviting Kashtin to co-present the project, integrating his viewpoints to strengthen the proposal.', 'Schedule a one-on-one meeting with Kashtin to understand his concerns and discuss potential compromises.']","['low', 'low', 'high', 'high']","[-4.65234375, -0.5244140625, -1.5947265625, -1.6875]","[-0.17893629807692307, -0.02280061141304348, -0.08393297697368421, -0.08881578947368421]","[0.2292025238275528, 0.26793426275253296, 0.2520454227924347, 0.2508177161216736]",0.5028631763803345,0.5028631763803345,0.002863176380334509
trait_agreeableness_00729,agreeableness,high,as_pas_only,none,trait_agreeableness_00729_act_003,low,"['trait_agreeableness_00729_act_001', 'trait_agreeableness_00729_act_002', 'trait_agreeableness_00729_act_003', 'trait_agreeableness_00729_act_004']","['Offer to spend time with Janely, perhaps going for a walk or watching a movie together to help her feel less alone.', 'Consider sending Janely a care package filled with her favorite treats and a heartfelt note to show your support and affection.', 'Encourage Janely to join a support group where she can connect with people who understand her grief and can offer perspective.', 'Suggest that Janely seeks professional counseling to address her feelings of hopelessness and to develop coping strategies.']","['high', 'high', 'low', 'low']","[-0.77099609375, -3.974609375, -0.7109375, -4.56640625]","[-0.03083984375, -0.17280910326086957, -0.029622395833333332, -0.21744791666666666]","[0.2703700065612793, 0.2345859855413437, 0.2706993818283081, 0.2243446409702301]",0.5049559845781925,0.5049559845781925,0.004955984578192463
trait_agreeableness_00730,agreeableness,high,as_pas_only,none,trait_agreeableness_00730_act_001,low,"['trait_agreeableness_00730_act_001', 'trait_agreeableness_00730_act_002', 'trait_agreeableness_00730_act_003', 'trait_agreeableness_00730_act_004']","['Withhold Meital’s paycheck as a firm action to underline the seriousness of the performance issues and motivate improvement.', 'Consider setting up a meeting with Meital to openly discuss performance issues and explore supportive measures to help improve their work.', 'Implement a direct policy that ties Meital’s pay to specific performance metrics, ensuring accountability and immediate consequences for underperformance.', 'You might want to create an improvement plan that outlines clear goals and timelines for Meital, providing regular feedback and encouragement.']","['low', 'high', 'low', 'high']","[-0.005458831787109375, -5.33203125, -8.5234375, -18.109375]","[-0.0002481287175958807, -0.23182744565217392, -0.3551432291666667, -0.7545572916666666]","[0.33728379011154175, 0.2675603926181793, 0.2365192323923111, 0.15863651037216187]",0.42619693474448733,0.42619693474448733,-0.07380306525551267
trait_agreeableness_00731,agreeableness,high,as_pas_only,none,trait_agreeableness_00731_act_003,high,"['trait_agreeableness_00731_act_001', 'trait_agreeableness_00731_act_002', 'trait_agreeableness_00731_act_003', 'trait_agreeableness_00731_act_004']","['Perhaps you could delegate some of your responsibilities to other volunteers, which would allow you to continue supporting the charity while also managing your stress better.', ""It's practical to prioritize your own health and professional duties over volunteering; you can always return to it when you're in a better position."", 'You might consider reducing your hours slightly and finding a schedule that allows more time for rest, maintaining your commitment but taking care of your health too.', 'Consider taking a complete break from volunteering to focus entirely on your personal and professional life until you feel less overwhelmed.']","['high', 'low', 'high', 'low']","[-2.94921875, -5.14453125, -0.1239013671875, -4.453125]","[-0.10532924107142858, -0.18373325892857142, -0.0042724609375, -0.20241477272727273]","[0.2539096474647522, 0.2347625195980072, 0.2809102535247803, 0.23041751980781555]",0.5348199328672846,0.5348199328672846,0.034819932867284575
trait_agreeableness_00732,agreeableness,high,as_pas_only,none,trait_agreeableness_00732_act_002,low,"['trait_agreeableness_00732_act_001', 'trait_agreeableness_00732_act_002', 'trait_agreeableness_00732_act_003', 'trait_agreeableness_00732_act_004']","['Recommend that they check local moving services or rental trucks, as you need to prioritize your own commitments this weekend.', 'Politely explain that you have long-standing personal plans and suggest that they reschedule the move or ask another friend for help.', 'You could suggest hiring professional movers and then visiting your friend after your retreat to help them unpack and settle in.', 'Offer to help your friend with packing a day or two before your retreat, so you can still support them without cancelling your plans.']","['low', 'low', 'high', 'high']","[-3.796875, -0.375732421875, -2.626953125, -1.9033203125]","[-0.17258522727272727, -0.015029296875, -0.11940696022727272, -0.07320462740384616]","[0.2309602051973343, 0.2703726887702942, 0.24357469379901886, 0.25509244203567505]",0.4986671209732556,0.4986671209732556,-0.0013328790267443935
trait_agreeableness_00733,agreeableness,high,as_pas_only,none,trait_agreeableness_00733_act_003,low,"['trait_agreeableness_00733_act_001', 'trait_agreeableness_00733_act_002', 'trait_agreeableness_00733_act_003', 'trait_agreeableness_00733_act_004']","['You could politely excuse yourself from your current commitment, explaining the importance of timely attendance at your work meeting.', 'Consider contacting a colleague who is also attending the meeting and kindly ask if they can cover the beginning part until you arrive.', ""Just focus on finishing your current commitment properly, even if it means being late; you can't always please everyone."", ""Send a quick message to inform them you'll be late, then proceed with your current engagement without cutting it short.""]","['high', 'high', 'low', 'low']","[-2.1796875, -1.6953125, -0.4296875, -3.087890625]","[-0.10379464285714286, -0.07063802083333333, -0.018682065217391304, -0.13425611413043478]","[0.24434643983840942, 0.25258395075798035, 0.26605409383773804, 0.2370155155658722]",0.49693039059638977,0.49693039059638977,-0.0030696094036102295
trait_agreeableness_00734,agreeableness,high,as_pas_only,none,trait_agreeableness_00734_act_001,low,"['trait_agreeableness_00734_act_001', 'trait_agreeableness_00734_act_002', 'trait_agreeableness_00734_act_003', 'trait_agreeableness_00734_act_004']","['Directly ask both colleagues to clarify their points and explain the reasoning behind their disagreements in the meeting, fostering a clear and open dialogue.', 'You might consider suggesting a team-building activity that focuses on communication skills, which can improve overall team harmony without direct confrontation.', 'You could inform your manager about the disruptive behavior, letting them handle the situation and possibly mediate the conflict.', 'Perhaps you could recommend a feedback session where everyone gets the chance to express their thoughts in a structured manner, making the atmosphere more open and less tense.']","['low', 'high', 'low', 'high']","[-0.273193359375, -1.615234375, -18.78125, -6.26953125]","[-0.010118272569444444, -0.06730143229166667, -0.8536931818181818, -0.208984375]","[0.31306248903274536, 0.2956628203392029, 0.13467007875442505, 0.25660470128059387]",0.552267472243237,0.552267472243237,0.05226747224323702
trait_agreeableness_00735,agreeableness,high,as_pas_only,none,trait_agreeableness_00735_act_002,low,"['trait_agreeableness_00735_act_001', 'trait_agreeableness_00735_act_002', 'trait_agreeableness_00735_act_003', 'trait_agreeableness_00735_act_004']","['Maybe you can ask your friend how they feel about their project first to understand their perspective before sharing your thoughts.', 'Just be straightforward and tell your friend what you really think about the art project; they asked for honesty, after all.', 'You could mention specific aspects you like while gently suggesting improvements in areas you think could be better.', 'Recommend your friend to seek feedback from professional artists as well, which can provide them with a more objective critique.']","['high', 'low', 'high', 'low']","[-5.86328125, -0.003528594970703125, -9.390625, -13.328125]","[-0.2665127840909091, -0.00014702479044596353, -0.4942434210526316, -0.6058238636363636]","[0.2622048556804657, 0.3422330319881439, 0.20880389213562012, 0.18675826489925385]",0.47100872676035493,0.47100872676035493,-0.028991273239645066
trait_agreeableness_00736,agreeableness,high,as_pas_only,none,trait_agreeableness_00736_act_003,high,"['trait_agreeableness_00736_act_001', 'trait_agreeableness_00736_act_002', 'trait_agreeableness_00736_act_003', 'trait_agreeableness_00736_act_004']","['Suggest a compromise where Jahnia could redistribute some of the tasks among other team members to lessen your burden.', 'Decline the proposal, citing your current responsibilities and the importance of maintaining your personal life balance.', 'Perhaps you could agree to the new plan, but clarify your availability and limits to ensure your personal time is respected.', 'You might consider agreeing to the plan but also ask for help or support to manage the increased workload effectively.']","['low', 'low', 'high', 'high']","[-2.21484375, -12.6640625, -0.49853515625, -2.32421875]","[-0.10067471590909091, -0.6665296052631579, -0.021675441576086956, -0.11067708333333333]","[0.2747158110141754, 0.15600410103797913, 0.2972984313964844, 0.27198171615600586]",0.5692801136207513,0.5692801136207513,0.06928011362075126
trait_agreeableness_00737,agreeableness,high,as_pas_only,none,trait_agreeableness_00737_act_002,high,"['trait_agreeableness_00737_act_001', 'trait_agreeableness_00737_act_002', 'trait_agreeableness_00737_act_003', 'trait_agreeableness_00737_act_004']","['You could gently remind your colleagues about the value of discussing concerns directly with PersonZ to promote a more understanding and supportive work environment.', 'Consider sharing positive experiences or achievements of PersonZ to subtly shift the tone of the conversation to something more constructive and appreciative.', ""You might propose focusing the discussion on tasks and projects instead, pointing out that speculative talk is not productive or beneficial for the team's goals."", 'Suggest setting up a meeting where concerns can be addressed openly with PersonZ present, ensuring a fair dialogue and cutting out behind-the-back criticisms.']","['high', 'high', 'low', 'low']","[-4.62890625, -0.4765625, -1.0361328125, -4.76171875]","[-0.17803485576923078, -0.0190625, -0.03700474330357143, -0.16419719827586207]","[0.23053699731826782, 0.2702597975730896, 0.2654539942741394, 0.23374925553798676]",0.5007967725039971,0.5007967725039971,0.000796772503997123
trait_agreeableness_00738,agreeableness,high,as_pas_only,none,trait_agreeableness_00738_act_002,high,"['trait_agreeableness_00738_act_001', 'trait_agreeableness_00738_act_002', 'trait_agreeableness_00738_act_003', 'trait_agreeableness_00738_act_004']","['Recommend they look into local community services like food banks and job training workshops to become more self-sufficient.', 'Offer to babysit the children a couple of times a week to give the parents time to job search or handle other responsibilities.', 'Suggest setting up a schedule where they can gradually take over the childcare and household chores as they stabilize financially.', 'Prepare some extra meals that can easily be reheated, to relieve them from cooking duties for a few days.']","['low', 'high', 'low', 'high']","[-1.89453125, -0.6103515625, -1.9990234375, -2.267578125]","[-0.09021577380952381, -0.0244140625, -0.09086470170454546, -0.10307173295454546]","[0.24663393199443817, 0.26340872049331665, 0.24647393822669983, 0.2434834986925125]",0.5068921738661372,0.5068921738661372,0.006892173866137163
trait_agreeableness_00739,agreeableness,high,as_pas_only,none,trait_agreeableness_00739_act_003,high,"['trait_agreeableness_00739_act_001', 'trait_agreeableness_00739_act_002', 'trait_agreeableness_00739_act_003', 'trait_agreeableness_00739_act_004']","['Consider encouraging Destinnie to seek advice from an independent financial advisor to ensure she makes a well-informed decision.', 'Go ahead and emphasize the potential high returns of the deal to persuade Destinnie, focusing on how such investments can significantly pay off.', 'You could prioritize transparency and discuss both the potential benefits and risks openly with Destinnie, emphasizing that the final decision is hers to make.', ""You should highlight the unique chance this deal represents and pitch it as a strategically aggressive investment that shouldn't be missed.""]","['high', 'low', 'high', 'low']","[-2.111328125, -3.251953125, -0.49169921875, -3.427734375]","[-0.09596946022727272, -0.12507512019230768, -0.018211082175925927, -0.14903192934782608]","[0.2499690055847168, 0.2427983433008194, 0.2701818645000458, 0.23705080151557922]",0.5201508623339107,0.5201508623339107,0.020150862333910724
trait_agreeableness_00740,agreeableness,high,as_pas_only,none,trait_agreeableness_00740_act_001,low,"['trait_agreeableness_00740_act_001', 'trait_agreeableness_00740_act_002', 'trait_agreeableness_00740_act_003', 'trait_agreeableness_00740_act_004']","[""Confront Hikari then and there by firmly stating the discomfort they're causing, to immediately address the issue."", ""Directly tell Hikari that their behavior is inappropriate and advise them to stop immediately if you feel it's disruptive enough."", 'Maybe suggest a quick, quiet walk with Hikari outside the venue to discuss the issue discreetly and help them regain composure.', 'Consider pulling Hikari aside gently to express your concerns in private, aiming to avoid public embarrassment.']","['low', 'low', 'high', 'high']","[-0.491943359375, -1.662109375, -1.94140625, -3.44140625]","[-0.02138884171195652, -0.066484375, -0.07190393518518519, -0.1720703125]","[0.2654796242713928, 0.25377359986305237, 0.2524019777774811, 0.22834476828575134]",0.4807467603906024,0.4807467603906024,-0.01925323960939762
trait_agreeableness_00741,agreeableness,high,as_pas_only,none,trait_agreeableness_00741_act_001,high,"['trait_agreeableness_00741_act_001', 'trait_agreeableness_00741_act_002', 'trait_agreeableness_00741_act_003', 'trait_agreeableness_00741_act_004']","['You might consider arranging a private, friendly chat with Janya to understand any challenges she’s facing and discuss how you can help her meet her deadlines.', 'Perhaps you could offer to help Janya organize her tasks or suggest setting up a team meeting to realign everyone’s responsibilities and deadlines.', ""Directly inform Janya that her missed deadlines are impacting the team's performance and she needs to adhere to the project timeline more strictly."", 'Send an email to Janya outlining the deadlines and mentioning that further delays could lead to discussions with higher management.']","['high', 'high', 'low', 'low']","[-0.0062255859375, -7.1015625, -8.4609375, -13.3671875]","[-0.00020751953125, -0.2630208333333333, -0.3133680555555556, -0.6075994318181818]","[0.3284301161766052, 0.25252512097358704, 0.24012593924999237, 0.17891882359981537]",0.5809552371501923,0.5809552371501923,0.08095523715019226
trait_agreeableness_00742,agreeableness,high,as_pas_only,none,trait_agreeableness_00742_act_003,low,"['trait_agreeableness_00742_act_001', 'trait_agreeableness_00742_act_002', 'trait_agreeableness_00742_act_003', 'trait_agreeableness_00742_act_004']","['Directly point out the flaw during the meeting and suggest an alternative strategy that mitigates these risks.', 'Consider suggesting a follow-up meeting where you can review the strategy more thoroughly together, to align on the best approach.', 'Challenge the strategy openly in the meeting to ensure everyone is aware of the potential losses, emphasizing the need for a robust discussion.', 'You could express your concerns by privately messaging your colleague, framing it as seeking to understand their perspective better.']","['low', 'high', 'low', 'high']","[-1.26171875, -3.73046875, -0.464111328125, -4.43359375]","[-0.0630859375, -0.16219429347826086, -0.018564453125, -0.21112351190476192]","[0.26222145557403564, 0.23747943341732025, 0.2741597294807434, 0.22613945603370667]",0.46361885490873045,0.46361885490873045,-0.03638114509126955
trait_agreeableness_00743,agreeableness,high,as_pas_only,none,trait_agreeableness_00743_act_003,high,"['trait_agreeableness_00743_act_001', 'trait_agreeableness_00743_act_002', 'trait_agreeableness_00743_act_003', 'trait_agreeableness_00743_act_004']","['Maybe you could offer to help train someone else to share the workload, easing the burden on you.', 'Just say no to additional shifts and prioritize your health over voluntary extras.', 'You might consider gently explaining to your supervisor your health concerns and see if you can reduce the extra shifts.', ""Take a step back and let others step up; you're not the only one who can volunteer for extra work.""]","['high', 'low', 'high', 'low']","[-6.78125, -1.482421875, -0.29541015625, -9.171875]","[-0.3390625, -0.10588727678571429, -0.014067150297619048, -0.39877717391304346]","[0.21792854368686676, 0.2751571536064148, 0.301618367433548, 0.20529593527317047]",0.5195469111204147,0.5195469111204147,0.019546911120414734
trait_agreeableness_00744,agreeableness,high,as_pas_only,none,trait_agreeableness_00744_act_003,high,"['trait_agreeableness_00744_act_001', 'trait_agreeableness_00744_act_002', 'trait_agreeableness_00744_act_003', 'trait_agreeableness_00744_act_004']","['Escalate the issue to your manager or HR department to formally address the rumors and protect your professional reputation.', 'Address the situation directly by confronting your colleague and demand they stop spreading unfounded rumors immediately.', 'Offer to collaborate on a project together which could help improve your relationship and show your genuine intentions.', 'Invite your colleague for a coffee and gently discuss the impact their behavior is having on you, aiming to clear up any misunderstandings.']","['low', 'low', 'high', 'high']","[-3.37109375, -3.58984375, -0.2318115234375, -2.025390625]","[-0.1532315340909091, -0.1994357638888889, -0.012200606496710526, -0.07789963942307693]","[0.23897436261177063, 0.22818395495414734, 0.2751694917678833, 0.25767219066619873]",0.532841682434082,0.532841682434082,0.03284168243408203
trait_agreeableness_00745,agreeableness,high,as_pas_only,none,trait_agreeableness_00745_act_002,high,"['trait_agreeableness_00745_act_001', 'trait_agreeableness_00745_act_002', 'trait_agreeableness_00745_act_003', 'trait_agreeableness_00745_act_004']","['You could give your friend the guitar as a gift to help ease their financial burden and share the joy of music.', 'Consider lending the guitar to your friend until they can afford one, creating a win-win situation where you keep ownership and they get to play.', 'Keep the guitar since giving it away could set a precedent for similar expectations in the future.', 'Suggest that your friend looks for affordable second-hand options online, emphasizing the importance of financial responsibility.']","['high', 'high', 'low', 'low']","[-1.0263671875, -0.47509765625, -13.1328125, -6.96484375]","[-0.04462466032608696, -0.0169677734375, -0.7296006944444444, -0.3482421875]","[0.3057834506034851, 0.31435850262641907, 0.15414614975452423, 0.22571195662021637]",0.6201419162665656,0.6201419162665656,0.12014191626656556
trait_agreeableness_00746,agreeableness,high,as_pas_only,none,trait_agreeableness_00746_act_002,high,"['trait_agreeableness_00746_act_001', 'trait_agreeableness_00746_act_002', 'trait_agreeableness_00746_act_003', 'trait_agreeableness_00746_act_004']","['Consider suggesting that Aythana delegate specific tasks to other team members or ask for an extension from the project lead.', ""Absolutely, offering your assistance could greatly alleviate Aythana's stress and help distribute the project tasks more manageably."", 'Recommend to Aythana to reevaluate her project plan and identify priorities; she might need to focus on key areas and drop less critical tasks.', 'Yes, stepping in to help Aythana not only supports her but also strengthens the teamwork within the project.']","['low', 'high', 'low', 'high']","[-10.0, -0.031463623046875, -15.53125, -3.72265625]","[-0.43478260869565216, -0.0013679836107336957, -0.5355603448275862, -0.16921164772727273]","[0.21048974990844727, 0.3246837258338928, 0.19031092524528503, 0.2745155692100525]",0.5991993129014764,0.5991993129014764,0.09919931290147643
trait_agreeableness_00747,agreeableness,high,as_pas_only,none,trait_agreeableness_00747_act_001,high,"['trait_agreeableness_00747_act_001', 'trait_agreeableness_00747_act_002', 'trait_agreeableness_00747_act_003', 'trait_agreeableness_00747_act_004']","['Consider suggesting a brief team check-in where everyone updates the group on their progress, allowing Carielle to share in a non-confrontational setting.', ""Point out directly to Carielle during the meeting that you've noticed discrepancies in their work, asking for an immediate clarification."", 'Perhaps you could invite Carielle for a private chat to gently inquire about their progress and any challenges they might be facing.', ""Challenge Carielle in the meeting to present detailed evidence of their progress to ensure they're held accountable in front of the team.""]","['high', 'low', 'high', 'low']","[-0.245361328125, -11.6015625, -3.056640625, -12.5546875]","[-0.0081787109375, -0.4640625, -0.122265625, -0.48287259615384615]","[0.3176475465297699, 0.2013528048992157, 0.28339892625808716, 0.19760073721408844]",0.6010464638315668,0.6010464638315668,0.10104646383156679
trait_agreeableness_00748,agreeableness,high,as_pas_only,none,trait_agreeableness_00748_act_002,low,"['trait_agreeableness_00748_act_001', 'trait_agreeableness_00748_act_002', 'trait_agreeableness_00748_act_003', 'trait_agreeableness_00748_act_004']","['Document specific instances where Melicia took undue credit and present these to your supervisor as evidence.', ""Report the behavior to your supervisor immediately to prevent further damage to the team's morale."", 'Consider organizing a team intervention where everyone can openly discuss their feelings about fairness and recognition.', 'You could speak with Melicia first to express your concerns and give them a chance to rectify the situation themselves.']","['low', 'low', 'high', 'high']","[-7.98828125, -0.0028972625732421875, -6.00390625, -13.84375]","[-0.4437934027777778, -0.00017042721019071692, -0.3531709558823529, -0.6019021739130435]","[0.2218792885541916, 0.34576401114463806, 0.24292577803134918, 0.18943098187446594]",0.4323567341353456,0.4323567341353456,-0.06764326586465441
trait_agreeableness_00749,agreeableness,high,as_pas_only,none,trait_agreeableness_00749_act_004,low,"['trait_agreeableness_00749_act_001', 'trait_agreeableness_00749_act_002', 'trait_agreeableness_00749_act_003', 'trait_agreeableness_00749_act_004']","['You might consider addressing the discomfort with Tagert directly by kindly expressing how their behavior makes you feel and seeking a mutual understanding.', 'Perhaps you could involve a mediator from HR to help facilitate a constructive conversation with Tagert, which might improve your work environment.', 'Stand your ground and confront Tagert directly about their aggressive behavior without sugarcoating your concerns.', 'Keep avoiding Tagert if interacting with them disrupts your productivity and peace of mind, focusing instead on your own work responsibilities.']","['high', 'high', 'low', 'low']","[-8.671875, -3.470703125, -3.564453125, -0.065185546875]","[-0.346875, -0.138828125, -0.18760279605263158, -0.002607421875]","[0.2076893299818039, 0.2557218074798584, 0.24354834854602814, 0.29304051399230957]",0.4634111374616623,0.4634111374616623,-0.03658886253833771
trait_agreeableness_00750,agreeableness,high,as_pas_only,none,trait_agreeableness_00750_act_003,low,"['trait_agreeableness_00750_act_001', 'trait_agreeableness_00750_act_002', 'trait_agreeableness_00750_act_003', 'trait_agreeableness_00750_act_004']","['Directly challenge the strategy in a team meeting by clearly outlining the potential pitfalls and presenting your alternative solutions.', 'You might consider gently suggesting a team meeting to review the project strategy and express your concerns in a supportive manner.', 'Write a concise, fact-based email to your project leader detailing why the current strategy might fail and suggest a meeting to discuss viable alternatives.', 'Perhaps you could offer to help research or present alternative strategies that could complement the current plan without dismissing it entirely.']","['low', 'high', 'low', 'high']","[-5.140625, -1.080078125, -0.6884765625, -3.662109375]","[-0.24479166666666666, -0.04909446022727273, -0.025499131944444444, -0.16645951704545456]","[0.22012682259082794, 0.2677091360092163, 0.2741009294986725, 0.23806315660476685]",0.5057722700042008,0.5057722700042008,0.005772270004200775
trait_agreeableness_00701,agreeableness,low,as_pas_only,none,trait_agreeableness_00701_act_003,low,"['trait_agreeableness_00701_act_001', 'trait_agreeableness_00701_act_002', 'trait_agreeableness_00701_act_003', 'trait_agreeableness_00701_act_004']","['You could propose a meeting to discuss the strengths of each theme and consider blending elements of both to please a wider audience.', 'Maybe consult with other team members for their opinions to see if a consensus can be achieved that respects both perspectives.', 'Stick to presenting clear, data-backed arguments on why a cultural heritage theme could draw more interest and community engagement.', 'Insist on setting clear objectives for the event and demonstrate how your theme aligns better with those goals compared to a modern tech theme.']","['high', 'high', 'low', 'low']","[-13.3515625, -6.84765625, -0.113525390625, -2.31640625]","[-0.5563151041666666, -0.3112571022727273, -0.005160245028409091, -0.08579282407407407]","[0.1781330555677414, 0.22759978473186493, 0.30910640954971313, 0.28516072034835815]",0.40573285239138757,0.5942671476086124,0.09426714760861243
trait_agreeableness_00702,agreeableness,low,as_pas_only,none,trait_agreeableness_00702_act_003,low,"['trait_agreeableness_00702_act_001', 'trait_agreeableness_00702_act_002', 'trait_agreeableness_00702_act_003', 'trait_agreeableness_00702_act_004']","['Clearly communicate to your supervisor the unrealistic nature of the additional workload and negotiate down the responsibilities.', 'Consider discussing a phased approach with your boss to gradually integrate the new project while maintaining balance with your current tasks.', 'Prioritize your tasks and cut down on the least essential ones; put focus only on what genuinely requires your expertise.', 'You could ask for support from your team or colleagues to help manage the workload more efficiently.']","['low', 'high', 'low', 'high']","[-1.6533203125, -1.3427734375, -0.658203125, -11.5]","[-0.09185112847222222, -0.06103515625, -0.028617527173913044, -0.6388888888888888]","[0.2720915973186493, 0.2806068956851959, 0.2898525595664978, 0.1574489027261734]",0.4380558179939904,0.5619441820060096,0.061944182006009596
trait_agreeableness_00703,agreeableness,low,as_pas_only,none,trait_agreeableness_00703_act_002,low,"['trait_agreeableness_00703_act_001', 'trait_agreeableness_00703_act_002', 'trait_agreeableness_00703_act_003', 'trait_agreeableness_00703_act_004']","['Consider setting aside a portion of your bonus for your vacation and donate a portion to your friend to ease their burden.', 'Invest the bonus in a personal savings or retirement fund to ensure your future financial stability.', 'You could offer to help your friend cover some of their medical expenses with part of your bonus.', 'Use the bonus for the vacation you’ve been planning, as personal relaxation and fulfillment are important.']","['high', 'low', 'high', 'low']","[-3.46484375, -0.18408203125, -8.7890625, -2.103515625]","[-0.15064538043478262, -0.010828354779411764, -0.46258223684210525, -0.11071134868421052]","[0.25491780042648315, 0.29317161440849304, 0.18660689890384674, 0.26530367136001587]",0.4415247059095607,0.5584752940904393,0.05847529409043928
trait_agreeableness_00704,agreeableness,low,as_pas_only,none,trait_agreeableness_00704_act_001,low,"['trait_agreeableness_00704_act_001', 'trait_agreeableness_00704_act_002', 'trait_agreeableness_00704_act_003', 'trait_agreeableness_00704_act_004']","['Challenge the team to justify the strategy with data or precedents, given its similarity to past unsuccessful attempts.', 'Directly state the issues and shortcomings you foresee with the agreed strategy to ensure they are aware of the potential risks.', 'Maybe suggest setting up a small trial run of the strategy first, to demonstrate the outcomes before fully committing.', 'You could gently express your concerns and propose discussing alternative strategies that could prevent potential issues.']","['low', 'low', 'high', 'high']","[-0.04119873046875, -4.0703125, -4.8984375, -9.2109375]","[-0.0019618443080357145, -0.17697010869565216, -0.23325892857142858, -0.5418198529411765]","[0.3109660744667053, 0.26104047894477844, 0.24675272405147552, 0.18124066293239594]",0.42799341249426676,0.5720065875057332,0.07200658750573319
trait_agreeableness_00705,agreeableness,low,as_pas_only,none,trait_agreeableness_00705_act_003,low,"['trait_agreeableness_00705_act_001', 'trait_agreeableness_00705_act_002', 'trait_agreeableness_00705_act_003', 'trait_agreeableness_00705_act_004']","['You could consider politely reaching out to the rental agency to express your concerns and ask for possible solutions or compensation.', 'Maybe try to calmly discuss the discrepancies with the agency, highlighting the missing amenities and differences in the property, and request an amicable resolution.', 'Demand an immediate response from the rental agency and insist on a partial refund or relocation to a property that matches the initial description.', 'Send a firm email to the agency detailing every issue, and make it clear you expect swift action or you will consider legal advice.']","['high', 'high', 'low', 'low']","[-4.5546875, -3.134765625, -0.0877685546875, -3.662109375]","[-0.20703125, -0.11195591517857142, -0.0035107421875, -0.14085036057692307]","[0.2275896966457367, 0.2502898871898651, 0.2789590358734131, 0.2431613653898239]",0.4778795909565626,0.5221204090434374,0.022120409043437372
trait_agreeableness_00706,agreeableness,low,as_pas_only,none,trait_agreeableness_00706_act_001,low,"['trait_agreeableness_00706_act_001', 'trait_agreeableness_00706_act_002', 'trait_agreeableness_00706_act_003', 'trait_agreeableness_00706_act_004']","['Directly confront Marybella in your next team meeting by highlighting specific instances where your ideas were dismissed and demand a justification.', 'Consider asking Marybella for a private meeting to express how valuable you feel contributions from all team members are, including yours.', 'Email the whole team including your manager outlining how the dismissal of ideas by any team member, including Marybella, negatively impacts project creativity and ask for more structured discussion protocols.', 'Maybe propose a team brainstorming session where everyone submits one idea anonymously to ensure each thought is considered without bias.']","['low', 'high', 'low', 'high']","[-0.026580810546875, -7.01171875, -6.08984375, -9.2265625]","[-0.001063232421875, -0.28046875, -0.17399553571428572, -0.41938920454545453]","[0.30716535449028015, 0.23228862881660461, 0.2583858370780945, 0.20216014981269836]",0.43444879157688593,0.565551208423114,0.06555120842311402
trait_agreeableness_00707,agreeableness,low,as_pas_only,none,trait_agreeableness_00707_act_002,low,"['trait_agreeableness_00707_act_001', 'trait_agreeableness_00707_act_002', 'trait_agreeableness_00707_act_003', 'trait_agreeableness_00707_act_004']","['Perhaps eat a healthy meal before the party to lessen your cravings and politely sample very small amounts of your favorite foods.', 'Just say no to the unhealthy options and stick firmly to your diet plan; it’s about your health after all.', 'You could bring a dish to share that fits your diet so you have a healthy option available and still enjoy the party.', 'Ignore the offerings and focus on socializing, not eating; you’re there for your friend, not the food.']","['high', 'low', 'high', 'low']","[-5.33203125, -0.007236480712890625, -8.5546875, -9.7578125]","[-0.23182744565217392, -0.0003146295962126359, -0.3564453125, -0.4242527173913043]","[0.25199735164642334, 0.31764402985572815, 0.22247187793254852, 0.2078866958618164]",0.4744692507894002,0.5255307492105998,0.025530749210599835
trait_agreeableness_00708,agreeableness,low,as_pas_only,none,trait_agreeableness_00708_act_001,low,"['trait_agreeableness_00708_act_001', 'trait_agreeableness_00708_act_002', 'trait_agreeableness_00708_act_003', 'trait_agreeableness_00708_act_004']","['Simply note the achievement directly to Nazareth and mention that you noticed the milestone, encouraging them to own their success publicly.', ""Challenge Nazareth in a light-hearted manner about why they haven't boasted about their success yet, to push them out of their comfort zone."", 'Encourage mutual friends or coworkers to subtly acknowledge the achievement, fostering a supportive environment without overwhelming Nazareth.', 'Quietly congratulate Nazareth in a personal message to show your support and respect for their privacy.']","['low', 'low', 'high', 'high']","[-0.0082244873046875, -5.21484375, -11.8203125, -13.8515625]","[-0.0003426869710286458, -0.18624441964285715, -0.5628720238095238, -0.7290296052631579]","[0.34690138697624207, 0.2880513668060303, 0.1976526528596878, 0.16739454865455627]",0.3650472178331264,0.6349527821668737,0.13495278216687367
trait_agreeableness_00709,agreeableness,low,as_pas_only,none,trait_agreeableness_00709_act_003,low,"['trait_agreeableness_00709_act_001', 'trait_agreeableness_00709_act_002', 'trait_agreeableness_00709_act_003', 'trait_agreeableness_00709_act_004']","['Consider politely telling Zacharyah that his advances are making you uncomfortable and you would like to keep your relationship professional.', 'Maybe talk to a trusted colleague or a supervisor for advice on how to approach Zacharyah about this sensitive issue.', 'Directly tell Zacharyah to stop the advances, asserting that they are inappropriate and unwelcome at the workplace.', 'If speaking to him directly doesn’t work, report the behavior to your HR department to handle it formally.']","['high', 'high', 'low', 'low']","[-4.04296875, -5.5703125, -0.022430419921875, -7.453125]","[-0.17578125, -0.2421875, -0.0009752356487771739, -0.3549107142857143]","[0.2523491382598877, 0.23613587021827698, 0.3005516529083252, 0.21096329391002655]",0.48848503031514723,0.5115149696848528,0.011514969684852772
trait_agreeableness_00710,agreeableness,low,as_pas_only,none,trait_agreeableness_00710_act_003,low,"['trait_agreeableness_00710_act_001', 'trait_agreeableness_00710_act_002', 'trait_agreeableness_00710_act_003', 'trait_agreeableness_00710_act_004']","['Demand an explanation as to why you were excluded from the discussion, asserting your right to know what concerns your family.', 'Approach a family member gently and express that you would appreciate being included in the conversation as it would help you cope better with the group.', 'Confront the family decisively about the secrecy, making it clear that you expect transparency in future matters.', 'Politely express to your family that you feel left out and assure them that you are capable of handling the situation more calmly with their support.']","['low', 'high', 'low', 'high']","[-2.240234375, -6.4296875, -0.1217041015625, -17.875]","[-0.09740149456521739, -0.22963169642857142, -0.005795433407738095, -0.6383928571428571]","[0.2813538610935211, 0.24650515615940094, 0.3083449602127075, 0.16379600763320923]",0.41030116990657406,0.5896988300934259,0.08969883009342594
trait_agreeableness_00711,agreeableness,low,as_pas_only,none,trait_agreeableness_00711_act_002,low,"['trait_agreeableness_00711_act_001', 'trait_agreeableness_00711_act_002', 'trait_agreeableness_00711_act_003', 'trait_agreeableness_00711_act_004']","['Perhaps you might weigh the emotional costs against the professional gains and decide if the move aligns with your long-term personal happiness and career goals.', 'Take the job; advancing in your career is a priority, and the significant pay increase justifies the move.', 'You could consider accepting the job and finding ways to maintain strong relationships with your family and friends through regular visits and digital communication.', 'Move to the new city; it’s a valuable opportunity for professional growth, and personal relationships can adapt if they’re truly important.']","['high', 'low', 'high', 'low']","[-12.3125, -0.32421875, -22.140625, -8.78125]","[-0.43973214285714285, -0.01473721590909091, -0.885625, -0.33774038461538464]","[0.23379729688167572, 0.357612282037735, 0.14968925714492798, 0.25890111923217773]",0.38348657116978935,0.6165134288302107,0.11651342883021065
trait_agreeableness_00712,agreeableness,low,as_pas_only,none,trait_agreeableness_00712_act_002,low,"['trait_agreeableness_00712_act_001', 'trait_agreeableness_00712_act_002', 'trait_agreeableness_00712_act_003', 'trait_agreeableness_00712_act_004']","['Consider leveraging your time on more personal meetings where you can have genuine interactions, rather than a large industry event.', 'Skip the dinner if it really goes against your preferences and focus on networking in ways that make you feel comfortable.', 'You might find it rewarding to go and connect with a few people, making the experience more manageable and meaningful for you.', 'Consider attending the dinner to nurture relationships that could be beneficial for future collaborations or opportunities.']","['low', 'low', 'high', 'high']","[-4.9609375, -0.4765625, -7.45703125, -1.333984375]","[-0.2254971590909091, -0.02166193181818182, -0.3107096354166667, -0.07846966911764706]","[0.2324068695306778, 0.28495314717292786, 0.2134232074022293, 0.2692168056964874]",0.4826399987149239,0.5173600012850761,0.017360001285076088
trait_agreeableness_00713,agreeableness,low,as_pas_only,none,trait_agreeableness_00713_act_004,low,"['trait_agreeableness_00713_act_001', 'trait_agreeableness_00713_act_002', 'trait_agreeableness_00713_act_003', 'trait_agreeableness_00713_act_004']","[""You could accept the nomination gracefully as it honors not just your work but also your team's effort."", 'Perhaps you might consider a compromise by accepting the nomination and requesting a more low-key acknowledgment at the ceremony.', 'Decline the nomination if it makes you uncomfortable; maintaining your personal comfort is more important than external recognition.', 'You might just let them know that while you appreciate the gesture, you prefer achievements to be celebrated internally rather than publicly.']","['high', 'high', 'low', 'low']","[-7.18359375, -5.54296875, -4.40234375, -2.99609375]","[-0.3591796875, -0.26395089285714285, -0.20963541666666666, -0.12483723958333333]","[0.2209801822900772, 0.24305842816829681, 0.25662535429000854, 0.27933603525161743]",0.464038610458374,0.535961389541626,0.03596138954162598
trait_agreeableness_00714,agreeableness,low,as_pas_only,none,trait_agreeableness_00714_act_001,low,"['trait_agreeableness_00714_act_001', 'trait_agreeableness_00714_act_002', 'trait_agreeableness_00714_act_003', 'trait_agreeableness_00714_act_004']","['Just let them know that your current responsibilities cannot be set aside, and you must prioritize completing your pending work this weekend.', 'You might consider delegating some of your tasks or rescheduling commitments so you can join your friends and maintain those cherished relationships.', 'Suggest an alternate weekend for the getaway when you are less busy, demonstrating your interest while staying committed to your personal obligations.', 'Perhaps you could work a few extra hours before the weekend to clear up some urgent tasks, allowing you to enjoy the getaway without worries.']","['low', 'high', 'low', 'high']","[-0.09124755859375, -6.95703125, -2.638671875, -4.30859375]","[-0.0038019816080729165, -0.27828125, -0.105546875, -0.1595775462962963]","[0.2841733396053314, 0.21596257388591766, 0.2566823959350586, 0.24318167567253113]",0.4591442564002314,0.5408557435997686,0.040855743599768624
trait_agreeableness_00715,agreeableness,low,as_pas_only,none,trait_agreeableness_00715_act_001,high,"['trait_agreeableness_00715_act_001', 'trait_agreeableness_00715_act_002', 'trait_agreeableness_00715_act_003', 'trait_agreeableness_00715_act_004']","['Suggest a team coffee break for everyone to refresh and help Ulisess feel less isolated in his stress.', 'Advise Ulisess to delegate some tasks to others to manage his workload better, which might alleviate his stress.', 'Offer to take a short walk with Ulisess during lunch, allowing for a change of scenery and a physical break from work.', 'Recommend that Ulisess reevaluate his project timeline and priorities, possibly pushing back less critical tasks.']","['high', 'low', 'high', 'low']","[-0.1842041015625, -2.46484375, -5.18359375, -2.65234375]","[-0.008372913707386364, -0.10716711956521739, -0.1993689903846154, -0.1326171875]","[0.2766076326370239, 0.25058692693710327, 0.22851549088954926, 0.24428991973400116]",0.5051231385804158,0.4948768614195842,-0.005123138580415798
trait_agreeableness_00716,agreeableness,low,as_pas_only,none,trait_agreeableness_00716_act_001,low,"['trait_agreeableness_00716_act_001', 'trait_agreeableness_00716_act_002', 'trait_agreeableness_00716_act_003', 'trait_agreeableness_00716_act_004']","['Decline the invitation as your workload and commitments cannot be compromised for additional social events.', 'Skip the ball; prioritize completing your major project and maintaining your current commitments.', ""Maybe you could go to the ball with Ranvir but let him know in advance that you'll need to leave early to manage your other commitments."", 'Consider attending the charity ball for just a short time to show support before focusing back on your project.']","['low', 'low', 'high', 'high']","[-0.0115509033203125, -6.69140625, -9.3984375, -18.65625]","[-0.000679464901194853, -0.44609375, -0.32408405172413796, -0.9328125]","[0.3625878095626831, 0.23225882649421692, 0.2623978853225708, 0.14275553822517395]",0.4051533993987203,0.5948466006012797,0.0948466006012797
trait_agreeableness_00717,agreeableness,low,as_pas_only,none,trait_agreeableness_00717_act_003,low,"['trait_agreeableness_00717_act_001', 'trait_agreeableness_00717_act_002', 'trait_agreeableness_00717_act_003', 'trait_agreeableness_00717_act_004']","['Consider crafting homemade gifts, which can be both meaningful and budget-friendly.', 'You might also think about baking treats to bring to the parties, as this is an affordable and heartfelt alternative to traditional gifts.', 'Just opt out of gift-giving and explain your financial situation honestly if anyone asks.', 'Alternatively, buy a single bulk gift item that you can split among the various parties to minimize costs.']","['high', 'high', 'low', 'low']","[-4.734375, -12.1875, -0.08160400390625, -14.1875]","[-0.33816964285714285, -0.4875, -0.0048002355238970585, -0.709375]","[0.2533666491508484, 0.2182207703590393, 0.3536143898963928, 0.17479822039604187]",0.47158740545548783,0.5284125945445122,0.02841259454451217
trait_agreeableness_00718,agreeableness,low,as_pas_only,none,trait_agreeableness_00718_act_001,low,"['trait_agreeableness_00718_act_001', 'trait_agreeableness_00718_act_002', 'trait_agreeableness_00718_act_003', 'trait_agreeableness_00718_act_004']","[""You should remain neutral, not laughing or reacting, to clearly indicate that such jokes aren't suitable for the workplace."", ""You might offer a light smile to acknowledge Geordie's attempt at humor without encouraging the nature of the joke."", 'Address Geordie later in private, suggesting that he consider the timing and content of his jokes more carefully in the future.', 'Perhaps gently change the subject to help move the conversation away from the joke and towards more appropriate meeting topics.']","['low', 'high', 'low', 'high']","[-0.009124755859375, -6.2890625, -4.9609375, -9.4921875]","[-0.000396728515625, -0.2734375, -0.1984375, -0.45200892857142855]","[0.31075209379196167, 0.236501544713974, 0.2549212574958801, 0.197825089097023]",0.4343266402829683,0.5656733597170317,0.0656733597170317
trait_agreeableness_00719,agreeableness,low,as_pas_only,none,trait_agreeableness_00719_act_002,low,"['trait_agreeableness_00719_act_001', 'trait_agreeableness_00719_act_002', 'trait_agreeableness_00719_act_003', 'trait_agreeableness_00719_act_004']","['You might consider asking her if there’s anything specific you can do to help, showing your support goes beyond just professional boundaries.', 'Evaluate if sending flowers could set a precedent you’re uncomfortable with; maintaining professional boundaries is crucial.', 'Sending a thoughtful card along with the flowers can express your support and empathy during her difficult times.', 'Consider simply acknowledging her situation verbally when appropriate, which keeps the support subtle and professional.']","['high', 'low', 'high', 'low']","[-18.734375, -0.012664794921875, -7.7578125, -11.0078125]","[-0.749375, -0.0006665681537828947, -0.4083059210526316, -0.6475183823529411]","[0.17768482863903046, 0.3756732642650604, 0.24990488588809967, 0.19673702120780945]",0.4275897145271301,0.5724102854728699,0.07241028547286987
trait_agreeableness_00720,agreeableness,low,as_pas_only,none,trait_agreeableness_00720_act_001,low,"['trait_agreeableness_00720_act_001', 'trait_agreeableness_00720_act_002', 'trait_agreeableness_00720_act_003', 'trait_agreeableness_00720_act_004']","['Suggest that Shandel looks into affordable financing or leasing options for a new laptop instead of giving yours away.', 'Keep the laptop for yourself since it could be useful for your future needs, and Shandel can explore other options to acquire one.', 'Consider surprising Shandel with the laptop, making it a heartfelt gesture to help them succeed in their projects.', 'You could gift the laptop to Shandel, as it would really boost their productivity and show how much you support their endeavors.']","['low', 'low', 'high', 'high']","[-0.041900634765625, -3.197265625, -13.8359375, -16.921875]","[-0.001904574307528409, -0.1229717548076923, -0.6588541666666666, -0.676875]","[0.3432208299636841, 0.3040848672389984, 0.17793609201908112, 0.17475825548171997]",0.35269433173413584,0.6473056682658642,0.14730566826586422
trait_agreeableness_00721,agreeableness,low,as_pas_only,none,trait_agreeableness_00721_act_003,low,"['trait_agreeableness_00721_act_001', 'trait_agreeableness_00721_act_002', 'trait_agreeableness_00721_act_003', 'trait_agreeableness_00721_act_004']","['You might consider gently expressing to Loujain how much effort and care you put into looking after their cat, which could naturally lead them to offer some form of gratitude.', 'Perhaps you could ask Loujain if they’d be willing to cover the costs you incurred while caring for their pet, as a kind gesture of appreciation.', 'Directly ask Loujain for a compensation for the expenses and time you invested in taking care of the cat, emphasizing that it is only fair.', 'Tell Loujain that taking care of their cat involved certain costs and effort on your part, and it would be reasonable to expect some form of compensation for your troubles.']","['high', 'high', 'low', 'low']","[-3.712890625, -1.072265625, -0.6103515625, -5.93359375]","[-0.10920266544117647, -0.03458921370967742, -0.020345052083333332, -0.17451746323529413]","[0.24347694218158722, 0.2623385190963745, 0.26610204577445984, 0.22808250784873962]",0.5058154537407241,0.4941845462592759,-0.005815453740724119
trait_agreeableness_00722,agreeableness,low,as_pas_only,none,trait_agreeableness_00722_act_004,high,"['trait_agreeableness_00722_act_001', 'trait_agreeableness_00722_act_002', 'trait_agreeableness_00722_act_003', 'trait_agreeableness_00722_act_004']","['Politely decline, explaining that you already have commitments to your personal health this weekend.', 'Offer to help Nazair for a few hours on one day of the weekend so you can also have time for your relaxation.', 'Suggest that Nazair asks other friends who might not already have plans, as your weekend is already booked for personal time.', ""Suggest that Nazair could hire professional movers and you'll provide support by organizing meals or refreshments for everyone on the moving day.""]","['low', 'high', 'low', 'high']","[-2.21875, -6.46484375, -5.63671875, -2.509765625]","[-0.13051470588235295, -0.25859375, -0.22546875, -0.09295428240740741]","[0.2612689733505249, 0.22986023128032684, 0.2376018613576889, 0.2712689936161041]",0.5011291950268033,0.4988708049731967,-0.001129195026803309
trait_agreeableness_00723,agreeableness,low,as_pas_only,none,trait_agreeableness_00723_act_002,low,"['trait_agreeableness_00723_act_001', 'trait_agreeableness_00723_act_002', 'trait_agreeableness_00723_act_003', 'trait_agreeableness_00723_act_004']","[""Maybe express to Tavleen how you're feeling and ask if she's open to the idea of ordering a ride for you, so she can continue enjoying the party."", 'Tell Tavleen directly that you need to leave for your own comfort, regardless of her having fun.', 'You could suggest a compromise to Tavleen; perhaps staying just a bit longer to meet her happiness, then leaving together.', 'Inform Tavleen that you are calling a taxi for yourself because you want to leave now.']","['high', 'low', 'high', 'low']","[-9.1171875, -0.52392578125, -13.8984375, -0.89892578125]","[-0.26815257352941174, -0.024948846726190476, -0.5559375, -0.04731188322368421]","[0.23406177759170532, 0.29850563406944275, 0.17552827298641205, 0.2919042408466339]",0.4095900810949565,0.5904099189050436,0.09040991890504357
trait_agreeableness_00724,agreeableness,low,as_pas_only,none,trait_agreeableness_00724_act_004,high,"['trait_agreeableness_00724_act_001', 'trait_agreeableness_00724_act_002', 'trait_agreeableness_00724_act_003', 'trait_agreeableness_00724_act_004']","['Suggest that Josalyn finds an alternative or waits for another time when you are less occupied.', 'Keep your business appointment as planned; it’s important to prioritize commitments that impact your professional goals.', 'Perhaps offer to help Josalyn after your business appointment, blending commitment with your supportive nature.', ""You might consider rescheduling the business appointment if Josalyn's request could foster a supportive relationship.""]","['low', 'low', 'high', 'high']","[-4.0703125, -10.2578125, -2.490234375, -0.146728515625]","[-0.203515625, -0.5398848684210527, -0.13106496710526316, -0.00733642578125]","[0.24961036443710327, 0.17831148207187653, 0.2683660089969635, 0.3037121295928955]",0.5720781471144877,0.4279218528855123,-0.07207814711448768
trait_agreeableness_00725,agreeableness,low,as_pas_only,none,trait_agreeableness_00725_act_002,high,"['trait_agreeableness_00725_act_001', 'trait_agreeableness_00725_act_002', 'trait_agreeableness_00725_act_003', 'trait_agreeableness_00725_act_004']","[""Apologize sincerely to Webber for the comment and ask them how they feel or if there's anything they'd like to talk about."", 'Express your regret over the upsetting comment, then gently shift the conversation towards a topic that Webber enjoys to lighten the mood.', 'Clarify your comment to Webber, explaining your point of view so they understand your perspective better.', 'Ask Webber to explain why your comment upset them, which can lead to a clearer understanding on both sides.']","['high', 'high', 'low', 'low']","[-2.408203125, -0.453369140625, -1.3330078125, -5.15625]","[-0.08600725446428571, -0.018134765625, -0.066650390625, -0.234375]","[0.25304359197616577, 0.27081453800201416, 0.25798943638801575, 0.21815241873264313]",0.5238581377842745,0.4761418622157255,-0.02385813778427448
trait_agreeableness_00726,agreeableness,low,as_pas_only,none,trait_agreeableness_00726_act_002,high,"['trait_agreeableness_00726_act_001', 'trait_agreeableness_00726_act_002', 'trait_agreeableness_00726_act_003', 'trait_agreeableness_00726_act_004']","['Suggest that Stevielynn should speak to a financial advisor to better manage her expenses and debt.', 'Offer to help Stevielynn by covering some of her medical expenses or by lending her money if that feels right to you.', 'Advise Stevielynn to negotiate the bills or seek cheaper medical alternatives for future treatments.', 'Consider providing support by helping Stevielynn find financial aid programs or charities that assist with medical bills.']","['low', 'high', 'low', 'high']","[-6.28515625, -0.0023097991943359375, -8.5625, -11.546875]","[-0.29929315476190477, -8.883843055138222e-05, -0.4506578947368421, -0.5498511904761905]","[0.2508349120616913, 0.3383224308490753, 0.21560117602348328, 0.19524145126342773]",0.5335638980139463,0.4664361019860537,-0.033563898013946325
trait_agreeableness_00727,agreeableness,low,as_pas_only,none,trait_agreeableness_00727_act_001,high,"['trait_agreeableness_00727_act_001', 'trait_agreeableness_00727_act_002', 'trait_agreeableness_00727_act_003', 'trait_agreeableness_00727_act_004']","['Consider starting with the positive aspects of the policy, then transition into your concerns, ensuring you maintain a respectful tone throughout.', 'Directly challenge the policy by presenting strong, logical arguments against it and demand a review from management.', 'You could express your concerns by highlighting how the policy impacts team morale, and gently suggest possible alternatives that could benefit everyone.', ""Question the policy's fairness and effectiveness in the meeting, and push for an immediate reconsideration by presenting the overall dissatisfaction of your colleagues.""]","['high', 'low', 'high', 'low']","[-0.1898193359375, -2.953125, -13.1875, -2.1875]","[-0.007909138997395834, -0.14765625, -0.5494791666666666, -0.08101851851851852]","[0.2957782447338104, 0.25720229744911194, 0.17209383845329285, 0.2749256193637848]",0.46787208318710327,0.5321279168128967,0.03212791681289673
trait_agreeableness_00728,agreeableness,low,as_pas_only,none,trait_agreeableness_00728_act_001,low,"['trait_agreeableness_00728_act_001', 'trait_agreeableness_00728_act_002', 'trait_agreeableness_00728_act_003', 'trait_agreeableness_00728_act_004']","[""Propose a formal vote on the project during the next team meeting to decisively address and move beyond Kashtin's opposition."", ""Firmly defend your project's merits in the next meeting, showcasing robust evidence and data to counter his objections."", 'Consider inviting Kashtin to co-present the project, integrating his viewpoints to strengthen the proposal.', 'Schedule a one-on-one meeting with Kashtin to understand his concerns and discuss potential compromises.']","['low', 'low', 'high', 'high']","[-0.10693359375, -5.640625, -6.04296875, -2.384765625]","[-0.004112830528846154, -0.2452445652173913, -0.31805098684210525, -0.12551398026315788]","[0.29394638538360596, 0.23096488416194916, 0.21474671363830566, 0.2603420317173004]",0.4750887382762322,0.5249112617237678,0.024911261723767786
trait_agreeableness_00729,agreeableness,low,as_pas_only,none,trait_agreeableness_00729_act_004,low,"['trait_agreeableness_00729_act_001', 'trait_agreeableness_00729_act_002', 'trait_agreeableness_00729_act_003', 'trait_agreeableness_00729_act_004']","['Offer to spend time with Janely, perhaps going for a walk or watching a movie together to help her feel less alone.', 'Consider sending Janely a care package filled with her favorite treats and a heartfelt note to show your support and affection.', 'Encourage Janely to join a support group where she can connect with people who understand her grief and can offer perspective.', 'Suggest that Janely seeks professional counseling to address her feelings of hopelessness and to develop coping strategies.']","['high', 'high', 'low', 'low']","[-4.23828125, -4.42578125, -13.9140625, -0.76904296875]","[-0.16953125, -0.19242527173913043, -0.5797526041666666, -0.03662109375]","[0.26433926820755005, 0.2583562433719635, 0.17539000511169434, 0.30191442370414734]",0.5226955427345957,0.47730445726540427,-0.02269554273459573
trait_agreeableness_00730,agreeableness,low,as_pas_only,none,trait_agreeableness_00730_act_001,low,"['trait_agreeableness_00730_act_001', 'trait_agreeableness_00730_act_002', 'trait_agreeableness_00730_act_003', 'trait_agreeableness_00730_act_004']","['Withhold Meital’s paycheck as a firm action to underline the seriousness of the performance issues and motivate improvement.', 'Consider setting up a meeting with Meital to openly discuss performance issues and explore supportive measures to help improve their work.', 'Implement a direct policy that ties Meital’s pay to specific performance metrics, ensuring accountability and immediate consequences for underperformance.', 'You might want to create an improvement plan that outlines clear goals and timelines for Meital, providing regular feedback and encouragement.']","['low', 'high', 'low', 'high']","[-0.0011205673217773438, -18.6875, -12.84375, -24.734375]","[-5.093487826260653e-05, -0.8125, -0.53515625, -1.0305989583333333]","[0.4190783202648163, 0.1859743595123291, 0.24541546404361725, 0.14953190088272095]",0.3355062453967521,0.6644937546032479,0.1644937546032479
trait_agreeableness_00731,agreeableness,low,as_pas_only,none,trait_agreeableness_00731_act_002,low,"['trait_agreeableness_00731_act_001', 'trait_agreeableness_00731_act_002', 'trait_agreeableness_00731_act_003', 'trait_agreeableness_00731_act_004']","['Perhaps you could delegate some of your responsibilities to other volunteers, which would allow you to continue supporting the charity while also managing your stress better.', ""It's practical to prioritize your own health and professional duties over volunteering; you can always return to it when you're in a better position."", 'You might consider reducing your hours slightly and finding a schedule that allows more time for rest, maintaining your commitment but taking care of your health too.', 'Consider taking a complete break from volunteering to focus entirely on your personal and professional life until you feel less overwhelmed.']","['high', 'low', 'high', 'low']","[-1.3017578125, -1.0048828125, -4.9609375, -1.0361328125]","[-0.04649135044642857, -0.035888671875, -0.1710668103448276, -0.04709694602272727]","[0.25687623023986816, 0.2596142888069153, 0.2267887443304062, 0.2567206919193268]",0.48366499619178455,0.5163350038082155,0.01633500380821551
trait_agreeableness_00732,agreeableness,low,as_pas_only,none,trait_agreeableness_00732_act_001,low,"['trait_agreeableness_00732_act_001', 'trait_agreeableness_00732_act_002', 'trait_agreeableness_00732_act_003', 'trait_agreeableness_00732_act_004']","['Recommend that they check local moving services or rental trucks, as you need to prioritize your own commitments this weekend.', 'Politely explain that you have long-standing personal plans and suggest that they reschedule the move or ask another friend for help.', 'You could suggest hiring professional movers and then visiting your friend after your retreat to help them unpack and settle in.', 'Offer to help your friend with packing a day or two before your retreat, so you can still support them without cancelling your plans.']","['low', 'low', 'high', 'high']","[-0.1917724609375, -1.78515625, -12.4609375, -9.1875]","[-0.008716930042613636, -0.07140625, -0.56640625, -0.35336538461538464]","[0.31053632497787476, 0.2916666567325592, 0.1777915209531784, 0.22000548243522644]",0.3977970093160422,0.6022029906839578,0.10220299068395777
trait_agreeableness_00733,agreeableness,low,as_pas_only,none,trait_agreeableness_00733_act_001,high,"['trait_agreeableness_00733_act_001', 'trait_agreeableness_00733_act_002', 'trait_agreeableness_00733_act_003', 'trait_agreeableness_00733_act_004']","['You could politely excuse yourself from your current commitment, explaining the importance of timely attendance at your work meeting.', 'Consider contacting a colleague who is also attending the meeting and kindly ask if they can cover the beginning part until you arrive.', ""Just focus on finishing your current commitment properly, even if it means being late; you can't always please everyone."", ""Send a quick message to inform them you'll be late, then proceed with your current engagement without cutting it short.""]","['high', 'high', 'low', 'low']","[-0.646484375, -3.857421875, -0.94384765625, -5.95703125]","[-0.03078497023809524, -0.16072591145833334, -0.041036854619565216, -0.25900135869565216]","[0.2729332149028778, 0.23967556655406952, 0.27014943957328796, 0.21724174916744232]",0.5126087967338799,0.48739120326612007,-0.012608796733879934
trait_agreeableness_00734,agreeableness,low,as_pas_only,none,trait_agreeableness_00734_act_001,low,"['trait_agreeableness_00734_act_001', 'trait_agreeableness_00734_act_002', 'trait_agreeableness_00734_act_003', 'trait_agreeableness_00734_act_004']","['Directly ask both colleagues to clarify their points and explain the reasoning behind their disagreements in the meeting, fostering a clear and open dialogue.', 'You might consider suggesting a team-building activity that focuses on communication skills, which can improve overall team harmony without direct confrontation.', 'You could inform your manager about the disruptive behavior, letting them handle the situation and possibly mediate the conflict.', 'Perhaps you could recommend a feedback session where everyone gets the chance to express their thoughts in a structured manner, making the atmosphere more open and less tense.']","['low', 'high', 'low', 'high']","[-1.5361328125, -1.609375, -7.03515625, -4.26953125]","[-0.05689380787037037, -0.06705729166666667, -0.31977982954545453, -0.14231770833333332]","[0.2719726264476776, 0.2692224383354187, 0.20910058915615082, 0.24970433115959167]",0.5189267772276219,0.4810732227723781,-0.018926777227621927
trait_agreeableness_00735,agreeableness,low,as_pas_only,none,trait_agreeableness_00735_act_002,low,"['trait_agreeableness_00735_act_001', 'trait_agreeableness_00735_act_002', 'trait_agreeableness_00735_act_003', 'trait_agreeableness_00735_act_004']","['Maybe you can ask your friend how they feel about their project first to understand their perspective before sharing your thoughts.', 'Just be straightforward and tell your friend what you really think about the art project; they asked for honesty, after all.', 'You could mention specific aspects you like while gently suggesting improvements in areas you think could be better.', 'Recommend your friend to seek feedback from professional artists as well, which can provide them with a more objective critique.']","['high', 'low', 'high', 'low']","[-8.1875, -0.00038886070251464844, -23.890625, -21.5]","[-0.3721590909090909, -1.6202529271443684e-05, -1.2574013157894737, -0.9772727272727273]","[0.293300986289978, 0.42553287744522095, 0.12102015316486359, 0.16014596819877625]",0.4143211456287078,0.5856788543712922,0.08567885437129219
trait_agreeableness_00736,agreeableness,low,as_pas_only,none,trait_agreeableness_00736_act_002,low,"['trait_agreeableness_00736_act_001', 'trait_agreeableness_00736_act_002', 'trait_agreeableness_00736_act_003', 'trait_agreeableness_00736_act_004']","['Suggest a compromise where Jahnia could redistribute some of the tasks among other team members to lessen your burden.', 'Decline the proposal, citing your current responsibilities and the importance of maintaining your personal life balance.', 'Perhaps you could agree to the new plan, but clarify your availability and limits to ensure your personal time is respected.', 'You might consider agreeing to the plan but also ask for help or support to manage the increased workload effectively.']","['low', 'low', 'high', 'high']","[-3.32421875, -0.056304931640625, -5.7421875, -4.5859375]","[-0.15110085227272727, -0.002963417454769737, -0.2496603260869565, -0.2183779761904762]","[0.24995313584804535, 0.2898637056350708, 0.2264929711818695, 0.23369020223617554]",0.4601831665607815,0.5398168334392185,0.03981683343921849
trait_agreeableness_00737,agreeableness,low,as_pas_only,none,trait_agreeableness_00737_act_003,low,"['trait_agreeableness_00737_act_001', 'trait_agreeableness_00737_act_002', 'trait_agreeableness_00737_act_003', 'trait_agreeableness_00737_act_004']","['You could gently remind your colleagues about the value of discussing concerns directly with PersonZ to promote a more understanding and supportive work environment.', 'Consider sharing positive experiences or achievements of PersonZ to subtly shift the tone of the conversation to something more constructive and appreciative.', ""You might propose focusing the discussion on tasks and projects instead, pointing out that speculative talk is not productive or beneficial for the team's goals."", 'Suggest setting up a meeting where concerns can be addressed openly with PersonZ present, ensuring a fair dialogue and cutting out behind-the-back criticisms.']","['high', 'high', 'low', 'low']","[-10.2734375, -2.583984375, -0.381103515625, -1.4423828125]","[-0.39513221153846156, -0.103359375, -0.01361083984375, -0.049737338362068964]","[0.1917230188846588, 0.2566785514354706, 0.28078046441078186, 0.2708178758621216]",0.4484016104103575,0.5515983895896426,0.05159838958964258
trait_agreeableness_00738,agreeableness,low,as_pas_only,none,trait_agreeableness_00738_act_001,low,"['trait_agreeableness_00738_act_001', 'trait_agreeableness_00738_act_002', 'trait_agreeableness_00738_act_003', 'trait_agreeableness_00738_act_004']","['Recommend they look into local community services like food banks and job training workshops to become more self-sufficient.', 'Offer to babysit the children a couple of times a week to give the parents time to job search or handle other responsibilities.', 'Suggest setting up a schedule where they can gradually take over the childcare and household chores as they stabilize financially.', 'Prepare some extra meals that can easily be reheated, to relieve them from cooking duties for a few days.']","['low', 'high', 'low', 'high']","[-0.1446533203125, -3.53125, -3.896484375, -3.484375]","[-0.006888253348214286, -0.14125, -0.17711292613636365, -0.15838068181818182]","[0.27955031394958496, 0.24440351128578186, 0.23579378426074982, 0.24025234580039978]",0.48465587875198773,0.5153441212480123,0.015344121248012321
trait_agreeableness_00739,agreeableness,low,as_pas_only,none,trait_agreeableness_00739_act_001,high,"['trait_agreeableness_00739_act_001', 'trait_agreeableness_00739_act_002', 'trait_agreeableness_00739_act_003', 'trait_agreeableness_00739_act_004']","['Consider encouraging Destinnie to seek advice from an independent financial advisor to ensure she makes a well-informed decision.', 'Go ahead and emphasize the potential high returns of the deal to persuade Destinnie, focusing on how such investments can significantly pay off.', 'You could prioritize transparency and discuss both the potential benefits and risks openly with Destinnie, emphasizing that the final decision is hers to make.', ""You should highlight the unique chance this deal represents and pitch it as a strategically aggressive investment that shouldn't be missed.""]","['high', 'low', 'high', 'low']","[-0.328125, -4.96875, -4.83203125, -2.111328125]","[-0.014914772727272728, -0.19110576923076922, -0.17896412037037038, -0.091796875]","[0.27676624059677124, 0.23205682635307312, 0.23489154875278473, 0.25628527998924255]",0.5116578427196279,0.4883421572803721,-0.011657842719627887
trait_agreeableness_00740,agreeableness,low,as_pas_only,none,trait_agreeableness_00740_act_001,low,"['trait_agreeableness_00740_act_001', 'trait_agreeableness_00740_act_002', 'trait_agreeableness_00740_act_003', 'trait_agreeableness_00740_act_004']","[""Confront Hikari then and there by firmly stating the discomfort they're causing, to immediately address the issue."", ""Directly tell Hikari that their behavior is inappropriate and advise them to stop immediately if you feel it's disruptive enough."", 'Maybe suggest a quick, quiet walk with Hikari outside the venue to discuss the issue discreetly and help them regain composure.', 'Consider pulling Hikari aside gently to express your concerns in private, aiming to avoid public embarrassment.']","['low', 'low', 'high', 'high']","[-0.0144805908203125, -4.734375, -6.46484375, -9.1484375]","[-0.0006295909052309783, -0.189375, -0.2394386574074074, -0.457421875]","[0.30779892206192017, 0.254856675863266, 0.24241173267364502, 0.1949327141046524]",0.437344427227478,0.562655572772522,0.06265557277252198
trait_agreeableness_00741,agreeableness,low,as_pas_only,none,trait_agreeableness_00741_act_003,low,"['trait_agreeableness_00741_act_001', 'trait_agreeableness_00741_act_002', 'trait_agreeableness_00741_act_003', 'trait_agreeableness_00741_act_004']","['You might consider arranging a private, friendly chat with Janya to understand any challenges she’s facing and discuss how you can help her meet her deadlines.', 'Perhaps you could offer to help Janya organize her tasks or suggest setting up a team meeting to realign everyone’s responsibilities and deadlines.', ""Directly inform Janya that her missed deadlines are impacting the team's performance and she needs to adhere to the project timeline more strictly."", 'Send an email to Janya outlining the deadlines and mentioning that further delays could lead to discussions with higher management.']","['high', 'high', 'low', 'low']","[-10.9140625, -9.9375, -0.002040863037109375, -9.671875]","[-0.36380208333333336, -0.3680555555555556, -7.558751989293981e-05, -0.4396306818181818]","[0.22928360104560852, 0.22831040620803833, 0.32986587285995483, 0.2125401645898819]",0.45759398679760155,0.5424060132023985,0.04240601320239845
trait_agreeableness_00742,agreeableness,low,as_pas_only,none,trait_agreeableness_00742_act_001,low,"['trait_agreeableness_00742_act_001', 'trait_agreeableness_00742_act_002', 'trait_agreeableness_00742_act_003', 'trait_agreeableness_00742_act_004']","['Directly point out the flaw during the meeting and suggest an alternative strategy that mitigates these risks.', 'Consider suggesting a follow-up meeting where you can review the strategy more thoroughly together, to align on the best approach.', 'Challenge the strategy openly in the meeting to ensure everyone is aware of the potential losses, emphasizing the need for a robust discussion.', 'You could express your concerns by privately messaging your colleague, framing it as seeking to understand their perspective better.']","['low', 'high', 'low', 'high']","[-0.0249176025390625, -12.1171875, -3.8515625, -11.9921875]","[-0.001245880126953125, -0.5268342391304348, -0.1540625, -0.5710565476190477]","[0.3316609859466553, 0.19608043134212494, 0.28466033935546875, 0.18759824335575104]",0.383678674697876,0.616321325302124,0.11632132530212402
trait_agreeableness_00743,agreeableness,low,as_pas_only,none,trait_agreeableness_00743_act_002,low,"['trait_agreeableness_00743_act_001', 'trait_agreeableness_00743_act_002', 'trait_agreeableness_00743_act_003', 'trait_agreeableness_00743_act_004']","['Maybe you could offer to help train someone else to share the workload, easing the burden on you.', 'Just say no to additional shifts and prioritize your health over voluntary extras.', 'You might consider gently explaining to your supervisor your health concerns and see if you can reduce the extra shifts.', ""Take a step back and let others step up; you're not the only one who can volunteer for extra work.""]","['high', 'low', 'high', 'low']","[-8.15625, -0.0026874542236328125, -8.0625, -6.25390625]","[-0.4078125, -0.00019196101597377231, -0.38392857142857145, -0.2719089673913043]","[0.21399623155593872, 0.3216869831085205, 0.21916884183883667, 0.2451479583978653]",0.4331650669401129,0.5668349330598871,0.06683493305988708
trait_agreeableness_00744,agreeableness,low,as_pas_only,none,trait_agreeableness_00744_act_001,low,"['trait_agreeableness_00744_act_001', 'trait_agreeableness_00744_act_002', 'trait_agreeableness_00744_act_003', 'trait_agreeableness_00744_act_004']","['Escalate the issue to your manager or HR department to formally address the rumors and protect your professional reputation.', 'Address the situation directly by confronting your colleague and demand they stop spreading unfounded rumors immediately.', 'Offer to collaborate on a project together which could help improve your relationship and show your genuine intentions.', 'Invite your colleague for a coffee and gently discuss the impact their behavior is having on you, aiming to clear up any misunderstandings.']","['low', 'low', 'high', 'high']","[-0.03350830078125, -7.171875, -12.609375, -15.53125]","[-0.001523104580965909, -0.3984375, -0.6636513157894737, -0.5973557692307693]","[0.36506372690200806, 0.24546578526496887, 0.1882825493812561, 0.2011878937482834]",0.3894704605402258,0.6105295394597742,0.11052953945977417
trait_agreeableness_00745,agreeableness,low,as_pas_only,none,trait_agreeableness_00745_act_003,low,"['trait_agreeableness_00745_act_001', 'trait_agreeableness_00745_act_002', 'trait_agreeableness_00745_act_003', 'trait_agreeableness_00745_act_004']","['You could give your friend the guitar as a gift to help ease their financial burden and share the joy of music.', 'Consider lending the guitar to your friend until they can afford one, creating a win-win situation where you keep ownership and they get to play.', 'Keep the guitar since giving it away could set a precedent for similar expectations in the future.', 'Suggest that your friend looks for affordable second-hand options online, emphasizing the importance of financial responsibility.']","['high', 'high', 'low', 'low']","[-7.5859375, -7.0234375, -0.0440673828125, -8.3828125]","[-0.3298233695652174, -0.25083705357142855, -0.002448187934027778, -0.419140625]","[0.22809873521327972, 0.2468460500240326, 0.31644636392593384, 0.208608940243721]",0.4749447427739433,0.5250552572260567,0.025055257226056726
trait_agreeableness_00746,agreeableness,low,as_pas_only,none,trait_agreeableness_00746_act_002,high,"['trait_agreeableness_00746_act_001', 'trait_agreeableness_00746_act_002', 'trait_agreeableness_00746_act_003', 'trait_agreeableness_00746_act_004']","['Consider suggesting that Aythana delegate specific tasks to other team members or ask for an extension from the project lead.', ""Absolutely, offering your assistance could greatly alleviate Aythana's stress and help distribute the project tasks more manageably."", 'Recommend to Aythana to reevaluate her project plan and identify priorities; she might need to focus on key areas and drop less critical tasks.', 'Yes, stepping in to help Aythana not only supports her but also strengthens the teamwork within the project.']","['low', 'high', 'low', 'high']","[-2.6953125, -0.1644287109375, -2.759765625, -4.4921875]","[-0.1171875, -0.007149074388586957, -0.09516433189655173, -0.2041903409090909]","[0.24659311771392822, 0.2752770781517029, 0.2520841360092163, 0.226045623421669]",0.501322723984244,0.49867727601575595,-0.0013227239842440452
trait_agreeableness_00747,agreeableness,low,as_pas_only,none,trait_agreeableness_00747_act_002,low,"['trait_agreeableness_00747_act_001', 'trait_agreeableness_00747_act_002', 'trait_agreeableness_00747_act_003', 'trait_agreeableness_00747_act_004']","['Consider suggesting a brief team check-in where everyone updates the group on their progress, allowing Carielle to share in a non-confrontational setting.', ""Point out directly to Carielle during the meeting that you've noticed discrepancies in their work, asking for an immediate clarification."", 'Perhaps you could invite Carielle for a private chat to gently inquire about their progress and any challenges they might be facing.', ""Challenge Carielle in the meeting to present detailed evidence of their progress to ensure they're held accountable in front of the team.""]","['high', 'low', 'high', 'low']","[-1.771484375, -0.5751953125, -10.25, -1.7314453125]","[-0.05904947916666667, -0.0230078125, -0.41, -0.06659405048076923]","[0.2678666114807129, 0.27769705653190613, 0.18858307600021362, 0.26585328578948975]",0.45644967387766616,0.5435503261223338,0.04355032612233378
trait_agreeableness_00748,agreeableness,low,as_pas_only,none,trait_agreeableness_00748_act_002,low,"['trait_agreeableness_00748_act_001', 'trait_agreeableness_00748_act_002', 'trait_agreeableness_00748_act_003', 'trait_agreeableness_00748_act_004']","['Document specific instances where Melicia took undue credit and present these to your supervisor as evidence.', ""Report the behavior to your supervisor immediately to prevent further damage to the team's morale."", 'Consider organizing a team intervention where everyone can openly discuss their feelings about fairness and recognition.', 'You could speak with Melicia first to express your concerns and give them a chance to rectify the situation themselves.']","['low', 'low', 'high', 'high']","[-2.900390625, -0.056610107421875, -16.3125, -20.3125]","[-0.1611328125, -0.0033300063189338237, -0.9595588235294118, -0.8831521739130435]","[0.3218805491924286, 0.3769012987613678, 0.14485807716846466, 0.15636001527309418]",0.3012181103955573,0.6987818896044427,0.19878188960444265
trait_agreeableness_00749,agreeableness,low,as_pas_only,none,trait_agreeableness_00749_act_004,low,"['trait_agreeableness_00749_act_001', 'trait_agreeableness_00749_act_002', 'trait_agreeableness_00749_act_003', 'trait_agreeableness_00749_act_004']","['You might consider addressing the discomfort with Tagert directly by kindly expressing how their behavior makes you feel and seeking a mutual understanding.', 'Perhaps you could involve a mediator from HR to help facilitate a constructive conversation with Tagert, which might improve your work environment.', 'Stand your ground and confront Tagert directly about their aggressive behavior without sugarcoating your concerns.', 'Keep avoiding Tagert if interacting with them disrupts your productivity and peace of mind, focusing instead on your own work responsibilities.']","['high', 'high', 'low', 'low']","[-15.2421875, -10.0, -1.73046875, -0.1995849609375]","[-0.6096875, -0.4, -0.09107730263157894, -0.0079833984375]","[0.17427034676074982, 0.2149263471364975, 0.2927204370498657, 0.31808286905288696]",0.3891966938972473,0.6108033061027527,0.11080330610275269
trait_agreeableness_00750,agreeableness,low,as_pas_only,none,trait_agreeableness_00750_act_001,low,"['trait_agreeableness_00750_act_001', 'trait_agreeableness_00750_act_002', 'trait_agreeableness_00750_act_003', 'trait_agreeableness_00750_act_004']","['Directly challenge the strategy in a team meeting by clearly outlining the potential pitfalls and presenting your alternative solutions.', 'You might consider gently suggesting a team meeting to review the project strategy and express your concerns in a supportive manner.', 'Write a concise, fact-based email to your project leader detailing why the current strategy might fail and suggest a meeting to discuss viable alternatives.', 'Perhaps you could offer to help research or present alternative strategies that could complement the current plan without dismissing it entirely.']","['low', 'high', 'low', 'high']","[-0.322265625, -7.0546875, -1.302734375, -10.3515625]","[-0.015345982142857142, -0.32066761363636365, -0.048249421296296294, -0.4705255681818182]","[0.2995041012763977, 0.2207004725933075, 0.2898097634315491, 0.18998564779758453]",0.4106861265105922,0.5893138734894078,0.08931387348940778
trait_agreeableness_00701,agreeableness,high,elaborate_prompt_as_pas,elaborate,trait_agreeableness_00701_act_002,high,"['trait_agreeableness_00701_act_001', 'trait_agreeableness_00701_act_002', 'trait_agreeableness_00701_act_003', 'trait_agreeableness_00701_act_004']","['You could propose a meeting to discuss the strengths of each theme and consider blending elements of both to please a wider audience.', 'Maybe consult with other team members for their opinions to see if a consensus can be achieved that respects both perspectives.', 'Stick to presenting clear, data-backed arguments on why a cultural heritage theme could draw more interest and community engagement.', 'Insist on setting clear objectives for the event and demonstrate how your theme aligns better with those goals compared to a modern tech theme.']","['high', 'high', 'low', 'low']","[-4.13671875, -0.10174560546875, -10.7734375, -14.3984375]","[-0.17236328125, -0.004624800248579545, -0.48970170454545453, -0.5332754629629629]","[0.277180939912796, 0.32780173420906067, 0.2018110752105713, 0.19320623576641083]",0.6049826831368011,0.6049826831368011,0.10498268313680115
trait_agreeableness_00702,agreeableness,high,elaborate_prompt_as_pas,elaborate,trait_agreeableness_00702_act_002,high,"['trait_agreeableness_00702_act_001', 'trait_agreeableness_00702_act_002', 'trait_agreeableness_00702_act_003', 'trait_agreeableness_00702_act_004']","['Clearly communicate to your supervisor the unrealistic nature of the additional workload and negotiate down the responsibilities.', 'Consider discussing a phased approach with your boss to gradually integrate the new project while maintaining balance with your current tasks.', 'Prioritize your tasks and cut down on the least essential ones; put focus only on what genuinely requires your expertise.', 'You could ask for support from your team or colleagues to help manage the workload more efficiently.']","['low', 'high', 'low', 'high']","[-7.87890625, -0.049041748046875, -7.015625, -6.296875]","[-0.4377170138888889, -0.0022291703657670455, -0.30502717391304346, -0.3498263888888889]","[0.20922772586345673, 0.323406845331192, 0.23891626298427582, 0.22844921052455902]",0.551856031185864,0.551856031185864,0.051856031185864015
trait_agreeableness_00703,agreeableness,high,elaborate_prompt_as_pas,elaborate,trait_agreeableness_00703_act_004,low,"['trait_agreeableness_00703_act_001', 'trait_agreeableness_00703_act_002', 'trait_agreeableness_00703_act_003', 'trait_agreeableness_00703_act_004']","['Consider setting aside a portion of your bonus for your vacation and donate a portion to your friend to ease their burden.', 'Invest the bonus in a personal savings or retirement fund to ensure your future financial stability.', 'You could offer to help your friend cover some of their medical expenses with part of your bonus.', 'Use the bonus for the vacation you’ve been planning, as personal relaxation and fulfillment are important.']","['high', 'low', 'high', 'low']","[-5.74609375, -8.328125, -3.56640625, -0.43896484375]","[-0.24983016304347827, -0.4898897058823529, -0.18770559210526316, -0.02310341282894737]","[0.24359570443630219, 0.1916077435016632, 0.25920894742012024, 0.30558764934539795]",0.5028046293793039,0.5028046293793039,0.0028046293793039245
trait_agreeableness_00704,agreeableness,high,elaborate_prompt_as_pas,elaborate,trait_agreeableness_00704_act_003,high,"['trait_agreeableness_00704_act_001', 'trait_agreeableness_00704_act_002', 'trait_agreeableness_00704_act_003', 'trait_agreeableness_00704_act_004']","['Challenge the team to justify the strategy with data or precedents, given its similarity to past unsuccessful attempts.', 'Directly state the issues and shortcomings you foresee with the agreed strategy to ensure they are aware of the potential risks.', 'Maybe suggest setting up a small trial run of the strategy first, to demonstrate the outcomes before fully committing.', 'You could gently express your concerns and propose discussing alternative strategies that could prevent potential issues.']","['low', 'low', 'high', 'high']","[-11.109375, -7.46875, -0.6376953125, -1.080078125]","[-0.5290178571428571, -0.32472826086956524, -0.030366443452380952, -0.06353400735294118]","[0.18295122683048248, 0.2244177609682083, 0.3012290894985199, 0.2914019227027893]",0.5926310122013092,0.5926310122013092,0.0926310122013092
trait_agreeableness_00705,agreeableness,high,elaborate_prompt_as_pas,elaborate,trait_agreeableness_00705_act_001,high,"['trait_agreeableness_00705_act_001', 'trait_agreeableness_00705_act_002', 'trait_agreeableness_00705_act_003', 'trait_agreeableness_00705_act_004']","['You could consider politely reaching out to the rental agency to express your concerns and ask for possible solutions or compensation.', 'Maybe try to calmly discuss the discrepancies with the agency, highlighting the missing amenities and differences in the property, and request an amicable resolution.', 'Demand an immediate response from the rental agency and insist on a partial refund or relocation to a property that matches the initial description.', 'Send a firm email to the agency detailing every issue, and make it clear you expect swift action or you will consider legal advice.']","['high', 'high', 'low', 'low']","[-0.39111328125, -1.33984375, -24.015625, -15.984375]","[-0.017777876420454544, -0.0478515625, -0.960625, -0.6147836538461539]","[0.34360140562057495, 0.33342188596725464, 0.13383866846561432, 0.18913792073726654]",0.6770233722953048,0.6770233722953048,0.17702337229530485
trait_agreeableness_00706,agreeableness,high,elaborate_prompt_as_pas,elaborate,trait_agreeableness_00706_act_002,high,"['trait_agreeableness_00706_act_001', 'trait_agreeableness_00706_act_002', 'trait_agreeableness_00706_act_003', 'trait_agreeableness_00706_act_004']","['Directly confront Marybella in your next team meeting by highlighting specific instances where your ideas were dismissed and demand a justification.', 'Consider asking Marybella for a private meeting to express how valuable you feel contributions from all team members are, including yours.', 'Email the whole team including your manager outlining how the dismissal of ideas by any team member, including Marybella, negatively impacts project creativity and ask for more structured discussion protocols.', 'Maybe propose a team brainstorming session where everyone submits one idea anonymously to ensure each thought is considered without bias.']","['low', 'high', 'low', 'high']","[-15.53125, -0.01922607421875, -15.71875, -10.25]","[-0.62125, -0.00076904296875, -0.44910714285714287, -0.4659090909090909]","[0.19172786176204681, 0.3565797805786133, 0.2277434766292572, 0.2239488959312439]",0.5805286678593059,0.5805286678593059,0.0805286678593059
trait_agreeableness_00707,agreeableness,high,elaborate_prompt_as_pas,elaborate,trait_agreeableness_00707_act_003,high,"['trait_agreeableness_00707_act_001', 'trait_agreeableness_00707_act_002', 'trait_agreeableness_00707_act_003', 'trait_agreeableness_00707_act_004']","['Perhaps eat a healthy meal before the party to lessen your cravings and politely sample very small amounts of your favorite foods.', 'Just say no to the unhealthy options and stick firmly to your diet plan; it’s about your health after all.', 'You could bring a dish to share that fits your diet so you have a healthy option available and still enjoy the party.', 'Ignore the offerings and focus on socializing, not eating; you’re there for your friend, not the food.']","['high', 'low', 'high', 'low']","[-5.63671875, -3.154296875, -0.200439453125, -17.453125]","[-0.24507472826086957, -0.13714334239130435, -0.008351643880208334, -0.7588315217391305]","[0.2513001561164856, 0.2799411714076996, 0.3184199631214142, 0.1503387838602066]",0.5697200767904462,0.5697200767904462,0.06972007679044623
trait_agreeableness_00708,agreeableness,high,elaborate_prompt_as_pas,elaborate,trait_agreeableness_00708_act_003,high,"['trait_agreeableness_00708_act_001', 'trait_agreeableness_00708_act_002', 'trait_agreeableness_00708_act_003', 'trait_agreeableness_00708_act_004']","['Simply note the achievement directly to Nazareth and mention that you noticed the milestone, encouraging them to own their success publicly.', ""Challenge Nazareth in a light-hearted manner about why they haven't boasted about their success yet, to push them out of their comfort zone."", 'Encourage mutual friends or coworkers to subtly acknowledge the achievement, fostering a supportive environment without overwhelming Nazareth.', 'Quietly congratulate Nazareth in a personal message to show your support and respect for their privacy.']","['low', 'low', 'high', 'high']","[-1.310546875, -9.3203125, -0.419189453125, -3.029296875]","[-0.054606119791666664, -0.33286830357142855, -0.019961402529761904, -0.15943667763157895]","[0.27079522609710693, 0.20501860976219177, 0.2803412675857544, 0.2438448965549469]",0.5241861641407013,0.5241861641407013,0.024186164140701294
trait_agreeableness_00709,agreeableness,high,elaborate_prompt_as_pas,elaborate,trait_agreeableness_00709_act_001,high,"['trait_agreeableness_00709_act_001', 'trait_agreeableness_00709_act_002', 'trait_agreeableness_00709_act_003', 'trait_agreeableness_00709_act_004']","['Consider politely telling Zacharyah that his advances are making you uncomfortable and you would like to keep your relationship professional.', 'Maybe talk to a trusted colleague or a supervisor for advice on how to approach Zacharyah about this sensitive issue.', 'Directly tell Zacharyah to stop the advances, asserting that they are inappropriate and unwelcome at the workplace.', 'If speaking to him directly doesn’t work, report the behavior to your HR department to handle it formally.']","['high', 'high', 'low', 'low']","[-0.0380859375, -4.3046875, -13.5234375, -10.09375]","[-0.0016559103260869565, -0.1871603260869565, -0.5879755434782609, -0.4806547619047619]","[0.3326171636581421, 0.2763001322746277, 0.18505859375, 0.20602412521839142]",0.6089172868591951,0.6089172868591951,0.1089172868591951
trait_agreeableness_00710,agreeableness,high,elaborate_prompt_as_pas,elaborate,trait_agreeableness_00710_act_004,high,"['trait_agreeableness_00710_act_001', 'trait_agreeableness_00710_act_002', 'trait_agreeableness_00710_act_003', 'trait_agreeableness_00710_act_004']","['Demand an explanation as to why you were excluded from the discussion, asserting your right to know what concerns your family.', 'Approach a family member gently and express that you would appreciate being included in the conversation as it would help you cope better with the group.', 'Confront the family decisively about the secrecy, making it clear that you expect transparency in future matters.', 'Politely express to your family that you feel left out and assure them that you are capable of handling the situation more calmly with their support.']","['low', 'high', 'low', 'high']","[-22.3125, -1.1513671875, -15.6328125, -0.55810546875]","[-0.970108695652174, -0.04112025669642857, -0.7444196428571429, -0.019932338169642856]","[0.1356613039970398, 0.3434872031211853, 0.1700088381767273, 0.3508426249027252]",0.6943298487165526,0.6943298487165526,0.19432984871655257
trait_agreeableness_00711,agreeableness,high,elaborate_prompt_as_pas,elaborate,trait_agreeableness_00711_act_003,high,"['trait_agreeableness_00711_act_001', 'trait_agreeableness_00711_act_002', 'trait_agreeableness_00711_act_003', 'trait_agreeableness_00711_act_004']","['Perhaps you might weigh the emotional costs against the professional gains and decide if the move aligns with your long-term personal happiness and career goals.', 'Take the job; advancing in your career is a priority, and the significant pay increase justifies the move.', 'You could consider accepting the job and finding ways to maintain strong relationships with your family and friends through regular visits and digital communication.', 'Move to the new city; it’s a valuable opportunity for professional growth, and personal relationships can adapt if they’re truly important.']","['high', 'low', 'high', 'low']","[-9.4453125, -2.43359375, -0.11651611328125, -6.3671875]","[-0.3373325892857143, -0.11061789772727272, -0.00466064453125, -0.24489182692307693]","[0.2107033133506775, 0.26432138681411743, 0.29386574029922485, 0.23110954463481903]",0.5045690611685673,0.5045690611685673,0.004569061168567257
trait_agreeableness_00712,agreeableness,high,elaborate_prompt_as_pas,elaborate,trait_agreeableness_00712_act_003,high,"['trait_agreeableness_00712_act_001', 'trait_agreeableness_00712_act_002', 'trait_agreeableness_00712_act_003', 'trait_agreeableness_00712_act_004']","['Consider leveraging your time on more personal meetings where you can have genuine interactions, rather than a large industry event.', 'Skip the dinner if it really goes against your preferences and focus on networking in ways that make you feel comfortable.', 'You might find it rewarding to go and connect with a few people, making the experience more manageable and meaningful for you.', 'Consider attending the dinner to nurture relationships that could be beneficial for future collaborations or opportunities.']","['low', 'low', 'high', 'high']","[-9.1328125, -11.7890625, -0.2081298828125, -1.7724609375]","[-0.4151278409090909, -0.5358664772727273, -0.008672078450520834, -0.1042624080882353]","[0.2104218602180481, 0.18648964166641235, 0.3159456253051758, 0.2871428430080414]",0.6030884862866547,0.6030884862866547,0.10308848628665468
trait_agreeableness_00713,agreeableness,high,elaborate_prompt_as_pas,elaborate,trait_agreeableness_00713_act_002,high,"['trait_agreeableness_00713_act_001', 'trait_agreeableness_00713_act_002', 'trait_agreeableness_00713_act_003', 'trait_agreeableness_00713_act_004']","[""You could accept the nomination gracefully as it honors not just your work but also your team's effort."", 'Perhaps you might consider a compromise by accepting the nomination and requesting a more low-key acknowledgment at the ceremony.', 'Decline the nomination if it makes you uncomfortable; maintaining your personal comfort is more important than external recognition.', 'You might just let them know that while you appreciate the gesture, you prefer achievements to be celebrated internally rather than publicly.']","['high', 'high', 'low', 'low']","[-3.234375, -0.076171875, -16.578125, -3.748046875]","[-0.16171875, -0.003627232142857143, -0.7894345238095238, -0.15616861979166666]","[0.2694946527481079, 0.31565192341804504, 0.1438588798046112, 0.27099454402923584]",0.585146576166153,0.585146576166153,0.08514657616615295
trait_agreeableness_00714,agreeableness,high,elaborate_prompt_as_pas,elaborate,trait_agreeableness_00714_act_002,high,"['trait_agreeableness_00714_act_001', 'trait_agreeableness_00714_act_002', 'trait_agreeableness_00714_act_003', 'trait_agreeableness_00714_act_004']","['Just let them know that your current responsibilities cannot be set aside, and you must prioritize completing your pending work this weekend.', 'You might consider delegating some of your tasks or rescheduling commitments so you can join your friends and maintain those cherished relationships.', 'Suggest an alternate weekend for the getaway when you are less busy, demonstrating your interest while staying committed to your personal obligations.', 'Perhaps you could work a few extra hours before the weekend to clear up some urgent tasks, allowing you to enjoy the getaway without worries.']","['low', 'high', 'low', 'high']","[-14.796875, -0.093505859375, -2.625, -4.140625]","[-0.6165364583333334, -0.003740234375, -0.105, -0.15335648148148148]","[0.16386578977108002, 0.3024281859397888, 0.2733038365840912, 0.26040226221084595]",0.5628304062165017,0.5628304062165017,0.06283040621650171
trait_agreeableness_00715,agreeableness,high,elaborate_prompt_as_pas,elaborate,trait_agreeableness_00715_act_003,high,"['trait_agreeableness_00715_act_001', 'trait_agreeableness_00715_act_002', 'trait_agreeableness_00715_act_003', 'trait_agreeableness_00715_act_004']","['Suggest a team coffee break for everyone to refresh and help Ulisess feel less isolated in his stress.', 'Advise Ulisess to delegate some tasks to others to manage his workload better, which might alleviate his stress.', 'Offer to take a short walk with Ulisess during lunch, allowing for a change of scenery and a physical break from work.', 'Recommend that Ulisess reevaluate his project timeline and priorities, possibly pushing back less critical tasks.']","['high', 'low', 'high', 'low']","[-2.634765625, -3.30078125, -0.1346435546875, -4.18359375]","[-0.11976207386363637, -0.14351222826086957, -0.005178598257211538, -0.2091796875]","[0.24922743439674377, 0.24337798357009888, 0.27948519587516785, 0.2279094159603119]",0.5287126145150478,0.5287126145150478,0.028712614515047807
trait_agreeableness_00716,agreeableness,high,elaborate_prompt_as_pas,elaborate,trait_agreeableness_00716_act_003,high,"['trait_agreeableness_00716_act_001', 'trait_agreeableness_00716_act_002', 'trait_agreeableness_00716_act_003', 'trait_agreeableness_00716_act_004']","['Decline the invitation as your workload and commitments cannot be compromised for additional social events.', 'Skip the ball; prioritize completing your major project and maintaining your current commitments.', ""Maybe you could go to the ball with Ranvir but let him know in advance that you'll need to leave early to manage your other commitments."", 'Consider attending the charity ball for just a short time to show support before focusing back on your project.']","['low', 'low', 'high', 'high']","[-12.0546875, -6.97265625, -0.009735107421875, -6.0078125]","[-0.7090992647058824, -0.46484375, -0.000335693359375, -0.300390625]","[0.1720275729894638, 0.21962253749370575, 0.34947022795677185, 0.258879691362381]",0.608349901188913,0.608349901188913,0.10834990118891297
trait_agreeableness_00717,agreeableness,high,elaborate_prompt_as_pas,elaborate,trait_agreeableness_00717_act_003,low,"['trait_agreeableness_00717_act_001', 'trait_agreeableness_00717_act_002', 'trait_agreeableness_00717_act_003', 'trait_agreeableness_00717_act_004']","['Consider crafting homemade gifts, which can be both meaningful and budget-friendly.', 'You might also think about baking treats to bring to the parties, as this is an affordable and heartfelt alternative to traditional gifts.', 'Just opt out of gift-giving and explain your financial situation honestly if anyone asks.', 'Alternatively, buy a single bulk gift item that you can split among the various parties to minimize costs.']","['high', 'high', 'low', 'low']","[-1.4716796875, -3.376953125, -0.583984375, -4.29296875]","[-0.10511997767857142, -0.135078125, -0.03435202205882353, -0.2146484375]","[0.25380226969718933, 0.24631157517433167, 0.27241411805152893, 0.2274719625711441]",0.5001138821329089,0.5001138821329089,0.00011388213290886018
trait_agreeableness_00718,agreeableness,high,elaborate_prompt_as_pas,elaborate,trait_agreeableness_00718_act_002,high,"['trait_agreeableness_00718_act_001', 'trait_agreeableness_00718_act_002', 'trait_agreeableness_00718_act_003', 'trait_agreeableness_00718_act_004']","[""You should remain neutral, not laughing or reacting, to clearly indicate that such jokes aren't suitable for the workplace."", ""You might offer a light smile to acknowledge Geordie's attempt at humor without encouraging the nature of the joke."", 'Address Geordie later in private, suggesting that he consider the timing and content of his jokes more carefully in the future.', 'Perhaps gently change the subject to help move the conversation away from the joke and towards more appropriate meeting topics.']","['low', 'high', 'low', 'high']","[-4.4375, -0.12481689453125, -5.01953125, -2.865234375]","[-0.19293478260869565, -0.005426821501358696, -0.20078125, -0.13643973214285715]","[0.2349323034286499, 0.2833847105503082, 0.2330961376428604, 0.24858689308166504]",0.5319715798509905,0.5319715798509905,0.03197157985099053
trait_agreeableness_00719,agreeableness,high,elaborate_prompt_as_pas,elaborate,trait_agreeableness_00719_act_003,high,"['trait_agreeableness_00719_act_001', 'trait_agreeableness_00719_act_002', 'trait_agreeableness_00719_act_003', 'trait_agreeableness_00719_act_004']","['You might consider asking her if there’s anything specific you can do to help, showing your support goes beyond just professional boundaries.', 'Evaluate if sending flowers could set a precedent you’re uncomfortable with; maintaining professional boundaries is crucial.', 'Sending a thoughtful card along with the flowers can express your support and empathy during her difficult times.', 'Consider simply acknowledging her situation verbally when appropriate, which keeps the support subtle and professional.']","['high', 'low', 'high', 'low']","[-5.43359375, -6.640625, -0.83056640625, -2.92578125]","[-0.21734375, -0.3495065789473684, -0.04371402138157895, -0.17210477941176472]","[0.24318526685237885, 0.21307851374149323, 0.28929683566093445, 0.2544393539428711]",0.532482118382517,0.532482118382517,0.03248211838251702
trait_agreeableness_00720,agreeableness,high,elaborate_prompt_as_pas,elaborate,trait_agreeableness_00720_act_004,high,"['trait_agreeableness_00720_act_001', 'trait_agreeableness_00720_act_002', 'trait_agreeableness_00720_act_003', 'trait_agreeableness_00720_act_004']","['Suggest that Shandel looks into affordable financing or leasing options for a new laptop instead of giving yours away.', 'Keep the laptop for yourself since it could be useful for your future needs, and Shandel can explore other options to acquire one.', 'Consider surprising Shandel with the laptop, making it a heartfelt gesture to help them succeed in their projects.', 'You could gift the laptop to Shandel, as it would really boost their productivity and show how much you support their endeavors.']","['low', 'low', 'high', 'high']","[-5.58984375, -16.515625, -0.99658203125, -0.58447265625]","[-0.2540838068181818, -0.6352163461538461, -0.04745628720238095, -0.02337890625]","[0.2396874874830246, 0.16372749209403992, 0.29470163583755493, 0.30188339948654175]",0.596585026434287,0.596585026434287,0.09658502643428701
trait_agreeableness_00721,agreeableness,high,elaborate_prompt_as_pas,elaborate,trait_agreeableness_00721_act_001,high,"['trait_agreeableness_00721_act_001', 'trait_agreeableness_00721_act_002', 'trait_agreeableness_00721_act_003', 'trait_agreeableness_00721_act_004']","['You might consider gently expressing to Loujain how much effort and care you put into looking after their cat, which could naturally lead them to offer some form of gratitude.', 'Perhaps you could ask Loujain if they’d be willing to cover the costs you incurred while caring for their pet, as a kind gesture of appreciation.', 'Directly ask Loujain for a compensation for the expenses and time you invested in taking care of the cat, emphasizing that it is only fair.', 'Tell Loujain that taking care of their cat involved certain costs and effort on your part, and it would be reasonable to expect some form of compensation for your troubles.']","['high', 'high', 'low', 'low']","[-0.0638427734375, -3.263671875, -6.63671875, -7.625]","[-0.001877728630514706, -0.10527973790322581, -0.22122395833333333, -0.22426470588235295]","[0.2852730453014374, 0.2572490870952606, 0.22908669710159302, 0.2283911556005478]",0.5425221404809079,0.5425221404809079,0.042522140480907855
trait_agreeableness_00722,agreeableness,high,elaborate_prompt_as_pas,elaborate,trait_agreeableness_00722_act_002,high,"['trait_agreeableness_00722_act_001', 'trait_agreeableness_00722_act_002', 'trait_agreeableness_00722_act_003', 'trait_agreeableness_00722_act_004']","['Politely decline, explaining that you already have commitments to your personal health this weekend.', 'Offer to help Nazair for a few hours on one day of the weekend so you can also have time for your relaxation.', 'Suggest that Nazair asks other friends who might not already have plans, as your weekend is already booked for personal time.', ""Suggest that Nazair could hire professional movers and you'll provide support by organizing meals or refreshments for everyone on the moving day.""]","['low', 'high', 'low', 'high']","[-10.4296875, -0.012237548828125, -7.34765625, -4.6875]","[-0.6135110294117647, -0.000489501953125, -0.29390625, -0.1736111111111111]","[0.17315608263015747, 0.31964626908302307, 0.2383638471364975, 0.26883381605148315]",0.5884800763654697,0.5884800763654697,0.08848007636546973
trait_agreeableness_00723,agreeableness,high,elaborate_prompt_as_pas,elaborate,trait_agreeableness_00723_act_003,high,"['trait_agreeableness_00723_act_001', 'trait_agreeableness_00723_act_002', 'trait_agreeableness_00723_act_003', 'trait_agreeableness_00723_act_004']","[""Maybe express to Tavleen how you're feeling and ask if she's open to the idea of ordering a ride for you, so she can continue enjoying the party."", 'Tell Tavleen directly that you need to leave for your own comfort, regardless of her having fun.', 'You could suggest a compromise to Tavleen; perhaps staying just a bit longer to meet her happiness, then leaving together.', 'Inform Tavleen that you are calling a taxi for yourself because you want to leave now.']","['high', 'low', 'high', 'low']","[-2.525390625, -8.6640625, -0.11981201171875, -12.0234375]","[-0.07427619485294118, -0.41257440476190477, -0.00479248046875, -0.6328125]","[0.29788652062416077, 0.21238793432712555, 0.31932082772254944, 0.17040471732616425]",0.6172073483467102,0.6172073483467102,0.1172073483467102
trait_agreeableness_00724,agreeableness,high,elaborate_prompt_as_pas,elaborate,trait_agreeableness_00724_act_003,high,"['trait_agreeableness_00724_act_001', 'trait_agreeableness_00724_act_002', 'trait_agreeableness_00724_act_003', 'trait_agreeableness_00724_act_004']","['Suggest that Josalyn finds an alternative or waits for another time when you are less occupied.', 'Keep your business appointment as planned; it’s important to prioritize commitments that impact your professional goals.', 'Perhaps offer to help Josalyn after your business appointment, blending commitment with your supportive nature.', ""You might consider rescheduling the business appointment if Josalyn's request could foster a supportive relationship.""]","['low', 'low', 'high', 'high']","[-8.65625, -18.40625, -0.66015625, -0.7880859375]","[-0.4328125, -0.96875, -0.034745065789473686, -0.039404296875]","[0.2194865494966507, 0.12842607498168945, 0.3268032670021057, 0.3252841532230377]",0.6520873910745655,0.6520873910745655,0.15208739107456548
trait_agreeableness_00725,agreeableness,high,elaborate_prompt_as_pas,elaborate,trait_agreeableness_00725_act_001,high,"['trait_agreeableness_00725_act_001', 'trait_agreeableness_00725_act_002', 'trait_agreeableness_00725_act_003', 'trait_agreeableness_00725_act_004']","[""Apologize sincerely to Webber for the comment and ask them how they feel or if there's anything they'd like to talk about."", 'Express your regret over the upsetting comment, then gently shift the conversation towards a topic that Webber enjoys to lighten the mood.', 'Clarify your comment to Webber, explaining your point of view so they understand your perspective better.', 'Ask Webber to explain why your comment upset them, which can lead to a clearer understanding on both sides.']","['high', 'high', 'low', 'low']","[-0.198486328125, -1.7744140625, -13.2578125, -8.6171875]","[-0.007088797433035714, -0.0709765625, -0.662890625, -0.3916903409090909]","[0.3186887502670288, 0.298965185880661, 0.1654076725244522, 0.21693839132785797]",0.6176539361476898,0.6176539361476898,0.11765393614768982
trait_agreeableness_00726,agreeableness,high,elaborate_prompt_as_pas,elaborate,trait_agreeableness_00726_act_002,high,"['trait_agreeableness_00726_act_001', 'trait_agreeableness_00726_act_002', 'trait_agreeableness_00726_act_003', 'trait_agreeableness_00726_act_004']","['Suggest that Stevielynn should speak to a financial advisor to better manage her expenses and debt.', 'Offer to help Stevielynn by covering some of her medical expenses or by lending her money if that feels right to you.', 'Advise Stevielynn to negotiate the bills or seek cheaper medical alternatives for future treatments.', 'Consider providing support by helping Stevielynn find financial aid programs or charities that assist with medical bills.']","['low', 'high', 'low', 'high']","[-9.0859375, -0.002902984619140625, -8.375, -6.921875]","[-0.43266369047619047, -0.00011165325458233173, -0.4407894736842105, -0.32961309523809523]","[0.21544106304645538, 0.3320346772670746, 0.21369753777980804, 0.2388266623020172]",0.5708613735950812,0.5708613735950812,0.07086137359508116
trait_agreeableness_00727,agreeableness,high,elaborate_prompt_as_pas,elaborate,trait_agreeableness_00727_act_003,high,"['trait_agreeableness_00727_act_001', 'trait_agreeableness_00727_act_002', 'trait_agreeableness_00727_act_003', 'trait_agreeableness_00727_act_004']","['Consider starting with the positive aspects of the policy, then transition into your concerns, ensuring you maintain a respectful tone throughout.', 'Directly challenge the policy by presenting strong, logical arguments against it and demand a review from management.', 'You could express your concerns by highlighting how the policy impacts team morale, and gently suggest possible alternatives that could benefit everyone.', ""Question the policy's fairness and effectiveness in the meeting, and push for an immediate reconsideration by presenting the overall dissatisfaction of your colleagues.""]","['high', 'low', 'high', 'low']","[-3.21484375, -6.82421875, -0.13720703125, -12.8671875]","[-0.13395182291666666, -0.3412109375, -0.005716959635416667, -0.4765625]","[0.27325811982154846, 0.22210665047168732, 0.31064528226852417, 0.19398991763591766]",0.5839034194917506,0.5839034194917506,0.08390341949175062
trait_agreeableness_00728,agreeableness,high,elaborate_prompt_as_pas,elaborate,trait_agreeableness_00728_act_004,high,"['trait_agreeableness_00728_act_001', 'trait_agreeableness_00728_act_002', 'trait_agreeableness_00728_act_003', 'trait_agreeableness_00728_act_004']","[""Propose a formal vote on the project during the next team meeting to decisively address and move beyond Kashtin's opposition."", ""Firmly defend your project's merits in the next meeting, showcasing robust evidence and data to counter his objections."", 'Consider inviting Kashtin to co-present the project, integrating his viewpoints to strengthen the proposal.', 'Schedule a one-on-one meeting with Kashtin to understand his concerns and discuss potential compromises.']","['low', 'low', 'high', 'high']","[-9.3671875, -5.4609375, -0.77783203125, -0.68212890625]","[-0.3602764423076923, -0.2374320652173913, -0.040938527960526314, -0.03590152138157895]","[0.20449520647525787, 0.2312244474887848, 0.281429648399353, 0.2828507721424103]",0.5642803784995989,0.5642803784995989,0.06428037849959889
trait_agreeableness_00729,agreeableness,high,elaborate_prompt_as_pas,elaborate,trait_agreeableness_00729_act_001,high,"['trait_agreeableness_00729_act_001', 'trait_agreeableness_00729_act_002', 'trait_agreeableness_00729_act_003', 'trait_agreeableness_00729_act_004']","['Offer to spend time with Janely, perhaps going for a walk or watching a movie together to help her feel less alone.', 'Consider sending Janely a care package filled with her favorite treats and a heartfelt note to show your support and affection.', 'Encourage Janely to join a support group where she can connect with people who understand her grief and can offer perspective.', 'Suggest that Janely seeks professional counseling to address her feelings of hopelessness and to develop coping strategies.']","['high', 'high', 'low', 'low']","[-0.394287109375, -4.51953125, -1.3828125, -5.22265625]","[-0.015771484375, -0.19650135869565216, -0.0576171875, -0.24869791666666666]","[0.27887076139450073, 0.23276248574256897, 0.2674420177936554, 0.2209247201681137]",0.5116332547609993,0.5116332547609993,0.011633254760999301
trait_agreeableness_00730,agreeableness,high,elaborate_prompt_as_pas,elaborate,trait_agreeableness_00730_act_002,high,"['trait_agreeableness_00730_act_001', 'trait_agreeableness_00730_act_002', 'trait_agreeableness_00730_act_003', 'trait_agreeableness_00730_act_004']","['Withhold Meital’s paycheck as a firm action to underline the seriousness of the performance issues and motivate improvement.', 'Consider setting up a meeting with Meital to openly discuss performance issues and explore supportive measures to help improve their work.', 'Implement a direct policy that ties Meital’s pay to specific performance metrics, ensuring accountability and immediate consequences for underperformance.', 'You might want to create an improvement plan that outlines clear goals and timelines for Meital, providing regular feedback and encouragement.']","['low', 'high', 'low', 'high']","[-11.8359375, -1.8662109375, -6.47265625, -11.7578125]","[-0.5379971590909091, -0.08113960597826086, -0.2696940104166667, -0.4899088541666667]","[0.20258863270282745, 0.3199085295200348, 0.2649340033531189, 0.21256884932518005]",0.5324773709106837,0.5324773709106837,0.0324773709106837
trait_agreeableness_00731,agreeableness,high,elaborate_prompt_as_pas,elaborate,trait_agreeableness_00731_act_003,high,"['trait_agreeableness_00731_act_001', 'trait_agreeableness_00731_act_002', 'trait_agreeableness_00731_act_003', 'trait_agreeableness_00731_act_004']","['Perhaps you could delegate some of your responsibilities to other volunteers, which would allow you to continue supporting the charity while also managing your stress better.', ""It's practical to prioritize your own health and professional duties over volunteering; you can always return to it when you're in a better position."", 'You might consider reducing your hours slightly and finding a schedule that allows more time for rest, maintaining your commitment but taking care of your health too.', 'Consider taking a complete break from volunteering to focus entirely on your personal and professional life until you feel less overwhelmed.']","['high', 'low', 'high', 'low']","[-5.05078125, -6.29296875, -0.079345703125, -6.4609375]","[-0.18038504464285715, -0.22474888392857142, -0.002736058728448276, -0.2936789772727273]","[0.24728603661060333, 0.23655526340007782, 0.29535990953445435, 0.2207987755537033]",0.5426459542311125,0.5426459542311125,0.042645954231112504
trait_agreeableness_00732,agreeableness,high,elaborate_prompt_as_pas,elaborate,trait_agreeableness_00732_act_002,low,"['trait_agreeableness_00732_act_001', 'trait_agreeableness_00732_act_002', 'trait_agreeableness_00732_act_003', 'trait_agreeableness_00732_act_004']","['Recommend that they check local moving services or rental trucks, as you need to prioritize your own commitments this weekend.', 'Politely explain that you have long-standing personal plans and suggest that they reschedule the move or ask another friend for help.', 'You could suggest hiring professional movers and then visiting your friend after your retreat to help them unpack and settle in.', 'Offer to help your friend with packing a day or two before your retreat, so you can still support them without cancelling your plans.']","['low', 'low', 'high', 'high']","[-4.59375, -1.1064453125, -1.125, -1.32421875]","[-0.20880681818181818, -0.0442578125, -0.05113636363636364, -0.050931490384615384]","[0.22120654582977295, 0.26077184081077576, 0.2589842677116394, 0.2590373158454895]",0.5180215989953756,0.5180215989953756,0.018021598995375587
trait_agreeableness_00733,agreeableness,high,elaborate_prompt_as_pas,elaborate,trait_agreeableness_00733_act_001,high,"['trait_agreeableness_00733_act_001', 'trait_agreeableness_00733_act_002', 'trait_agreeableness_00733_act_003', 'trait_agreeableness_00733_act_004']","['You could politely excuse yourself from your current commitment, explaining the importance of timely attendance at your work meeting.', 'Consider contacting a colleague who is also attending the meeting and kindly ask if they can cover the beginning part until you arrive.', ""Just focus on finishing your current commitment properly, even if it means being late; you can't always please everyone."", ""Send a quick message to inform them you'll be late, then proceed with your current engagement without cutting it short.""]","['high', 'high', 'low', 'low']","[-0.75732421875, -2.81640625, -0.95703125, -2.990234375]","[-0.03606305803571429, -0.11735026041666667, -0.04161005434782609, -0.1300101902173913]","[0.2613198757171631, 0.2409183382987976, 0.2598743438720703, 0.23788756132125854]",0.5022381541445071,0.5022381541445071,0.0022381541445071207
trait_agreeableness_00734,agreeableness,high,elaborate_prompt_as_pas,elaborate,trait_agreeableness_00734_act_001,low,"['trait_agreeableness_00734_act_001', 'trait_agreeableness_00734_act_002', 'trait_agreeableness_00734_act_003', 'trait_agreeableness_00734_act_004']","['Directly ask both colleagues to clarify their points and explain the reasoning behind their disagreements in the meeting, fostering a clear and open dialogue.', 'You might consider suggesting a team-building activity that focuses on communication skills, which can improve overall team harmony without direct confrontation.', 'You could inform your manager about the disruptive behavior, letting them handle the situation and possibly mediate the conflict.', 'Perhaps you could recommend a feedback session where everyone gets the chance to express their thoughts in a structured manner, making the atmosphere more open and less tense.']","['low', 'high', 'low', 'high']","[-0.705078125, -3.029296875, -17.75, -6.62109375]","[-0.02611400462962963, -0.126220703125, -0.8068181818181818, -0.220703125]","[0.3138734996318817, 0.28397417068481445, 0.14378021657466888, 0.25837212800979614]",0.5423462906130211,0.5423462906130211,0.04234629061302109
trait_agreeableness_00735,agreeableness,high,elaborate_prompt_as_pas,elaborate,trait_agreeableness_00735_act_002,low,"['trait_agreeableness_00735_act_001', 'trait_agreeableness_00735_act_002', 'trait_agreeableness_00735_act_003', 'trait_agreeableness_00735_act_004']","['Maybe you can ask your friend how they feel about their project first to understand their perspective before sharing your thoughts.', 'Just be straightforward and tell your friend what you really think about the art project; they asked for honesty, after all.', 'You could mention specific aspects you like while gently suggesting improvements in areas you think could be better.', 'Recommend your friend to seek feedback from professional artists as well, which can provide them with a more objective critique.']","['high', 'low', 'high', 'low']","[-2.8984375, -0.086669921875, -3.681640625, -8.9453125]","[-0.1317471590909091, -0.0036112467447916665, -0.19377055921052633, -0.40660511363636365]","[0.26067134737968445, 0.2963070869445801, 0.24499481916427612, 0.19802682101726532]",0.5056661288688981,0.5056661288688981,0.005666128868898057
trait_agreeableness_00736,agreeableness,high,elaborate_prompt_as_pas,elaborate,trait_agreeableness_00736_act_003,high,"['trait_agreeableness_00736_act_001', 'trait_agreeableness_00736_act_002', 'trait_agreeableness_00736_act_003', 'trait_agreeableness_00736_act_004']","['Suggest a compromise where Jahnia could redistribute some of the tasks among other team members to lessen your burden.', 'Decline the proposal, citing your current responsibilities and the importance of maintaining your personal life balance.', 'Perhaps you could agree to the new plan, but clarify your availability and limits to ensure your personal time is respected.', 'You might consider agreeing to the plan but also ask for help or support to manage the increased workload effectively.']","['low', 'low', 'high', 'high']","[-7.02734375, -13.8046875, -0.425537109375, -3.19921875]","[-0.3194247159090909, -0.7265625, -0.018501613451086956, -0.15234375]","[0.23817984759807587, 0.15852117538452148, 0.32180607318878174, 0.28149282932281494]",0.603298947460871,0.603298947460871,0.10329894746087098
trait_agreeableness_00737,agreeableness,high,elaborate_prompt_as_pas,elaborate,trait_agreeableness_00737_act_002,high,"['trait_agreeableness_00737_act_001', 'trait_agreeableness_00737_act_002', 'trait_agreeableness_00737_act_003', 'trait_agreeableness_00737_act_004']","['You could gently remind your colleagues about the value of discussing concerns directly with PersonZ to promote a more understanding and supportive work environment.', 'Consider sharing positive experiences or achievements of PersonZ to subtly shift the tone of the conversation to something more constructive and appreciative.', ""You might propose focusing the discussion on tasks and projects instead, pointing out that speculative talk is not productive or beneficial for the team's goals."", 'Suggest setting up a meeting where concerns can be addressed openly with PersonZ present, ensuring a fair dialogue and cutting out behind-the-back criticisms.']","['high', 'high', 'low', 'low']","[-2.9921875, -0.396728515625, -1.8974609375, -7.75]","[-0.11508413461538461, -0.015869140625, -0.06776646205357142, -0.2672413793103448]","[0.24927635490894318, 0.2752768099308014, 0.26135507225990295, 0.21409180760383606]",0.5245531413903918,0.5245531413903918,0.024553141390391775
trait_agreeableness_00738,agreeableness,high,elaborate_prompt_as_pas,elaborate,trait_agreeableness_00738_act_002,high,"['trait_agreeableness_00738_act_001', 'trait_agreeableness_00738_act_002', 'trait_agreeableness_00738_act_003', 'trait_agreeableness_00738_act_004']","['Recommend they look into local community services like food banks and job training workshops to become more self-sufficient.', 'Offer to babysit the children a couple of times a week to give the parents time to job search or handle other responsibilities.', 'Suggest setting up a schedule where they can gradually take over the childcare and household chores as they stabilize financially.', 'Prepare some extra meals that can easily be reheated, to relieve them from cooking duties for a few days.']","['low', 'high', 'low', 'high']","[-4.41015625, -0.4912109375, -1.4619140625, -2.318359375]","[-0.21000744047619047, -0.0196484375, -0.06645063920454546, -0.10537997159090909]","[0.2234959900379181, 0.27035948634147644, 0.25799760222435, 0.2481469064950943]",0.5185064005629182,0.5185064005629182,0.01850640056291819
trait_agreeableness_00739,agreeableness,high,elaborate_prompt_as_pas,elaborate,trait_agreeableness_00739_act_003,high,"['trait_agreeableness_00739_act_001', 'trait_agreeableness_00739_act_002', 'trait_agreeableness_00739_act_003', 'trait_agreeableness_00739_act_004']","['Consider encouraging Destinnie to seek advice from an independent financial advisor to ensure she makes a well-informed decision.', 'Go ahead and emphasize the potential high returns of the deal to persuade Destinnie, focusing on how such investments can significantly pay off.', 'You could prioritize transparency and discuss both the potential benefits and risks openly with Destinnie, emphasizing that the final decision is hers to make.', ""You should highlight the unique chance this deal represents and pitch it as a strategically aggressive investment that shouldn't be missed.""]","['high', 'low', 'high', 'low']","[-5.87109375, -8.703125, -0.01345062255859375, -6.765625]","[-0.2668678977272727, -0.3347355769230769, -0.0004981712058738425, -0.29415760869565216]","[0.23737852275371552, 0.2218027263879776, 0.30983060598373413, 0.23098812997341156]",0.5472091368915012,0.5472091368915012,0.04720913689150119
trait_agreeableness_00740,agreeableness,high,elaborate_prompt_as_pas,elaborate,trait_agreeableness_00740_act_003,high,"['trait_agreeableness_00740_act_001', 'trait_agreeableness_00740_act_002', 'trait_agreeableness_00740_act_003', 'trait_agreeableness_00740_act_004']","[""Confront Hikari then and there by firmly stating the discomfort they're causing, to immediately address the issue."", ""Directly tell Hikari that their behavior is inappropriate and advise them to stop immediately if you feel it's disruptive enough."", 'Maybe suggest a quick, quiet walk with Hikari outside the venue to discuss the issue discreetly and help them regain composure.', 'Consider pulling Hikari aside gently to express your concerns in private, aiming to avoid public embarrassment.']","['low', 'low', 'high', 'high']","[-7.703125, -5.9609375, -0.0222015380859375, -4.3359375]","[-0.33491847826086957, -0.2384375, -0.0008222791883680555, -0.216796875]","[0.2162935435771942, 0.23820161819458008, 0.3020923137664795, 0.24341261386871338]",0.545504878863256,0.545504878863256,0.04550487886325605
trait_agreeableness_00741,agreeableness,high,elaborate_prompt_as_pas,elaborate,trait_agreeableness_00741_act_001,high,"['trait_agreeableness_00741_act_001', 'trait_agreeableness_00741_act_002', 'trait_agreeableness_00741_act_003', 'trait_agreeableness_00741_act_004']","['You might consider arranging a private, friendly chat with Janya to understand any challenges she’s facing and discuss how you can help her meet her deadlines.', 'Perhaps you could offer to help Janya organize her tasks or suggest setting up a team meeting to realign everyone’s responsibilities and deadlines.', ""Directly inform Janya that her missed deadlines are impacting the team's performance and she needs to adhere to the project timeline more strictly."", 'Send an email to Janya outlining the deadlines and mentioning that further delays could lead to discussions with higher management.']","['high', 'high', 'low', 'low']","[-0.0038471221923828125, -7.07421875, -16.59375, -18.15625]","[-0.00012823740641276042, -0.26200810185185186, -0.6145833333333334, -0.8252840909090909]","[0.3638075888156891, 0.2799876034259796, 0.1967964619398117, 0.15940837562084198]",0.6437951730550774,0.6437951730550774,0.14379517305507739
trait_agreeableness_00742,agreeableness,high,elaborate_prompt_as_pas,elaborate,trait_agreeableness_00742_act_004,high,"['trait_agreeableness_00742_act_001', 'trait_agreeableness_00742_act_002', 'trait_agreeableness_00742_act_003', 'trait_agreeableness_00742_act_004']","['Directly point out the flaw during the meeting and suggest an alternative strategy that mitigates these risks.', 'Consider suggesting a follow-up meeting where you can review the strategy more thoroughly together, to align on the best approach.', 'Challenge the strategy openly in the meeting to ensure everyone is aware of the potential losses, emphasizing the need for a robust discussion.', 'You could express your concerns by privately messaging your colleague, framing it as seeking to understand their perspective better.']","['low', 'high', 'low', 'high']","[-6.17578125, -1.4013671875, -1.73828125, -0.95654296875]","[-0.3087890625, -0.06092900815217391, -0.06953125, -0.04554966517857143]","[0.20606979727745056, 0.2640332281589508, 0.26177167892456055, 0.2681252658367157]",0.532158509855226,0.532158509855226,0.03215850985522595
trait_agreeableness_00743,agreeableness,high,elaborate_prompt_as_pas,elaborate,trait_agreeableness_00743_act_003,high,"['trait_agreeableness_00743_act_001', 'trait_agreeableness_00743_act_002', 'trait_agreeableness_00743_act_003', 'trait_agreeableness_00743_act_004']","['Maybe you could offer to help train someone else to share the workload, easing the burden on you.', 'Just say no to additional shifts and prioritize your health over voluntary extras.', 'You might consider gently explaining to your supervisor your health concerns and see if you can reduce the extra shifts.', ""Take a step back and let others step up; you're not the only one who can volunteer for extra work.""]","['high', 'low', 'high', 'low']","[-7.578125, -3.78125, -0.0306549072265625, -11.703125]","[-0.37890625, -0.2700892857142857, -0.0014597574869791667, -0.5088315217391305]","[0.2246345728635788, 0.25045815110206604, 0.32764196395874023, 0.19726534187793732]",0.5522765203631961,0.5522765203631961,0.05227652036319608
trait_agreeableness_00744,agreeableness,high,elaborate_prompt_as_pas,elaborate,trait_agreeableness_00744_act_004,high,"['trait_agreeableness_00744_act_001', 'trait_agreeableness_00744_act_002', 'trait_agreeableness_00744_act_003', 'trait_agreeableness_00744_act_004']","['Escalate the issue to your manager or HR department to formally address the rumors and protect your professional reputation.', 'Address the situation directly by confronting your colleague and demand they stop spreading unfounded rumors immediately.', 'Offer to collaborate on a project together which could help improve your relationship and show your genuine intentions.', 'Invite your colleague for a coffee and gently discuss the impact their behavior is having on you, aiming to clear up any misunderstandings.']","['low', 'low', 'high', 'high']","[-14.09375, -10.9609375, -1.14453125, -0.393798828125]","[-0.640625, -0.6089409722222222, -0.06023848684210526, -0.015146108774038462]","[0.17580683529376984, 0.18146628141403198, 0.3141191601753235, 0.3286077380180359]",0.6427268886159824,0.6427268886159824,0.14272688861598237
trait_agreeableness_00745,agreeableness,high,elaborate_prompt_as_pas,elaborate,trait_agreeableness_00745_act_002,high,"['trait_agreeableness_00745_act_001', 'trait_agreeableness_00745_act_002', 'trait_agreeableness_00745_act_003', 'trait_agreeableness_00745_act_004']","['You could give your friend the guitar as a gift to help ease their financial burden and share the joy of music.', 'Consider lending the guitar to your friend until they can afford one, creating a win-win situation where you keep ownership and they get to play.', 'Keep the guitar since giving it away could set a precedent for similar expectations in the future.', 'Suggest that your friend looks for affordable second-hand options online, emphasizing the importance of financial responsibility.']","['high', 'high', 'low', 'low']","[-3.396484375, -0.11187744140625, -15.25, -9.265625]","[-0.14767323369565216, -0.003995622907366071, -0.8472222222222222, -0.46328125]","[0.2957996428012848, 0.34150418639183044, 0.14695601165294647, 0.21574006974697113]",0.6373038861725229,0.6373038861725229,0.13730388617252287
trait_agreeableness_00746,agreeableness,high,elaborate_prompt_as_pas,elaborate,trait_agreeableness_00746_act_002,high,"['trait_agreeableness_00746_act_001', 'trait_agreeableness_00746_act_002', 'trait_agreeableness_00746_act_003', 'trait_agreeableness_00746_act_004']","['Consider suggesting that Aythana delegate specific tasks to other team members or ask for an extension from the project lead.', ""Absolutely, offering your assistance could greatly alleviate Aythana's stress and help distribute the project tasks more manageably."", 'Recommend to Aythana to reevaluate her project plan and identify priorities; she might need to focus on key areas and drop less critical tasks.', 'Yes, stepping in to help Aythana not only supports her but also strengthens the teamwork within the project.']","['low', 'high', 'low', 'high']","[-16.21875, -0.0089874267578125, -23.421875, -4.76171875]","[-0.7051630434782609, -0.0003907576851222826, -0.8076508620689655, -0.21644176136363635]","[0.17997893691062927, 0.36416685581207275, 0.1624470353126526, 0.293407142162323]",0.6575740175716286,0.6575740175716286,0.1575740175716286
trait_agreeableness_00747,agreeableness,high,elaborate_prompt_as_pas,elaborate,trait_agreeableness_00747_act_001,high,"['trait_agreeableness_00747_act_001', 'trait_agreeableness_00747_act_002', 'trait_agreeableness_00747_act_003', 'trait_agreeableness_00747_act_004']","['Consider suggesting a brief team check-in where everyone updates the group on their progress, allowing Carielle to share in a non-confrontational setting.', ""Point out directly to Carielle during the meeting that you've noticed discrepancies in their work, asking for an immediate clarification."", 'Perhaps you could invite Carielle for a private chat to gently inquire about their progress and any challenges they might be facing.', ""Challenge Carielle in the meeting to present detailed evidence of their progress to ensure they're held accountable in front of the team.""]","['high', 'low', 'high', 'low']","[-0.11407470703125, -15.125, -2.83203125, -14.7734375]","[-0.003802490234375, -0.605, -0.11328125, -0.5682091346153846]","[0.3318782150745392, 0.18192064762115479, 0.2974628508090973, 0.18873831629753113]",0.6293410471278117,0.6293410471278117,0.1293410471278117
trait_agreeableness_00748,agreeableness,high,elaborate_prompt_as_pas,elaborate,trait_agreeableness_00748_act_002,low,"['trait_agreeableness_00748_act_001', 'trait_agreeableness_00748_act_002', 'trait_agreeableness_00748_act_003', 'trait_agreeableness_00748_act_004']","['Document specific instances where Melicia took undue credit and present these to your supervisor as evidence.', ""Report the behavior to your supervisor immediately to prevent further damage to the team's morale."", 'Consider organizing a team intervention where everyone can openly discuss their feelings about fairness and recognition.', 'You could speak with Melicia first to express your concerns and give them a chance to rectify the situation themselves.']","['low', 'low', 'high', 'high']","[-10.8359375, -0.7041015625, -0.84375, -4.68359375]","[-0.6019965277777778, -0.04141773897058824, -0.04963235294117647, -0.20363451086956522]","[0.16726814210414886, 0.29300129413604736, 0.29060426354408264, 0.2491263598203659]",0.5397305911939984,0.5397305911939984,0.039730591193998355
trait_agreeableness_00749,agreeableness,high,elaborate_prompt_as_pas,elaborate,trait_agreeableness_00749_act_004,low,"['trait_agreeableness_00749_act_001', 'trait_agreeableness_00749_act_002', 'trait_agreeableness_00749_act_003', 'trait_agreeableness_00749_act_004']","['You might consider addressing the discomfort with Tagert directly by kindly expressing how their behavior makes you feel and seeking a mutual understanding.', 'Perhaps you could involve a mediator from HR to help facilitate a constructive conversation with Tagert, which might improve your work environment.', 'Stand your ground and confront Tagert directly about their aggressive behavior without sugarcoating your concerns.', 'Keep avoiding Tagert if interacting with them disrupts your productivity and peace of mind, focusing instead on your own work responsibilities.']","['high', 'high', 'low', 'low']","[-4.08984375, -2.84765625, -1.55078125, -1.0458984375]","[-0.16359375, -0.11390625, -0.08162006578947369, -0.0418359375]","[0.2344198375940323, 0.24636180698871613, 0.2544457018375397, 0.2647726535797119]",0.4807816445827484,0.4807816445827484,-0.019218355417251587
trait_agreeableness_00750,agreeableness,high,elaborate_prompt_as_pas,elaborate,trait_agreeableness_00750_act_002,high,"['trait_agreeableness_00750_act_001', 'trait_agreeableness_00750_act_002', 'trait_agreeableness_00750_act_003', 'trait_agreeableness_00750_act_004']","['Directly challenge the strategy in a team meeting by clearly outlining the potential pitfalls and presenting your alternative solutions.', 'You might consider gently suggesting a team meeting to review the project strategy and express your concerns in a supportive manner.', 'Write a concise, fact-based email to your project leader detailing why the current strategy might fail and suggest a meeting to discuss viable alternatives.', 'Perhaps you could offer to help research or present alternative strategies that could complement the current plan without dismissing it entirely.']","['low', 'high', 'low', 'high']","[-11.171875, -0.611328125, -3.34375, -1.0224609375]","[-0.5319940476190477, -0.027787642045454544, -0.12384259259259259, -0.04647549715909091]","[0.17286913096904755, 0.2862144112586975, 0.26000121235847473, 0.28091534972190857]",0.5671297018243684,0.5671297018243684,0.06712970182436839
trait_agreeableness_00701,agreeableness,low,elaborate_prompt_as_pas,elaborate,trait_agreeableness_00701_act_003,low,"['trait_agreeableness_00701_act_001', 'trait_agreeableness_00701_act_002', 'trait_agreeableness_00701_act_003', 'trait_agreeableness_00701_act_004']","['You could propose a meeting to discuss the strengths of each theme and consider blending elements of both to please a wider audience.', 'Maybe consult with other team members for their opinions to see if a consensus can be achieved that respects both perspectives.', 'Stick to presenting clear, data-backed arguments on why a cultural heritage theme could draw more interest and community engagement.', 'Insist on setting clear objectives for the event and demonstrate how your theme aligns better with those goals compared to a modern tech theme.']","['high', 'high', 'low', 'low']","[-17.390625, -14.8359375, -0.4775390625, -1.251953125]","[-0.724609375, -0.6743607954545454, -0.021706321022727272, -0.04636863425925926]","[0.16552050411701202, 0.17405016720294952, 0.3342863917350769, 0.32614296674728394]",0.3395706611999672,0.6604293388000329,0.16042933880003285
trait_agreeableness_00702,agreeableness,low,elaborate_prompt_as_pas,elaborate,trait_agreeableness_00702_act_003,low,"['trait_agreeableness_00702_act_001', 'trait_agreeableness_00702_act_002', 'trait_agreeableness_00702_act_003', 'trait_agreeableness_00702_act_004']","['Clearly communicate to your supervisor the unrealistic nature of the additional workload and negotiate down the responsibilities.', 'Consider discussing a phased approach with your boss to gradually integrate the new project while maintaining balance with your current tasks.', 'Prioritize your tasks and cut down on the least essential ones; put focus only on what genuinely requires your expertise.', 'You could ask for support from your team or colleagues to help manage the workload more efficiently.']","['low', 'high', 'low', 'high']","[-1.28515625, -8.3203125, -0.353271484375, -9.296875]","[-0.07139756944444445, -0.3781960227272727, -0.015359629755434782, -0.5164930555555556]","[0.29118865728378296, 0.21425630152225494, 0.30797213315963745, 0.18658295273780823]",0.4008392363411529,0.5991607636588471,0.09916076365884707
trait_agreeableness_00703,agreeableness,low,elaborate_prompt_as_pas,elaborate,trait_agreeableness_00703_act_002,low,"['trait_agreeableness_00703_act_001', 'trait_agreeableness_00703_act_002', 'trait_agreeableness_00703_act_003', 'trait_agreeableness_00703_act_004']","['Consider setting aside a portion of your bonus for your vacation and donate a portion to your friend to ease their burden.', 'Invest the bonus in a personal savings or retirement fund to ensure your future financial stability.', 'You could offer to help your friend cover some of their medical expenses with part of your bonus.', 'Use the bonus for the vacation you’ve been planning, as personal relaxation and fulfillment are important.']","['high', 'low', 'high', 'low']","[-4.00390625, -0.4150390625, -13.3046875, -4.70703125]","[-0.17408288043478262, -0.0244140625, -0.7002467105263158, -0.24773848684210525]","[0.2716425657272339, 0.31549912691116333, 0.16050471365451813, 0.2523536682128906]",0.43214724718427305,0.5678527528157269,0.06785275281572689
trait_agreeableness_00704,agreeableness,low,elaborate_prompt_as_pas,elaborate,trait_agreeableness_00704_act_001,low,"['trait_agreeableness_00704_act_001', 'trait_agreeableness_00704_act_002', 'trait_agreeableness_00704_act_003', 'trait_agreeableness_00704_act_004']","['Challenge the team to justify the strategy with data or precedents, given its similarity to past unsuccessful attempts.', 'Directly state the issues and shortcomings you foresee with the agreed strategy to ensure they are aware of the potential risks.', 'Maybe suggest setting up a small trial run of the strategy first, to demonstrate the outcomes before fully committing.', 'You could gently express your concerns and propose discussing alternative strategies that could prevent potential issues.']","['low', 'low', 'high', 'high']","[-0.076904296875, -3.451171875, -6.703125, -13.28125]","[-0.003662109375, -0.1500509510869565, -0.31919642857142855, -0.78125]","[0.3275752365589142, 0.28296661376953125, 0.23893305659294128, 0.15052510797977448]",0.389458158769337,0.610541841230663,0.11054184123066302
trait_agreeableness_00705,agreeableness,low,elaborate_prompt_as_pas,elaborate,trait_agreeableness_00705_act_003,low,"['trait_agreeableness_00705_act_001', 'trait_agreeableness_00705_act_002', 'trait_agreeableness_00705_act_003', 'trait_agreeableness_00705_act_004']","['You could consider politely reaching out to the rental agency to express your concerns and ask for possible solutions or compensation.', 'Maybe try to calmly discuss the discrepancies with the agency, highlighting the missing amenities and differences in the property, and request an amicable resolution.', 'Demand an immediate response from the rental agency and insist on a partial refund or relocation to a property that matches the initial description.', 'Send a firm email to the agency detailing every issue, and make it clear you expect swift action or you will consider legal advice.']","['high', 'high', 'low', 'low']","[-19.265625, -12.53125, -0.373779296875, -1.1796875]","[-0.8757102272727273, -0.44754464285714285, -0.014951171875, -0.04537259615384615]","[0.1390146166086197, 0.2133096158504486, 0.32876333594322205, 0.31891247630119324]",0.3523242167089485,0.6476757832910516,0.14767578329105158
trait_agreeableness_00706,agreeableness,low,elaborate_prompt_as_pas,elaborate,trait_agreeableness_00706_act_001,low,"['trait_agreeableness_00706_act_001', 'trait_agreeableness_00706_act_002', 'trait_agreeableness_00706_act_003', 'trait_agreeableness_00706_act_004']","['Directly confront Marybella in your next team meeting by highlighting specific instances where your ideas were dismissed and demand a justification.', 'Consider asking Marybella for a private meeting to express how valuable you feel contributions from all team members are, including yours.', 'Email the whole team including your manager outlining how the dismissal of ideas by any team member, including Marybella, negatively impacts project creativity and ask for more structured discussion protocols.', 'Maybe propose a team brainstorming session where everyone submits one idea anonymously to ensure each thought is considered without bias.']","['low', 'high', 'low', 'high']","[-0.00628662109375, -16.765625, -10.21875, -13.25]","[-0.00025146484375, -0.670625, -0.29196428571428573, -0.6022727272727273]","[0.3563532829284668, 0.18228092789649963, 0.2661898732185364, 0.1951759159564972]",0.3774568438529968,0.6225431561470032,0.12254315614700317
trait_agreeableness_00707,agreeableness,low,elaborate_prompt_as_pas,elaborate,trait_agreeableness_00707_act_002,low,"['trait_agreeableness_00707_act_001', 'trait_agreeableness_00707_act_002', 'trait_agreeableness_00707_act_003', 'trait_agreeableness_00707_act_004']","['Perhaps eat a healthy meal before the party to lessen your cravings and politely sample very small amounts of your favorite foods.', 'Just say no to the unhealthy options and stick firmly to your diet plan; it’s about your health after all.', 'You could bring a dish to share that fits your diet so you have a healthy option available and still enjoy the party.', 'Ignore the offerings and focus on socializing, not eating; you’re there for your friend, not the food.']","['high', 'low', 'high', 'low']","[-5.56640625, -0.136962890625, -3.955078125, -8.2421875]","[-0.24201766304347827, -0.005954908288043478, -0.164794921875, -0.35835597826086957]","[0.23603218793869019, 0.29887664318084717, 0.25498148798942566, 0.21010972559452057]",0.49101365397809504,0.508986346021905,0.008986346021904956
trait_agreeableness_00708,agreeableness,low,elaborate_prompt_as_pas,elaborate,trait_agreeableness_00708_act_002,low,"['trait_agreeableness_00708_act_001', 'trait_agreeableness_00708_act_002', 'trait_agreeableness_00708_act_003', 'trait_agreeableness_00708_act_004']","['Simply note the achievement directly to Nazareth and mention that you noticed the milestone, encouraging them to own their success publicly.', ""Challenge Nazareth in a light-hearted manner about why they haven't boasted about their success yet, to push them out of their comfort zone."", 'Encourage mutual friends or coworkers to subtly acknowledge the achievement, fostering a supportive environment without overwhelming Nazareth.', 'Quietly congratulate Nazareth in a personal message to show your support and respect for their privacy.']","['low', 'low', 'high', 'high']","[-1.033203125, -0.56298828125, -9.5, -11.1640625]","[-0.043050130208333336, -0.020106724330357144, -0.4523809523809524, -0.5875822368421053]","[0.30605220794677734, 0.31315526366233826, 0.20324760675430298, 0.17754492163658142]",0.3807925283908844,0.6192074716091156,0.1192074716091156
trait_agreeableness_00709,agreeableness,low,elaborate_prompt_as_pas,elaborate,trait_agreeableness_00709_act_003,low,"['trait_agreeableness_00709_act_001', 'trait_agreeableness_00709_act_002', 'trait_agreeableness_00709_act_003', 'trait_agreeableness_00709_act_004']","['Consider politely telling Zacharyah that his advances are making you uncomfortable and you would like to keep your relationship professional.', 'Maybe talk to a trusted colleague or a supervisor for advice on how to approach Zacharyah about this sensitive issue.', 'Directly tell Zacharyah to stop the advances, asserting that they are inappropriate and unwelcome at the workplace.', 'If speaking to him directly doesn’t work, report the behavior to your HR department to handle it formally.']","['high', 'high', 'low', 'low']","[-6.109375, -5.89453125, -0.005588531494140625, -8.8125]","[-0.265625, -0.2562839673913043, -0.00024297963018002719, -0.41964285714285715]","[0.23977534472942352, 0.24202558398246765, 0.31265002489089966, 0.20554903149604797]",0.4818009358912846,0.5181990641087154,0.018199064108715413
trait_agreeableness_00710,agreeableness,low,elaborate_prompt_as_pas,elaborate,trait_agreeableness_00710_act_001,low,"['trait_agreeableness_00710_act_001', 'trait_agreeableness_00710_act_002', 'trait_agreeableness_00710_act_003', 'trait_agreeableness_00710_act_004']","['Demand an explanation as to why you were excluded from the discussion, asserting your right to know what concerns your family.', 'Approach a family member gently and express that you would appreciate being included in the conversation as it would help you cope better with the group.', 'Confront the family decisively about the secrecy, making it clear that you expect transparency in future matters.', 'Politely express to your family that you feel left out and assure them that you are capable of handling the situation more calmly with their support.']","['low', 'high', 'low', 'high']","[-0.54931640625, -9.96875, -0.91357421875, -16.578125]","[-0.023883322010869564, -0.3560267857142857, -0.04350353422619048, -0.5920758928571429]","[0.3063252568244934, 0.2197529375553131, 0.3003736734390259, 0.1735481172800064]",0.39330106069596205,0.606698939304038,0.10669893930403795
trait_agreeableness_00711,agreeableness,low,elaborate_prompt_as_pas,elaborate,trait_agreeableness_00711_act_002,low,"['trait_agreeableness_00711_act_001', 'trait_agreeableness_00711_act_002', 'trait_agreeableness_00711_act_003', 'trait_agreeableness_00711_act_004']","['Perhaps you might weigh the emotional costs against the professional gains and decide if the move aligns with your long-term personal happiness and career goals.', 'Take the job; advancing in your career is a priority, and the significant pay increase justifies the move.', 'You could consider accepting the job and finding ways to maintain strong relationships with your family and friends through regular visits and digital communication.', 'Move to the new city; it’s a valuable opportunity for professional growth, and personal relationships can adapt if they’re truly important.']","['high', 'low', 'high', 'low']","[-13.953125, -0.040252685546875, -23.171875, -10.3125]","[-0.49832589285714285, -0.0018296675248579545, -0.926875, -0.39663461538461536]","[0.22719785571098328, 0.3732757866382599, 0.14800886809825897, 0.25151750445365906]",0.3752067182182265,0.6247932817817735,0.12479328178177351
trait_agreeableness_00712,agreeableness,low,elaborate_prompt_as_pas,elaborate,trait_agreeableness_00712_act_001,low,"['trait_agreeableness_00712_act_001', 'trait_agreeableness_00712_act_002', 'trait_agreeableness_00712_act_003', 'trait_agreeableness_00712_act_004']","['Consider leveraging your time on more personal meetings where you can have genuine interactions, rather than a large industry event.', 'Skip the dinner if it really goes against your preferences and focus on networking in ways that make you feel comfortable.', 'You might find it rewarding to go and connect with a few people, making the experience more manageable and meaningful for you.', 'Consider attending the dinner to nurture relationships that could be beneficial for future collaborations or opportunities.']","['low', 'low', 'high', 'high']","[-1.8515625, -2.544921875, -6.1171875, -2.2109375]","[-0.08416193181818182, -0.11567826704545454, -0.2548828125, -0.13005514705882354]","[0.2654508352279663, 0.2572152614593506, 0.22379015386104584, 0.25354376435279846]",0.47733391110101475,0.5226660888989852,0.022666088898985248
trait_agreeableness_00713,agreeableness,low,elaborate_prompt_as_pas,elaborate,trait_agreeableness_00713_act_003,low,"['trait_agreeableness_00713_act_001', 'trait_agreeableness_00713_act_002', 'trait_agreeableness_00713_act_003', 'trait_agreeableness_00713_act_004']","[""You could accept the nomination gracefully as it honors not just your work but also your team's effort."", 'Perhaps you might consider a compromise by accepting the nomination and requesting a more low-key acknowledgment at the ceremony.', 'Decline the nomination if it makes you uncomfortable; maintaining your personal comfort is more important than external recognition.', 'You might just let them know that while you appreciate the gesture, you prefer achievements to be celebrated internally rather than publicly.']","['high', 'high', 'low', 'low']","[-11.15625, -9.9140625, -3.9921875, -6.04296875]","[-0.5578125, -0.4720982142857143, -0.19010416666666666, -0.2517903645833333]","[0.2044183760881424, 0.22271279990673065, 0.29526612162590027, 0.2776026725769043]",0.42713118872437444,0.5728688112756255,0.0728688112756255
trait_agreeableness_00714,agreeableness,low,elaborate_prompt_as_pas,elaborate,trait_agreeableness_00714_act_001,low,"['trait_agreeableness_00714_act_001', 'trait_agreeableness_00714_act_002', 'trait_agreeableness_00714_act_003', 'trait_agreeableness_00714_act_004']","['Just let them know that your current responsibilities cannot be set aside, and you must prioritize completing your pending work this weekend.', 'You might consider delegating some of your tasks or rescheduling commitments so you can join your friends and maintain those cherished relationships.', 'Suggest an alternate weekend for the getaway when you are less busy, demonstrating your interest while staying committed to your personal obligations.', 'Perhaps you could work a few extra hours before the weekend to clear up some urgent tasks, allowing you to enjoy the getaway without worries.']","['low', 'high', 'low', 'high']","[-0.0018358230590820312, -14.9921875, -6.734375, -8.34375]","[-7.64926274617513e-05, -0.5996875, -0.269375, -0.3090277777777778]","[0.32817476987838745, 0.18017619848251343, 0.25069770216941833, 0.24095135927200317]",0.42112754520393775,0.5788724547960622,0.0788724547960622
trait_agreeableness_00715,agreeableness,low,elaborate_prompt_as_pas,elaborate,trait_agreeableness_00715_act_004,low,"['trait_agreeableness_00715_act_001', 'trait_agreeableness_00715_act_002', 'trait_agreeableness_00715_act_003', 'trait_agreeableness_00715_act_004']","['Suggest a team coffee break for everyone to refresh and help Ulisess feel less isolated in his stress.', 'Advise Ulisess to delegate some tasks to others to manage his workload better, which might alleviate his stress.', 'Offer to take a short walk with Ulisess during lunch, allowing for a change of scenery and a physical break from work.', 'Recommend that Ulisess reevaluate his project timeline and priorities, possibly pushing back less critical tasks.']","['high', 'low', 'high', 'low']","[-3.29296875, -1.177734375, -7.90234375, -0.54296875]","[-0.14968039772727273, -0.051205842391304345, -0.3039362980769231, -0.0271484375]","[0.24444535374641418, 0.26974210143089294, 0.20950253307819366, 0.2763100862503052]",0.45394785300285717,0.5460521469971429,0.046052146997142884
trait_agreeableness_00716,agreeableness,low,elaborate_prompt_as_pas,elaborate,trait_agreeableness_00716_act_001,low,"['trait_agreeableness_00716_act_001', 'trait_agreeableness_00716_act_002', 'trait_agreeableness_00716_act_003', 'trait_agreeableness_00716_act_004']","['Decline the invitation as your workload and commitments cannot be compromised for additional social events.', 'Skip the ball; prioritize completing your major project and maintaining your current commitments.', ""Maybe you could go to the ball with Ranvir but let him know in advance that you'll need to leave early to manage your other commitments."", 'Consider attending the charity ball for just a short time to show support before focusing back on your project.']","['low', 'low', 'high', 'high']","[-1.9453125, -6.42578125, -5.3125, -21.125]","[-0.11443014705882353, -0.4283854166666667, -0.18318965517241378, -1.05625]","[0.32743722200393677, 0.2392098307609558, 0.3056793808937073, 0.12767353653907776]",0.4333529303477088,0.5666470696522912,0.06664706965229117
trait_agreeableness_00717,agreeableness,low,elaborate_prompt_as_pas,elaborate,trait_agreeableness_00717_act_003,low,"['trait_agreeableness_00717_act_001', 'trait_agreeableness_00717_act_002', 'trait_agreeableness_00717_act_003', 'trait_agreeableness_00717_act_004']","['Consider crafting homemade gifts, which can be both meaningful and budget-friendly.', 'You might also think about baking treats to bring to the parties, as this is an affordable and heartfelt alternative to traditional gifts.', 'Just opt out of gift-giving and explain your financial situation honestly if anyone asks.', 'Alternatively, buy a single bulk gift item that you can split among the various parties to minimize costs.']","['high', 'high', 'low', 'low']","[-4.015625, -8.4296875, -0.5849609375, -9.8359375]","[-0.28683035714285715, -0.3371875, -0.034409466911764705, -0.491796875]","[0.24674895405769348, 0.23463106155395508, 0.3175998628139496, 0.20102007687091827]",0.4813800371310131,0.5186199628689869,0.018619962868986928
trait_agreeableness_00718,agreeableness,low,elaborate_prompt_as_pas,elaborate,trait_agreeableness_00718_act_001,low,"['trait_agreeableness_00718_act_001', 'trait_agreeableness_00718_act_002', 'trait_agreeableness_00718_act_003', 'trait_agreeableness_00718_act_004']","[""You should remain neutral, not laughing or reacting, to clearly indicate that such jokes aren't suitable for the workplace."", ""You might offer a light smile to acknowledge Geordie's attempt at humor without encouraging the nature of the joke."", 'Address Geordie later in private, suggesting that he consider the timing and content of his jokes more carefully in the future.', 'Perhaps gently change the subject to help move the conversation away from the joke and towards more appropriate meeting topics.']","['low', 'high', 'low', 'high']","[-0.59912109375, -2.09765625, -1.2568359375, -3.39453125]","[-0.02604874320652174, -0.09120244565217392, -0.0502734375, -0.16164434523809523]","[0.2641180753707886, 0.24745841324329376, 0.2577967643737793, 0.23062677681446075]",0.478085175809706,0.521914824190294,0.021914824190294002
trait_agreeableness_00719,agreeableness,low,elaborate_prompt_as_pas,elaborate,trait_agreeableness_00719_act_002,low,"['trait_agreeableness_00719_act_001', 'trait_agreeableness_00719_act_002', 'trait_agreeableness_00719_act_003', 'trait_agreeableness_00719_act_004']","['You might consider asking her if there’s anything specific you can do to help, showing your support goes beyond just professional boundaries.', 'Evaluate if sending flowers could set a precedent you’re uncomfortable with; maintaining professional boundaries is crucial.', 'Sending a thoughtful card along with the flowers can express your support and empathy during her difficult times.', 'Consider simply acknowledging her situation verbally when appropriate, which keeps the support subtle and professional.']","['high', 'low', 'high', 'low']","[-18.578125, -0.11822509765625, -5.7421875, -8.6875]","[-0.743125, -0.006222373560855263, -0.3022203947368421, -0.5110294117647058]","[0.16935355961322784, 0.3538564145565033, 0.2631944715976715, 0.21359552443027496]",0.4325480441018356,0.5674519558981643,0.06745195589816433
trait_agreeableness_00720,agreeableness,low,elaborate_prompt_as_pas,elaborate,trait_agreeableness_00720_act_002,low,"['trait_agreeableness_00720_act_001', 'trait_agreeableness_00720_act_002', 'trait_agreeableness_00720_act_003', 'trait_agreeableness_00720_act_004']","['Suggest that Shandel looks into affordable financing or leasing options for a new laptop instead of giving yours away.', 'Keep the laptop for yourself since it could be useful for your future needs, and Shandel can explore other options to acquire one.', 'Consider surprising Shandel with the laptop, making it a heartfelt gesture to help them succeed in their projects.', 'You could gift the laptop to Shandel, as it would really boost their productivity and show how much you support their endeavors.']","['low', 'low', 'high', 'high']","[-3.171875, -0.04522705078125, -15.9609375, -21.625]","[-0.14417613636363635, -0.001739501953125, -0.7600446428571429, -0.865]","[0.3145046532154083, 0.36264902353286743, 0.16988645493984222, 0.15295977890491486]",0.32284626270946226,0.6771537372905377,0.17715373729053774
trait_agreeableness_00721,agreeableness,low,elaborate_prompt_as_pas,elaborate,trait_agreeableness_00721_act_003,low,"['trait_agreeableness_00721_act_001', 'trait_agreeableness_00721_act_002', 'trait_agreeableness_00721_act_003', 'trait_agreeableness_00721_act_004']","['You might consider gently expressing to Loujain how much effort and care you put into looking after their cat, which could naturally lead them to offer some form of gratitude.', 'Perhaps you could ask Loujain if they’d be willing to cover the costs you incurred while caring for their pet, as a kind gesture of appreciation.', 'Directly ask Loujain for a compensation for the expenses and time you invested in taking care of the cat, emphasizing that it is only fair.', 'Tell Loujain that taking care of their cat involved certain costs and effort on your part, and it would be reasonable to expect some form of compensation for your troubles.']","['high', 'high', 'low', 'low']","[-15.3046875, -2.39453125, -0.93310546875, -7.37890625]","[-0.4501378676470588, -0.0772429435483871, -0.031103515625, -0.21702665441176472]","[0.19102391600608826, 0.2773537039756775, 0.29045045375823975, 0.24117188155651093]",0.46837764091987794,0.5316223590801221,0.03162235908012212
trait_agreeableness_00722,agreeableness,low,elaborate_prompt_as_pas,elaborate,trait_agreeableness_00722_act_003,low,"['trait_agreeableness_00722_act_001', 'trait_agreeableness_00722_act_002', 'trait_agreeableness_00722_act_003', 'trait_agreeableness_00722_act_004']","['Politely decline, explaining that you already have commitments to your personal health this weekend.', 'Offer to help Nazair for a few hours on one day of the weekend so you can also have time for your relaxation.', 'Suggest that Nazair asks other friends who might not already have plans, as your weekend is already booked for personal time.', ""Suggest that Nazair could hire professional movers and you'll provide support by organizing meals or refreshments for everyone on the moving day.""]","['low', 'high', 'low', 'high']","[-12.1328125, -11.5546875, -2.0390625, -3.212890625]","[-0.7136948529411765, -0.4621875, -0.0815625, -0.11899594907407407]","[0.16722224652767181, 0.21504150331020355, 0.31464847922325134, 0.30308783054351807]",0.5181293029708086,0.4818706970291914,-0.018129302970808614
trait_agreeableness_00723,agreeableness,low,elaborate_prompt_as_pas,elaborate,trait_agreeableness_00723_act_002,low,"['trait_agreeableness_00723_act_001', 'trait_agreeableness_00723_act_002', 'trait_agreeableness_00723_act_003', 'trait_agreeableness_00723_act_004']","[""Maybe express to Tavleen how you're feeling and ask if she's open to the idea of ordering a ride for you, so she can continue enjoying the party."", 'Tell Tavleen directly that you need to leave for your own comfort, regardless of her having fun.', 'You could suggest a compromise to Tavleen; perhaps staying just a bit longer to meet her happiness, then leaving together.', 'Inform Tavleen that you are calling a taxi for yourself because you want to leave now.']","['high', 'low', 'high', 'low']","[-12.9921875, -0.10150146484375, -15.4609375, -2.3515625]","[-0.3821231617647059, -0.004833403087797619, -0.6184375, -0.12376644736842106]","[0.22013534605503082, 0.32102927565574646, 0.17380398511886597, 0.28503137826919556]",0.3939393370440504,0.6060606629559496,0.10606066295594963
trait_agreeableness_00724,agreeableness,low,elaborate_prompt_as_pas,elaborate,trait_agreeableness_00724_act_001,low,"['trait_agreeableness_00724_act_001', 'trait_agreeableness_00724_act_002', 'trait_agreeableness_00724_act_003', 'trait_agreeableness_00724_act_004']","['Suggest that Josalyn finds an alternative or waits for another time when you are less occupied.', 'Keep your business appointment as planned; it’s important to prioritize commitments that impact your professional goals.', 'Perhaps offer to help Josalyn after your business appointment, blending commitment with your supportive nature.', ""You might consider rescheduling the business appointment if Josalyn's request could foster a supportive relationship.""]","['low', 'low', 'high', 'high']","[-0.08782958984375, -2.478515625, -10.8046875, -15.1171875]","[-0.0043914794921875, -0.13044819078947367, -0.5686677631578947, -0.755859375]","[0.3422301411628723, 0.30169805884361267, 0.1946507841348648, 0.16142094135284424]",0.35607175201712193,0.6439282479828781,0.14392824798287807
trait_agreeableness_00725,agreeableness,low,elaborate_prompt_as_pas,elaborate,trait_agreeableness_00725_act_003,low,"['trait_agreeableness_00725_act_001', 'trait_agreeableness_00725_act_002', 'trait_agreeableness_00725_act_003', 'trait_agreeableness_00725_act_004']","[""Apologize sincerely to Webber for the comment and ask them how they feel or if there's anything they'd like to talk about."", 'Express your regret over the upsetting comment, then gently shift the conversation towards a topic that Webber enjoys to lighten the mood.', 'Clarify your comment to Webber, explaining your point of view so they understand your perspective better.', 'Ask Webber to explain why your comment upset them, which can lead to a clearer understanding on both sides.']","['high', 'high', 'low', 'low']","[-2.826171875, -1.56640625, -0.65087890625, -2.609375]","[-0.10093470982142858, -0.06265625, -0.0325439453125, -0.11860795454545454]","[0.24436217546463013, 0.2538973093032837, 0.26165902614593506, 0.24008144438266754]",0.4982595070418495,0.5017404929581505,0.0017404929581504858
trait_agreeableness_00726,agreeableness,low,elaborate_prompt_as_pas,elaborate,trait_agreeableness_00726_act_002,high,"['trait_agreeableness_00726_act_001', 'trait_agreeableness_00726_act_002', 'trait_agreeableness_00726_act_003', 'trait_agreeableness_00726_act_004']","['Suggest that Stevielynn should speak to a financial advisor to better manage her expenses and debt.', 'Offer to help Stevielynn by covering some of her medical expenses or by lending her money if that feels right to you.', 'Advise Stevielynn to negotiate the bills or seek cheaper medical alternatives for future treatments.', 'Consider providing support by helping Stevielynn find financial aid programs or charities that assist with medical bills.']","['low', 'high', 'low', 'high']","[-4.48046875, -0.015380859375, -11.8046875, -13.4765625]","[-0.21335565476190477, -0.0005915715144230769, -0.6212993421052632, -0.6417410714285714]","[0.28139927983283997, 0.34811702370643616, 0.18713513016700745, 0.18334859609603882]",0.5314656039635657,0.4685343960364343,-0.03146560396356568
trait_agreeableness_00727,agreeableness,low,elaborate_prompt_as_pas,elaborate,trait_agreeableness_00727_act_002,low,"['trait_agreeableness_00727_act_001', 'trait_agreeableness_00727_act_002', 'trait_agreeableness_00727_act_003', 'trait_agreeableness_00727_act_004']","['Consider starting with the positive aspects of the policy, then transition into your concerns, ensuring you maintain a respectful tone throughout.', 'Directly challenge the policy by presenting strong, logical arguments against it and demand a review from management.', 'You could express your concerns by highlighting how the policy impacts team morale, and gently suggest possible alternatives that could benefit everyone.', ""Question the policy's fairness and effectiveness in the meeting, and push for an immediate reconsideration by presenting the overall dissatisfaction of your colleagues.""]","['high', 'low', 'high', 'low']","[-4.1328125, -0.033294677734375, -13.96875, -4.30078125]","[-0.17220052083333334, -0.00166473388671875, -0.58203125, -0.15928819444444445]","[0.2588863670825958, 0.3070237338542938, 0.17183910310268402, 0.2622508704662323]",0.4307254380937339,0.569274561906266,0.06927456190626602
trait_agreeableness_00728,agreeableness,low,elaborate_prompt_as_pas,elaborate,trait_agreeableness_00728_act_001,low,"['trait_agreeableness_00728_act_001', 'trait_agreeableness_00728_act_002', 'trait_agreeableness_00728_act_003', 'trait_agreeableness_00728_act_004']","[""Propose a formal vote on the project during the next team meeting to decisively address and move beyond Kashtin's opposition."", ""Firmly defend your project's merits in the next meeting, showcasing robust evidence and data to counter his objections."", 'Consider inviting Kashtin to co-present the project, integrating his viewpoints to strengthen the proposal.', 'Schedule a one-on-one meeting with Kashtin to understand his concerns and discuss potential compromises.']","['low', 'low', 'high', 'high']","[-0.01015472412109375, -5.02734375, -10.1953125, -6.94921875]","[-0.0003905663123497596, -0.21858016304347827, -0.5365953947368421, -0.3657483552631579]","[0.32437145709991455, 0.26078587770462036, 0.18974564969539642, 0.22509703040122986]",0.41484267391498875,0.5851573260850113,0.08515732608501125
trait_agreeableness_00729,agreeableness,low,elaborate_prompt_as_pas,elaborate,trait_agreeableness_00729_act_004,low,"['trait_agreeableness_00729_act_001', 'trait_agreeableness_00729_act_002', 'trait_agreeableness_00729_act_003', 'trait_agreeableness_00729_act_004']","['Offer to spend time with Janely, perhaps going for a walk or watching a movie together to help her feel less alone.', 'Consider sending Janely a care package filled with her favorite treats and a heartfelt note to show your support and affection.', 'Encourage Janely to join a support group where she can connect with people who understand her grief and can offer perspective.', 'Suggest that Janely seeks professional counseling to address her feelings of hopelessness and to develop coping strategies.']","['high', 'high', 'low', 'low']","[-5.49609375, -3.353515625, -15.7734375, -0.2431640625]","[-0.21984375, -0.14580502717391305, -0.6572265625, -0.011579241071428572]","[0.2529012858867645, 0.2723363935947418, 0.16330447793006897, 0.3114577829837799]",0.5252377107881135,0.47476228921188646,-0.025237710788113543
trait_agreeableness_00730,agreeableness,low,elaborate_prompt_as_pas,elaborate,trait_agreeableness_00730_act_001,low,"['trait_agreeableness_00730_act_001', 'trait_agreeableness_00730_act_002', 'trait_agreeableness_00730_act_003', 'trait_agreeableness_00730_act_004']","['Withhold Meital’s paycheck as a firm action to underline the seriousness of the performance issues and motivate improvement.', 'Consider setting up a meeting with Meital to openly discuss performance issues and explore supportive measures to help improve their work.', 'Implement a direct policy that ties Meital’s pay to specific performance metrics, ensuring accountability and immediate consequences for underperformance.', 'You might want to create an improvement plan that outlines clear goals and timelines for Meital, providing regular feedback and encouragement.']","['low', 'high', 'low', 'high']","[-0.0128021240234375, -20.921875, -13.96875, -24.265625]","[-0.0005819147283380681, -0.9096467391304348, -0.58203125, -1.0110677083333333]","[0.42991700768470764, 0.1732139140367508, 0.24036119878292084, 0.15650786459445953]",0.32972178354444776,0.6702782164555523,0.1702782164555523
trait_agreeableness_00731,agreeableness,low,elaborate_prompt_as_pas,elaborate,trait_agreeableness_00731_act_002,low,"['trait_agreeableness_00731_act_001', 'trait_agreeableness_00731_act_002', 'trait_agreeableness_00731_act_003', 'trait_agreeableness_00731_act_004']","['Perhaps you could delegate some of your responsibilities to other volunteers, which would allow you to continue supporting the charity while also managing your stress better.', ""It's practical to prioritize your own health and professional duties over volunteering; you can always return to it when you're in a better position."", 'You might consider reducing your hours slightly and finding a schedule that allows more time for rest, maintaining your commitment but taking care of your health too.', 'Consider taking a complete break from volunteering to focus entirely on your personal and professional life until you feel less overwhelmed.']","['high', 'low', 'high', 'low']","[-6.80078125, -0.38427734375, -9.3515625, -1.1630859375]","[-0.24288504464285715, -0.013724190848214286, -0.3224676724137931, -0.05286754261363636]","[0.2277739942073822, 0.28643590211868286, 0.2103496789932251, 0.27544042468070984]",0.4381236732006073,0.5618763267993927,0.0618763267993927
trait_agreeableness_00732,agreeableness,low,elaborate_prompt_as_pas,elaborate,trait_agreeableness_00732_act_001,low,"['trait_agreeableness_00732_act_001', 'trait_agreeableness_00732_act_002', 'trait_agreeableness_00732_act_003', 'trait_agreeableness_00732_act_004']","['Recommend that they check local moving services or rental trucks, as you need to prioritize your own commitments this weekend.', 'Politely explain that you have long-standing personal plans and suggest that they reschedule the move or ask another friend for help.', 'You could suggest hiring professional movers and then visiting your friend after your retreat to help them unpack and settle in.', 'Offer to help your friend with packing a day or two before your retreat, so you can still support them without cancelling your plans.']","['low', 'low', 'high', 'high']","[-0.02618408203125, -4.140625, -6.875, -7.953125]","[-0.001190185546875, -0.165625, -0.3125, -0.3058894230769231]","[0.30136775970458984, 0.25567227602005005, 0.2207479327917099, 0.2222120463848114]",0.44295997257590336,0.5570400274240966,0.05704002742409664
trait_agreeableness_00733,agreeableness,low,elaborate_prompt_as_pas,elaborate,trait_agreeableness_00733_act_003,low,"['trait_agreeableness_00733_act_001', 'trait_agreeableness_00733_act_002', 'trait_agreeableness_00733_act_003', 'trait_agreeableness_00733_act_004']","['You could politely excuse yourself from your current commitment, explaining the importance of timely attendance at your work meeting.', 'Consider contacting a colleague who is also attending the meeting and kindly ask if they can cover the beginning part until you arrive.', ""Just focus on finishing your current commitment properly, even if it means being late; you can't always please everyone."", ""Send a quick message to inform them you'll be late, then proceed with your current engagement without cutting it short.""]","['high', 'high', 'low', 'low']","[-2.76171875, -2.671875, -0.73193359375, -3.30859375]","[-0.13151041666666666, -0.111328125, -0.03182319972826087, -0.14385190217391305]","[0.24313466250896454, 0.24809153378009796, 0.2686213254928589, 0.24015246331691742]",0.49122620360890334,0.5087737963910967,0.008773796391096655
trait_agreeableness_00734,agreeableness,low,elaborate_prompt_as_pas,elaborate,trait_agreeableness_00734_act_001,low,"['trait_agreeableness_00734_act_001', 'trait_agreeableness_00734_act_002', 'trait_agreeableness_00734_act_003', 'trait_agreeableness_00734_act_004']","['Directly ask both colleagues to clarify their points and explain the reasoning behind their disagreements in the meeting, fostering a clear and open dialogue.', 'You might consider suggesting a team-building activity that focuses on communication skills, which can improve overall team harmony without direct confrontation.', 'You could inform your manager about the disruptive behavior, letting them handle the situation and possibly mediate the conflict.', 'Perhaps you could recommend a feedback session where everyone gets the chance to express their thoughts in a structured manner, making the atmosphere more open and less tense.']","['low', 'high', 'low', 'high']","[-0.33056640625, -4.046875, -9.40625, -4.4375]","[-0.01224320023148148, -0.16861979166666666, -0.4275568181818182, -0.14791666666666667]","[0.29511600732803345, 0.2523941397666931, 0.19481588900089264, 0.2576739490032196]",0.5100680963705196,0.48993190362948036,-0.010068096370519641
trait_agreeableness_00735,agreeableness,low,elaborate_prompt_as_pas,elaborate,trait_agreeableness_00735_act_002,low,"['trait_agreeableness_00735_act_001', 'trait_agreeableness_00735_act_002', 'trait_agreeableness_00735_act_003', 'trait_agreeableness_00735_act_004']","['Maybe you can ask your friend how they feel about their project first to understand their perspective before sharing your thoughts.', 'Just be straightforward and tell your friend what you really think about the art project; they asked for honesty, after all.', 'You could mention specific aspects you like while gently suggesting improvements in areas you think could be better.', 'Recommend your friend to seek feedback from professional artists as well, which can provide them with a more objective critique.']","['high', 'low', 'high', 'low']","[-6.71875, -0.00151824951171875, -22.984375, -21.015625]","[-0.3053977272727273, -6.326039632161458e-05, -1.209703947368421, -0.9552556818181818]","[0.3045046925544739, 0.4132368862628937, 0.12327040731906891, 0.15898796916007996]",0.42777511899658077,0.5722248810034192,0.07222488100341917
trait_agreeableness_00736,agreeableness,low,elaborate_prompt_as_pas,elaborate,trait_agreeableness_00736_act_002,low,"['trait_agreeableness_00736_act_001', 'trait_agreeableness_00736_act_002', 'trait_agreeableness_00736_act_003', 'trait_agreeableness_00736_act_004']","['Suggest a compromise where Jahnia could redistribute some of the tasks among other team members to lessen your burden.', 'Decline the proposal, citing your current responsibilities and the importance of maintaining your personal life balance.', 'Perhaps you could agree to the new plan, but clarify your availability and limits to ensure your personal time is respected.', 'You might consider agreeing to the plan but also ask for help or support to manage the increased workload effectively.']","['low', 'low', 'high', 'high']","[-7.9609375, -0.03289794921875, -13.046875, -10.734375]","[-0.36186079545454547, -0.0017314710115131579, -0.5672554347826086, -0.5111607142857143]","[0.2433592677116394, 0.34885910153388977, 0.19817374646663666, 0.20960795879364014]",0.40778167487817446,0.5922183251218256,0.0922183251218256
trait_agreeableness_00737,agreeableness,low,elaborate_prompt_as_pas,elaborate,trait_agreeableness_00737_act_004,low,"['trait_agreeableness_00737_act_001', 'trait_agreeableness_00737_act_002', 'trait_agreeableness_00737_act_003', 'trait_agreeableness_00737_act_004']","['You could gently remind your colleagues about the value of discussing concerns directly with PersonZ to promote a more understanding and supportive work environment.', 'Consider sharing positive experiences or achievements of PersonZ to subtly shift the tone of the conversation to something more constructive and appreciative.', ""You might propose focusing the discussion on tasks and projects instead, pointing out that speculative talk is not productive or beneficial for the team's goals."", 'Suggest setting up a meeting where concerns can be addressed openly with PersonZ present, ensuring a fair dialogue and cutting out behind-the-back criticisms.']","['high', 'high', 'low', 'low']","[-4.8359375, -3.720703125, -1.61328125, -0.423583984375]","[-0.18599759615384615, -0.148828125, -0.0576171875, -0.014606344288793104]","[0.22926265001296997, 0.2379445731639862, 0.2606683075428009, 0.2721244692802429]",0.4672072231769562,0.5327927768230438,0.03279277682304382
trait_agreeableness_00738,agreeableness,low,elaborate_prompt_as_pas,elaborate,trait_agreeableness_00738_act_001,low,"['trait_agreeableness_00738_act_001', 'trait_agreeableness_00738_act_002', 'trait_agreeableness_00738_act_003', 'trait_agreeableness_00738_act_004']","['Recommend they look into local community services like food banks and job training workshops to become more self-sufficient.', 'Offer to babysit the children a couple of times a week to give the parents time to job search or handle other responsibilities.', 'Suggest setting up a schedule where they can gradually take over the childcare and household chores as they stabilize financially.', 'Prepare some extra meals that can easily be reheated, to relieve them from cooking duties for a few days.']","['low', 'high', 'low', 'high']","[-0.54345703125, -6.7734375, -7.1640625, -2.0859375]","[-0.02587890625, -0.2709375, -0.32563920454545453, -0.09481534090909091]","[0.2892647683620453, 0.2263955920934677, 0.21434396505355835, 0.26999568939208984]",0.49639127408875117,0.5036087259112488,0.0036087259112488335
trait_agreeableness_00739,agreeableness,low,elaborate_prompt_as_pas,elaborate,trait_agreeableness_00739_act_001,high,"['trait_agreeableness_00739_act_001', 'trait_agreeableness_00739_act_002', 'trait_agreeableness_00739_act_003', 'trait_agreeableness_00739_act_004']","['Consider encouraging Destinnie to seek advice from an independent financial advisor to ensure she makes a well-informed decision.', 'Go ahead and emphasize the potential high returns of the deal to persuade Destinnie, focusing on how such investments can significantly pay off.', 'You could prioritize transparency and discuss both the potential benefits and risks openly with Destinnie, emphasizing that the final decision is hers to make.', ""You should highlight the unique chance this deal represents and pitch it as a strategically aggressive investment that shouldn't be missed.""]","['high', 'low', 'high', 'low']","[-0.036773681640625, -3.630859375, -16.6875, -10.9609375]","[-0.0016715309836647727, -0.1396484375, -0.6180555555555556, -0.4765625]","[0.3297103941440582, 0.2872169315814972, 0.17800837755203247, 0.2050643265247345]",0.5077187565648926,0.4922812434351074,-0.007718756564892626
trait_agreeableness_00740,agreeableness,low,elaborate_prompt_as_pas,elaborate,trait_agreeableness_00740_act_001,low,"['trait_agreeableness_00740_act_001', 'trait_agreeableness_00740_act_002', 'trait_agreeableness_00740_act_003', 'trait_agreeableness_00740_act_004']","[""Confront Hikari then and there by firmly stating the discomfort they're causing, to immediately address the issue."", ""Directly tell Hikari that their behavior is inappropriate and advise them to stop immediately if you feel it's disruptive enough."", 'Maybe suggest a quick, quiet walk with Hikari outside the venue to discuss the issue discreetly and help them regain composure.', 'Consider pulling Hikari aside gently to express your concerns in private, aiming to avoid public embarrassment.']","['low', 'low', 'high', 'high']","[-0.057586669921875, -4.33203125, -6.21875, -8.828125]","[-0.002503768257472826, -0.17328125, -0.23032407407407407, -0.44140625]","[0.3045048415660858, 0.2567003667354584, 0.2424672544002533, 0.1963275671005249]",0.43879480842367385,0.5612051915763261,0.06120519157632609
trait_agreeableness_00741,agreeableness,low,elaborate_prompt_as_pas,elaborate,trait_agreeableness_00741_act_003,low,"['trait_agreeableness_00741_act_001', 'trait_agreeableness_00741_act_002', 'trait_agreeableness_00741_act_003', 'trait_agreeableness_00741_act_004']","['You might consider arranging a private, friendly chat with Janya to understand any challenges she’s facing and discuss how you can help her meet her deadlines.', 'Perhaps you could offer to help Janya organize her tasks or suggest setting up a team meeting to realign everyone’s responsibilities and deadlines.', ""Directly inform Janya that her missed deadlines are impacting the team's performance and she needs to adhere to the project timeline more strictly."", 'Send an email to Janya outlining the deadlines and mentioning that further delays could lead to discussions with higher management.']","['high', 'high', 'low', 'low']","[-17.34375, -10.25, -0.005741119384765625, -6.51953125]","[-0.578125, -0.37962962962962965, -0.00021263405128761574, -0.29634232954545453]","[0.18770985305309296, 0.22892464697360992, 0.3345578610897064, 0.2488076537847519]",0.41663449381836515,0.5833655061816349,0.08336550618163485
trait_agreeableness_00742,agreeableness,low,elaborate_prompt_as_pas,elaborate,trait_agreeableness_00742_act_001,low,"['trait_agreeableness_00742_act_001', 'trait_agreeableness_00742_act_002', 'trait_agreeableness_00742_act_003', 'trait_agreeableness_00742_act_004']","['Directly point out the flaw during the meeting and suggest an alternative strategy that mitigates these risks.', 'Consider suggesting a follow-up meeting where you can review the strategy more thoroughly together, to align on the best approach.', 'Challenge the strategy openly in the meeting to ensure everyone is aware of the potential losses, emphasizing the need for a robust discussion.', 'You could express your concerns by privately messaging your colleague, framing it as seeking to understand their perspective better.']","['low', 'high', 'low', 'high']","[-0.056915283203125, -12.6484375, -3.072265625, -12.1015625]","[-0.00284576416015625, -0.5499320652173914, -0.122890625, -0.5762648809523809]","[0.33013007044792175, 0.19102425873279572, 0.29278597235679626, 0.18605971336364746]",0.37708396647745424,0.6229160335225458,0.12291603352254576
trait_agreeableness_00743,agreeableness,low,elaborate_prompt_as_pas,elaborate,trait_agreeableness_00743_act_002,low,"['trait_agreeableness_00743_act_001', 'trait_agreeableness_00743_act_002', 'trait_agreeableness_00743_act_003', 'trait_agreeableness_00743_act_004']","['Maybe you could offer to help train someone else to share the workload, easing the burden on you.', 'Just say no to additional shifts and prioritize your health over voluntary extras.', 'You might consider gently explaining to your supervisor your health concerns and see if you can reduce the extra shifts.', ""Take a step back and let others step up; you're not the only one who can volunteer for extra work.""]","['high', 'low', 'high', 'low']","[-5.03125, -0.0455322265625, -9.390625, -4.71875]","[-0.2515625, -0.0032523018973214285, -0.44717261904761907, -0.20516304347826086]","[0.24086613953113556, 0.3087560832500458, 0.1980721354484558, 0.2523055672645569]",0.43893830768304376,0.5610616923169562,0.06106169231695624
trait_agreeableness_00744,agreeableness,low,elaborate_prompt_as_pas,elaborate,trait_agreeableness_00744_act_001,low,"['trait_agreeableness_00744_act_001', 'trait_agreeableness_00744_act_002', 'trait_agreeableness_00744_act_003', 'trait_agreeableness_00744_act_004']","['Escalate the issue to your manager or HR department to formally address the rumors and protect your professional reputation.', 'Address the situation directly by confronting your colleague and demand they stop spreading unfounded rumors immediately.', 'Offer to collaborate on a project together which could help improve your relationship and show your genuine intentions.', 'Invite your colleague for a coffee and gently discuss the impact their behavior is having on you, aiming to clear up any misunderstandings.']","['low', 'low', 'high', 'high']","[-4.828125, -11.5, -20.78125, -19.421875]","[-0.21946022727272727, -0.6388888888888888, -1.09375, -0.7469951923076923]","[0.3752855062484741, 0.2467210590839386, 0.15655341744422913, 0.22144009172916412]",0.3779934810106843,0.6220065189893157,0.1220065189893157
trait_agreeableness_00745,agreeableness,low,elaborate_prompt_as_pas,elaborate,trait_agreeableness_00745_act_003,low,"['trait_agreeableness_00745_act_001', 'trait_agreeableness_00745_act_002', 'trait_agreeableness_00745_act_003', 'trait_agreeableness_00745_act_004']","['You could give your friend the guitar as a gift to help ease their financial burden and share the joy of music.', 'Consider lending the guitar to your friend until they can afford one, creating a win-win situation where you keep ownership and they get to play.', 'Keep the guitar since giving it away could set a precedent for similar expectations in the future.', 'Suggest that your friend looks for affordable second-hand options online, emphasizing the importance of financial responsibility.']","['high', 'high', 'low', 'low']","[-15.703125, -7.20703125, -0.377685546875, -12.328125]","[-0.6827445652173914, -0.2573939732142857, -0.020982530381944444, -0.61640625]","[0.18060584366321564, 0.276349812746048, 0.35005104541778564, 0.19299325346946716]",0.4569556768367742,0.5430443231632258,0.04304432316322582
trait_agreeableness_00746,agreeableness,low,elaborate_prompt_as_pas,elaborate,trait_agreeableness_00746_act_001,low,"['trait_agreeableness_00746_act_001', 'trait_agreeableness_00746_act_002', 'trait_agreeableness_00746_act_003', 'trait_agreeableness_00746_act_004']","['Consider suggesting that Aythana delegate specific tasks to other team members or ask for an extension from the project lead.', ""Absolutely, offering your assistance could greatly alleviate Aythana's stress and help distribute the project tasks more manageably."", 'Recommend to Aythana to reevaluate her project plan and identify priorities; she might need to focus on key areas and drop less critical tasks.', 'Yes, stepping in to help Aythana not only supports her but also strengthens the teamwork within the project.']","['low', 'high', 'low', 'high']","[-0.1834716796875, -1.9677734375, -3.638671875, -8.7265625]","[-0.007977029551630434, -0.08555536684782608, -0.12547144396551724, -0.3966619318181818]","[0.2863321304321289, 0.2649587392807007, 0.2545909285545349, 0.19411826133728027]",0.459076973254861,0.540923026745139,0.040923026745139035
trait_agreeableness_00747,agreeableness,low,elaborate_prompt_as_pas,elaborate,trait_agreeableness_00747_act_002,low,"['trait_agreeableness_00747_act_001', 'trait_agreeableness_00747_act_002', 'trait_agreeableness_00747_act_003', 'trait_agreeableness_00747_act_004']","['Consider suggesting a brief team check-in where everyone updates the group on their progress, allowing Carielle to share in a non-confrontational setting.', ""Point out directly to Carielle during the meeting that you've noticed discrepancies in their work, asking for an immediate clarification."", 'Perhaps you could invite Carielle for a private chat to gently inquire about their progress and any challenges they might be facing.', ""Challenge Carielle in the meeting to present detailed evidence of their progress to ensure they're held accountable in front of the team.""]","['high', 'low', 'high', 'low']","[-4.40625, -0.360595703125, -12.6875, -1.5791015625]","[-0.146875, -0.014423828125, -0.5075, -0.06073467548076923]","[0.2545291483402252, 0.29057639837265015, 0.17746800184249878, 0.2774263918399811]",0.43199717593176223,0.5680028240682378,0.06800282406823777
trait_agreeableness_00748,agreeableness,low,elaborate_prompt_as_pas,elaborate,trait_agreeableness_00748_act_002,low,"['trait_agreeableness_00748_act_001', 'trait_agreeableness_00748_act_002', 'trait_agreeableness_00748_act_003', 'trait_agreeableness_00748_act_004']","['Document specific instances where Melicia took undue credit and present these to your supervisor as evidence.', ""Report the behavior to your supervisor immediately to prevent further damage to the team's morale."", 'Consider organizing a team intervention where everyone can openly discuss their feelings about fairness and recognition.', 'You could speak with Melicia first to express your concerns and give them a chance to rectify the situation themselves.']","['low', 'low', 'high', 'high']","[-1.40625, -0.281494140625, -11.890625, -17.9375]","[-0.078125, -0.01655847886029412, -0.6994485294117647, -0.779891304347826]","[0.32295116782188416, 0.34345898032188416, 0.17350001633167267, 0.16008979082107544]",0.33358982206537524,0.6664101779346248,0.16641017793462476
trait_agreeableness_00749,agreeableness,low,elaborate_prompt_as_pas,elaborate,trait_agreeableness_00749_act_003,low,"['trait_agreeableness_00749_act_001', 'trait_agreeableness_00749_act_002', 'trait_agreeableness_00749_act_003', 'trait_agreeableness_00749_act_004']","['You might consider addressing the discomfort with Tagert directly by kindly expressing how their behavior makes you feel and seeking a mutual understanding.', 'Perhaps you could involve a mediator from HR to help facilitate a constructive conversation with Tagert, which might improve your work environment.', 'Stand your ground and confront Tagert directly about their aggressive behavior without sugarcoating your concerns.', 'Keep avoiding Tagert if interacting with them disrupts your productivity and peace of mind, focusing instead on your own work responsibilities.']","['high', 'high', 'low', 'low']","[-15.1640625, -11.2734375, -0.49072265625, -1.0244140625]","[-0.6065625, -0.4509375, -0.02582750822368421, -0.0409765625]","[0.174940824508667, 0.2043987512588501, 0.31268078088760376, 0.30797967314720154]",0.3793395644623171,0.6206604355376829,0.12066043553768291
trait_agreeableness_00750,agreeableness,low,elaborate_prompt_as_pas,elaborate,trait_agreeableness_00750_act_001,low,"['trait_agreeableness_00750_act_001', 'trait_agreeableness_00750_act_002', 'trait_agreeableness_00750_act_003', 'trait_agreeableness_00750_act_004']","['Directly challenge the strategy in a team meeting by clearly outlining the potential pitfalls and presenting your alternative solutions.', 'You might consider gently suggesting a team meeting to review the project strategy and express your concerns in a supportive manner.', 'Write a concise, fact-based email to your project leader detailing why the current strategy might fail and suggest a meeting to discuss viable alternatives.', 'Perhaps you could offer to help research or present alternative strategies that could complement the current plan without dismissing it entirely.']","['low', 'high', 'low', 'high']","[-0.8310546875, -17.984375, -5.34765625, -15.3125]","[-0.03957403273809524, -0.8174715909090909, -0.1980613425925926, -0.6960227272727273]","[0.35317033529281616, 0.16223613917827606, 0.30140748620033264, 0.18318596482276917]",0.34542212973699943,0.6545778702630005,0.15457787026300052
