scenario_id,trait,target_direction,condition,prompt_style,loglik_selected_action,loglik_selected_direction,action_ids,action_texts,action_directions,action_logliks,action_normalized_logliks,action_softmax_probs,trait_score,trait_target_score,trait_target_attainment
trait_agreeableness_00701,agreeableness,high,as_pas_only,none,trait_agreeableness_00701_act_002,high,"['trait_agreeableness_00701_act_001', 'trait_agreeableness_00701_act_002', 'trait_agreeableness_00701_act_003', 'trait_agreeableness_00701_act_004']","['You could propose a meeting to discuss the strengths of each theme and consider blending elements of both to please a wider audience.', 'Maybe consult with other team members for their opinions to see if a consensus can be achieved that respects both perspectives.', 'Stick to presenting clear, data-backed arguments on why a cultural heritage theme could draw more interest and community engagement.', 'Insist on setting clear objectives for the event and demonstrate how your theme aligns better with those goals compared to a modern tech theme.']","['high', 'high', 'low', 'low']","[-8.9765625, -0.76416015625, -1.5927734375, -3.810546875]","[-0.3740234375, -0.034734552556818184, -0.07239879261363637, -0.14113136574074073]","[0.1992727369070053, 0.2797687351703644, 0.26942741870880127, 0.25153106451034546]",0.4790414934921932,0.4790414934921932,-0.020958506507806784
trait_agreeableness_00702,agreeableness,high,as_pas_only,none,trait_agreeableness_00702_act_002,high,"['trait_agreeableness_00702_act_001', 'trait_agreeableness_00702_act_002', 'trait_agreeableness_00702_act_003', 'trait_agreeableness_00702_act_004']","['Clearly communicate to your supervisor the unrealistic nature of the additional workload and negotiate down the responsibilities.', 'Consider discussing a phased approach with your boss to gradually integrate the new project while maintaining balance with your current tasks.', 'Prioritize your tasks and cut down on the least essential ones; put focus only on what genuinely requires your expertise.', 'You could ask for support from your team or colleagues to help manage the workload more efficiently.']","['low', 'high', 'low', 'high']","[-2.119140625, -0.289306640625, -2.1171875, -6.62890625]","[-0.11773003472222222, -0.01315030184659091, -0.09205163043478261, -0.3682725694444444]","[0.2554517686367035, 0.28361377120018005, 0.2620963156223297, 0.19883812963962555]",0.48245190802889926,0.48245190802889926,-0.017548091971100743
trait_agreeableness_00703,agreeableness,high,as_pas_only,none,trait_agreeableness_00703_act_002,low,"['trait_agreeableness_00703_act_001', 'trait_agreeableness_00703_act_002', 'trait_agreeableness_00703_act_003', 'trait_agreeableness_00703_act_004']","['Consider setting aside a portion of your bonus for your vacation and donate a portion to your friend to ease their burden.', 'Invest the bonus in a personal savings or retirement fund to ensure your future financial stability.', 'You could offer to help your friend cover some of their medical expenses with part of your bonus.', 'Use the bonus for the vacation you’ve been planning, as personal relaxation and fulfillment are important.']","['high', 'low', 'high', 'low']","[-4.5625, -0.485595703125, -5.2109375, -1.08984375]","[-0.1983695652173913, -0.028564453125, -0.27425986842105265, -0.05736019736842105]","[0.23455309867858887, 0.27796274423599243, 0.21741145849227905, 0.27007272839546204]",0.45196454370127487,0.45196454370127487,-0.04803545629872513
trait_agreeableness_00704,agreeableness,high,as_pas_only,none,trait_agreeableness_00704_act_002,low,"['trait_agreeableness_00704_act_001', 'trait_agreeableness_00704_act_002', 'trait_agreeableness_00704_act_003', 'trait_agreeableness_00704_act_004']","['Challenge the team to justify the strategy with data or precedents, given its similarity to past unsuccessful attempts.', 'Directly state the issues and shortcomings you foresee with the agreed strategy to ensure they are aware of the potential risks.', 'Maybe suggest setting up a small trial run of the strategy first, to demonstrate the outcomes before fully committing.', 'You could gently express your concerns and propose discussing alternative strategies that could prevent potential issues.']","['low', 'low', 'high', 'high']","[-2.068359375, -1.318359375, -1.974609375, -1.755859375]","[-0.09849330357142858, -0.05731997282608696, -0.09402901785714286, -0.1032858455882353]","[0.247419074177742, 0.2578187584877014, 0.24852609634399414, 0.24623613059520721]",0.49476219744907635,0.49476219744907635,-0.005237802550923654
trait_agreeableness_00705,agreeableness,high,as_pas_only,none,trait_agreeableness_00705_act_002,high,"['trait_agreeableness_00705_act_001', 'trait_agreeableness_00705_act_002', 'trait_agreeableness_00705_act_003', 'trait_agreeableness_00705_act_004']","['You could consider politely reaching out to the rental agency to express your concerns and ask for possible solutions or compensation.', 'Maybe try to calmly discuss the discrepancies with the agency, highlighting the missing amenities and differences in the property, and request an amicable resolution.', 'Demand an immediate response from the rental agency and insist on a partial refund or relocation to a property that matches the initial description.', 'Send a firm email to the agency detailing every issue, and make it clear you expect swift action or you will consider legal advice.']","['high', 'high', 'low', 'low']","[-0.82861328125, -0.58837890625, -12.625, -9.59375]","[-0.037664240056818184, -0.021013532366071428, -0.505, -0.36899038461538464]","[0.2974923551082611, 0.3024872839450836, 0.1864294409751892, 0.21359089016914368]",0.5999796569341319,0.5999796569341319,0.09997965693413191
trait_agreeableness_00706,agreeableness,high,as_pas_only,none,trait_agreeableness_00706_act_002,high,"['trait_agreeableness_00706_act_001', 'trait_agreeableness_00706_act_002', 'trait_agreeableness_00706_act_003', 'trait_agreeableness_00706_act_004']","['Directly confront Marybella in your next team meeting by highlighting specific instances where your ideas were dismissed and demand a justification.', 'Consider asking Marybella for a private meeting to express how valuable you feel contributions from all team members are, including yours.', 'Email the whole team including your manager outlining how the dismissal of ideas by any team member, including Marybella, negatively impacts project creativity and ask for more structured discussion protocols.', 'Maybe propose a team brainstorming session where everyone submits one idea anonymously to ensure each thought is considered without bias.']","['low', 'high', 'low', 'high']","[-0.9150390625, -0.650390625, -3.60546875, -5.7265625]","[-0.0366015625, -0.026015625, -0.10301339285714285, -0.26029829545454547]","[0.26695531606674194, 0.26979631185531616, 0.24980223178863525, 0.21344615519046783]",0.4832424598449102,0.4832424598449102,-0.01675754015508979
trait_agreeableness_00707,agreeableness,high,as_pas_only,none,trait_agreeableness_00707_act_002,low,"['trait_agreeableness_00707_act_001', 'trait_agreeableness_00707_act_002', 'trait_agreeableness_00707_act_003', 'trait_agreeableness_00707_act_004']","['Perhaps eat a healthy meal before the party to lessen your cravings and politely sample very small amounts of your favorite foods.', 'Just say no to the unhealthy options and stick firmly to your diet plan; it’s about your health after all.', 'You could bring a dish to share that fits your diet so you have a healthy option available and still enjoy the party.', 'Ignore the offerings and focus on socializing, not eating; you’re there for your friend, not the food.']","['high', 'low', 'high', 'low']","[-3.90234375, -0.356689453125, -1.60546875, -12.4453125]","[-0.16966711956521738, -0.015508237092391304, -0.06689453125, -0.5411005434782609]","[0.25222840905189514, 0.2942689061164856, 0.2795294523239136, 0.17397326231002808]",0.5317578455281899,0.5317578455281899,0.03175784552818994
trait_agreeableness_00708,agreeableness,high,as_pas_only,none,trait_agreeableness_00708_act_001,low,"['trait_agreeableness_00708_act_001', 'trait_agreeableness_00708_act_002', 'trait_agreeableness_00708_act_003', 'trait_agreeableness_00708_act_004']","['Simply note the achievement directly to Nazareth and mention that you noticed the milestone, encouraging them to own their success publicly.', ""Challenge Nazareth in a light-hearted manner about why they haven't boasted about their success yet, to push them out of their comfort zone."", 'Encourage mutual friends or coworkers to subtly acknowledge the achievement, fostering a supportive environment without overwhelming Nazareth.', 'Quietly congratulate Nazareth in a personal message to show your support and respect for their privacy.']","['low', 'low', 'high', 'high']","[-0.1160888671875, -8.1875, -2.2578125, -5.8046875]","[-0.0048370361328125, -0.2924107142857143, -0.10751488095238096, -0.30550986842105265]","[0.2947401702404022, 0.22107909619808197, 0.26597872376441956, 0.21820203959941864]",0.48418074893412744,0.48418074893412744,-0.015819251065872564
trait_agreeableness_00709,agreeableness,high,as_pas_only,none,trait_agreeableness_00709_act_001,high,"['trait_agreeableness_00709_act_001', 'trait_agreeableness_00709_act_002', 'trait_agreeableness_00709_act_003', 'trait_agreeableness_00709_act_004']","['Consider politely telling Zacharyah that his advances are making you uncomfortable and you would like to keep your relationship professional.', 'Maybe talk to a trusted colleague or a supervisor for advice on how to approach Zacharyah about this sensitive issue.', 'Directly tell Zacharyah to stop the advances, asserting that they are inappropriate and unwelcome at the workplace.', 'If speaking to him directly doesn’t work, report the behavior to your HR department to handle it formally.']","['high', 'high', 'low', 'low']","[-0.411376953125, -1.44140625, -2.31640625, -7.8125]","[-0.017885954483695652, -0.06266983695652174, -0.10071331521739131, -0.37202380952380953]","[0.2794472873210907, 0.26720863580703735, 0.25723403692245483, 0.19611001014709473]",0.5466559394197446,0.5466559394197446,0.04665593941974455
trait_agreeableness_00710,agreeableness,high,as_pas_only,none,trait_agreeableness_00710_act_002,high,"['trait_agreeableness_00710_act_001', 'trait_agreeableness_00710_act_002', 'trait_agreeableness_00710_act_003', 'trait_agreeableness_00710_act_004']","['Demand an explanation as to why you were excluded from the discussion, asserting your right to know what concerns your family.', 'Approach a family member gently and express that you would appreciate being included in the conversation as it would help you cope better with the group.', 'Confront the family decisively about the secrecy, making it clear that you expect transparency in future matters.', 'Politely express to your family that you feel left out and assure them that you are capable of handling the situation more calmly with their support.']","['low', 'high', 'low', 'high']","[-11.7109375, -0.039520263671875, -5.2265625, -3.4609375]","[-0.509171195652174, -0.00141143798828125, -0.24888392857142858, -0.12360491071428571]","[0.18418531119823456, 0.3060358166694641, 0.23894411325454712, 0.27083468437194824]",0.5768705440216172,0.5768705440216172,0.0768705440216172
trait_agreeableness_00711,agreeableness,high,as_pas_only,none,trait_agreeableness_00711_act_002,low,"['trait_agreeableness_00711_act_001', 'trait_agreeableness_00711_act_002', 'trait_agreeableness_00711_act_003', 'trait_agreeableness_00711_act_004']","['Perhaps you might weigh the emotional costs against the professional gains and decide if the move aligns with your long-term personal happiness and career goals.', 'Take the job; advancing in your career is a priority, and the significant pay increase justifies the move.', 'You could consider accepting the job and finding ways to maintain strong relationships with your family and friends through regular visits and digital communication.', 'Move to the new city; it’s a valuable opportunity for professional growth, and personal relationships can adapt if they’re truly important.']","['high', 'low', 'high', 'low']","[-13.6875, -0.994140625, -13.796875, -9.9375]","[-0.4888392857142857, -0.04518821022727273, -0.551875, -0.38221153846153844]","[0.2169283777475357, 0.3380582630634308, 0.20367620885372162, 0.24133716523647308]",0.4206045803337607,0.4206045803337607,-0.07939541966623931
trait_agreeableness_00712,agreeableness,high,as_pas_only,none,trait_agreeableness_00712_act_002,low,"['trait_agreeableness_00712_act_001', 'trait_agreeableness_00712_act_002', 'trait_agreeableness_00712_act_003', 'trait_agreeableness_00712_act_004']","['Consider leveraging your time on more personal meetings where you can have genuine interactions, rather than a large industry event.', 'Skip the dinner if it really goes against your preferences and focus on networking in ways that make you feel comfortable.', 'You might find it rewarding to go and connect with a few people, making the experience more manageable and meaningful for you.', 'Consider attending the dinner to nurture relationships that could be beneficial for future collaborations or opportunities.']","['low', 'low', 'high', 'high']","[-6.12890625, -0.489501953125, -2.78125, -1.31640625]","[-0.2785866477272727, -0.022250088778409092, -0.11588541666666667, -0.07743566176470588]","[0.21314316987991333, 0.2754209637641907, 0.2508023977279663, 0.2606334686279297]",0.511435866355896,0.511435866355896,0.011435866355895996
trait_agreeableness_00713,agreeableness,high,as_pas_only,none,trait_agreeableness_00713_act_004,low,"['trait_agreeableness_00713_act_001', 'trait_agreeableness_00713_act_002', 'trait_agreeableness_00713_act_003', 'trait_agreeableness_00713_act_004']","[""You could accept the nomination gracefully as it honors not just your work but also your team's effort."", 'Perhaps you might consider a compromise by accepting the nomination and requesting a more low-key acknowledgment at the ceremony.', 'Decline the nomination if it makes you uncomfortable; maintaining your personal comfort is more important than external recognition.', 'You might just let them know that while you appreciate the gesture, you prefer achievements to be celebrated internally rather than publicly.']","['high', 'high', 'low', 'low']","[-6.5859375, -0.8798828125, -3.30078125, -0.9462890625]","[-0.329296875, -0.04189918154761905, -0.15718005952380953, -0.0394287109375]","[0.20588745176792145, 0.2744385600090027, 0.24455656111240387, 0.2751173973083496]",0.48032602609175523,0.48032602609175523,-0.01967397390824477
trait_agreeableness_00714,agreeableness,high,as_pas_only,none,trait_agreeableness_00714_act_003,low,"['trait_agreeableness_00714_act_001', 'trait_agreeableness_00714_act_002', 'trait_agreeableness_00714_act_003', 'trait_agreeableness_00714_act_004']","['Just let them know that your current responsibilities cannot be set aside, and you must prioritize completing your pending work this weekend.', 'You might consider delegating some of your tasks or rescheduling commitments so you can join your friends and maintain those cherished relationships.', 'Suggest an alternate weekend for the getaway when you are less busy, demonstrating your interest while staying committed to your personal obligations.', 'Perhaps you could work a few extra hours before the weekend to clear up some urgent tasks, allowing you to enjoy the getaway without worries.']","['low', 'high', 'low', 'high']","[-7.90625, -0.7392578125, -0.73388671875, -3.3125]","[-0.3294270833333333, -0.0295703125, -0.02935546875, -0.12268518518518519]","[0.20286913216114044, 0.2738054692745209, 0.2738642990589142, 0.2494610995054245]",0.5232665687799454,0.5232665687799454,0.023266568779945374
trait_agreeableness_00715,agreeableness,high,as_pas_only,none,trait_agreeableness_00715_act_001,high,"['trait_agreeableness_00715_act_001', 'trait_agreeableness_00715_act_002', 'trait_agreeableness_00715_act_003', 'trait_agreeableness_00715_act_004']","['Suggest a team coffee break for everyone to refresh and help Ulisess feel less isolated in his stress.', 'Advise Ulisess to delegate some tasks to others to manage his workload better, which might alleviate his stress.', 'Offer to take a short walk with Ulisess during lunch, allowing for a change of scenery and a physical break from work.', 'Recommend that Ulisess reevaluate his project timeline and priorities, possibly pushing back less critical tasks.']","['high', 'low', 'high', 'low']","[-0.1240234375, -3.451171875, -2.716796875, -4.109375]","[-0.005637428977272727, -0.1500509510869565, -0.1044921875, -0.20546875]","[0.2785303592681885, 0.24107632040977478, 0.252313494682312, 0.22807984054088593]",0.5308438460403108,0.5308438460403108,0.030843846040310763
trait_agreeableness_00716,agreeableness,high,as_pas_only,none,trait_agreeableness_00716_act_003,high,"['trait_agreeableness_00716_act_001', 'trait_agreeableness_00716_act_002', 'trait_agreeableness_00716_act_003', 'trait_agreeableness_00716_act_004']","['Decline the invitation as your workload and commitments cannot be compromised for additional social events.', 'Skip the ball; prioritize completing your major project and maintaining your current commitments.', ""Maybe you could go to the ball with Ranvir but let him know in advance that you'll need to leave early to manage your other commitments."", 'Consider attending the charity ball for just a short time to show support before focusing back on your project.']","['low', 'low', 'high', 'high']","[-2.021484375, -1.2998046875, -0.669921875, -4.54296875]","[-0.1189108455882353, -0.08665364583333333, -0.023100754310344827, -0.2271484375]","[0.24809293448925018, 0.25622618198394775, 0.27303868532180786, 0.22264215350151062]",0.4956808609819797,0.4956808609819797,-0.004319139018020279
trait_agreeableness_00717,agreeableness,high,as_pas_only,none,trait_agreeableness_00717_act_003,low,"['trait_agreeableness_00717_act_001', 'trait_agreeableness_00717_act_002', 'trait_agreeableness_00717_act_003', 'trait_agreeableness_00717_act_004']","['Consider crafting homemade gifts, which can be both meaningful and budget-friendly.', 'You might also think about baking treats to bring to the parties, as this is an affordable and heartfelt alternative to traditional gifts.', 'Just opt out of gift-giving and explain your financial situation honestly if anyone asks.', 'Alternatively, buy a single bulk gift item that you can split among the various parties to minimize costs.']","['high', 'high', 'low', 'low']","[-5.15625, -6.375, -0.01560211181640625, -8.6875]","[-0.36830357142857145, -0.255, -0.0009177712833180147, -0.434375]","[0.2222226858139038, 0.24888314306735992, 0.3208795189857483, 0.20801465213298798]",0.47110582888126373,0.47110582888126373,-0.028894171118736267
trait_agreeableness_00718,agreeableness,high,as_pas_only,none,trait_agreeableness_00718_act_001,low,"['trait_agreeableness_00718_act_001', 'trait_agreeableness_00718_act_002', 'trait_agreeableness_00718_act_003', 'trait_agreeableness_00718_act_004']","[""You should remain neutral, not laughing or reacting, to clearly indicate that such jokes aren't suitable for the workplace."", ""You might offer a light smile to acknowledge Geordie's attempt at humor without encouraging the nature of the joke."", 'Address Geordie later in private, suggesting that he consider the timing and content of his jokes more carefully in the future.', 'Perhaps gently change the subject to help move the conversation away from the joke and towards more appropriate meeting topics.']","['low', 'high', 'low', 'high']","[-0.00315093994140625, -5.81640625, -12.578125, -11.140625]","[-0.00013699738875679347, -0.25288722826086957, -0.503125, -0.5305059523809523]","[0.3367263078689575, 0.26152247190475464, 0.20362547039985657, 0.1981256604194641]",0.4596481734199679,0.4596481734199679,-0.04035182658003211
trait_agreeableness_00719,agreeableness,high,as_pas_only,none,trait_agreeableness_00719_act_002,low,"['trait_agreeableness_00719_act_001', 'trait_agreeableness_00719_act_002', 'trait_agreeableness_00719_act_003', 'trait_agreeableness_00719_act_004']","['You might consider asking her if there’s anything specific you can do to help, showing your support goes beyond just professional boundaries.', 'Evaluate if sending flowers could set a precedent you’re uncomfortable with; maintaining professional boundaries is crucial.', 'Sending a thoughtful card along with the flowers can express your support and empathy during her difficult times.', 'Consider simply acknowledging her situation verbally when appropriate, which keeps the support subtle and professional.']","['high', 'low', 'high', 'low']","[-14.375, -0.0290374755859375, -10.0234375, -9.296875]","[-0.575, -0.0015282881887335527, -0.5275493421052632, -0.546875]","[0.2061203122138977, 0.3657433092594147, 0.2161366194486618, 0.21199972927570343]",0.4222569442467971,0.4222569442467971,-0.0777430557532029
trait_agreeableness_00720,agreeableness,high,as_pas_only,none,trait_agreeableness_00720_act_004,high,"['trait_agreeableness_00720_act_001', 'trait_agreeableness_00720_act_002', 'trait_agreeableness_00720_act_003', 'trait_agreeableness_00720_act_004']","['Suggest that Shandel looks into affordable financing or leasing options for a new laptop instead of giving yours away.', 'Keep the laptop for yourself since it could be useful for your future needs, and Shandel can explore other options to acquire one.', 'Consider surprising Shandel with the laptop, making it a heartfelt gesture to help them succeed in their projects.', 'You could gift the laptop to Shandel, as it would really boost their productivity and show how much you support their endeavors.']","['low', 'low', 'high', 'high']","[-1.9794921875, -13.0703125, -1.79296875, -0.5888671875]","[-0.08997691761363637, -0.5027043269230769, -0.08537946428571429, -0.0235546875]","[0.26772838830947876, 0.17719407379627228, 0.2689621150493622, 0.2861154079437256]",0.5550775312643875,0.5550775312643875,0.055077531264387525
trait_agreeableness_00721,agreeableness,high,as_pas_only,none,trait_agreeableness_00721_act_003,low,"['trait_agreeableness_00721_act_001', 'trait_agreeableness_00721_act_002', 'trait_agreeableness_00721_act_003', 'trait_agreeableness_00721_act_004']","['You might consider gently expressing to Loujain how much effort and care you put into looking after their cat, which could naturally lead them to offer some form of gratitude.', 'Perhaps you could ask Loujain if they’d be willing to cover the costs you incurred while caring for their pet, as a kind gesture of appreciation.', 'Directly ask Loujain for a compensation for the expenses and time you invested in taking care of the cat, emphasizing that it is only fair.', 'Tell Loujain that taking care of their cat involved certain costs and effort on your part, and it would be reasonable to expect some form of compensation for your troubles.']","['high', 'high', 'low', 'low']","[-0.93994140625, -2.35546875, -0.79345703125, -3.93359375]","[-0.027645335477941176, -0.07598286290322581, -0.026448567708333332, -0.11569393382352941]","[0.25841623544692993, 0.246222123503685, 0.25872567296028137, 0.2366359680891037]",0.5046383589506149,0.5046383589506149,0.004638358950614929
trait_agreeableness_00722,agreeableness,high,as_pas_only,none,trait_agreeableness_00722_act_002,high,"['trait_agreeableness_00722_act_001', 'trait_agreeableness_00722_act_002', 'trait_agreeableness_00722_act_003', 'trait_agreeableness_00722_act_004']","['Politely decline, explaining that you already have commitments to your personal health this weekend.', 'Offer to help Nazair for a few hours on one day of the weekend so you can also have time for your relaxation.', 'Suggest that Nazair asks other friends who might not already have plans, as your weekend is already booked for personal time.', ""Suggest that Nazair could hire professional movers and you'll provide support by organizing meals or refreshments for everyone on the moving day.""]","['low', 'high', 'low', 'high']","[-1.7119140625, -0.447998046875, -3.20703125, -1.98828125]","[-0.10070082720588236, -0.017919921875, -0.12828125, -0.0736400462962963]","[0.24470636248588562, 0.26582545042037964, 0.2380494773387909, 0.25141873955726624]",0.5172441745625682,0.5172441745625682,0.017244174562568215
trait_agreeableness_00723,agreeableness,high,as_pas_only,none,trait_agreeableness_00723_act_002,low,"['trait_agreeableness_00723_act_001', 'trait_agreeableness_00723_act_002', 'trait_agreeableness_00723_act_003', 'trait_agreeableness_00723_act_004']","[""Maybe express to Tavleen how you're feeling and ask if she's open to the idea of ordering a ride for you, so she can continue enjoying the party."", 'Tell Tavleen directly that you need to leave for your own comfort, regardless of her having fun.', 'You could suggest a compromise to Tavleen; perhaps staying just a bit longer to meet her happiness, then leaving together.', 'Inform Tavleen that you are calling a taxi for yourself because you want to leave now.']","['high', 'low', 'high', 'low']","[-3.427734375, -0.55810546875, -3.302734375, -1.068359375]","[-0.1008157169117647, -0.026576450892857144, -0.132109375, -0.056229440789473686]","[0.24438820779323578, 0.2632218599319458, 0.23685882985591888, 0.2555311322212219]",0.48124702330687574,0.48124702330687574,-0.018752976693124257
trait_agreeableness_00724,agreeableness,high,as_pas_only,none,trait_agreeableness_00724_act_004,high,"['trait_agreeableness_00724_act_001', 'trait_agreeableness_00724_act_002', 'trait_agreeableness_00724_act_003', 'trait_agreeableness_00724_act_004']","['Suggest that Josalyn finds an alternative or waits for another time when you are less occupied.', 'Keep your business appointment as planned; it’s important to prioritize commitments that impact your professional goals.', 'Perhaps offer to help Josalyn after your business appointment, blending commitment with your supportive nature.', ""You might consider rescheduling the business appointment if Josalyn's request could foster a supportive relationship.""]","['low', 'low', 'high', 'high']","[-7.91796875, -18.421875, -2.38671875, -0.136474609375]","[-0.3958984375, -0.9695723684210527, -0.12561677631578946, -0.00682373046875]","[0.2299167960882187, 0.12954697012901306, 0.30126768350601196, 0.33926862478256226]",0.6405362605649039,0.6405362605649039,0.14053626056490387
trait_agreeableness_00725,agreeableness,high,as_pas_only,none,trait_agreeableness_00725_act_002,high,"['trait_agreeableness_00725_act_001', 'trait_agreeableness_00725_act_002', 'trait_agreeableness_00725_act_003', 'trait_agreeableness_00725_act_004']","[""Apologize sincerely to Webber for the comment and ask them how they feel or if there's anything they'd like to talk about."", 'Express your regret over the upsetting comment, then gently shift the conversation towards a topic that Webber enjoys to lighten the mood.', 'Clarify your comment to Webber, explaining your point of view so they understand your perspective better.', 'Ask Webber to explain why your comment upset them, which can lead to a clearer understanding on both sides.']","['high', 'high', 'low', 'low']","[-2.05859375, -0.1495361328125, -4.87109375, -8.8828125]","[-0.07352120535714286, -0.0059814453125, -0.2435546875, -0.40376420454545453]","[0.27531081438064575, 0.29454755783081055, 0.2322622835636139, 0.1978793889284134]",0.569858346736803,0.569858346736803,0.06985834673680302
trait_agreeableness_00726,agreeableness,high,as_pas_only,none,trait_agreeableness_00726_act_002,high,"['trait_agreeableness_00726_act_001', 'trait_agreeableness_00726_act_002', 'trait_agreeableness_00726_act_003', 'trait_agreeableness_00726_act_004']","['Suggest that Stevielynn should speak to a financial advisor to better manage her expenses and debt.', 'Offer to help Stevielynn by covering some of her medical expenses or by lending her money if that feels right to you.', 'Advise Stevielynn to negotiate the bills or seek cheaper medical alternatives for future treatments.', 'Consider providing support by helping Stevielynn find financial aid programs or charities that assist with medical bills.']","['low', 'high', 'low', 'high']","[-7.05078125, -0.0025081634521484375, -6.72265625, -7.76953125]","[-0.3357514880952381, -9.646782508263222e-05, -0.35382401315789475, -0.36997767857142855]","[0.23002788424491882, 0.32177597284317017, 0.2259080410003662, 0.222288116812706]",0.5440640815486896,0.5440640815486896,0.04406408154868957
trait_agreeableness_00727,agreeableness,high,as_pas_only,none,trait_agreeableness_00727_act_003,high,"['trait_agreeableness_00727_act_001', 'trait_agreeableness_00727_act_002', 'trait_agreeableness_00727_act_003', 'trait_agreeableness_00727_act_004']","['Consider starting with the positive aspects of the policy, then transition into your concerns, ensuring you maintain a respectful tone throughout.', 'Directly challenge the policy by presenting strong, logical arguments against it and demand a review from management.', 'You could express your concerns by highlighting how the policy impacts team morale, and gently suggest possible alternatives that could benefit everyone.', ""Question the policy's fairness and effectiveness in the meeting, and push for an immediate reconsideration by presenting the overall dissatisfaction of your colleagues.""]","['high', 'low', 'high', 'low']","[-5.20703125, -9.2109375, -0.7392578125, -4.53515625]","[-0.21695963541666666, -0.460546875, -0.030802408854166668, -0.16796875]","[0.2476084977388382, 0.19407828152179718, 0.2982720732688904, 0.26004111766815186]",0.5458805872762378,0.5458805872762378,0.04588058727623778
trait_agreeableness_00728,agreeableness,high,as_pas_only,none,trait_agreeableness_00728_act_004,high,"['trait_agreeableness_00728_act_001', 'trait_agreeableness_00728_act_002', 'trait_agreeableness_00728_act_003', 'trait_agreeableness_00728_act_004']","[""Propose a formal vote on the project during the next team meeting to decisively address and move beyond Kashtin's opposition."", ""Firmly defend your project's merits in the next meeting, showcasing robust evidence and data to counter his objections."", 'Consider inviting Kashtin to co-present the project, integrating his viewpoints to strengthen the proposal.', 'Schedule a one-on-one meeting with Kashtin to understand his concerns and discuss potential compromises.']","['low', 'low', 'high', 'high']","[-3.470703125, -2.9453125, -3.107421875, -0.138671875]","[-0.13348858173076922, -0.1280570652173913, -0.16354851973684212, -0.007298519736842105]","[0.24328938126564026, 0.2446144074201584, 0.2360849380493164, 0.27601125836372375]",0.5120962040438682,0.5120962040438682,0.012096204043868242
trait_agreeableness_00729,agreeableness,high,as_pas_only,none,trait_agreeableness_00729_act_001,high,"['trait_agreeableness_00729_act_001', 'trait_agreeableness_00729_act_002', 'trait_agreeableness_00729_act_003', 'trait_agreeableness_00729_act_004']","['Offer to spend time with Janely, perhaps going for a walk or watching a movie together to help her feel less alone.', 'Consider sending Janely a care package filled with her favorite treats and a heartfelt note to show your support and affection.', 'Encourage Janely to join a support group where she can connect with people who understand her grief and can offer perspective.', 'Suggest that Janely seeks professional counseling to address her feelings of hopelessness and to develop coping strategies.']","['high', 'high', 'low', 'low']","[-2.294921875, -2.669921875, -5.3046875, -2.466796875]","[-0.091796875, -0.11608355978260869, -0.22102864583333334, -0.11746651785714286]","[0.2611352503299713, 0.2548695206642151, 0.2294778972864151, 0.2545172870159149]",0.5160047940613982,0.5160047940613982,0.01600479406139821
trait_agreeableness_00730,agreeableness,high,as_pas_only,none,trait_agreeableness_00730_act_001,low,"['trait_agreeableness_00730_act_001', 'trait_agreeableness_00730_act_002', 'trait_agreeableness_00730_act_003', 'trait_agreeableness_00730_act_004']","['Withhold Meital’s paycheck as a firm action to underline the seriousness of the performance issues and motivate improvement.', 'Consider setting up a meeting with Meital to openly discuss performance issues and explore supportive measures to help improve their work.', 'Implement a direct policy that ties Meital’s pay to specific performance metrics, ensuring accountability and immediate consequences for underperformance.', 'You might want to create an improvement plan that outlines clear goals and timelines for Meital, providing regular feedback and encouragement.']","['low', 'high', 'low', 'high']","[-0.0001289844512939453, -12.375, -13.8828125, -22.25]","[-5.862929604270241e-06, -0.5380434782608695, -0.5784505208333334, -0.9270833333333334]","[0.39364323019981384, 0.22984550893306732, 0.22074325382709503, 0.15576797723770142]",0.3856134976629465,0.3856134976629465,-0.1143865023370535
trait_agreeableness_00731,agreeableness,high,as_pas_only,none,trait_agreeableness_00731_act_003,high,"['trait_agreeableness_00731_act_001', 'trait_agreeableness_00731_act_002', 'trait_agreeableness_00731_act_003', 'trait_agreeableness_00731_act_004']","['Perhaps you could delegate some of your responsibilities to other volunteers, which would allow you to continue supporting the charity while also managing your stress better.', ""It's practical to prioritize your own health and professional duties over volunteering; you can always return to it when you're in a better position."", 'You might consider reducing your hours slightly and finding a schedule that allows more time for rest, maintaining your commitment but taking care of your health too.', 'Consider taking a complete break from volunteering to focus entirely on your personal and professional life until you feel less overwhelmed.']","['high', 'low', 'high', 'low']","[-4.55078125, -3.14453125, -0.1669921875, -2.9296875]","[-0.16252790178571427, -0.1123046875, -0.005758351293103448, -0.13316761363636365]","[0.2352372705936432, 0.24735334515571594, 0.2751631438732147, 0.24224628508090973]",0.5104003916501824,0.5104003916501824,0.010400391650182361
trait_agreeableness_00732,agreeableness,high,as_pas_only,none,trait_agreeableness_00732_act_002,low,"['trait_agreeableness_00732_act_001', 'trait_agreeableness_00732_act_002', 'trait_agreeableness_00732_act_003', 'trait_agreeableness_00732_act_004']","['Recommend that they check local moving services or rental trucks, as you need to prioritize your own commitments this weekend.', 'Politely explain that you have long-standing personal plans and suggest that they reschedule the move or ask another friend for help.', 'You could suggest hiring professional movers and then visiting your friend after your retreat to help them unpack and settle in.', 'Offer to help your friend with packing a day or two before your retreat, so you can still support them without cancelling your plans.']","['low', 'low', 'high', 'high']","[-2.728515625, -0.1192626953125, -4.29296875, -6.234375]","[-0.1240234375, -0.0047705078125, -0.19513494318181818, -0.23978365384615385]","[0.25324779748916626, 0.2853228747844696, 0.23586438596248627, 0.22556498646736145]",0.4614293518023483,0.4614293518023483,-0.038570648197651713
trait_agreeableness_00733,agreeableness,high,as_pas_only,none,trait_agreeableness_00733_act_003,low,"['trait_agreeableness_00733_act_001', 'trait_agreeableness_00733_act_002', 'trait_agreeableness_00733_act_003', 'trait_agreeableness_00733_act_004']","['You could politely excuse yourself from your current commitment, explaining the importance of timely attendance at your work meeting.', 'Consider contacting a colleague who is also attending the meeting and kindly ask if they can cover the beginning part until you arrive.', ""Just focus on finishing your current commitment properly, even if it means being late; you can't always please everyone."", ""Send a quick message to inform them you'll be late, then proceed with your current engagement without cutting it short.""]","['high', 'high', 'low', 'low']","[-3.5859375, -2.22265625, -0.175048828125, -4.11328125]","[-0.17075892857142858, -0.09261067708333333, -0.007610818614130435, -0.1788383152173913]","[0.23526935279369354, 0.25439274311065674, 0.27696168422698975, 0.2333761751651764]",0.48966211779395274,0.48966211779395274,-0.010337882206047255
trait_agreeableness_00734,agreeableness,high,as_pas_only,none,trait_agreeableness_00734_act_002,high,"['trait_agreeableness_00734_act_001', 'trait_agreeableness_00734_act_002', 'trait_agreeableness_00734_act_003', 'trait_agreeableness_00734_act_004']","['Directly ask both colleagues to clarify their points and explain the reasoning behind their disagreements in the meeting, fostering a clear and open dialogue.', 'You might consider suggesting a team-building activity that focuses on communication skills, which can improve overall team harmony without direct confrontation.', 'You could inform your manager about the disruptive behavior, letting them handle the situation and possibly mediate the conflict.', 'Perhaps you could recommend a feedback session where everyone gets the chance to express their thoughts in a structured manner, making the atmosphere more open and less tense.']","['low', 'high', 'low', 'high']","[-2.0234375, -0.65966796875, -11.296875, -2.486328125]","[-0.07494212962962964, -0.027486165364583332, -0.5134943181818182, -0.08287760416666666]","[0.2713214159011841, 0.2845076322555542, 0.17499403655529022, 0.2691768705844879]",0.5536845275916693,0.5536845275916693,0.05368452759166931
trait_agreeableness_00735,agreeableness,high,as_pas_only,none,trait_agreeableness_00735_act_002,low,"['trait_agreeableness_00735_act_001', 'trait_agreeableness_00735_act_002', 'trait_agreeableness_00735_act_003', 'trait_agreeableness_00735_act_004']","['Maybe you can ask your friend how they feel about their project first to understand their perspective before sharing your thoughts.', 'Just be straightforward and tell your friend what you really think about the art project; they asked for honesty, after all.', 'You could mention specific aspects you like while gently suggesting improvements in areas you think could be better.', 'Recommend your friend to seek feedback from professional artists as well, which can provide them with a more objective critique.']","['high', 'low', 'high', 'low']","[-8.375, -0.00026297569274902344, -16.109375, -19.96875]","[-0.3806818181818182, -1.095732053120931e-05, -0.8478618421052632, -0.9076704545454546]","[0.271708607673645, 0.39758196473121643, 0.17029806971549988, 0.16041137278079987]",0.44200667080273226,0.44200667080273226,-0.05799332919726774
trait_agreeableness_00736,agreeableness,high,as_pas_only,none,trait_agreeableness_00736_act_003,high,"['trait_agreeableness_00736_act_001', 'trait_agreeableness_00736_act_002', 'trait_agreeableness_00736_act_003', 'trait_agreeableness_00736_act_004']","['Suggest a compromise where Jahnia could redistribute some of the tasks among other team members to lessen your burden.', 'Decline the proposal, citing your current responsibilities and the importance of maintaining your personal life balance.', 'Perhaps you could agree to the new plan, but clarify your availability and limits to ensure your personal time is respected.', 'You might consider agreeing to the plan but also ask for help or support to manage the increased workload effectively.']","['low', 'low', 'high', 'high']","[-2.826171875, -8.671875, -1.064453125, -1.5927734375]","[-0.12846235795454544, -0.4564144736842105, -0.04628057065217391, -0.07584635416666667]","[0.2590622901916504, 0.1866278350353241, 0.28125178813934326, 0.27305808663368225]",0.5543098747730255,0.5543098747730255,0.05430987477302551
trait_agreeableness_00737,agreeableness,high,as_pas_only,none,trait_agreeableness_00737_act_002,high,"['trait_agreeableness_00737_act_001', 'trait_agreeableness_00737_act_002', 'trait_agreeableness_00737_act_003', 'trait_agreeableness_00737_act_004']","['You could gently remind your colleagues about the value of discussing concerns directly with PersonZ to promote a more understanding and supportive work environment.', 'Consider sharing positive experiences or achievements of PersonZ to subtly shift the tone of the conversation to something more constructive and appreciative.', ""You might propose focusing the discussion on tasks and projects instead, pointing out that speculative talk is not productive or beneficial for the team's goals."", 'Suggest setting up a meeting where concerns can be addressed openly with PersonZ present, ensuring a fair dialogue and cutting out behind-the-back criticisms.']","['high', 'high', 'low', 'low']","[-11.140625, -0.5947265625, -0.94287109375, -2.892578125]","[-0.4284855769230769, -0.0237890625, -0.03367396763392857, -0.09974407327586207]","[0.18614448606967926, 0.27900221943855286, 0.2762579023838043, 0.25859540700912476]",0.4651466985770062,0.4651466985770062,-0.03485330142299381
trait_agreeableness_00738,agreeableness,high,as_pas_only,none,trait_agreeableness_00738_act_001,low,"['trait_agreeableness_00738_act_001', 'trait_agreeableness_00738_act_002', 'trait_agreeableness_00738_act_003', 'trait_agreeableness_00738_act_004']","['Recommend they look into local community services like food banks and job training workshops to become more self-sufficient.', 'Offer to babysit the children a couple of times a week to give the parents time to job search or handle other responsibilities.', 'Suggest setting up a schedule where they can gradually take over the childcare and household chores as they stabilize financially.', 'Prepare some extra meals that can easily be reheated, to relieve them from cooking duties for a few days.']","['low', 'high', 'low', 'high']","[-0.256591796875, -2.37890625, -2.482421875, -3.62890625]","[-0.01221865699404762, -0.09515625, -0.11283735795454546, -0.1649502840909091]","[0.271514356136322, 0.24990415573120117, 0.24552439153194427, 0.23305708169937134]",0.48296124462725587,0.48296124462725587,-0.01703875537274413
trait_agreeableness_00739,agreeableness,high,as_pas_only,none,trait_agreeableness_00739_act_003,high,"['trait_agreeableness_00739_act_001', 'trait_agreeableness_00739_act_002', 'trait_agreeableness_00739_act_003', 'trait_agreeableness_00739_act_004']","['Consider encouraging Destinnie to seek advice from an independent financial advisor to ensure she makes a well-informed decision.', 'Go ahead and emphasize the potential high returns of the deal to persuade Destinnie, focusing on how such investments can significantly pay off.', 'You could prioritize transparency and discuss both the potential benefits and risks openly with Destinnie, emphasizing that the final decision is hers to make.', ""You should highlight the unique chance this deal represents and pitch it as a strategically aggressive investment that shouldn't be missed.""]","['high', 'low', 'high', 'low']","[-2.662109375, -5.62890625, -0.358154296875, -1.576171875]","[-0.12100497159090909, -0.21649639423076922, -0.013264973958333334, -0.06852921195652174]","[0.24530477821826935, 0.22296394407749176, 0.27321019768714905, 0.25852108001708984]",0.5185149759054184,0.5185149759054184,0.018514975905418396
trait_agreeableness_00740,agreeableness,high,as_pas_only,none,trait_agreeableness_00740_act_001,low,"['trait_agreeableness_00740_act_001', 'trait_agreeableness_00740_act_002', 'trait_agreeableness_00740_act_003', 'trait_agreeableness_00740_act_004']","[""Confront Hikari then and there by firmly stating the discomfort they're causing, to immediately address the issue."", ""Directly tell Hikari that their behavior is inappropriate and advise them to stop immediately if you feel it's disruptive enough."", 'Maybe suggest a quick, quiet walk with Hikari outside the venue to discuss the issue discreetly and help them regain composure.', 'Consider pulling Hikari aside gently to express your concerns in private, aiming to avoid public embarrassment.']","['low', 'low', 'high', 'high']","[-0.0816650390625, -2.845703125, -5.24609375, -4.71484375]","[-0.0035506538722826085, -0.113828125, -0.19429976851851852, -0.2357421875]","[0.28451773524284363, 0.2548099756240845, 0.23510834574699402, 0.22556401789188385]",0.4606723293161147,0.4606723293161147,-0.03932767068388532
trait_agreeableness_00741,agreeableness,high,as_pas_only,none,trait_agreeableness_00741_act_003,low,"['trait_agreeableness_00741_act_001', 'trait_agreeableness_00741_act_002', 'trait_agreeableness_00741_act_003', 'trait_agreeableness_00741_act_004']","['You might consider arranging a private, friendly chat with Janya to understand any challenges she’s facing and discuss how you can help her meet her deadlines.', 'Perhaps you could offer to help Janya organize her tasks or suggest setting up a team meeting to realign everyone’s responsibilities and deadlines.', ""Directly inform Janya that her missed deadlines are impacting the team's performance and she needs to adhere to the project timeline more strictly."", 'Send an email to Janya outlining the deadlines and mentioning that further delays could lead to discussions with higher management.']","['high', 'high', 'low', 'low']","[-5.4375, -2.5, -0.10009765625, -10.0546875]","[-0.18125, -0.09259259259259259, -0.003707320601851852, -0.45703125]","[0.24715985357761383, 0.2700731158256531, 0.2951778173446655, 0.1875891089439392]",0.5172330233548755,0.5172330233548755,0.017233023354875532
trait_agreeableness_00742,agreeableness,high,as_pas_only,none,trait_agreeableness_00742_act_003,low,"['trait_agreeableness_00742_act_001', 'trait_agreeableness_00742_act_002', 'trait_agreeableness_00742_act_003', 'trait_agreeableness_00742_act_004']","['Directly point out the flaw during the meeting and suggest an alternative strategy that mitigates these risks.', 'Consider suggesting a follow-up meeting where you can review the strategy more thoroughly together, to align on the best approach.', 'Challenge the strategy openly in the meeting to ensure everyone is aware of the potential losses, emphasizing the need for a robust discussion.', 'You could express your concerns by privately messaging your colleague, framing it as seeking to understand their perspective better.']","['low', 'high', 'low', 'high']","[-1.0224609375, -5.1328125, -0.5322265625, -5.0859375]","[-0.051123046875, -0.22316576086956522, -0.0212890625, -0.2421875]","[0.27039408683776855, 0.22765643894672394, 0.27858254313468933, 0.22336696088314056]",0.4510233863883201,0.4510233863883201,-0.048976613611679876
trait_agreeableness_00743,agreeableness,high,as_pas_only,none,trait_agreeableness_00743_act_002,low,"['trait_agreeableness_00743_act_001', 'trait_agreeableness_00743_act_002', 'trait_agreeableness_00743_act_003', 'trait_agreeableness_00743_act_004']","['Maybe you could offer to help train someone else to share the workload, easing the burden on you.', 'Just say no to additional shifts and prioritize your health over voluntary extras.', 'You might consider gently explaining to your supervisor your health concerns and see if you can reduce the extra shifts.', ""Take a step back and let others step up; you're not the only one who can volunteer for extra work.""]","['high', 'low', 'high', 'low']","[-7.2734375, -0.49072265625, -0.95947265625, -8.5078125]","[-0.363671875, -0.03505161830357143, -0.045689174107142856, -0.36990489130434784]","[0.21020819246768951, 0.2919897437095642, 0.28890013694763184, 0.2089020162820816]",0.49910828479156333,0.49910828479156333,-0.000891715208436672
trait_agreeableness_00744,agreeableness,high,as_pas_only,none,trait_agreeableness_00744_act_001,low,"['trait_agreeableness_00744_act_001', 'trait_agreeableness_00744_act_002', 'trait_agreeableness_00744_act_003', 'trait_agreeableness_00744_act_004']","['Escalate the issue to your manager or HR department to formally address the rumors and protect your professional reputation.', 'Address the situation directly by confronting your colleague and demand they stop spreading unfounded rumors immediately.', 'Offer to collaborate on a project together which could help improve your relationship and show your genuine intentions.', 'Invite your colleague for a coffee and gently discuss the impact their behavior is having on you, aiming to clear up any misunderstandings.']","['low', 'low', 'high', 'high']","[-0.2484130859375, -2.951171875, -2.109375, -3.4140625]","[-0.01129150390625, -0.16395399305555555, -0.11101973684210527, -0.13131009615384615]","[0.27394208312034607, 0.23515720665454865, 0.24794042110443115, 0.24296031892299652]",0.490900725397446,0.490900725397446,-0.009099274602553997
trait_agreeableness_00745,agreeableness,high,as_pas_only,none,trait_agreeableness_00745_act_003,low,"['trait_agreeableness_00745_act_001', 'trait_agreeableness_00745_act_002', 'trait_agreeableness_00745_act_003', 'trait_agreeableness_00745_act_004']","['You could give your friend the guitar as a gift to help ease their financial burden and share the joy of music.', 'Consider lending the guitar to your friend until they can afford one, creating a win-win situation where you keep ownership and they get to play.', 'Keep the guitar since giving it away could set a precedent for similar expectations in the future.', 'Suggest that your friend looks for affordable second-hand options online, emphasizing the importance of financial responsibility.']","['high', 'high', 'low', 'low']","[-4.4140625, -1.517578125, -0.267333984375, -6.03125]","[-0.19191576086956522, -0.05419921875, -0.014851888020833334, -0.3015625]","[0.23598773777484894, 0.2708314061164856, 0.2817003130912781, 0.21148058772087097]",0.5068191212347543,0.5068191212347543,0.006819121234754255
trait_agreeableness_00746,agreeableness,high,as_pas_only,none,trait_agreeableness_00746_act_002,high,"['trait_agreeableness_00746_act_001', 'trait_agreeableness_00746_act_002', 'trait_agreeableness_00746_act_003', 'trait_agreeableness_00746_act_004']","['Consider suggesting that Aythana delegate specific tasks to other team members or ask for an extension from the project lead.', ""Absolutely, offering your assistance could greatly alleviate Aythana's stress and help distribute the project tasks more manageably."", 'Recommend to Aythana to reevaluate her project plan and identify priorities; she might need to focus on key areas and drop less critical tasks.', 'Yes, stepping in to help Aythana not only supports her but also strengthens the teamwork within the project.']","['low', 'high', 'low', 'high']","[-6.08203125, -0.2529296875, -12.203125, -1.6103515625]","[-0.26443614130434784, -0.010996942934782608, -0.4207974137931034, -0.07319779829545454]","[0.22965027391910553, 0.2958926856517792, 0.1964084506034851, 0.2780486047267914]",0.573941281826179,0.573941281826179,0.07394128182617898
trait_agreeableness_00747,agreeableness,high,as_pas_only,none,trait_agreeableness_00747_act_001,high,"['trait_agreeableness_00747_act_001', 'trait_agreeableness_00747_act_002', 'trait_agreeableness_00747_act_003', 'trait_agreeableness_00747_act_004']","['Consider suggesting a brief team check-in where everyone updates the group on their progress, allowing Carielle to share in a non-confrontational setting.', ""Point out directly to Carielle during the meeting that you've noticed discrepancies in their work, asking for an immediate clarification."", 'Perhaps you could invite Carielle for a private chat to gently inquire about their progress and any challenges they might be facing.', ""Challenge Carielle in the meeting to present detailed evidence of their progress to ensure they're held accountable in front of the team.""]","['high', 'low', 'high', 'low']","[-0.284423828125, -2.7109375, -3.048828125, -5.3984375]","[-0.009480794270833334, -0.1084375, -0.121953125, -0.20763221153846154]","[0.2762698233127594, 0.2502402067184448, 0.24688081443309784, 0.22660911083221436]",0.5231506611325142,0.5231506611325142,0.023150661132514183
trait_agreeableness_00748,agreeableness,high,as_pas_only,none,trait_agreeableness_00748_act_002,low,"['trait_agreeableness_00748_act_001', 'trait_agreeableness_00748_act_002', 'trait_agreeableness_00748_act_003', 'trait_agreeableness_00748_act_004']","['Document specific instances where Melicia took undue credit and present these to your supervisor as evidence.', ""Report the behavior to your supervisor immediately to prevent further damage to the team's morale."", 'Consider organizing a team intervention where everyone can openly discuss their feelings about fairness and recognition.', 'You could speak with Melicia first to express your concerns and give them a chance to rectify the situation themselves.']","['low', 'low', 'high', 'high']","[-8.890625, -0.00015628337860107422, -12.640625, -14.578125]","[-0.4939236111111111, -9.193139917710249e-06, -0.7435661764705882, -0.6338315217391305]","[0.23325051367282867, 0.3822318911552429, 0.18172062933444977, 0.20279693603515625]",0.3845175768291228,0.3845175768291228,-0.1154824231708772
trait_agreeableness_00749,agreeableness,high,as_pas_only,none,trait_agreeableness_00749_act_004,low,"['trait_agreeableness_00749_act_001', 'trait_agreeableness_00749_act_002', 'trait_agreeableness_00749_act_003', 'trait_agreeableness_00749_act_004']","['You might consider addressing the discomfort with Tagert directly by kindly expressing how their behavior makes you feel and seeking a mutual understanding.', 'Perhaps you could involve a mediator from HR to help facilitate a constructive conversation with Tagert, which might improve your work environment.', 'Stand your ground and confront Tagert directly about their aggressive behavior without sugarcoating your concerns.', 'Keep avoiding Tagert if interacting with them disrupts your productivity and peace of mind, focusing instead on your own work responsibilities.']","['high', 'high', 'low', 'low']","[-11.6015625, -8.6484375, -3.8203125, -0.0228118896484375]","[-0.4640625, -0.3459375, -0.20106907894736842, -0.0009124755859375]","[0.19939087331295013, 0.22439146041870117, 0.259371280670166, 0.31684640049934387]",0.42378232741680255,0.42378232741680255,-0.07621767258319745
trait_agreeableness_00750,agreeableness,high,as_pas_only,none,trait_agreeableness_00750_act_003,low,"['trait_agreeableness_00750_act_001', 'trait_agreeableness_00750_act_002', 'trait_agreeableness_00750_act_003', 'trait_agreeableness_00750_act_004']","['Directly challenge the strategy in a team meeting by clearly outlining the potential pitfalls and presenting your alternative solutions.', 'You might consider gently suggesting a team meeting to review the project strategy and express your concerns in a supportive manner.', 'Write a concise, fact-based email to your project leader detailing why the current strategy might fail and suggest a meeting to discuss viable alternatives.', 'Perhaps you could offer to help research or present alternative strategies that could complement the current plan without dismissing it entirely.']","['low', 'high', 'low', 'high']","[-5.85546875, -2.076171875, -0.1529541015625, -5.09765625]","[-0.27883184523809523, -0.09437144886363637, -0.005664966724537037, -0.23171164772727273]","[0.21906107664108276, 0.26343613862991333, 0.28787243366241455, 0.22963033616542816]",0.4930664821426046,0.4930664821426046,-0.006933517857395377
trait_agreeableness_00701,agreeableness,low,as_pas_only,none,trait_agreeableness_00701_act_002,high,"['trait_agreeableness_00701_act_001', 'trait_agreeableness_00701_act_002', 'trait_agreeableness_00701_act_003', 'trait_agreeableness_00701_act_004']","['You could propose a meeting to discuss the strengths of each theme and consider blending elements of both to please a wider audience.', 'Maybe consult with other team members for their opinions to see if a consensus can be achieved that respects both perspectives.', 'Stick to presenting clear, data-backed arguments on why a cultural heritage theme could draw more interest and community engagement.', 'Insist on setting clear objectives for the event and demonstrate how your theme aligns better with those goals compared to a modern tech theme.']","['high', 'high', 'low', 'low']","[-4.1796875, -1.021484375, -5.2890625, -6.80078125]","[-0.17415364583333334, -0.046431107954545456, -0.24041193181818182, -0.25188078703703703]","[0.250166118144989, 0.2842481732368469, 0.23412774503231049, 0.2314579039812088]",0.5344143232354118,0.4655856767645882,-0.034414323235411826
trait_agreeableness_00702,agreeableness,low,as_pas_only,none,trait_agreeableness_00702_act_002,high,"['trait_agreeableness_00702_act_001', 'trait_agreeableness_00702_act_002', 'trait_agreeableness_00702_act_003', 'trait_agreeableness_00702_act_004']","['Clearly communicate to your supervisor the unrealistic nature of the additional workload and negotiate down the responsibilities.', 'Consider discussing a phased approach with your boss to gradually integrate the new project while maintaining balance with your current tasks.', 'Prioritize your tasks and cut down on the least essential ones; put focus only on what genuinely requires your expertise.', 'You could ask for support from your team or colleagues to help manage the workload more efficiently.']","['low', 'high', 'low', 'high']","[-0.86328125, -0.91015625, -1.9462890625, -14.25]","[-0.04796006944444445, -0.04137073863636364, -0.08462126358695653, -0.7916666666666666]","[0.29019469022750854, 0.29211318492889404, 0.27974846959114075, 0.13794367015361786]",0.4300568486741655,0.5699431513258345,0.06994315132583451
trait_agreeableness_00703,agreeableness,low,as_pas_only,none,trait_agreeableness_00703_act_002,low,"['trait_agreeableness_00703_act_001', 'trait_agreeableness_00703_act_002', 'trait_agreeableness_00703_act_003', 'trait_agreeableness_00703_act_004']","['Consider setting aside a portion of your bonus for your vacation and donate a portion to your friend to ease their burden.', 'Invest the bonus in a personal savings or retirement fund to ensure your future financial stability.', 'You could offer to help your friend cover some of their medical expenses with part of your bonus.', 'Use the bonus for the vacation you’ve been planning, as personal relaxation and fulfillment are important.']","['high', 'low', 'high', 'low']","[-3.638671875, -0.39990234375, -7.609375, -1.349609375]","[-0.158203125, -0.023523667279411766, -0.4004934210526316, -0.07103207236842106]","[0.2487511932849884, 0.28461363911628723, 0.19522696733474731, 0.2714082598686218]",0.4439781341565767,0.5560218658434233,0.05602186584342328
trait_agreeableness_00704,agreeableness,low,as_pas_only,none,trait_agreeableness_00704_act_001,low,"['trait_agreeableness_00704_act_001', 'trait_agreeableness_00704_act_002', 'trait_agreeableness_00704_act_003', 'trait_agreeableness_00704_act_004']","['Challenge the team to justify the strategy with data or precedents, given its similarity to past unsuccessful attempts.', 'Directly state the issues and shortcomings you foresee with the agreed strategy to ensure they are aware of the potential risks.', 'Maybe suggest setting up a small trial run of the strategy first, to demonstrate the outcomes before fully committing.', 'You could gently express your concerns and propose discussing alternative strategies that could prevent potential issues.']","['low', 'low', 'high', 'high']","[-0.3798828125, -2.11328125, -2.51953125, -7.98828125]","[-0.01808965773809524, -0.09188179347826086, -0.11997767857142858, -0.46989889705882354]","[0.2883114814758301, 0.267802357673645, 0.2603829503059387, 0.18350321054458618]",0.4438861608505249,0.5561138391494751,0.0561138391494751
trait_agreeableness_00705,agreeableness,low,as_pas_only,none,trait_agreeableness_00705_act_001,high,"['trait_agreeableness_00705_act_001', 'trait_agreeableness_00705_act_002', 'trait_agreeableness_00705_act_003', 'trait_agreeableness_00705_act_004']","['You could consider politely reaching out to the rental agency to express your concerns and ask for possible solutions or compensation.', 'Maybe try to calmly discuss the discrepancies with the agency, highlighting the missing amenities and differences in the property, and request an amicable resolution.', 'Demand an immediate response from the rental agency and insist on a partial refund or relocation to a property that matches the initial description.', 'Send a firm email to the agency detailing every issue, and make it clear you expect swift action or you will consider legal advice.']","['high', 'high', 'low', 'low']","[-0.00934600830078125, -4.82421875, -15.2734375, -12.7578125]","[-0.00042481855912642044, -0.17229352678571427, -0.6109375, -0.49068509615384615]","[0.33359697461128235, 0.28091856837272644, 0.18116730451583862, 0.2043171375989914]",0.6145155521410041,0.38548444785899594,-0.11451555214100406
trait_agreeableness_00706,agreeableness,low,as_pas_only,none,trait_agreeableness_00706_act_001,low,"['trait_agreeableness_00706_act_001', 'trait_agreeableness_00706_act_002', 'trait_agreeableness_00706_act_003', 'trait_agreeableness_00706_act_004']","['Directly confront Marybella in your next team meeting by highlighting specific instances where your ideas were dismissed and demand a justification.', 'Consider asking Marybella for a private meeting to express how valuable you feel contributions from all team members are, including yours.', 'Email the whole team including your manager outlining how the dismissal of ideas by any team member, including Marybella, negatively impacts project creativity and ask for more structured discussion protocols.', 'Maybe propose a team brainstorming session where everyone submits one idea anonymously to ensure each thought is considered without bias.']","['low', 'high', 'low', 'high']","[-0.33056640625, -1.599609375, -3.857421875, -7.95703125]","[-0.01322265625, -0.063984375, -0.11021205357142858, -0.36168323863636365]","[0.2805958390235901, 0.26670777797698975, 0.25465914607048035, 0.19803716242313385]",0.4647449750263225,0.5352550249736775,0.035255024973677496
trait_agreeableness_00707,agreeableness,low,as_pas_only,none,trait_agreeableness_00707_act_002,low,"['trait_agreeableness_00707_act_001', 'trait_agreeableness_00707_act_002', 'trait_agreeableness_00707_act_003', 'trait_agreeableness_00707_act_004']","['Perhaps eat a healthy meal before the party to lessen your cravings and politely sample very small amounts of your favorite foods.', 'Just say no to the unhealthy options and stick firmly to your diet plan; it’s about your health after all.', 'You could bring a dish to share that fits your diet so you have a healthy option available and still enjoy the party.', 'Ignore the offerings and focus on socializing, not eating; you’re there for your friend, not the food.']","['high', 'low', 'high', 'low']","[-3.69921875, -0.287109375, -4.58984375, -10.34375]","[-0.16083559782608695, -0.012483016304347826, -0.19124348958333334, -0.44972826086956524]","[0.2577941417694092, 0.29902103543281555, 0.2500731647014618, 0.19311168789863586]",0.5078672913352462,0.4921327086647538,-0.007867291335246218
trait_agreeableness_00708,agreeableness,low,as_pas_only,none,trait_agreeableness_00708_act_001,low,"['trait_agreeableness_00708_act_001', 'trait_agreeableness_00708_act_002', 'trait_agreeableness_00708_act_003', 'trait_agreeableness_00708_act_004']","['Simply note the achievement directly to Nazareth and mention that you noticed the milestone, encouraging them to own their success publicly.', ""Challenge Nazareth in a light-hearted manner about why they haven't boasted about their success yet, to push them out of their comfort zone."", 'Encourage mutual friends or coworkers to subtly acknowledge the achievement, fostering a supportive environment without overwhelming Nazareth.', 'Quietly congratulate Nazareth in a personal message to show your support and respect for their privacy.']","['low', 'low', 'high', 'high']","[-0.00739288330078125, -11.3125, -5.1484375, -8.0703125]","[-0.00030803680419921875, -0.40401785714285715, -0.24516369047619047, -0.42475328947368424]","[0.32208317518234253, 0.21509933471679688, 0.2521323561668396, 0.2106851041316986]",0.46281747409157376,0.5371825259084262,0.03718252590842619
trait_agreeableness_00709,agreeableness,low,as_pas_only,none,trait_agreeableness_00709_act_001,high,"['trait_agreeableness_00709_act_001', 'trait_agreeableness_00709_act_002', 'trait_agreeableness_00709_act_003', 'trait_agreeableness_00709_act_004']","['Consider politely telling Zacharyah that his advances are making you uncomfortable and you would like to keep your relationship professional.', 'Maybe talk to a trusted colleague or a supervisor for advice on how to approach Zacharyah about this sensitive issue.', 'Directly tell Zacharyah to stop the advances, asserting that they are inappropriate and unwelcome at the workplace.', 'If speaking to him directly doesn’t work, report the behavior to your HR department to handle it formally.']","['high', 'high', 'low', 'low']","[-0.027069091796875, -5.87109375, -3.775390625, -14.9921875]","[-0.0011769170346467392, -0.2552649456521739, -0.16414741847826086, -0.7139136904761905]","[0.32097160816192627, 0.24895314872264862, 0.272702693939209, 0.15737254917621613]",0.5699247568845749,0.4300752431154251,-0.06992475688457489
trait_agreeableness_00710,agreeableness,low,as_pas_only,none,trait_agreeableness_00710_act_002,high,"['trait_agreeableness_00710_act_001', 'trait_agreeableness_00710_act_002', 'trait_agreeableness_00710_act_003', 'trait_agreeableness_00710_act_004']","['Demand an explanation as to why you were excluded from the discussion, asserting your right to know what concerns your family.', 'Approach a family member gently and express that you would appreciate being included in the conversation as it would help you cope better with the group.', 'Confront the family decisively about the secrecy, making it clear that you expect transparency in future matters.', 'Politely express to your family that you feel left out and assure them that you are capable of handling the situation more calmly with their support.']","['low', 'high', 'low', 'high']","[-8.1328125, -0.072998046875, -2.666015625, -9.8359375]","[-0.35360054347826086, -0.0026070731026785715, -0.126953125, -0.35128348214285715]","[0.21380381286144257, 0.3037036061286926, 0.2681927978992462, 0.2142997682094574]",0.5180033820570019,0.4819966179429981,-0.018003382057001915
trait_agreeableness_00711,agreeableness,low,as_pas_only,none,trait_agreeableness_00711_act_002,low,"['trait_agreeableness_00711_act_001', 'trait_agreeableness_00711_act_002', 'trait_agreeableness_00711_act_003', 'trait_agreeableness_00711_act_004']","['Perhaps you might weigh the emotional costs against the professional gains and decide if the move aligns with your long-term personal happiness and career goals.', 'Take the job; advancing in your career is a priority, and the significant pay increase justifies the move.', 'You could consider accepting the job and finding ways to maintain strong relationships with your family and friends through regular visits and digital communication.', 'Move to the new city; it’s a valuable opportunity for professional growth, and personal relationships can adapt if they’re truly important.']","['high', 'low', 'high', 'low']","[-10.8671875, -0.021820068359375, -18.078125, -5.87890625]","[-0.3881138392857143, -0.0009918212890625, -0.723125, -0.22611177884615385]","[0.22915130853652954, 0.3374794125556946, 0.16391882300376892, 0.26945045590400696]",0.39307013154029846,0.6069298684597015,0.10692986845970154
trait_agreeableness_00712,agreeableness,low,as_pas_only,none,trait_agreeableness_00712_act_004,high,"['trait_agreeableness_00712_act_001', 'trait_agreeableness_00712_act_002', 'trait_agreeableness_00712_act_003', 'trait_agreeableness_00712_act_004']","['Consider leveraging your time on more personal meetings where you can have genuine interactions, rather than a large industry event.', 'Skip the dinner if it really goes against your preferences and focus on networking in ways that make you feel comfortable.', 'You might find it rewarding to go and connect with a few people, making the experience more manageable and meaningful for you.', 'Consider attending the dinner to nurture relationships that could be beneficial for future collaborations or opportunities.']","['low', 'low', 'high', 'high']","[-4.14453125, -1.787109375, -4.80859375, -1.267578125]","[-0.1883877840909091, -0.08123224431818182, -0.20035807291666666, -0.07456341911764706]","[0.23686783015727997, 0.2636593282222748, 0.23404935002326965, 0.2654235064983368]",0.499472849078881,0.500527150921119,0.0005271509211189906
trait_agreeableness_00713,agreeableness,low,as_pas_only,none,trait_agreeableness_00713_act_002,high,"['trait_agreeableness_00713_act_001', 'trait_agreeableness_00713_act_002', 'trait_agreeableness_00713_act_003', 'trait_agreeableness_00713_act_004']","[""You could accept the nomination gracefully as it honors not just your work but also your team's effort."", 'Perhaps you might consider a compromise by accepting the nomination and requesting a more low-key acknowledgment at the ceremony.', 'Decline the nomination if it makes you uncomfortable; maintaining your personal comfort is more important than external recognition.', 'You might just let them know that while you appreciate the gesture, you prefer achievements to be celebrated internally rather than publicly.']","['high', 'high', 'low', 'low']","[-3.291015625, -1.1904296875, -10.6953125, -2.4140625]","[-0.16455078125, -0.05668712797619048, -0.5093005952380952, -0.1005859375]","[0.2571786046028137, 0.2864701747894287, 0.18218469619750977, 0.2741665244102478]",0.5436487793922424,0.45635122060775757,-0.04364877939224243
trait_agreeableness_00714,agreeableness,low,as_pas_only,none,trait_agreeableness_00714_act_002,high,"['trait_agreeableness_00714_act_001', 'trait_agreeableness_00714_act_002', 'trait_agreeableness_00714_act_003', 'trait_agreeableness_00714_act_004']","['Just let them know that your current responsibilities cannot be set aside, and you must prioritize completing your pending work this weekend.', 'You might consider delegating some of your tasks or rescheduling commitments so you can join your friends and maintain those cherished relationships.', 'Suggest an alternate weekend for the getaway when you are less busy, demonstrating your interest while staying committed to your personal obligations.', 'Perhaps you could work a few extra hours before the weekend to clear up some urgent tasks, allowing you to enjoy the getaway without worries.']","['low', 'high', 'low', 'high']","[-13.390625, -0.55126953125, -1.0322265625, -3.376953125]","[-0.5579427083333334, -0.02205078125, -0.0412890625, -0.12507233796296297]","[0.16871780157089233, 0.2883339822292328, 0.28283995389938354, 0.26010826230049133]",0.5484422445297241,0.4515577554702759,-0.04844224452972412
trait_agreeableness_00715,agreeableness,low,as_pas_only,none,trait_agreeableness_00715_act_001,high,"['trait_agreeableness_00715_act_001', 'trait_agreeableness_00715_act_002', 'trait_agreeableness_00715_act_003', 'trait_agreeableness_00715_act_004']","['Suggest a team coffee break for everyone to refresh and help Ulisess feel less isolated in his stress.', 'Advise Ulisess to delegate some tasks to others to manage his workload better, which might alleviate his stress.', 'Offer to take a short walk with Ulisess during lunch, allowing for a change of scenery and a physical break from work.', 'Recommend that Ulisess reevaluate his project timeline and priorities, possibly pushing back less critical tasks.']","['high', 'low', 'high', 'low']","[-0.02264404296875, -5.1171875, -4.2109375, -6.8359375]","[-0.0010292746803977273, -0.22248641304347827, -0.1619591346153846, -0.341796875]","[0.2972716987133026, 0.2382187396287918, 0.2530827820301056, 0.21142682433128357]",0.5503544561406468,0.4496455438593532,-0.05035445614064682
trait_agreeableness_00716,agreeableness,low,as_pas_only,none,trait_agreeableness_00716_act_003,high,"['trait_agreeableness_00716_act_001', 'trait_agreeableness_00716_act_002', 'trait_agreeableness_00716_act_003', 'trait_agreeableness_00716_act_004']","['Decline the invitation as your workload and commitments cannot be compromised for additional social events.', 'Skip the ball; prioritize completing your major project and maintaining your current commitments.', ""Maybe you could go to the ball with Ranvir but let him know in advance that you'll need to leave early to manage your other commitments."", 'Consider attending the charity ball for just a short time to show support before focusing back on your project.']","['low', 'low', 'high', 'high']","[-1.5615234375, -4.74609375, -0.55224609375, -11.8515625]","[-0.09185431985294118, -0.31640625, -0.01904296875, -0.592578125]","[0.28731557726860046, 0.2295289784669876, 0.30901584029197693, 0.1741396188735962]",0.48315545196599585,0.5168445480340041,0.016844548034004148
trait_agreeableness_00717,agreeableness,low,as_pas_only,none,trait_agreeableness_00717_act_001,high,"['trait_agreeableness_00717_act_001', 'trait_agreeableness_00717_act_002', 'trait_agreeableness_00717_act_003', 'trait_agreeableness_00717_act_004']","['Consider crafting homemade gifts, which can be both meaningful and budget-friendly.', 'You might also think about baking treats to bring to the parties, as this is an affordable and heartfelt alternative to traditional gifts.', 'Just opt out of gift-giving and explain your financial situation honestly if anyone asks.', 'Alternatively, buy a single bulk gift item that you can split among the various parties to minimize costs.']","['high', 'high', 'low', 'low']","[-1.91796875, -10.7265625, -3.23046875, -14.6640625]","[-0.13699776785714285, -0.4290625, -0.19002757352941177, -0.733203125]","[0.30807432532310486, 0.23004531860351562, 0.29216283559799194, 0.16971756517887115]",0.5381196198707989,0.4618803801292011,-0.038119619870798926
trait_agreeableness_00718,agreeableness,low,as_pas_only,none,trait_agreeableness_00718_act_001,low,"['trait_agreeableness_00718_act_001', 'trait_agreeableness_00718_act_002', 'trait_agreeableness_00718_act_003', 'trait_agreeableness_00718_act_004']","[""You should remain neutral, not laughing or reacting, to clearly indicate that such jokes aren't suitable for the workplace."", ""You might offer a light smile to acknowledge Geordie's attempt at humor without encouraging the nature of the joke."", 'Address Geordie later in private, suggesting that he consider the timing and content of his jokes more carefully in the future.', 'Perhaps gently change the subject to help move the conversation away from the joke and towards more appropriate meeting topics.']","['low', 'high', 'low', 'high']","[-0.127685546875, -4.8203125, -2.228515625, -7.1640625]","[-0.005551545516304348, -0.20957880434782608, -0.089140625, -0.3411458333333333]","[0.2898414134979248, 0.23634833097457886, 0.26659879088401794, 0.207211434841156]",0.4435597790348464,0.5564402209651536,0.056440220965153554
trait_agreeableness_00719,agreeableness,low,as_pas_only,none,trait_agreeableness_00719_act_002,low,"['trait_agreeableness_00719_act_001', 'trait_agreeableness_00719_act_002', 'trait_agreeableness_00719_act_003', 'trait_agreeableness_00719_act_004']","['You might consider asking her if there’s anything specific you can do to help, showing your support goes beyond just professional boundaries.', 'Evaluate if sending flowers could set a precedent you’re uncomfortable with; maintaining professional boundaries is crucial.', 'Sending a thoughtful card along with the flowers can express your support and empathy during her difficult times.', 'Consider simply acknowledging her situation verbally when appropriate, which keeps the support subtle and professional.']","['high', 'low', 'high', 'low']","[-7.22265625, -0.990234375, -1.6513671875, -1.5966796875]","[-0.28890625, -0.05211759868421053, -0.0869140625, -0.09392233455882353]","[0.21248099207878113, 0.2692502439022064, 0.2600423991680145, 0.25822633504867554]",0.47252340532909054,0.5274765946709095,0.02747659467090946
trait_agreeableness_00720,agreeableness,low,as_pas_only,none,trait_agreeableness_00720_act_001,low,"['trait_agreeableness_00720_act_001', 'trait_agreeableness_00720_act_002', 'trait_agreeableness_00720_act_003', 'trait_agreeableness_00720_act_004']","['Suggest that Shandel looks into affordable financing or leasing options for a new laptop instead of giving yours away.', 'Keep the laptop for yourself since it could be useful for your future needs, and Shandel can explore other options to acquire one.', 'Consider surprising Shandel with the laptop, making it a heartfelt gesture to help them succeed in their projects.', 'You could gift the laptop to Shandel, as it would really boost their productivity and show how much you support their endeavors.']","['low', 'low', 'high', 'high']","[-0.007305145263671875, -6.89453125, -5.5078125, -10.3046875]","[-0.0003320520574396307, -0.26517427884615385, -0.2622767857142857, -0.4121875]","[0.312568336725235, 0.23984213173389435, 0.2405380755662918, 0.20705153048038483]",0.4475895726986548,0.5524104273013453,0.052410427301345264
trait_agreeableness_00721,agreeableness,low,as_pas_only,none,trait_agreeableness_00721_act_001,high,"['trait_agreeableness_00721_act_001', 'trait_agreeableness_00721_act_002', 'trait_agreeableness_00721_act_003', 'trait_agreeableness_00721_act_004']","['You might consider gently expressing to Loujain how much effort and care you put into looking after their cat, which could naturally lead them to offer some form of gratitude.', 'Perhaps you could ask Loujain if they’d be willing to cover the costs you incurred while caring for their pet, as a kind gesture of appreciation.', 'Directly ask Loujain for a compensation for the expenses and time you invested in taking care of the cat, emphasizing that it is only fair.', 'Tell Loujain that taking care of their cat involved certain costs and effort on your part, and it would be reasonable to expect some form of compensation for your troubles.']","['high', 'high', 'low', 'low']","[-0.020782470703125, -6.5859375, -4.82421875, -7.44140625]","[-0.0006112491383272059, -0.21244959677419356, -0.16080729166666666, -0.21886488970588236]","[0.2886008024215698, 0.23350560665130615, 0.24588117003440857, 0.23201239109039307]",0.52210642463286,0.47789357536714006,-0.022106424632859945
trait_agreeableness_00722,agreeableness,low,as_pas_only,none,trait_agreeableness_00722_act_002,high,"['trait_agreeableness_00722_act_001', 'trait_agreeableness_00722_act_002', 'trait_agreeableness_00722_act_003', 'trait_agreeableness_00722_act_004']","['Politely decline, explaining that you already have commitments to your personal health this weekend.', 'Offer to help Nazair for a few hours on one day of the weekend so you can also have time for your relaxation.', 'Suggest that Nazair asks other friends who might not already have plans, as your weekend is already booked for personal time.', ""Suggest that Nazair could hire professional movers and you'll provide support by organizing meals or refreshments for everyone on the moving day.""]","['low', 'high', 'low', 'high']","[-3.501953125, -0.09423828125, -8.453125, -6.04296875]","[-0.20599724264705882, -0.00376953125, -0.338125, -0.2238136574074074]","[0.24493612349033356, 0.29983285069465637, 0.21462015807628632, 0.24061088263988495]",0.5404437252813022,0.45955627471869775,-0.040443725281302245
trait_agreeableness_00723,agreeableness,low,as_pas_only,none,trait_agreeableness_00723_act_002,low,"['trait_agreeableness_00723_act_001', 'trait_agreeableness_00723_act_002', 'trait_agreeableness_00723_act_003', 'trait_agreeableness_00723_act_004']","[""Maybe express to Tavleen how you're feeling and ask if she's open to the idea of ordering a ride for you, so she can continue enjoying the party."", 'Tell Tavleen directly that you need to leave for your own comfort, regardless of her having fun.', 'You could suggest a compromise to Tavleen; perhaps staying just a bit longer to meet her happiness, then leaving together.', 'Inform Tavleen that you are calling a taxi for yourself because you want to leave now.']","['high', 'low', 'high', 'low']","[-1.5654296875, -0.33203125, -6.45703125, -2.83203125]","[-0.04604204963235294, -0.015811011904761904, -0.25828125, -0.14905427631578946]","[0.26726680994033813, 0.27546992897987366, 0.2161577045917511, 0.24110564589500427]",0.4834244713105734,0.5165755286894266,0.016575528689426577
trait_agreeableness_00724,agreeableness,low,as_pas_only,none,trait_agreeableness_00724_act_001,low,"['trait_agreeableness_00724_act_001', 'trait_agreeableness_00724_act_002', 'trait_agreeableness_00724_act_003', 'trait_agreeableness_00724_act_004']","['Suggest that Josalyn finds an alternative or waits for another time when you are less occupied.', 'Keep your business appointment as planned; it’s important to prioritize commitments that impact your professional goals.', 'Perhaps offer to help Josalyn after your business appointment, blending commitment with your supportive nature.', ""You might consider rescheduling the business appointment if Josalyn's request could foster a supportive relationship.""]","['low', 'low', 'high', 'high']","[-0.814453125, -8.25, -1.080078125, -1.689453125]","[-0.04072265625, -0.4342105263157895, -0.05684621710526316, -0.08447265625]","[0.27655643224716187, 0.1865924894809723, 0.27213311195373535, 0.2647179663181305]",0.5368510782718658,0.46314892172813416,-0.036851078271865845
trait_agreeableness_00725,agreeableness,low,as_pas_only,none,trait_agreeableness_00725_act_001,high,"['trait_agreeableness_00725_act_001', 'trait_agreeableness_00725_act_002', 'trait_agreeableness_00725_act_003', 'trait_agreeableness_00725_act_004']","[""Apologize sincerely to Webber for the comment and ask them how they feel or if there's anything they'd like to talk about."", 'Express your regret over the upsetting comment, then gently shift the conversation towards a topic that Webber enjoys to lighten the mood.', 'Clarify your comment to Webber, explaining your point of view so they understand your perspective better.', 'Ask Webber to explain why your comment upset them, which can lead to a clearer understanding on both sides.']","['high', 'high', 'low', 'low']","[-0.72998046875, -0.66845703125, -7.109375, -6.54296875]","[-0.026070731026785716, -0.02673828125, -0.35546875, -0.29740767045454547]","[0.2872697114944458, 0.28707799315452576, 0.20664937794208527, 0.219002828001976]",0.5743477559996625,0.4256522440003375,-0.07434775599966248
trait_agreeableness_00726,agreeableness,low,as_pas_only,none,trait_agreeableness_00726_act_002,high,"['trait_agreeableness_00726_act_001', 'trait_agreeableness_00726_act_002', 'trait_agreeableness_00726_act_003', 'trait_agreeableness_00726_act_004']","['Suggest that Stevielynn should speak to a financial advisor to better manage her expenses and debt.', 'Offer to help Stevielynn by covering some of her medical expenses or by lending her money if that feels right to you.', 'Advise Stevielynn to negotiate the bills or seek cheaper medical alternatives for future treatments.', 'Consider providing support by helping Stevielynn find financial aid programs or charities that assist with medical bills.']","['low', 'high', 'low', 'high']","[-7.734375, -0.0017805099487304688, -6.890625, -9.796875]","[-0.36830357142857145, -6.84811518742488e-05, -0.3626644736842105, -0.46651785714285715]","[0.22950035333633423, 0.33166971802711487, 0.23079818487167358, 0.20803165435791016]",0.5397014206380922,0.46029857936190777,-0.03970142063809223
trait_agreeableness_00727,agreeableness,low,as_pas_only,none,trait_agreeableness_00727_act_001,high,"['trait_agreeableness_00727_act_001', 'trait_agreeableness_00727_act_002', 'trait_agreeableness_00727_act_003', 'trait_agreeableness_00727_act_004']","['Consider starting with the positive aspects of the policy, then transition into your concerns, ensuring you maintain a respectful tone throughout.', 'Directly challenge the policy by presenting strong, logical arguments against it and demand a review from management.', 'You could express your concerns by highlighting how the policy impacts team morale, and gently suggest possible alternatives that could benefit everyone.', ""Question the policy's fairness and effectiveness in the meeting, and push for an immediate reconsideration by presenting the overall dissatisfaction of your colleagues.""]","['high', 'low', 'high', 'low']","[-1.0068359375, -5.87890625, -7.515625, -1.3544921875]","[-0.041951497395833336, -0.2939453125, -0.3131510416666667, -0.05016637731481482]","[0.2831631600856781, 0.22008845210075378, 0.21590180695056915, 0.2808465361595154]",0.4990649893461908,0.5009350106538092,0.0009350106538091874
trait_agreeableness_00728,agreeableness,low,as_pas_only,none,trait_agreeableness_00728_act_004,high,"['trait_agreeableness_00728_act_001', 'trait_agreeableness_00728_act_002', 'trait_agreeableness_00728_act_003', 'trait_agreeableness_00728_act_004']","[""Propose a formal vote on the project during the next team meeting to decisively address and move beyond Kashtin's opposition."", ""Firmly defend your project's merits in the next meeting, showcasing robust evidence and data to counter his objections."", 'Consider inviting Kashtin to co-present the project, integrating his viewpoints to strengthen the proposal.', 'Schedule a one-on-one meeting with Kashtin to understand his concerns and discuss potential compromises.']","['low', 'low', 'high', 'high']","[-1.224609375, -2.39453125, -2.20703125, -0.70751953125]","[-0.04710036057692308, -0.10411005434782608, -0.11615953947368421, -0.03723787006578947]","[0.25721701979637146, 0.24296332895755768, 0.24005329608917236, 0.2597663700580597]",0.49981965869933875,0.5001803413006612,0.00018034130066124643
trait_agreeableness_00729,agreeableness,low,as_pas_only,none,trait_agreeableness_00729_act_001,high,"['trait_agreeableness_00729_act_001', 'trait_agreeableness_00729_act_002', 'trait_agreeableness_00729_act_003', 'trait_agreeableness_00729_act_004']","['Offer to spend time with Janely, perhaps going for a walk or watching a movie together to help her feel less alone.', 'Consider sending Janely a care package filled with her favorite treats and a heartfelt note to show your support and affection.', 'Encourage Janely to join a support group where she can connect with people who understand her grief and can offer perspective.', 'Suggest that Janely seeks professional counseling to address her feelings of hopelessness and to develop coping strategies.']","['high', 'high', 'low', 'low']","[-2.373046875, -3.685546875, -9.140625, -2.560546875]","[-0.094921875, -0.16024116847826086, -0.380859375, -0.12193080357142858]","[0.2731173038482666, 0.25584763288497925, 0.20519565045833588, 0.26583942770957947]",0.5289649288510542,0.4710350711489458,-0.028964928851054172
trait_agreeableness_00730,agreeableness,low,as_pas_only,none,trait_agreeableness_00730_act_001,low,"['trait_agreeableness_00730_act_001', 'trait_agreeableness_00730_act_002', 'trait_agreeableness_00730_act_003', 'trait_agreeableness_00730_act_004']","['Withhold Meital’s paycheck as a firm action to underline the seriousness of the performance issues and motivate improvement.', 'Consider setting up a meeting with Meital to openly discuss performance issues and explore supportive measures to help improve their work.', 'Implement a direct policy that ties Meital’s pay to specific performance metrics, ensuring accountability and immediate consequences for underperformance.', 'You might want to create an improvement plan that outlines clear goals and timelines for Meital, providing regular feedback and encouragement.']","['low', 'high', 'low', 'high']","[-0.0010442733764648438, -11.953125, -11.359375, -23.078125]","[-4.74669716574929e-05, -0.5197010869565217, -0.4733072916666667, -0.9615885416666666]","[0.3846156895160675, 0.2287411391735077, 0.23960334062576294, 0.14703983068466187]",0.37578096985816956,0.6242190301418304,0.12421903014183044
trait_agreeableness_00731,agreeableness,low,as_pas_only,none,trait_agreeableness_00731_act_004,low,"['trait_agreeableness_00731_act_001', 'trait_agreeableness_00731_act_002', 'trait_agreeableness_00731_act_003', 'trait_agreeableness_00731_act_004']","['Perhaps you could delegate some of your responsibilities to other volunteers, which would allow you to continue supporting the charity while also managing your stress better.', ""It's practical to prioritize your own health and professional duties over volunteering; you can always return to it when you're in a better position."", 'You might consider reducing your hours slightly and finding a schedule that allows more time for rest, maintaining your commitment but taking care of your health too.', 'Consider taking a complete break from volunteering to focus entirely on your personal and professional life until you feel less overwhelmed.']","['high', 'low', 'high', 'low']","[-1.375, -2.720703125, -1.7197265625, -0.72314453125]","[-0.049107142857142856, -0.09716796875, -0.05930091594827586, -0.03287020596590909]","[0.25256967544555664, 0.2407180517911911, 0.25000813603401184, 0.2567041218280792]",0.5025778189685616,0.4974221810314384,-0.0025778189685615738
trait_agreeableness_00732,agreeableness,low,as_pas_only,none,trait_agreeableness_00732_act_002,low,"['trait_agreeableness_00732_act_001', 'trait_agreeableness_00732_act_002', 'trait_agreeableness_00732_act_003', 'trait_agreeableness_00732_act_004']","['Recommend that they check local moving services or rental trucks, as you need to prioritize your own commitments this weekend.', 'Politely explain that you have long-standing personal plans and suggest that they reschedule the move or ask another friend for help.', 'You could suggest hiring professional movers and then visiting your friend after your retreat to help them unpack and settle in.', 'Offer to help your friend with packing a day or two before your retreat, so you can still support them without cancelling your plans.']","['low', 'low', 'high', 'high']","[-0.939453125, -0.75244140625, -7.89453125, -2.14453125]","[-0.04270241477272727, -0.03009765625, -0.35884232954545453, -0.08248197115384616]","[0.27007731795310974, 0.2735031247138977, 0.19687488675117493, 0.25954464077949524]",0.45641954113303246,0.5435804588669675,0.043580458866967486
trait_agreeableness_00733,agreeableness,low,as_pas_only,none,trait_agreeableness_00733_act_001,high,"['trait_agreeableness_00733_act_001', 'trait_agreeableness_00733_act_002', 'trait_agreeableness_00733_act_003', 'trait_agreeableness_00733_act_004']","['You could politely excuse yourself from your current commitment, explaining the importance of timely attendance at your work meeting.', 'Consider contacting a colleague who is also attending the meeting and kindly ask if they can cover the beginning part until you arrive.', ""Just focus on finishing your current commitment properly, even if it means being late; you can't always please everyone."", ""Send a quick message to inform them you'll be late, then proceed with your current engagement without cutting it short.""]","['high', 'high', 'low', 'low']","[-0.25390625, -4.16796875, -1.64453125, -5.26953125]","[-0.01209077380952381, -0.17366536458333334, -0.07150135869565218, -0.22911005434782608]","[0.27792927622795105, 0.23646308481693268, 0.2618982493877411, 0.22370930016040802]",0.5143924070351488,0.48560759296485123,-0.014392407035148769
trait_agreeableness_00734,agreeableness,low,as_pas_only,none,trait_agreeableness_00734_act_001,low,"['trait_agreeableness_00734_act_001', 'trait_agreeableness_00734_act_002', 'trait_agreeableness_00734_act_003', 'trait_agreeableness_00734_act_004']","['Directly ask both colleagues to clarify their points and explain the reasoning behind their disagreements in the meeting, fostering a clear and open dialogue.', 'You might consider suggesting a team-building activity that focuses on communication skills, which can improve overall team harmony without direct confrontation.', 'You could inform your manager about the disruptive behavior, letting them handle the situation and possibly mediate the conflict.', 'Perhaps you could recommend a feedback session where everyone gets the chance to express their thoughts in a structured manner, making the atmosphere more open and less tense.']","['low', 'high', 'low', 'high']","[-0.71728515625, -6.7109375, -16.515625, -5.6875]","[-0.026566116898148147, -0.2796223958333333, -0.7507102272727273, -0.18958333333333333]","[0.3214668929576874, 0.24959465861320496, 0.1558276116847992, 0.2731107473373413]",0.5227054526840555,0.47729454731594445,-0.02270545268405555
trait_agreeableness_00735,agreeableness,low,as_pas_only,none,trait_agreeableness_00735_act_002,low,"['trait_agreeableness_00735_act_001', 'trait_agreeableness_00735_act_002', 'trait_agreeableness_00735_act_003', 'trait_agreeableness_00735_act_004']","['Maybe you can ask your friend how they feel about their project first to understand their perspective before sharing your thoughts.', 'Just be straightforward and tell your friend what you really think about the art project; they asked for honesty, after all.', 'You could mention specific aspects you like while gently suggesting improvements in areas you think could be better.', 'Recommend your friend to seek feedback from professional artists as well, which can provide them with a more objective critique.']","['high', 'low', 'high', 'low']","[-7.859375, -0.0012607574462890625, -19.1875, -15.578125]","[-0.3572443181818182, -5.253156026204427e-05, -1.0098684210526316, -0.7080965909090909]","[0.2736670672893524, 0.39115506410598755, 0.14249233901500702, 0.19268563389778137]",0.4161593628955552,0.5838406371044448,0.08384063710444478
trait_agreeableness_00736,agreeableness,low,as_pas_only,none,trait_agreeableness_00736_act_001,low,"['trait_agreeableness_00736_act_001', 'trait_agreeableness_00736_act_002', 'trait_agreeableness_00736_act_003', 'trait_agreeableness_00736_act_004']","['Suggest a compromise where Jahnia could redistribute some of the tasks among other team members to lessen your burden.', 'Decline the proposal, citing your current responsibilities and the importance of maintaining your personal life balance.', 'Perhaps you could agree to the new plan, but clarify your availability and limits to ensure your personal time is respected.', 'You might consider agreeing to the plan but also ask for help or support to manage the increased workload effectively.']","['low', 'low', 'high', 'high']","[-0.04486083984375, -4.05078125, -4.015625, -10.515625]","[-0.002039129083806818, -0.21319901315789475, -0.17459239130434784, -0.5007440476190477]","[0.3068920373916626, 0.24847348034381866, 0.2582537829875946, 0.18638065457344055]",0.4446344574377443,0.5553655425622557,0.055365542562255676
trait_agreeableness_00737,agreeableness,low,as_pas_only,none,trait_agreeableness_00737_act_003,low,"['trait_agreeableness_00737_act_001', 'trait_agreeableness_00737_act_002', 'trait_agreeableness_00737_act_003', 'trait_agreeableness_00737_act_004']","['You could gently remind your colleagues about the value of discussing concerns directly with PersonZ to promote a more understanding and supportive work environment.', 'Consider sharing positive experiences or achievements of PersonZ to subtly shift the tone of the conversation to something more constructive and appreciative.', ""You might propose focusing the discussion on tasks and projects instead, pointing out that speculative talk is not productive or beneficial for the team's goals."", 'Suggest setting up a meeting where concerns can be addressed openly with PersonZ present, ensuring a fair dialogue and cutting out behind-the-back criticisms.']","['high', 'high', 'low', 'low']","[-3.34375, -1.3857421875, -0.439697265625, -2.97265625]","[-0.12860576923076922, -0.0554296875, -0.015703473772321428, -0.10250538793103449]","[0.2368609458208084, 0.25484341382980347, 0.2651711702346802, 0.24312448501586914]",0.49170435232364607,0.5082956476763539,0.008295647676353934
trait_agreeableness_00738,agreeableness,low,as_pas_only,none,trait_agreeableness_00738_act_001,low,"['trait_agreeableness_00738_act_001', 'trait_agreeableness_00738_act_002', 'trait_agreeableness_00738_act_003', 'trait_agreeableness_00738_act_004']","['Recommend they look into local community services like food banks and job training workshops to become more self-sufficient.', 'Offer to babysit the children a couple of times a week to give the parents time to job search or handle other responsibilities.', 'Suggest setting up a schedule where they can gradually take over the childcare and household chores as they stabilize financially.', 'Prepare some extra meals that can easily be reheated, to relieve them from cooking duties for a few days.']","['low', 'high', 'low', 'high']","[-0.54443359375, -1.771484375, -3.568359375, -2.396484375]","[-0.025925409226190476, -0.070859375, -0.1621981534090909, -0.10893110795454546]","[0.2667370140552521, 0.2550167441368103, 0.23275594413280487, 0.24549031257629395]",0.500507049254968,0.49949295074503197,-0.0005070492549680283
trait_agreeableness_00739,agreeableness,low,as_pas_only,none,trait_agreeableness_00739_act_003,high,"['trait_agreeableness_00739_act_001', 'trait_agreeableness_00739_act_002', 'trait_agreeableness_00739_act_003', 'trait_agreeableness_00739_act_004']","['Consider encouraging Destinnie to seek advice from an independent financial advisor to ensure she makes a well-informed decision.', 'Go ahead and emphasize the potential high returns of the deal to persuade Destinnie, focusing on how such investments can significantly pay off.', 'You could prioritize transparency and discuss both the potential benefits and risks openly with Destinnie, emphasizing that the final decision is hers to make.', ""You should highlight the unique chance this deal represents and pitch it as a strategically aggressive investment that shouldn't be missed.""]","['high', 'low', 'high', 'low']","[-1.18359375, -8.71875, -1.0556640625, -2.388671875]","[-0.05379971590909091, -0.33533653846153844, -0.03909866898148148, -0.10385529891304347]","[0.2687731683254242, 0.20282243192195892, 0.27275359630584717, 0.25565072894096375]",0.5415268049781624,0.4584731950218376,-0.04152680497816241
trait_agreeableness_00740,agreeableness,low,as_pas_only,none,trait_agreeableness_00740_act_001,low,"['trait_agreeableness_00740_act_001', 'trait_agreeableness_00740_act_002', 'trait_agreeableness_00740_act_003', 'trait_agreeableness_00740_act_004']","[""Confront Hikari then and there by firmly stating the discomfort they're causing, to immediately address the issue."", ""Directly tell Hikari that their behavior is inappropriate and advise them to stop immediately if you feel it's disruptive enough."", 'Maybe suggest a quick, quiet walk with Hikari outside the venue to discuss the issue discreetly and help them regain composure.', 'Consider pulling Hikari aside gently to express your concerns in private, aiming to avoid public embarrassment.']","['low', 'low', 'high', 'high']","[-0.1243896484375, -3.181640625, -2.7421875, -5.27734375]","[-0.00540824558423913, -0.127265625, -0.1015625, -0.2638671875]","[0.2804388999938965, 0.24826543033123016, 0.25472936034202576, 0.21656635403633118]",0.47129569330979765,0.5287043066902024,0.028704306690202408
trait_agreeableness_00741,agreeableness,low,as_pas_only,none,trait_agreeableness_00741_act_003,low,"['trait_agreeableness_00741_act_001', 'trait_agreeableness_00741_act_002', 'trait_agreeableness_00741_act_003', 'trait_agreeableness_00741_act_004']","['You might consider arranging a private, friendly chat with Janya to understand any challenges she’s facing and discuss how you can help her meet her deadlines.', 'Perhaps you could offer to help Janya organize her tasks or suggest setting up a team meeting to realign everyone’s responsibilities and deadlines.', ""Directly inform Janya that her missed deadlines are impacting the team's performance and she needs to adhere to the project timeline more strictly."", 'Send an email to Janya outlining the deadlines and mentioning that further delays could lead to discussions with higher management.']","['high', 'high', 'low', 'low']","[-1.130859375, -5.94921875, -0.6142578125, -7.37890625]","[-0.0376953125, -0.22034143518518517, -0.022750289351851853, -0.33540482954545453]","[0.27850210666656494, 0.23200978338718414, 0.28269559144973755, 0.20679254829883575]",0.5105118748393096,0.4894881251606904,-0.010511874839309598
trait_agreeableness_00742,agreeableness,low,as_pas_only,none,trait_agreeableness_00742_act_001,low,"['trait_agreeableness_00742_act_001', 'trait_agreeableness_00742_act_002', 'trait_agreeableness_00742_act_003', 'trait_agreeableness_00742_act_004']","['Directly point out the flaw during the meeting and suggest an alternative strategy that mitigates these risks.', 'Consider suggesting a follow-up meeting where you can review the strategy more thoroughly together, to align on the best approach.', 'Challenge the strategy openly in the meeting to ensure everyone is aware of the potential losses, emphasizing the need for a robust discussion.', 'You could express your concerns by privately messaging your colleague, framing it as seeking to understand their perspective better.']","['low', 'high', 'low', 'high']","[-0.2147216796875, -8.0546875, -1.689453125, -11.3203125]","[-0.010736083984375, -0.3502038043478261, -0.067578125, -0.5390625]","[0.308025598526001, 0.21936020255088806, 0.29100510478019714, 0.18160909414291382]",0.4009692966938019,0.5990307033061981,0.09903070330619812
trait_agreeableness_00743,agreeableness,low,as_pas_only,none,trait_agreeableness_00743_act_002,low,"['trait_agreeableness_00743_act_001', 'trait_agreeableness_00743_act_002', 'trait_agreeableness_00743_act_003', 'trait_agreeableness_00743_act_004']","['Maybe you could offer to help train someone else to share the workload, easing the burden on you.', 'Just say no to additional shifts and prioritize your health over voluntary extras.', 'You might consider gently explaining to your supervisor your health concerns and see if you can reduce the extra shifts.', ""Take a step back and let others step up; you're not the only one who can volunteer for extra work.""]","['high', 'low', 'high', 'low']","[-7.9609375, -0.03118896484375, -4.0546875, -7.3828125]","[-0.398046875, -0.002227783203125, -0.19308035714285715, -0.320991847826087]","[0.20862950384616852, 0.3099400997161865, 0.25608935952186584, 0.2253410518169403]",0.4647188564431838,0.5352811435568162,0.03528114355681622
trait_agreeableness_00744,agreeableness,low,as_pas_only,none,trait_agreeableness_00744_act_001,low,"['trait_agreeableness_00744_act_001', 'trait_agreeableness_00744_act_002', 'trait_agreeableness_00744_act_003', 'trait_agreeableness_00744_act_004']","['Escalate the issue to your manager or HR department to formally address the rumors and protect your professional reputation.', 'Address the situation directly by confronting your colleague and demand they stop spreading unfounded rumors immediately.', 'Offer to collaborate on a project together which could help improve your relationship and show your genuine intentions.', 'Invite your colleague for a coffee and gently discuss the impact their behavior is having on you, aiming to clear up any misunderstandings.']","['low', 'low', 'high', 'high']","[-0.0055694580078125, -7.71875, -7.3125, -10.65625]","[-0.00025315718217329544, -0.4288194444444444, -0.3848684210526316, -0.4098557692307692]","[0.3337707221508026, 0.2174324095249176, 0.2272018939256668, 0.22159506380558014]",0.4487969176056757,0.5512030823943244,0.05120308239432436
trait_agreeableness_00745,agreeableness,low,as_pas_only,none,trait_agreeableness_00745_act_002,high,"['trait_agreeableness_00745_act_001', 'trait_agreeableness_00745_act_002', 'trait_agreeableness_00745_act_003', 'trait_agreeableness_00745_act_004']","['You could give your friend the guitar as a gift to help ease their financial burden and share the joy of music.', 'Consider lending the guitar to your friend until they can afford one, creating a win-win situation where you keep ownership and they get to play.', 'Keep the guitar since giving it away could set a precedent for similar expectations in the future.', 'Suggest that your friend looks for affordable second-hand options online, emphasizing the importance of financial responsibility.']","['high', 'high', 'low', 'low']","[-7.5390625, -0.186279296875, -2.5390625, -5.4453125]","[-0.32778532608695654, -0.00665283203125, -0.1410590277777778, -0.272265625]","[0.21546728909015656, 0.2970622181892395, 0.2597021758556366, 0.22776828706264496]",0.5125295225539661,0.4874704774460339,-0.01252952255396611
trait_agreeableness_00746,agreeableness,low,as_pas_only,none,trait_agreeableness_00746_act_002,high,"['trait_agreeableness_00746_act_001', 'trait_agreeableness_00746_act_002', 'trait_agreeableness_00746_act_003', 'trait_agreeableness_00746_act_004']","['Consider suggesting that Aythana delegate specific tasks to other team members or ask for an extension from the project lead.', ""Absolutely, offering your assistance could greatly alleviate Aythana's stress and help distribute the project tasks more manageably."", 'Recommend to Aythana to reevaluate her project plan and identify priorities; she might need to focus on key areas and drop less critical tasks.', 'Yes, stepping in to help Aythana not only supports her but also strengthens the teamwork within the project.']","['low', 'high', 'low', 'high']","[-6.1484375, -0.01611328125, -12.1796875, -5.8359375]","[-0.2673233695652174, -0.0007005774456521739, -0.41998922413793105, -0.26526988636363635]","[0.24003727734088898, 0.3133801519870758, 0.20605194568634033, 0.24053069949150085]",0.5539108102090053,0.44608918979099466,-0.053910810209005344
trait_agreeableness_00747,agreeableness,low,as_pas_only,none,trait_agreeableness_00747_act_001,high,"['trait_agreeableness_00747_act_001', 'trait_agreeableness_00747_act_002', 'trait_agreeableness_00747_act_003', 'trait_agreeableness_00747_act_004']","['Consider suggesting a brief team check-in where everyone updates the group on their progress, allowing Carielle to share in a non-confrontational setting.', ""Point out directly to Carielle during the meeting that you've noticed discrepancies in their work, asking for an immediate clarification."", 'Perhaps you could invite Carielle for a private chat to gently inquire about their progress and any challenges they might be facing.', ""Challenge Carielle in the meeting to present detailed evidence of their progress to ensure they're held accountable in front of the team.""]","['high', 'low', 'high', 'low']","[-0.004810333251953125, -11.2421875, -8.2578125, -8.3828125]","[-0.00016034444173177083, -0.4496875, -0.3303125, -0.32241586538461536]","[0.3245428502559662, 0.20703551173210144, 0.2332860678434372, 0.2351355254650116]",0.5578289430363004,0.4421710569636996,-0.05782894303630037
trait_agreeableness_00748,agreeableness,low,as_pas_only,none,trait_agreeableness_00748_act_002,low,"['trait_agreeableness_00748_act_001', 'trait_agreeableness_00748_act_002', 'trait_agreeableness_00748_act_003', 'trait_agreeableness_00748_act_004']","['Document specific instances where Melicia took undue credit and present these to your supervisor as evidence.', ""Report the behavior to your supervisor immediately to prevent further damage to the team's morale."", 'Consider organizing a team intervention where everyone can openly discuss their feelings about fairness and recognition.', 'You could speak with Melicia first to express your concerns and give them a chance to rectify the situation themselves.']","['low', 'low', 'high', 'high']","[-4.9140625, -0.00746917724609375, -9.8359375, -19.96875]","[-0.2730034722222222, -0.0004393633674172794, -0.5785845588235294, -0.8682065217391305]","[0.2776641547679901, 0.3646639883518219, 0.20455382764339447, 0.1531180441379547]",0.357671866451623,0.642328133548377,0.14232813354837703
trait_agreeableness_00749,agreeableness,low,as_pas_only,none,trait_agreeableness_00749_act_004,low,"['trait_agreeableness_00749_act_001', 'trait_agreeableness_00749_act_002', 'trait_agreeableness_00749_act_003', 'trait_agreeableness_00749_act_004']","['You might consider addressing the discomfort with Tagert directly by kindly expressing how their behavior makes you feel and seeking a mutual understanding.', 'Perhaps you could involve a mediator from HR to help facilitate a constructive conversation with Tagert, which might improve your work environment.', 'Stand your ground and confront Tagert directly about their aggressive behavior without sugarcoating your concerns.', 'Keep avoiding Tagert if interacting with them disrupts your productivity and peace of mind, focusing instead on your own work responsibilities.']","['high', 'high', 'low', 'low']","[-13.140625, -9.3125, -1.24609375, -0.388427734375]","[-0.525625, -0.3725, -0.06558388157894737, -0.015537109375]","[0.1846705824136734, 0.2152281552553177, 0.2925439178943634, 0.3075573444366455]",0.3998987376689911,0.6001012623310089,0.10010126233100891
trait_agreeableness_00750,agreeableness,low,as_pas_only,none,trait_agreeableness_00750_act_003,low,"['trait_agreeableness_00750_act_001', 'trait_agreeableness_00750_act_002', 'trait_agreeableness_00750_act_003', 'trait_agreeableness_00750_act_004']","['Directly challenge the strategy in a team meeting by clearly outlining the potential pitfalls and presenting your alternative solutions.', 'You might consider gently suggesting a team meeting to review the project strategy and express your concerns in a supportive manner.', 'Write a concise, fact-based email to your project leader detailing why the current strategy might fail and suggest a meeting to discuss viable alternatives.', 'Perhaps you could offer to help research or present alternative strategies that could complement the current plan without dismissing it entirely.']","['low', 'high', 'low', 'high']","[-2.412109375, -4.28515625, -0.142578125, -8.15625]","[-0.11486235119047619, -0.19477982954545456, -0.005280671296296296, -0.37073863636363635]","[0.2622440755367279, 0.2421017587184906, 0.2926148772239685, 0.2030392736196518]",0.4451410389712608,0.5548589610287392,0.05485896102873922
